Gauge gauge_2 Location: X=4.521, Y=2.196
Time(s) dt(s) Depth(m) Elevation(m)
0.002172 0.002172 0.004944 0.000000
0.004343 0.002172 0.004944 0.000000
0.006515 0.002172 0.004944 0.000000
0.008686 0.002172 0.004944 0.000000
0.010858 0.002172 0.004944 0.000000
0.013029 0.002172 0.004944 0.000000
0.015201 0.002172 0.004944 0.000000
0.017373 0.002172 0.004944 0.000000
0.019544 0.002172 0.004944 0.000000
0.021716 0.002172 0.004944 0.000000
0.023887 0.002172 0.004944 0.000000
0.026059 0.002172 0.004944 0.000000
0.028231 0.002172 0.004944 0.000000
0.030402 0.002172 0.004944 0.000000
0.032574 0.002172 0.004944 0.000000
0.034745 0.002172 0.004944 0.000000
0.036917 0.002172 0.004944 0.000000
0.039088 0.002172 0.004944 0.000000
0.041260 0.002172 0.004944 0.000000
0.043432 0.002172 0.004944 0.000000
0.045603 0.002172 0.004944 0.000000
0.047775 0.002172 0.004944 0.000000
0.049946 0.002172 0.004944 0.000000
0.052118 0.002172 0.004944 0.000000
0.054290 0.002172 0.004944 0.000000
0.056461 0.002172 0.004944 0.000000
0.058633 0.002172 0.004944 0.000000
0.060804 0.002172 0.004944 0.000000
0.062976 0.002172 0.004944 0.000000
0.065147 0.002172 0.004944 0.000000
0.067319 0.002172 0.004944 0.000000
0.069491 0.002172 0.004944 0.000000
0.071662 0.002172 0.004944 0.000000
0.073834 0.002172 0.004944 0.000000
0.076005 0.002172 0.004944 0.000000
0.078177 0.002172 0.004944 0.000000
0.080348 0.002172 0.004944 0.000000
0.082520 0.002172 0.004944 0.000000
0.084692 0.002172 0.004944 0.000000
0.086863 0.002172 0.004944 0.000000
0.089035 0.002172 0.004944 0.000000
0.091206 0.002172 0.004944 0.000000
0.093378 0.002172 0.004944 0.000000
0.095549 0.002172 0.004944 0.000000
0.097721 0.002172 0.004944 0.000000
0.099892 0.002172 0.004944 0.000000
0.102064 0.002171 0.004944 0.000000
0.104235 0.002171 0.004944 0.000000
0.106407 0.002171 0.004944 0.000000
0.108578 0.002171 0.004944 0.000000
0.110750 0.002171 0.004944 0.000000
0.112921 0.002171 0.004944 0.000000
0.115093 0.002171 0.004944 0.000000
0.117264 0.002171 0.004944 0.000000
0.119435 0.002171 0.004944 0.000000
0.121607 0.002171 0.004944 0.000000
0.123778 0.002171 0.004944 0.000000
0.125950 0.002171 0.004944 0.000000
0.128121 0.002171 0.004944 0.000000
0.130293 0.002171 0.004944 0.000000
0.132464 0.002171 0.004944 0.000000
0.134635 0.002171 0.004944 0.000000
0.136807 0.002171 0.004944 0.000000
0.138978 0.002171 0.004944 0.000000
0.141150 0.002171 0.004944 0.000000
0.143321 0.002171 0.004944 0.000000
0.145492 0.002171 0.004944 0.000000
0.147664 0.002171 0.004944 0.000000
0.149835 0.002171 0.004944 0.000000
0.152007 0.002171 0.004944 0.000000
0.154178 0.002171 0.004944 0.000000
0.156349 0.002171 0.004944 0.000000
0.158521 0.002171 0.004944 0.000000
0.160692 0.002171 0.004944 0.000000
0.162863 0.002171 0.004944 0.000000
0.165035 0.002171 0.004944 0.000000
0.167206 0.002171 0.004944 0.000000
0.169377 0.002171 0.004944 0.000000
0.171549 0.002171 0.004944 0.000000
0.173720 0.002171 0.004944 0.000000
0.175891 0.002171 0.004944 0.000000
0.178062 0.002171 0.004944 0.000000
0.180234 0.002171 0.004944 0.000000
0.182405 0.002171 0.004944 0.000000
0.184576 0.002171 0.004944 0.000000
0.186748 0.002171 0.004944 0.000000
0.188919 0.002171 0.004944 0.000000
0.191090 0.002171 0.004944 0.000000
0.193261 0.002171 0.004944 0.000000
0.195433 0.002171 0.004944 0.000000
0.197604 0.002171 0.004944 0.000000
0.199775 0.002171 0.004944 0.000000
0.201946 0.002171 0.004944 0.000000
0.204118 0.002171 0.004944 0.000000
0.206289 0.002171 0.004944 0.000000
0.208460 0.002171 0.004944 0.000000
0.210631 0.002171 0.004944 0.000000
0.212803 0.002171 0.004944 0.000000
0.214974 0.002171 0.004944 0.000000
0.217145 0.002171 0.004944 0.000000
0.219316 0.002171 0.004944 0.000000
0.221487 0.002171 0.004944 0.000000
0.223659 0.002171 0.004944 0.000000
0.225830 0.002171 0.004944 0.000000
0.228001 0.002171 0.004944 0.000000
0.230172 0.002171 0.004944 0.000000
0.232343 0.002171 0.004944 0.000000
0.234515 0.002171 0.004944 0.000000
0.236686 0.002171 0.004944 0.000000
0.238857 0.002171 0.004944 0.000000
0.241028 0.002171 0.004944 0.000000
0.243199 0.002171 0.004944 0.000000
0.245370 0.002171 0.004944 0.000000
0.247542 0.002171 0.004944 0.000000
0.249713 0.002171 0.004944 0.000000
0.251884 0.002171 0.004944 0.000000
0.254055 0.002171 0.004944 0.000000
0.256226 0.002171 0.004944 0.000000
0.258397 0.002171 0.004944 0.000000
0.260568 0.002171 0.004944 0.000000
0.262740 0.002171 0.004944 0.000000
0.264911 0.002171 0.004944 0.000000
0.267082 0.002171 0.004944 0.000000
0.269253 0.002171 0.004944 0.000000
0.271424 0.002171 0.004944 0.000000
0.273595 0.002171 0.004944 0.000000
0.275766 0.002171 0.004944 0.000000
0.277937 0.002171 0.004944 0.000000
0.280108 0.002171 0.004944 0.000000
0.282280 0.002171 0.004944 0.000000
0.284451 0.002171 0.004944 0.000000
0.286622 0.002171 0.004944 0.000000
0.288793 0.002171 0.004944 0.000000
0.290964 0.002171 0.004944 0.000000
0.293135 0.002171 0.004944 0.000000
0.295306 0.002171 0.004944 0.000000
0.297477 0.002171 0.004944 0.000000
0.299648 0.002171 0.004944 0.000000
0.301819 0.002171 0.004944 0.000000
0.303990 0.002171 0.004944 0.000000
0.306161 0.002171 0.004944 0.000000
0.308332 0.002171 0.004944 0.000000
0.310504 0.002171 0.004944 0.000000
0.312675 0.002171 0.004944 0.000000
0.314846 0.002171 0.004944 0.000000
0.317017 0.002171 0.004944 0.000000
0.319188 0.002171 0.004944 0.000000
0.321359 0.002171 0.004944 0.000000
0.323530 0.002171 0.004944 0.000000
0.325701 0.002171 0.004944 0.000000
0.327872 0.002171 0.004944 0.000000
0.330043 0.002171 0.004944 0.000000
0.332214 0.002171 0.004944 0.000000
0.334385 0.002171 0.004944 0.000000
0.336556 0.002171 0.004944 0.000000
0.338727 0.002171 0.004944 0.000000
0.340898 0.002171 0.004944 0.000000
0.343069 0.002171 0.004944 0.000000
0.345240 0.002171 0.004944 0.000000
0.347411 0.002171 0.004944 0.000000
0.349582 0.002171 0.004944 0.000000
0.351753 0.002171 0.004944 0.000000
0.353924 0.002171 0.004944 0.000000
0.356095 0.002171 0.004944 0.000000
0.358266 0.002171 0.004944 0.000000
0.360437 0.002171 0.004944 0.000000
0.362608 0.002171 0.004944 0.000000
0.364779 0.002171 0.004944 0.000000
0.366950 0.002171 0.004944 0.000000
0.369121 0.002171 0.004944 0.000000
0.371292 0.002171 0.004944 0.000000
0.373463 0.002171 0.004944 0.000000
0.375634 0.002171 0.004944 0.000000
0.377805 0.002171 0.004944 0.000000
0.379976 0.002171 0.004944 0.000000
0.382147 0.002171 0.004944 0.000000
0.384318 0.002171 0.004944 0.000000
0.386489 0.002171 0.004944 0.000000
0.388660 0.002171 0.004944 0.000000
0.390831 0.002171 0.004944 0.000000
0.393002 0.002171 0.004944 0.000000
0.395173 0.002171 0.004944 0.000000
0.397344 0.002171 0.004944 0.000000
0.399515 0.002171 0.004944 0.000000
0.401686 0.002171 0.004944 0.000000
0.403857 0.002171 0.004944 0.000000
0.406028 0.002171 0.004944 0.000000
0.408199 0.002171 0.004944 0.000000
0.410370 0.002171 0.004944 0.000000
0.412541 0.002171 0.004944 0.000000
0.414712 0.002171 0.004944 0.000000
0.416883 0.002171 0.004944 0.000000
0.419054 0.002171 0.004944 0.000000
0.421225 0.002171 0.004944 0.000000
0.423396 0.002171 0.004944 0.000000
0.425567 0.002171 0.004944 0.000000
0.427738 0.002171 0.004944 0.000000
0.429909 0.002171 0.004944 0.000000
0.432080 0.002171 0.004944 0.000000
0.434251 0.002171 0.004944 0.000000
0.436422 0.002171 0.004944 0.000000
0.438593 0.002171 0.004944 0.000000
0.440764 0.002171 0.004944 0.000000
0.442935 0.002171 0.004944 0.000000
0.445106 0.002171 0.004944 0.000000
0.447277 0.002171 0.004944 0.000000
0.449448 0.002171 0.004944 0.000000
0.451619 0.002171 0.004944 0.000000
0.453790 0.002171 0.004944 0.000000
0.455961 0.002171 0.004944 0.000000
0.458132 0.002171 0.004944 0.000000
0.460303 0.002171 0.004944 0.000000
0.462474 0.002171 0.004944 0.000000
0.464644 0.002171 0.004944 0.000000
0.466815 0.002171 0.004944 0.000000
0.468986 0.002171 0.004944 0.000000
0.471157 0.002171 0.004944 0.000000
0.473328 0.002171 0.004944 0.000000
0.475499 0.002171 0.004944 0.000000
0.477670 0.002171 0.004944 0.000000
0.479841 0.002171 0.004944 0.000000
0.482012 0.002171 0.004944 0.000000
0.484183 0.002171 0.004944 0.000000
0.486354 0.002171 0.004944 0.000000
0.488525 0.002171 0.004944 0.000000
0.490696 0.002171 0.004944 0.000000
0.492867 0.002171 0.004944 0.000000
0.495038 0.002171 0.004944 0.000000
0.497209 0.002171 0.004944 0.000000
0.499380 0.002171 0.004944 0.000000
0.501551 0.002171 0.004944 0.000000
0.503722 0.002171 0.004944 0.000000
0.505893 0.002171 0.004944 0.000000
0.508064 0.002171 0.004944 0.000000
0.510235 0.002171 0.004944 0.000000
0.512406 0.002171 0.004944 0.000000
0.514577 0.002171 0.004944 0.000000
0.516748 0.002171 0.004944 0.000000
0.518919 0.002171 0.004944 0.000000
0.521090 0.002171 0.004944 0.000000
0.523261 0.002171 0.004944 0.000000
0.525432 0.002171 0.004944 0.000000
0.527603 0.002171 0.004944 0.000000
0.529774 0.002171 0.004944 0.000000
0.531944 0.002171 0.004944 0.000000
0.534115 0.002171 0.004944 0.000000
0.536286 0.002171 0.004944 0.000000
0.538457 0.002171 0.004944 0.000000
0.540628 0.002171 0.004944 0.000000
0.542799 0.002171 0.004944 0.000000
0.544970 0.002171 0.004944 0.000000
0.547141 0.002171 0.004944 0.000000
0.549312 0.002171 0.004944 0.000000
0.551483 0.002171 0.004944 0.000000
0.553654 0.002171 0.004944 0.000000
0.555825 0.002171 0.004944 0.000000
0.557996 0.002171 0.004944 0.000000
0.560167 0.002171 0.004944 0.000000
0.562338 0.002171 0.004944 0.000000
0.564509 0.002171 0.004944 0.000000
0.566680 0.002171 0.004944 0.000000
0.568851 0.002171 0.004944 0.000000
0.571022 0.002171 0.004944 0.000000
0.573193 0.002171 0.004944 0.000000
0.575364 0.002171 0.004944 0.000000
0.577535 0.002171 0.004944 0.000000
0.579706 0.002171 0.004944 0.000000
0.581877 0.002171 0.004944 0.000000
0.584048 0.002171 0.004944 0.000000
0.586219 0.002171 0.004944 0.000000
0.588390 0.002171 0.004944 0.000000
0.590561 0.002171 0.004944 0.000000
0.592732 0.002171 0.004944 0.000000
0.594903 0.002171 0.004944 0.000000
0.597074 0.002171 0.004944 0.000000
0.599245 0.002171 0.004944 0.000000
0.601416 0.002171 0.004944 0.000000
0.603587 0.002171 0.004944 0.000000
0.605758 0.002171 0.004944 0.000000
0.607929 0.002171 0.004944 0.000000
0.610100 0.002171 0.004944 0.000000
0.612271 0.002171 0.004944 0.000000
0.614442 0.002171 0.004944 0.000000
0.616613 0.002171 0.004944 0.000000
0.618784 0.002171 0.004944 0.000000
0.620955 0.002171 0.004944 0.000000
0.623126 0.002171 0.004944 0.000000
0.625297 0.002171 0.004944 0.000000
0.627468 0.002171 0.004944 0.000000
0.629639 0.002171 0.004944 0.000000
0.631810 0.002171 0.004944 0.000000
0.633981 0.002171 0.004944 0.000000
0.636152 0.002171 0.004944 0.000000
0.638323 0.002171 0.004944 0.000000
0.640494 0.002171 0.004944 0.000000
0.642665 0.002171 0.004944 0.000000
0.644836 0.002171 0.004944 0.000000
0.647007 0.002171 0.004944 0.000000
0.649178 0.002171 0.004944 0.000000
0.651349 0.002171 0.004944 0.000000
0.653520 0.002171 0.004944 0.000000
0.655691 0.002171 0.004944 0.000000
0.657862 0.002171 0.004944 0.000000
0.660033 0.002171 0.004944 0.000000
0.662204 0.002171 0.004944 0.000000
0.664375 0.002171 0.004944 0.000000
0.666546 0.002171 0.004944 0.000000
0.668718 0.002171 0.004944 0.000000
0.670889 0.002171 0.004944 0.000000
0.673060 0.002171 0.004944 0.000000
0.675231 0.002171 0.004944 0.000000
0.677402 0.002171 0.004944 0.000000
0.679573 0.002171 0.004944 0.000000
0.681744 0.002171 0.004944 0.000000
0.683915 0.002171 0.004944 0.000000
0.686086 0.002171 0.004944 0.000000
0.688257 0.002171 0.004944 0.000000
0.690428 0.002171 0.004944 0.000000
0.692599 0.002171 0.004944 0.000000
0.694770 0.002171 0.004944 0.000000
0.696941 0.002171 0.004944 0.000000
0.699112 0.002171 0.004944 0.000000
0.701283 0.002171 0.004944 0.000000
0.703454 0.002171 0.004944 0.000000
0.705625 0.002171 0.004944 0.000000
0.707796 0.002171 0.004944 0.000000
0.709967 0.002171 0.004944 0.000000
0.712139 0.002171 0.004944 -0.000000
0.714310 0.002171 0.004944 -0.000000
0.716481 0.002171 0.004944 -0.000000
0.718652 0.002171 0.004944 -0.000000
0.720823 0.002171 0.004944 -0.000000
0.722994 0.002171 0.004944 -0.000000
0.725165 0.002171 0.004944 -0.000000
0.727336 0.002171 0.004944 -0.000000
0.729507 0.002171 0.004944 -0.000000
0.731678 0.002171 0.004944 -0.000000
0.733849 0.002171 0.004944 -0.000000
0.736020 0.002171 0.004944 -0.000000
0.738191 0.002171 0.004944 -0.000000
0.740362 0.002171 0.004944 -0.000000
0.742534 0.002171 0.004944 -0.000000
0.744705 0.002171 0.004944 -0.000000
0.746876 0.002171 0.004944 -0.000000
0.749047 0.002171 0.004944 -0.000000
0.751218 0.002171 0.004944 -0.000000
0.753389 0.002171 0.004944 -0.000000
0.755560 0.002171 0.004944 -0.000000
0.757731 0.002171 0.004944 -0.000000
0.759902 0.002171 0.004944 -0.000000
0.762073 0.002171 0.004944 -0.000000
0.764244 0.002171 0.004944 -0.000000
0.766415 0.002171 0.004944 -0.000000
0.768587 0.002171 0.004944 -0.000000
0.770758 0.002171 0.004944 -0.000000
0.772929 0.002171 0.004944 -0.000000
0.775100 0.002171 0.004944 -0.000000
0.777271 0.002171 0.004944 -0.000000
0.779442 0.002171 0.004944 -0.000000
0.781613 0.002171 0.004944 -0.000000
0.783784 0.002171 0.004944 -0.000000
0.785955 0.002171 0.004944 -0.000000
0.788126 0.002171 0.004944 -0.000000
0.790298 0.002171 0.004944 -0.000000
0.792469 0.002171 0.004944 -0.000000
0.794640 0.002171 0.004944 -0.000000
0.796811 0.002171 0.004944 -0.000000
0.798982 0.002171 0.004944 -0.000000
0.801153 0.002171 0.004944 -0.000000
0.803324 0.002171 0.004944 -0.000000
0.805495 0.002171 0.004944 -0.000000
0.807667 0.002171 0.004944 -0.000000
0.809838 0.002171 0.004944 -0.000000
0.812009 0.002171 0.004944 -0.000000
0.814180 0.002171 0.004944 -0.000000
0.816351 0.002171 0.004944 -0.000000
0.818522 0.002171 0.004944 -0.000000
0.820693 0.002171 0.004944 -0.000000
0.822864 0.002171 0.004944 -0.000000
0.825035 0.002171 0.004944 -0.000000
0.827207 0.002171 0.004944 -0.000000
0.829378 0.002171 0.004944 -0.000000
0.831549 0.002171 0.004944 -0.000000
0.833720 0.002171 0.004944 -0.000000
0.835891 0.002171 0.004944 -0.000000
0.838062 0.002171 0.004944 -0.000000
0.840233 0.002171 0.004944 -0.000000
0.842405 0.002171 0.004944 -0.000000
0.844576 0.002171 0.004944 -0.000000
0.846747 0.002171 0.004944 -0.000000
0.848918 0.002171 0.004944 -0.000000
0.851089 0.002171 0.004944 -0.000000
0.853260 0.002171 0.004944 -0.000000
0.855431 0.002171 0.004944 -0.000000
0.857602 0.002171 0.004944 -0.000000
0.859774 0.002171 0.004944 -0.000000
0.861945 0.002171 0.004944 -0.000000
0.864116 0.002171 0.004944 -0.000000
0.866287 0.002171 0.004944 -0.000000
0.868458 0.002171 0.004944 -0.000000
0.870629 0.002171 0.004944 -0.000000
0.872800 0.002171 0.004944 -0.000000
0.874972 0.002171 0.004944 -0.000000
0.877143 0.002171 0.004944 -0.000000
0.879314 0.002171 0.004944 -0.000000
0.881485 0.002171 0.004944 -0.000000
0.883656 0.002171 0.004944 -0.000000
0.885827 0.002171 0.004944 -0.000000
0.887999 0.002171 0.004944 -0.000000
0.890170 0.002171 0.004944 -0.000000
0.892341 0.002171 0.004944 -0.000000
0.894512 0.002171 0.004944 -0.000000
0.896683 0.002171 0.004944 -0.000000
0.898854 0.002171 0.004944 -0.000000
0.901025 0.002171 0.004944 -0.000000
0.903197 0.002171 0.004944 -0.000000
0.905368 0.002171 0.004944 -0.000000
0.907539 0.002171 0.004944 -0.000000
0.909710 0.002171 0.004944 -0.000000
0.911881 0.002171 0.004944 -0.000000
0.914052 0.002171 0.004944 -0.000000
0.916224 0.002171 0.004944 -0.000000
0.918395 0.002171 0.004944 -0.000000
0.920566 0.002171 0.004944 -0.000000
0.922737 0.002171 0.004944 -0.000000
0.924908 0.002171 0.004944 -0.000000
0.927079 0.002171 0.004944 -0.000000
0.929251 0.002171 0.004944 -0.000000
0.931422 0.002171 0.004944 -0.000000
0.933593 0.002171 0.004944 -0.000000
0.935764 0.002171 0.004944 -0.000000
0.937935 0.002171 0.004944 -0.000000
0.940106 0.002171 0.004944 -0.000000
0.942278 0.002171 0.004944 -0.000000
0.944449 0.002171 0.004944 -0.000000
0.946620 0.002171 0.004944 -0.000000
0.948791 0.002171 0.004944 -0.000000
0.950962 0.002171 0.004944 -0.000000
0.953133 0.002171 0.004944 -0.000000
0.955305 0.002171 0.004944 -0.000000
0.957476 0.002171 0.004944 -0.000000
0.959647 0.002171 0.004944 -0.000000
0.961818 0.002171 0.004944 -0.000000
0.963989 0.002171 0.004944 -0.000000
0.966160 0.002171 0.004944 -0.000000
0.968332 0.002171 0.004944 -0.000000
0.970503 0.002171 0.004944 -0.000000
0.972674 0.002171 0.004944 -0.000000
0.974845 0.002171 0.004944 -0.000000
0.977016 0.002171 0.004944 -0.000000
0.979187 0.002171 0.004944 -0.000000
0.981359 0.002171 0.004944 -0.000000
0.983530 0.002171 0.004944 -0.000000
0.985701 0.002171 0.004944 -0.000000
0.987872 0.002171 0.004944 -0.000000
0.990043 0.002171 0.004944 -0.000000
0.992214 0.002171 0.004944 -0.000000
0.994386 0.002171 0.004944 -0.000000
0.996557 0.002171 0.004944 -0.000000
0.998728 0.002171 0.004944 -0.000000
1.000899 0.002171 0.004944 -0.000000
1.003070 0.002171 0.004944 -0.000000
1.005241 0.002171 0.004944 -0.000000
1.007413 0.002171 0.004944 -0.000000
1.009584 0.002171 0.004944 -0.000000
1.011755 0.002171 0.004944 -0.000000
1.013926 0.002171 0.004944 -0.000000
1.016097 0.002171 0.004944 -0.000000
1.018269 0.002171 0.004944 -0.000000
1.020440 0.002171 0.004944 -0.000000
1.022611 0.002171 0.004944 -0.000000
1.024782 0.002171 0.004944 -0.000000
1.026953 0.002171 0.004944 -0.000000
1.029124 0.002171 0.004944 -0.000000
1.031296 0.002171 0.004944 -0.000000
1.033467 0.002171 0.004944 -0.000000
1.035638 0.002171 0.004944 -0.000000
1.037809 0.002171 0.004944 -0.000000
1.039980 0.002171 0.004944 -0.000000
1.042151 0.002171 0.004944 -0.000000
1.044323 0.002171 0.004944 -0.000000
1.046494 0.002171 0.004944 -0.000000
1.048665 0.002171 0.004944 -0.000000
1.050836 0.002171 0.004944 -0.000000
1.053007 0.002171 0.004944 -0.000000
1.055179 0.002171 0.004944 -0.000000
1.057350 0.002171 0.004944 -0.000000
1.059521 0.002171 0.004944 -0.000000
1.061692 0.002171 0.004944 -0.000000
1.063863 0.002171 0.004944 -0.000000
1.066034 0.002171 0.004944 -0.000000
1.068206 0.002171 0.004944 -0.000000
1.070377 0.002171 0.004944 -0.000000
1.072548 0.002171 0.004944 -0.000000
1.074719 0.002171 0.004944 -0.000000
1.076890 0.002171 0.004944 -0.000000
1.079061 0.002171 0.004944 -0.000000
1.081233 0.002171 0.004944 -0.000000
1.083404 0.002171 0.004944 -0.000000
1.085575 0.002171 0.004944 -0.000000
1.087746 0.002171 0.004944 -0.000000
1.089917 0.002171 0.004944 -0.000000
1.092088 0.002171 0.004944 -0.000000
1.094260 0.002171 0.004944 -0.000000
1.096431 0.002171 0.004944 -0.000000
1.098602 0.002171 0.004944 -0.000000
1.100773 0.002171 0.004944 -0.000000
1.102944 0.002171 0.004944 -0.000000
1.105116 0.002171 0.004944 -0.000000
1.107287 0.002171 0.004944 -0.000000
1.109458 0.002171 0.004944 -0.000000
1.111629 0.002171 0.004944 -0.000000
1.113800 0.002171 0.004944 -0.000000
1.115971 0.002171 0.004944 -0.000000
1.118143 0.002171 0.004944 -0.000000
1.120314 0.002171 0.004944 -0.000000
1.122485 0.002171 0.004944 -0.000000
1.124656 0.002171 0.004944 -0.000000
1.126827 0.002171 0.004944 -0.000000
1.128998 0.002171 0.004944 -0.000000
1.131170 0.002171 0.004944 -0.000000
1.133341 0.002171 0.004944 -0.000000
1.135512 0.002171 0.004944 -0.000000
1.137683 0.002171 0.004944 -0.000000
1.139854 0.002171 0.004944 -0.000000
1.142025 0.002171 0.004944 -0.000000
1.144196 0.002171 0.004944 -0.000000
1.146368 0.002171 0.004944 -0.000000
1.148539 0.002171 0.004944 -0.000000
1.150710 0.002171 0.004944 -0.000000
1.152881 0.002171 0.004944 -0.000000
1.155052 0.002171 0.004944 -0.000000
1.157223 0.002171 0.004944 -0.000000
1.159395 0.002171 0.004944 -0.000000
1.161566 0.002171 0.004944 -0.000000
1.163737 0.002171 0.004944 -0.000000
1.165908 0.002171 0.004944 -0.000000
1.168079 0.002171 0.004944 -0.000000
1.170250 0.002171 0.004944 -0.000000
1.172422 0.002171 0.004944 -0.000000
1.174593 0.002171 0.004944 -0.000000
1.176764 0.002171 0.004944 -0.000000
1.178935 0.002171 0.004944 -0.000000
1.181106 0.002171 0.004944 -0.000000
1.183277 0.002171 0.004944 -0.000000
1.185448 0.002171 0.004944 -0.000000
1.187620 0.002171 0.004944 -0.000000
1.189791 0.002171 0.004944 -0.000000
1.191962 0.002171 0.004944 -0.000000
1.194133 0.002171 0.004944 -0.000000
1.196304 0.002171 0.004944 -0.000000
1.198475 0.002171 0.004944 -0.000000
1.200646 0.002171 0.004944 -0.000000
1.202818 0.002171 0.004944 -0.000000
1.204989 0.002171 0.004944 -0.000000
1.207160 0.002171 0.004944 -0.000000
1.209331 0.002171 0.004944 -0.000000
1.211502 0.002171 0.004944 -0.000000
1.213673 0.002171 0.004944 -0.000000
1.215844 0.002171 0.004944 -0.000000
1.218016 0.002171 0.004944 -0.000000
1.220187 0.002171 0.004944 -0.000000
1.222358 0.002171 0.004944 -0.000000
1.224529 0.002171 0.004944 -0.000000
1.226700 0.002171 0.004944 -0.000000
1.228871 0.002171 0.004944 -0.000000
1.231042 0.002171 0.004944 -0.000000
1.233214 0.002171 0.004944 -0.000000
1.235385 0.002171 0.004944 -0.000000
1.237556 0.002171 0.004944 -0.000000
1.239727 0.002171 0.004944 -0.000000
1.241898 0.002171 0.004944 -0.000000
1.244069 0.002171 0.004944 -0.000000
1.246240 0.002171 0.004944 -0.000000
1.248411 0.002171 0.004944 -0.000000
1.250583 0.002171 0.004944 -0.000000
1.252754 0.002171 0.004944 -0.000000
1.254925 0.002171 0.004944 -0.000000
1.257096 0.002171 0.004944 -0.000000
1.259267 0.002171 0.004944 -0.000000
1.261438 0.002171 0.004944 -0.000000
1.263609 0.002171 0.004944 -0.000000
1.265780 0.002171 0.004944 -0.000000
1.267952 0.002171 0.004944 -0.000000
1.270123 0.002171 0.004944 -0.000000
1.272294 0.002171 0.004944 -0.000000
1.274465 0.002171 0.004944 -0.000000
1.276636 0.002171 0.004944 -0.000000
1.278807 0.002171 0.004944 -0.000000
1.280978 0.002171 0.004944 -0.000000
1.283149 0.002171 0.004944 -0.000000
1.285321 0.002171 0.004944 -0.000000
1.287492 0.002171 0.004944 -0.000000
1.289663 0.002171 0.004944 -0.000000
1.291834 0.002171 0.004944 -0.000000
1.294005 0.002171 0.004944 -0.000000
1.296176 0.002171 0.004944 -0.000000
1.298347 0.002171 0.004944 -0.000000
1.300518 0.002171 0.004944 -0.000000
1.302689 0.002171 0.004944 -0.000000
1.304861 0.002171 0.004944 -0.000000
1.307032 0.002171 0.004944 -0.000000
1.309203 0.002171 0.004944 -0.000000
1.311374 0.002171 0.004944 -0.000000
1.313545 0.002171 0.004944 -0.000000
1.315716 0.002171 0.004944 -0.000000
1.317887 0.002171 0.004944 -0.000000
1.320058 0.002171 0.004944 -0.000000
1.322229 0.002171 0.004944 -0.000000
1.324400 0.002171 0.004944 -0.000000
1.326572 0.002171 0.004944 -0.000000
1.328743 0.002171 0.004944 -0.000000
1.330914 0.002171 0.004944 -0.000000
1.333085 0.002171 0.004944 -0.000000
1.335256 0.002171 0.004944 -0.000000
1.337427 0.002171 0.004944 -0.000000
1.339598 0.002171 0.004944 -0.000000
1.341769 0.002171 0.004944 -0.000000
1.343940 0.002171 0.004944 -0.000000
1.346111 0.002171 0.004944 -0.000000
1.348282 0.002171 0.004944 -0.000000
1.350454 0.002171 0.004944 -0.000000
1.352625 0.002171 0.004944 -0.000000
1.354796 0.002171 0.004944 -0.000000
1.356967 0.002171 0.004944 -0.000000
1.359138 0.002171 0.004944 -0.000000
1.361309 0.002171 0.004944 -0.000000
1.363480 0.002171 0.004944 -0.000000
1.365651 0.002171 0.004944 -0.000000
1.367822 0.002171 0.004944 -0.000000
1.369993 0.002171 0.004944 -0.000000
1.372164 0.002171 0.004944 -0.000000
1.374335 0.002171 0.004944 -0.000000
1.376507 0.002171 0.004944 -0.000000
1.378678 0.002171 0.004944 -0.000000
1.380849 0.002171 0.004944 -0.000000
1.383020 0.002171 0.004944 -0.000000
1.385191 0.002171 0.004944 -0.000000
1.387362 0.002171 0.004944 -0.000000
1.389533 0.002171 0.004944 -0.000000
1.391704 0.002171 0.004944 -0.000000
1.393875 0.002171 0.004944 -0.000000
1.396046 0.002171 0.004944 -0.000000
1.398217 0.002171 0.004944 -0.000000
1.400388 0.002171 0.004944 -0.000000
1.402559 0.002171 0.004944 -0.000000
1.404730 0.002171 0.004944 -0.000000
1.406902 0.002171 0.004944 -0.000000
1.409073 0.002171 0.004944 -0.000000
1.411244 0.002171 0.004944 -0.000000
1.413415 0.002171 0.004944 -0.000000
1.415586 0.002171 0.004944 -0.000000
1.417757 0.002171 0.004944 -0.000000
1.419928 0.002171 0.004944 -0.000000
1.422099 0.002171 0.004944 -0.000000
1.424270 0.002171 0.004944 -0.000000
1.426441 0.002171 0.004944 -0.000000
1.428612 0.002171 0.004944 -0.000000
1.430783 0.002171 0.004944 -0.000000
1.432954 0.002171 0.004944 -0.000000
1.435125 0.002171 0.004944 -0.000000
1.437296 0.002171 0.004944 -0.000000
1.439467 0.002171 0.004944 -0.000000
1.441638 0.002171 0.004944 -0.000000
1.443809 0.002171 0.004944 -0.000000
1.445980 0.002171 0.004944 -0.000000
1.448151 0.002171 0.004944 -0.000000
1.450323 0.002171 0.004944 -0.000000
1.452494 0.002171 0.004944 -0.000000
1.454665 0.002171 0.004944 -0.000000
1.456836 0.002171 0.004944 -0.000000
1.459007 0.002171 0.004944 -0.000000
1.461178 0.002171 0.004944 -0.000000
1.463349 0.002171 0.004944 -0.000000
1.465520 0.002171 0.004944 -0.000000
1.467691 0.002171 0.004944 -0.000000
1.469862 0.002171 0.004944 -0.000000
1.472033 0.002171 0.004944 -0.000000
1.474204 0.002171 0.004944 -0.000000
1.476375 0.002171 0.004944 -0.000000
1.478546 0.002171 0.004944 -0.000000
1.480717 0.002171 0.004944 -0.000000
1.482888 0.002171 0.004944 -0.000000
1.485059 0.002171 0.004944 -0.000000
1.487230 0.002171 0.004944 -0.000000
1.489401 0.002171 0.004944 -0.000000
1.491572 0.002171 0.004944 -0.000000
1.493743 0.002171 0.004944 -0.000000
1.495914 0.002171 0.004944 -0.000000
1.498085 0.002171 0.004944 -0.000000
1.500256 0.002171 0.004944 -0.000000
1.502427 0.002171 0.004944 -0.000000
1.504598 0.002171 0.004944 -0.000000
1.506769 0.002171 0.004944 -0.000000
1.508940 0.002171 0.004944 -0.000000
1.511111 0.002171 0.004944 -0.000000
1.513282 0.002171 0.004944 -0.000000
1.515453 0.002171 0.004944 -0.000000
1.517624 0.002171 0.004944 -0.000000
1.519795 0.002171 0.004944 -0.000000
1.521966 0.002171 0.004944 -0.000000
1.524137 0.002171 0.004944 -0.000000
1.526308 0.002171 0.004944 -0.000000
1.528479 0.002171 0.004944 -0.000000
1.530650 0.002171 0.004944 -0.000000
1.532821 0.002171 0.004944 -0.000000
1.534992 0.002171 0.004944 -0.000000
1.537163 0.002171 0.004944 -0.000000
1.539334 0.002171 0.004944 -0.000000
1.541505 0.002171 0.004944 -0.000000
1.543676 0.002171 0.004944 -0.000000
1.545847 0.002171 0.004944 -0.000000
1.548018 0.002171 0.004944 -0.000000
1.550189 0.002171 0.004944 -0.000000
1.552360 0.002171 0.004944 -0.000001
1.554531 0.002171 0.004944 -0.000001
1.556702 0.002171 0.004944 -0.000001
1.558873 0.002171 0.004944 -0.000001
1.561044 0.002171 0.004944 -0.000001
1.563215 0.002171 0.004943 -0.000001
1.565386 0.002171 0.004943 -0.000001
1.567557 0.002171 0.004943 -0.000001
1.569728 0.002171 0.004943 -0.000001
1.571899 0.002171 0.004943 -0.000001
1.574070 0.002171 0.004943 -0.000001
1.576241 0.002171 0.004943 -0.000001
1.578412 0.002171 0.004943 -0.000001
1.580583 0.002171 0.004943 -0.000001
1.582754 0.002171 0.004943 -0.000001
1.584925 0.002171 0.004943 -0.000001
1.587096 0.002171 0.004943 -0.000001
1.589267 0.002171 0.004943 -0.000001
1.591438 0.002171 0.004943 -0.000002
1.593609 0.002171 0.004943 -0.000002
1.595780 0.002171 0.004942 -0.000002
1.597951 0.002171 0.004942 -0.000002
1.600121 0.002171 0.004942 -0.000002
1.602292 0.002171 0.004942 -0.000002
1.604463 0.002171 0.004942 -0.000002
1.606634 0.002171 0.004942 -0.000002
1.608805 0.002171 0.004942 -0.000002
1.610976 0.002171 0.004942 -0.000002
1.613147 0.002171 0.004942 -0.000003
1.615318 0.002171 0.004942 -0.000003
1.617489 0.002171 0.004941 -0.000003
1.619660 0.002171 0.004941 -0.000003
1.621831 0.002171 0.004941 -0.000003
1.624002 0.002171 0.004941 -0.000003
1.626173 0.002171 0.004941 -0.000003
1.628344 0.002171 0.004941 -0.000003
1.630515 0.002171 0.004941 -0.000003
1.632686 0.002171 0.004941 -0.000003
1.634857 0.002171 0.004941 -0.000004
1.637028 0.002171 0.004941 -0.000004
1.639199 0.002171 0.004940 -0.000004
1.641369 0.002171 0.004940 -0.000004
1.643540 0.002171 0.004940 -0.000004
1.645711 0.002171 0.004940 -0.000004
1.647882 0.002171 0.004940 -0.000004
1.650053 0.002171 0.004940 -0.000004
1.652224 0.002171 0.004940 -0.000004
1.654395 0.002171 0.004940 -0.000005
1.656566 0.002171 0.004940 -0.000005
1.658737 0.002171 0.004939 -0.000005
1.660908 0.002171 0.004939 -0.000005
1.663079 0.002171 0.004939 -0.000005
1.665250 0.002171 0.004939 -0.000005
1.667421 0.002171 0.004939 -0.000005
1.669591 0.002171 0.004939 -0.000005
1.671762 0.002171 0.004939 -0.000005
1.673933 0.002171 0.004939 -0.000005
1.676104 0.002171 0.004939 -0.000005
1.678275 0.002171 0.004939 -0.000006
1.680446 0.002171 0.004939 -0.000006
1.682617 0.002171 0.004939 -0.000006
1.684788 0.002171 0.004938 -0.000006
1.686959 0.002171 0.004938 -0.000006
1.689130 0.002171 0.004938 -0.000006
1.691300 0.002171 0.004938 -0.000006
1.693471 0.002171 0.004938 -0.000006
1.695642 0.002171 0.004938 -0.000006
1.697813 0.002171 0.004938 -0.000006
1.699984 0.002171 0.004938 -0.000006
1.702155 0.002171 0.004938 -0.000006
1.704326 0.002171 0.004938 -0.000006
1.706497 0.002171 0.004938 -0.000006
1.708668 0.002171 0.004938 -0.000006
1.710839 0.002171 0.004938 -0.000007
1.713009 0.002171 0.004938 -0.000007
1.715180 0.002171 0.004938 -0.000007
1.717351 0.002171 0.004938 -0.000007
1.719522 0.002171 0.004937 -0.000007
1.721693 0.002171 0.004937 -0.000007
1.723864 0.002171 0.004937 -0.000007
1.726035 0.002171 0.004937 -0.000007
1.728206 0.002171 0.004937 -0.000007
1.730376 0.002171 0.004937 -0.000007
1.732547 0.002171 0.004937 -0.000007
1.734718 0.002171 0.004937 -0.000007
1.736889 0.002171 0.004937 -0.000007
1.739060 0.002171 0.004937 -0.000007
1.741231 0.002171 0.004937 -0.000007
1.743402 0.002171 0.004937 -0.000007
1.745573 0.002171 0.004937 -0.000007
1.747743 0.002171 0.004937 -0.000007
1.749914 0.002171 0.004937 -0.000007
1.752085 0.002171 0.004937 -0.000007
1.754256 0.002171 0.004937 -0.000008
1.756427 0.002171 0.004937 -0.000008
1.758598 0.002171 0.004937 -0.000008
1.760769 0.002171 0.004937 -0.000008
1.762939 0.002171 0.004937 -0.000008
1.765110 0.002171 0.004937 -0.000008
1.767281 0.002171 0.004936 -0.000008
1.769452 0.002171 0.004936 -0.000008
1.771623 0.002171 0.004936 -0.000008
1.773794 0.002171 0.004936 -0.000008
1.775964 0.002171 0.004936 -0.000008
1.778135 0.002171 0.004936 -0.000008
1.780306 0.002171 0.004936 -0.000008
1.782477 0.002171 0.004936 -0.000008
1.784648 0.002171 0.004936 -0.000008
1.786819 0.002171 0.004936 -0.000008
1.788990 0.002171 0.004936 -0.000008
1.791160 0.002171 0.004936 -0.000008
1.793331 0.002171 0.004936 -0.000008
1.795502 0.002171 0.004936 -0.000008
1.797673 0.002171 0.004936 -0.000008
1.799844 0.002171 0.004936 -0.000008
1.802014 0.002171 0.004936 -0.000008
1.804185 0.002171 0.004936 -0.000008
1.806356 0.002171 0.004936 -0.000008
1.808527 0.002171 0.004936 -0.000008
1.810698 0.002171 0.004936 -0.000008
1.812869 0.002171 0.004936 -0.000008
1.815039 0.002171 0.004936 -0.000008
1.817210 0.002171 0.004936 -0.000008
1.819381 0.002171 0.004936 -0.000008
1.821552 0.002171 0.004936 -0.000008
1.823723 0.002171 0.004936 -0.000008
1.825894 0.002171 0.004936 -0.000008
1.828064 0.002171 0.004936 -0.000008
1.830235 0.002171 0.004936 -0.000008
1.832406 0.002171 0.004936 -0.000008
1.834577 0.002171 0.004936 -0.000008
1.836748 0.002171 0.004936 -0.000008
1.838918 0.002171 0.004936 -0.000008
1.841089 0.002171 0.004936 -0.000008
1.843260 0.002171 0.004936 -0.000008
1.845431 0.002171 0.004936 -0.000008
1.847602 0.002171 0.004936 -0.000008
1.849772 0.002171 0.004936 -0.000008
1.851943 0.002171 0.004936 -0.000008
1.854114 0.002171 0.004936 -0.000008
1.856285 0.002171 0.004936 -0.000008
1.858456 0.002171 0.004936 -0.000008
1.860626 0.002171 0.004936 -0.000008
1.862797 0.002171 0.004936 -0.000008
1.864968 0.002171 0.004936 -0.000008
1.867139 0.002171 0.004936 -0.000008
1.869309 0.002171 0.004937 -0.000008
1.871480 0.002171 0.004937 -0.000008
1.873651 0.002171 0.004937 -0.000008
1.875822 0.002171 0.004937 -0.000008
1.877993 0.002171 0.004937 -0.000007
1.880163 0.002171 0.004937 -0.000007
1.882334 0.002171 0.004937 -0.000007
1.884505 0.002171 0.004937 -0.000007
1.886676 0.002171 0.004937 -0.000007
1.888847 0.002171 0.004937 -0.000007
1.891017 0.002171 0.004937 -0.000007
1.893188 0.002171 0.004937 -0.000007
1.895359 0.002171 0.004937 -0.000007
1.897530 0.002171 0.004937 -0.000007
1.899700 0.002171 0.004937 -0.000007
1.901871 0.002171 0.004937 -0.000007
1.904042 0.002171 0.004938 -0.000007
1.906213 0.002171 0.004938 -0.000007
1.908383 0.002171 0.004938 -0.000006
1.910554 0.002171 0.004938 -0.000006
1.912725 0.002171 0.004938 -0.000006
1.914896 0.002171 0.004938 -0.000006
1.917067 0.002171 0.004938 -0.000006
1.919237 0.002171 0.004938 -0.000006
1.921408 0.002171 0.004938 -0.000006
1.923579 0.002171 0.004938 -0.000006
1.925750 0.002171 0.004938 -0.000006
1.927920 0.002171 0.004939 -0.000006
1.930091 0.002171 0.004939 -0.000006
1.932262 0.002171 0.004939 -0.000005
1.934433 0.002171 0.004939 -0.000005
1.936603 0.002171 0.004939 -0.000005
1.938774 0.002171 0.004939 -0.000005
1.940945 0.002171 0.004939 -0.000005
1.943116 0.002171 0.004939 -0.000005
1.945286 0.002171 0.004939 -0.000005
1.947457 0.002171 0.004939 -0.000005
1.949628 0.002171 0.004940 -0.000005
1.951799 0.002171 0.004940 -0.000005
1.953969 0.002171 0.004940 -0.000004
1.956140 0.002171 0.004940 -0.000004
1.958311 0.002171 0.004940 -0.000004
1.960482 0.002171 0.004940 -0.000004
1.962652 0.002171 0.004940 -0.000004
1.964823 0.002171 0.004940 -0.000004
1.966994 0.002171 0.004940 -0.000004
1.969165 0.002171 0.004940 -0.000004
1.971335 0.002171 0.004941 -0.000004
1.973506 0.002171 0.004941 -0.000004
1.975677 0.002171 0.004941 -0.000003
1.977848 0.002171 0.004941 -0.000003
1.980018 0.002171 0.004941 -0.000003
1.982189 0.002171 0.004941 -0.000003
1.984360 0.002171 0.004941 -0.000003
1.986530 0.002171 0.004941 -0.000003
1.988701 0.002171 0.004941 -0.000003
1.990872 0.002171 0.004942 -0.000003
1.993043 0.002171 0.004942 -0.000003
1.995213 0.002171 0.004942 -0.000002
1.997384 0.002171 0.004942 -0.000002
1.999555 0.002171 0.004942 -0.000002
2.001726 0.002171 0.004942 -0.000002
2.003896 0.002171 0.004942 -0.000002
2.006067 0.002171 0.004942 -0.000002
2.008238 0.002171 0.004942 -0.000002
2.010409 0.002171 0.004942 -0.000002
2.012579 0.002171 0.004942 -0.000002
2.014750 0.002171 0.004943 -0.000002
2.016921 0.002171 0.004943 -0.000002
2.019092 0.002171 0.004943 -0.000001
2.021262 0.002171 0.004943 -0.000001
2.023433 0.002171 0.004943 -0.000001
2.025604 0.002171 0.004943 -0.000001
2.027774 0.002171 0.004943 -0.000001
2.029945 0.002171 0.004943 -0.000001
2.032116 0.002171 0.004943 -0.000001
2.034287 0.002171 0.004943 -0.000001
2.036457 0.002171 0.004943 -0.000001
2.038628 0.002171 0.004944 -0.000001
2.040799 0.002171 0.004944 -0.000001
2.042970 0.002171 0.004944 -0.000000
2.045140 0.002171 0.004944 -0.000000
2.047311 0.002171 0.004944 -0.000000
2.049482 0.002171 0.004944 -0.000000
2.051653 0.002171 0.004944 -0.000000
2.053823 0.002171 0.004944 -0.000000
2.055994 0.002171 0.004944 0.000000
2.058165 0.002171 0.004944 0.000000
2.060335 0.002171 0.004944 0.000000
2.062506 0.002171 0.004944 0.000000
2.064677 0.002171 0.004945 0.000000
2.066848 0.002171 0.004945 0.000000
2.069018 0.002171 0.004945 0.000000
2.071189 0.002171 0.004945 0.000001
2.073360 0.002171 0.004945 0.000001
2.075531 0.002171 0.004945 0.000001
2.077701 0.002171 0.004945 0.000001
2.079872 0.002171 0.004945 0.000001
2.082043 0.002171 0.004945 0.000001
2.084214 0.002171 0.004945 0.000001
2.086384 0.002171 0.004945 0.000001
2.088555 0.002171 0.004945 0.000001
2.090726 0.002171 0.004945 0.000001
2.092897 0.002171 0.004945 0.000001
2.095067 0.002171 0.004945 0.000001
2.097238 0.002171 0.004945 0.000001
2.099409 0.002171 0.004946 0.000001
2.101580 0.002171 0.004946 0.000001
2.103750 0.002171 0.004946 0.000001
2.105921 0.002171 0.004946 0.000002
2.108092 0.002171 0.004946 0.000002
2.110263 0.002171 0.004946 0.000002
2.112433 0.002171 0.004946 0.000002
2.114604 0.002171 0.004946 0.000002
2.116775 0.002171 0.004946 0.000002
2.118946 0.002171 0.004946 0.000002
2.121116 0.002171 0.004946 0.000002
2.123287 0.002171 0.004946 0.000002
2.125458 0.002171 0.004946 0.000002
2.127629 0.002171 0.004946 0.000002
2.129799 0.002171 0.004946 0.000002
2.131970 0.002171 0.004946 0.000002
2.134141 0.002171 0.004946 0.000002
2.136312 0.002171 0.004946 0.000002
2.138483 0.002171 0.004946 0.000002
2.140653 0.002171 0.004946 0.000002
2.142824 0.002171 0.004946 0.000002
2.144995 0.002171 0.004946 0.000002
2.147166 0.002171 0.004947 0.000002
2.149336 0.002171 0.004947 0.000002
2.151507 0.002171 0.004947 0.000002
2.153678 0.002171 0.004947 0.000002
2.155849 0.002171 0.004947 0.000002
2.158020 0.002171 0.004947 0.000002
2.160190 0.002171 0.004947 0.000002
2.162361 0.002171 0.004947 0.000003
2.164532 0.002171 0.004947 0.000003
2.166703 0.002171 0.004947 0.000003
2.168874 0.002171 0.004947 0.000003
2.171044 0.002171 0.004947 0.000003
2.173215 0.002171 0.004947 0.000003
2.175386 0.002171 0.004947 0.000003
2.177557 0.002171 0.004947 0.000003
2.179728 0.002171 0.004947 0.000003
2.181898 0.002171 0.004947 0.000003
2.184069 0.002171 0.004947 0.000003
2.186240 0.002171 0.004947 0.000003
2.188411 0.002171 0.004947 0.000003
2.190582 0.002171 0.004947 0.000003
2.192753 0.002171 0.004947 0.000003
2.194923 0.002171 0.004947 0.000003
2.197094 0.002171 0.004947 0.000003
2.199265 0.002171 0.004947 0.000003
2.201436 0.002171 0.004947 0.000003
2.203607 0.002171 0.004947 0.000003
2.205778 0.002171 0.004947 0.000003
2.207948 0.002171 0.004947 0.000003
2.210119 0.002171 0.004947 0.000003
2.212290 0.002171 0.004947 0.000003
2.214461 0.002171 0.004947 0.000003
2.216632 0.002171 0.004947 0.000003
2.218803 0.002171 0.004947 0.000003
2.220974 0.002171 0.004947 0.000003
2.223144 0.002171 0.004947 0.000003
2.225315 0.002171 0.004947 0.000003
2.227486 0.002171 0.004947 0.000003
2.229657 0.002171 0.004947 0.000003
2.231828 0.002171 0.004947 0.000003
2.233999 0.002171 0.004947 0.000003
2.236170 0.002171 0.004947 0.000003
2.238341 0.002171 0.004947 0.000003
2.240512 0.002171 0.004947 0.000003
2.242683 0.002171 0.004947 0.000003
2.244853 0.002171 0.004948 0.000003
2.247024 0.002171 0.004948 0.000003
2.249195 0.002171 0.004948 0.000003
2.251366 0.002171 0.004948 0.000003
2.253537 0.002171 0.004948 0.000003
2.255708 0.002171 0.004948 0.000003
2.257879 0.002171 0.004948 0.000003
2.260050 0.002171 0.004948 0.000003
2.262221 0.002171 0.004948 0.000003
2.264392 0.002171 0.004948 0.000003
2.266563 0.002171 0.004948 0.000003
2.268734 0.002171 0.004948 0.000003
2.270905 0.002171 0.004948 0.000003
2.273076 0.002171 0.004948 0.000003
2.275247 0.002171 0.004948 0.000003
2.277418 0.002171 0.004948 0.000003
2.279589 0.002171 0.004948 0.000003
2.281760 0.002171 0.004948 0.000003
2.283931 0.002171 0.004948 0.000003
2.286102 0.002171 0.004948 0.000003
2.288273 0.002171 0.004948 0.000003
2.290444 0.002171 0.004948 0.000003
2.292615 0.002171 0.004948 0.000003
2.294786 0.002171 0.004948 0.000003
2.296957 0.002171 0.004948 0.000003
2.299128 0.002171 0.004948 0.000003
2.301299 0.002171 0.004948 0.000003
2.303470 0.002171 0.004948 0.000003
2.305641 0.002171 0.004948 0.000003
2.307812 0.002171 0.004948 0.000003
2.309983 0.002171 0.004948 0.000003
2.312154 0.002171 0.004948 0.000003
2.314325 0.002171 0.004948 0.000003
2.316496 0.002171 0.004948 0.000003
2.318667 0.002171 0.004948 0.000003
2.320838 0.002171 0.004948 0.000003
2.323009 0.002171 0.004948 0.000003
2.325180 0.002171 0.004948 0.000003
2.327352 0.002171 0.004948 0.000003
2.329523 0.002171 0.004948 0.000003
2.331694 0.002171 0.004948 0.000003
2.333865 0.002171 0.004948 0.000003
2.336036 0.002171 0.004948 0.000003
2.338207 0.002171 0.004948 0.000003
2.340378 0.002171 0.004948 0.000003
2.342549 0.002171 0.004948 0.000003
2.344721 0.002171 0.004948 0.000003
2.346892 0.002171 0.004948 0.000003
2.349063 0.002171 0.004948 0.000003
2.351234 0.002171 0.004948 0.000003
2.353405 0.002171 0.004948 0.000003
2.355576 0.002171 0.004948 0.000003
2.357748 0.002171 0.004948 0.000003
2.359919 0.002171 0.004948 0.000003
2.362090 0.002171 0.004948 0.000003
2.364261 0.002171 0.004948 0.000003
2.366432 0.002171 0.004948 0.000003
2.368604 0.002171 0.004948 0.000003
2.370775 0.002171 0.004948 0.000003
2.372946 0.002171 0.004948 0.000003
2.375117 0.002171 0.004948 0.000003
2.377289 0.002171 0.004948 0.000003
2.379460 0.002171 0.004948 0.000003
2.381631 0.002171 0.004948 0.000003
2.383803 0.002171 0.004947 0.000003
2.385974 0.002171 0.004947 0.000003
2.388145 0.002171 0.004947 0.000003
2.390316 0.002171 0.004947 0.000003
2.392488 0.002171 0.004947 0.000003
2.394659 0.002171 0.004947 0.000003
2.396830 0.002171 0.004947 0.000003
2.399002 0.002171 0.004947 0.000003
2.401173 0.002171 0.004947 0.000003
2.403344 0.002171 0.004947 0.000003
2.405516 0.002171 0.004947 0.000003
2.407687 0.002171 0.004947 0.000003
2.409859 0.002171 0.004947 0.000003
2.412030 0.002171 0.004947 0.000003
2.414201 0.002171 0.004947 0.000003
2.416373 0.002171 0.004947 0.000003
2.418544 0.002171 0.004947 0.000003
2.420716 0.002171 0.004947 0.000003
2.422887 0.002171 0.004947 0.000003
2.425058 0.002171 0.004947 0.000003
2.427230 0.002171 0.004947 0.000003
2.429401 0.002171 0.004947 0.000003
2.431573 0.002171 0.004947 0.000003
2.433744 0.002171 0.004947 0.000003
2.435916 0.002171 0.004947 0.000003
2.438087 0.002171 0.004947 0.000003
2.440259 0.002172 0.004947 0.000003
2.442430 0.002172 0.004947 0.000003
2.444602 0.002172 0.004947 0.000003
2.446773 0.002172 0.004947 0.000003
2.448945 0.002172 0.004947 0.000003
2.451116 0.002172 0.004947 0.000003
2.453288 0.002172 0.004947 0.000003
2.455459 0.002172 0.004947 0.000003
2.457631 0.002172 0.004947 0.000003
2.459803 0.002172 0.004947 0.000003
2.461974 0.002172 0.004947 0.000003
2.464146 0.002172 0.004947 0.000003
2.466317 0.002172 0.004947 0.000003
2.468489 0.002172 0.004947 0.000003
2.470660 0.002172 0.004947 0.000003
2.472832 0.002172 0.004947 0.000003
2.475003 0.002172 0.004947 0.000003
2.477175 0.002172 0.004947 0.000003
2.479346 0.002172 0.004947 0.000003
2.481518 0.002172 0.004947 0.000003
2.483689 0.002172 0.004947 0.000003
2.485861 0.002172 0.004947 0.000003
2.488032 0.002172 0.004947 0.000003
2.490204 0.002172 0.004947 0.000003
2.492376 0.002172 0.004947 0.000002
2.494547 0.002172 0.004947 0.000002
2.496719 0.002172 0.004947 0.000002
2.498890 0.002172 0.004947 0.000002
2.501062 0.002172 0.004947 0.000002
2.503233 0.002172 0.004947 0.000002
2.505405 0.002172 0.004947 0.000002
2.507576 0.002172 0.004947 0.000002
2.509748 0.002172 0.004947 0.000002
2.511919 0.002172 0.004947 0.000002
2.514091 0.002172 0.004947 0.000002
2.516262 0.002172 0.004947 0.000002
2.518434 0.002172 0.004946 0.000002
2.520605 0.002172 0.004946 0.000002
2.522777 0.002172 0.004946 0.000002
2.524948 0.002172 0.004946 0.000002
2.527120 0.002172 0.004946 0.000002
2.529292 0.002172 0.004946 0.000002
2.531463 0.002172 0.004946 0.000002
2.533635 0.002172 0.004946 0.000002
2.535806 0.002172 0.004946 0.000002
2.537978 0.002172 0.004946 0.000002
2.540149 0.002172 0.004946 0.000002
2.542321 0.002172 0.004946 0.000002
2.544492 0.002172 0.004946 0.000002
2.546664 0.002172 0.004946 0.000002
2.548835 0.002172 0.004946 0.000002
2.551007 0.002172 0.004946 0.000002
2.553178 0.002172 0.004946 0.000002
2.555350 0.002172 0.004946 0.000002
2.557521 0.002172 0.004946 0.000002
2.559693 0.002172 0.004946 0.000002
2.561865 0.002172 0.004946 0.000002
2.564036 0.002172 0.004946 0.000002
2.566208 0.002172 0.004946 0.000002
2.568379 0.002172 0.004946 0.000002
2.570551 0.002172 0.004946 0.000002
2.572722 0.002172 0.004946 0.000002
2.574894 0.002172 0.004946 0.000002
2.577065 0.002172 0.004946 0.000002
2.579237 0.002172 0.004946 0.000002
2.581408 0.002172 0.004946 0.000002
2.583580 0.002172 0.004946 0.000002
2.585751 0.002172 0.004946 0.000002
2.587923 0.002172 0.004946 0.000002
2.590094 0.002172 0.004946 0.000002
2.592266 0.002172 0.004946 0.000002
2.594438 0.002172 0.004946 0.000002
2.596609 0.002172 0.004946 0.000002
2.598781 0.002172 0.004946 0.000002
2.600952 0.002172 0.004946 0.000002
2.603124 0.002172 0.004946 0.000002
2.605295 0.002172 0.004946 0.000001
2.607467 0.002172 0.004946 0.000001
2.609638 0.002172 0.004946 0.000001
2.611810 0.002172 0.004946 0.000001
2.613981 0.002172 0.004946 0.000001
2.616153 0.002172 0.004946 0.000001
2.618324 0.002172 0.004946 0.000001
2.620496 0.002172 0.004946 0.000001
2.622667 0.002172 0.004945 0.000001
2.624839 0.002172 0.004945 0.000001
2.627011 0.002172 0.004945 0.000001
2.629182 0.002172 0.004945 0.000001
2.631354 0.002172 0.004945 0.000001
2.633525 0.002172 0.004945 0.000001
2.635697 0.002172 0.004945 0.000001
2.637868 0.002172 0.004945 0.000001
2.640040 0.002172 0.004945 0.000001
2.642211 0.002172 0.004945 0.000001
2.644383 0.002172 0.004945 0.000001
2.646554 0.002172 0.004945 0.000001
2.648726 0.002172 0.004945 0.000001
2.650897 0.002172 0.004945 0.000001
2.653069 0.002172 0.004945 0.000001
2.655240 0.002172 0.004945 0.000001
2.657412 0.002172 0.004945 0.000001
2.659584 0.002172 0.004945 0.000001
2.661755 0.002172 0.004945 0.000001
2.663927 0.002172 0.004945 0.000001
2.666098 0.002172 0.004945 0.000001
2.668270 0.002172 0.004945 0.000001
2.670441 0.002172 0.004945 0.000001
2.672613 0.002172 0.004945 0.000001
2.674784 0.002172 0.004945 0.000001
2.676956 0.002172 0.004945 0.000001
2.679127 0.002172 0.004945 0.000001
2.681299 0.002172 0.004945 0.000000
2.683470 0.002172 0.004945 0.000000
2.685642 0.002172 0.004945 0.000000
2.687814 0.002172 0.004945 0.000000
2.689985 0.002172 0.004945 0.000000
2.692157 0.002172 0.004945 0.000000
2.694328 0.002172 0.004945 0.000000
2.696500 0.002172 0.004945 0.000000
2.698671 0.002172 0.004944 0.000000
2.700843 0.002172 0.004944 0.000000
2.703014 0.002172 0.004944 0.000000
2.705186 0.002172 0.004944 0.000000
2.707357 0.002172 0.004944 0.000000
2.709529 0.002172 0.004944 0.000000
2.711700 0.002172 0.004944 0.000000
2.713872 0.002172 0.004944 0.000000
2.716044 0.002172 0.004944 0.000000
2.718215 0.002172 0.004944 0.000000
2.720387 0.002172 0.004944 0.000000
2.722558 0.002172 0.004944 -0.000000
2.724730 0.002172 0.004944 -0.000000
2.726901 0.002172 0.004944 -0.000000
2.729073 0.002172 0.004944 -0.000000
2.731244 0.002172 0.004944 -0.000000
2.733416 0.002172 0.004944 -0.000000
2.735587 0.002172 0.004944 -0.000000
2.737759 0.002172 0.004944 -0.000000
2.739930 0.002172 0.004944 -0.000000
2.742102 0.002172 0.004944 -0.000000
2.744274 0.002172 0.004944 -0.000000
2.746445 0.002172 0.004944 -0.000000
2.748617 0.002172 0.004944 -0.000000
2.750788 0.002172 0.004944 -0.000000
2.752960 0.002172 0.004944 -0.000000
2.755131 0.002172 0.004944 -0.000000
2.757303 0.002172 0.004944 -0.000000
2.759474 0.002172 0.004944 -0.000000
2.761646 0.002172 0.004944 -0.000000
2.763817 0.002172 0.004944 -0.000000
2.765989 0.002172 0.004944 -0.000000
2.768161 0.002172 0.004944 -0.000000
2.770332 0.002172 0.004944 -0.000000
2.772504 0.002172 0.004944 -0.000000
2.774675 0.002172 0.004944 -0.000000
2.776847 0.002172 0.004944 -0.000000
2.779018 0.002172 0.004944 -0.000001
2.781190 0.002172 0.004944 -0.000001
2.783361 0.002172 0.004944 -0.000001
2.785533 0.002172 0.004944 -0.000001
2.787704 0.002172 0.004944 -0.000001
2.789876 0.002172 0.004944 -0.000001
2.792047 0.002172 0.004944 -0.000001
2.794219 0.002172 0.004944 -0.000001
2.796391 0.002172 0.004944 -0.000001
2.798562 0.002172 0.004944 -0.000001
2.800734 0.002172 0.004944 -0.000001
2.802905 0.002172 0.004944 -0.000001
2.805077 0.002172 0.004944 -0.000001
2.807248 0.002172 0.004944 -0.000001
2.809420 0.002172 0.004944 -0.000001
2.811591 0.002172 0.004944 -0.000001
2.813763 0.002172 0.004944 -0.000001
2.815935 0.002172 0.004943 -0.000001
2.818106 0.002172 0.004943 -0.000001
2.820278 0.002172 0.004943 -0.000001
2.822449 0.002172 0.004943 -0.000001
2.824621 0.002172 0.004943 -0.000001
2.826792 0.002172 0.004943 -0.000001
2.828964 0.002172 0.004943 -0.000001
2.831135 0.002172 0.004943 -0.000001
2.833307 0.002172 0.004943 -0.000001
2.835478 0.002172 0.004943 -0.000001
2.837650 0.002172 0.004943 -0.000001
2.839822 0.002172 0.004943 -0.000001
2.841993 0.002172 0.004943 -0.000001
2.844165 0.002172 0.004943 -0.000001
2.846336 0.002172 0.004943 -0.000001
2.848508 0.002172 0.004943 -0.000001
2.850679 0.002172 0.004943 -0.000001
2.852851 0.002172 0.004943 -0.000001
2.855022 0.002172 0.004943 -0.000001
2.857194 0.002172 0.004943 -0.000001
2.859366 0.002172 0.004943 -0.000001
2.861537 0.002172 0.004943 -0.000001
2.863709 0.002172 0.004943 -0.000001
2.865880 0.002172 0.004943 -0.000001
2.868052 0.002172 0.004943 -0.000001
2.870223 0.002172 0.004943 -0.000001
2.872395 0.002172 0.004943 -0.000001
2.874566 0.002172 0.004943 -0.000001
2.876738 0.002172 0.004943 -0.000001
2.878910 0.002172 0.004943 -0.000001
2.881081 0.002172 0.004943 -0.000001
2.883253 0.002172 0.004943 -0.000001
2.885424 0.002172 0.004943 -0.000001
2.887596 0.002172 0.004943 -0.000001
2.889767 0.002172 0.004943 -0.000001
2.891939 0.002172 0.004943 -0.000001
2.894110 0.002172 0.004943 -0.000001
2.896282 0.002172 0.004943 -0.000001
2.898454 0.002172 0.004943 -0.000001
2.900625 0.002172 0.004943 -0.000001
2.902797 0.002172 0.004943 -0.000001
2.904968 0.002172 0.004943 -0.000001
2.907140 0.002172 0.004943 -0.000001
2.909311 0.002172 0.004943 -0.000001
2.911483 0.002172 0.004943 -0.000001
2.913654 0.002172 0.004943 -0.000001
2.915826 0.002172 0.004943 -0.000001
2.917998 0.002172 0.004943 -0.000001
2.920169 0.002172 0.004943 -0.000001
2.922341 0.002172 0.004943 -0.000001
2.924512 0.002172 0.004943 -0.000001
2.926684 0.002172 0.004943 -0.000001
2.928855 0.002172 0.004943 -0.000001
2.931027 0.002172 0.004943 -0.000001
2.933199 0.002172 0.004943 -0.000001
2.935370 0.002172 0.004943 -0.000001
2.937542 0.002172 0.004943 -0.000001
2.939713 0.002172 0.004943 -0.000001
2.941885 0.002172 0.004943 -0.000001
2.944056 0.002172 0.004943 -0.000001
2.946228 0.002172 0.004943 -0.000001
2.948399 0.002172 0.004943 -0.000001
2.950571 0.002172 0.004943 -0.000001
2.952743 0.002172 0.004943 -0.000001
2.954914 0.002172 0.004943 -0.000001
2.957086 0.002172 0.004943 -0.000001
2.959257 0.002172 0.004943 -0.000001
2.961429 0.002172 0.004943 -0.000001
2.963600 0.002172 0.004943 -0.000001
2.965772 0.002172 0.004943 -0.000001
2.967944 0.002172 0.004943 -0.000001
2.970115 0.002172 0.004943 -0.000001
2.972287 0.002172 0.004943 -0.000001
2.974458 0.002172 0.004943 -0.000001
2.976630 0.002172 0.004943 -0.000001
2.978801 0.002172 0.004943 -0.000001
2.980973 0.002172 0.004943 -0.000001
2.983145 0.002172 0.004943 -0.000001
2.985316 0.002172 0.004943 -0.000001
2.987488 0.002172 0.004943 -0.000001
2.989659 0.002172 0.004943 -0.000001
2.991831 0.002172 0.004943 -0.000001
2.994002 0.002172 0.004943 -0.000001
2.996174 0.002172 0.004943 -0.000001
2.998346 0.002172 0.004944 -0.000001
3.000517 0.002172 0.004944 -0.000001
3.002689 0.002172 0.004944 -0.000001
3.004860 0.002172 0.004944 -0.000001
3.007032 0.002172 0.004944 -0.000001
3.009203 0.002172 0.004944 -0.000001
3.011375 0.002172 0.004944 -0.000001
3.013547 0.002172 0.004944 -0.000001
3.015718 0.002172 0.004944 -0.000001
3.017890 0.002172 0.004944 -0.000001
3.020061 0.002172 0.004944 -0.000001
3.022233 0.002172 0.004944 -0.000001
3.024405 0.002172 0.004944 -0.000001
3.026576 0.002172 0.004944 -0.000001
3.028748 0.002172 0.004944 -0.000001
3.030919 0.002172 0.004944 -0.000001
3.033091 0.002172 0.004944 -0.000001
3.035262 0.002172 0.004944 -0.000001
3.037434 0.002172 0.004944 -0.000001
3.039606 0.002172 0.004944 -0.000001
3.041777 0.002172 0.004944 -0.000001
3.043949 0.002172 0.004944 -0.000001
3.046120 0.002172 0.004944 -0.000001
3.048292 0.002172 0.004944 -0.000001
3.050463 0.002172 0.004944 -0.000001
3.052635 0.002172 0.004944 -0.000001
3.054807 0.002172 0.004944 -0.000001
3.056978 0.002172 0.004944 -0.000001
3.059150 0.002172 0.004944 -0.000001
3.061321 0.002172 0.004944 -0.000001
3.063493 0.002172 0.004944 -0.000001
3.065665 0.002172 0.004944 -0.000001
3.067836 0.002172 0.004944 -0.000001
3.070008 0.002172 0.004944 -0.000001
3.072179 0.002172 0.004944 -0.000001
3.074351 0.002172 0.004944 -0.000001
3.076523 0.002172 0.004944 -0.000001
3.078694 0.002172 0.004944 -0.000001
3.080866 0.002172 0.004944 -0.000001
3.083037 0.002172 0.004944 -0.000001
3.085209 0.002172 0.004944 -0.000001
3.087380 0.002172 0.004944 -0.000001
3.089552 0.002172 0.004944 -0.000000
3.091724 0.002172 0.004944 -0.000000
3.093895 0.002172 0.004944 -0.000000
3.096067 0.002172 0.004944 -0.000000
3.098238 0.002172 0.004944 -0.000000
3.100410 0.002172 0.004944 -0.000000
3.102582 0.002172 0.004944 -0.000000
3.104753 0.002172 0.004944 -0.000000
3.106925 0.002172 0.004944 -0.000000
3.109096 0.002172 0.004944 -0.000000
3.111268 0.002172 0.004944 -0.000000
3.113440 0.002172 0.004944 -0.000000
3.115611 0.002172 0.004944 -0.000000
3.117783 0.002172 0.004944 -0.000000
3.119954 0.002172 0.004944 -0.000000
3.122126 0.002172 0.004944 -0.000000
3.124298 0.002172 0.004944 -0.000000
3.126469 0.002172 0.004944 -0.000000
3.128641 0.002172 0.004944 -0.000000
3.130812 0.002172 0.004944 -0.000000
3.132984 0.002172 0.004944 -0.000000
3.135156 0.002172 0.004944 -0.000000
3.137327 0.002172 0.004944 -0.000000
3.139499 0.002172 0.004944 -0.000000
3.141670 0.002172 0.004944 -0.000000
3.143842 0.002172 0.004944 -0.000000
3.146014 0.002172 0.004944 -0.000000
3.148185 0.002172 0.004944 -0.000000
3.150357 0.002172 0.004944 -0.000000
3.152528 0.002172 0.004944 -0.000000
3.154700 0.002172 0.004944 -0.000000
3.156872 0.002172 0.004944 -0.000000
3.159043 0.002172 0.004944 -0.000000
3.161215 0.002172 0.004944 -0.000000
3.163386 0.002172 0.004944 -0.000000
3.165558 0.002172 0.004944 -0.000000
3.167730 0.002172 0.004944 -0.000000
3.169901 0.002172 0.004944 -0.000000
3.172073 0.002172 0.004944 -0.000000
3.174244 0.002172 0.004944 -0.000000
3.176416 0.002172 0.004944 -0.000000
3.178588 0.002172 0.004944 -0.000000
3.180759 0.002172 0.004944 -0.000000
3.182931 0.002172 0.004944 -0.000000
3.185102 0.002172 0.004944 -0.000000
3.187274 0.002172 0.004944 -0.000000
3.189446 0.002172 0.004944 -0.000000
3.191617 0.002172 0.004944 -0.000000
3.193789 0.002172 0.004944 -0.000000
3.195961 0.002172 0.004944 -0.000000
3.198132 0.002172 0.004944 -0.000000
3.200304 0.002172 0.004944 -0.000000
3.202475 0.002172 0.004944 -0.000000
3.204647 0.002172 0.004944 -0.000000
3.206819 0.002172 0.004944 -0.000000
3.208990 0.002172 0.004944 -0.000000
3.211162 0.002172 0.004944 -0.000000
3.213333 0.002172 0.004944 -0.000000
3.215505 0.002172 0.004944 -0.000000
3.217677 0.002172 0.004944 -0.000000
3.219848 0.002172 0.004944 -0.000000
3.222020 0.002172 0.004944 -0.000000
3.224192 0.002172 0.004944 -0.000000
3.226363 0.002172 0.004944 -0.000000
3.228535 0.002172 0.004944 -0.000000
3.230706 0.002172 0.004944 -0.000000
3.232878 0.002172 0.004944 -0.000000
3.235050 0.002172 0.004944 -0.000000
3.237221 0.002172 0.004944 -0.000000
3.239393 0.002172 0.004944 -0.000000
3.241565 0.002172 0.004944 -0.000000
3.243736 0.002172 0.004944 -0.000000
3.245908 0.002172 0.004944 -0.000000
3.248079 0.002172 0.004944 -0.000000
3.250251 0.002172 0.004944 -0.000000
3.252423 0.002172 0.004944 -0.000000
3.254594 0.002172 0.004944 -0.000000
3.256766 0.002172 0.004944 -0.000000
3.258938 0.002172 0.004944 -0.000000
3.261109 0.002172 0.004944 -0.000000
3.263281 0.002172 0.004944 -0.000000
3.265452 0.002172 0.004944 -0.000000
3.267624 0.002172 0.004944 -0.000000
3.269796 0.002172 0.004944 -0.000000
3.271967 0.002172 0.004944 -0.000000
3.274139 0.002172 0.004944 -0.000001
3.276311 0.002172 0.004944 -0.000001
3.278482 0.002172 0.004944 -0.000001
3.280654 0.002172 0.004944 -0.000001
3.282825 0.002172 0.004944 -0.000001
3.284997 0.002172 0.004944 -0.000001
3.287169 0.002172 0.004944 -0.000001
3.289340 0.002172 0.004944 -0.000001
3.291512 0.002172 0.004944 -0.000001
3.293684 0.002172 0.004944 -0.000001
3.295855 0.002172 0.004944 -0.000001
3.298027 0.002172 0.004944 -0.000001
3.300198 0.002172 0.004944 -0.000001
3.302370 0.002172 0.004944 -0.000001
3.304542 0.002172 0.004944 -0.000001
3.306713 0.002172 0.004944 -0.000001
3.308885 0.002172 0.004944 -0.000001
3.311057 0.002172 0.004944 -0.000001
3.313228 0.002172 0.004944 -0.000001
3.315400 0.002172 0.004944 -0.000001
3.317572 0.002172 0.004943 -0.000001
3.319743 0.002172 0.004943 -0.000001
3.321915 0.002172 0.004943 -0.000001
3.324087 0.002172 0.004943 -0.000001
3.326258 0.002172 0.004943 -0.000001
3.328430 0.002172 0.004943 -0.000001
3.330601 0.002172 0.004943 -0.000001
3.332773 0.002172 0.004943 -0.000001
3.334945 0.002172 0.004943 -0.000001
3.337116 0.002172 0.004943 -0.000001
3.339288 0.002172 0.004943 -0.000001
3.341460 0.002172 0.004943 -0.000001
3.343631 0.002172 0.004943 -0.000001
3.345803 0.002172 0.004943 -0.000001
3.347975 0.002172 0.004943 -0.000001
3.350146 0.002172 0.004943 -0.000001
3.352318 0.002172 0.004943 -0.000001
3.354490 0.002172 0.004943 -0.000001
3.356661 0.002172 0.004943 -0.000001
3.358833 0.002172 0.004943 -0.000001
3.361004 0.002172 0.004943 -0.000001
3.363176 0.002172 0.004943 -0.000002
3.365348 0.002172 0.004943 -0.000002
3.367519 0.002172 0.004943 -0.000002
3.369691 0.002172 0.004942 -0.000002
3.371863 0.002172 0.004942 -0.000002
3.374034 0.002172 0.004942 -0.000002
3.376206 0.002172 0.004942 -0.000002
3.378378 0.002172 0.004942 -0.000002
3.380549 0.002172 0.004942 -0.000002
3.382721 0.002172 0.004942 -0.000002
3.384893 0.002172 0.004942 -0.000002
3.387064 0.002172 0.004942 -0.000002
3.389236 0.002172 0.004942 -0.000003
3.391408 0.002172 0.004942 -0.000003
3.393579 0.002172 0.004941 -0.000003
3.395751 0.002172 0.004941 -0.000003
3.397923 0.002172 0.004941 -0.000003
3.400094 0.002172 0.004941 -0.000003
3.402266 0.002172 0.004941 -0.000003
3.404438 0.002172 0.004941 -0.000003
3.406609 0.002172 0.004941 -0.000003
3.408781 0.002172 0.004941 -0.000003
3.410953 0.002172 0.004941 -0.000003
3.413124 0.002172 0.004941 -0.000004
3.415296 0.002172 0.004941 -0.000004
3.417468 0.002172 0.004940 -0.000004
3.419639 0.002172 0.004940 -0.000004
3.421811 0.002172 0.004940 -0.000004
3.423983 0.002172 0.004940 -0.000004
3.426154 0.002172 0.004940 -0.000004
3.428326 0.002172 0.004940 -0.000004
3.430498 0.002172 0.004940 -0.000004
3.432669 0.002172 0.004940 -0.000004
3.434841 0.002172 0.004940 -0.000004
3.437013 0.002172 0.004940 -0.000004
3.439184 0.002172 0.004940 -0.000005
3.441356 0.002172 0.004940 -0.000005
3.443528 0.002172 0.004940 -0.000005
3.445699 0.002172 0.004940 -0.000005
3.447871 0.002172 0.004939 -0.000005
3.450043 0.002172 0.004939 -0.000005
3.452214 0.002172 0.004939 -0.000005
3.454386 0.002172 0.004939 -0.000005
3.456558 0.002172 0.004939 -0.000005
3.458729 0.002172 0.004939 -0.000005
3.460901 0.002172 0.004939 -0.000005
3.463073 0.002172 0.004939 -0.000005
3.465244 0.002172 0.004939 -0.000005
3.467416 0.002172 0.004939 -0.000005
3.469588 0.002172 0.004939 -0.000005
3.471759 0.002172 0.004939 -0.000005
3.473931 0.002172 0.004939 -0.000005
3.476103 0.002172 0.004939 -0.000005
3.478274 0.002172 0.004939 -0.000005
3.480446 0.002172 0.004939 -0.000005
3.482618 0.002172 0.004939 -0.000006
3.484789 0.002172 0.004939 -0.000006
3.486961 0.002172 0.004939 -0.000006
3.489133 0.002172 0.004939 -0.000006
3.491304 0.002172 0.004939 -0.000006
3.493476 0.002172 0.004939 -0.000006
3.495648 0.002172 0.004939 -0.000006
3.497819 0.002172 0.004939 -0.000006
3.499991 0.002172 0.004938 -0.000006
3.502163 0.002172 0.004938 -0.000006
3.504334 0.002172 0.004938 -0.000006
3.506506 0.002172 0.004938 -0.000006
3.508678 0.002172 0.004938 -0.000006
3.510850 0.002172 0.004938 -0.000006
3.513021 0.002172 0.004938 -0.000006
3.515193 0.002172 0.004938 -0.000006
3.517365 0.002172 0.004938 -0.000006
3.519536 0.002172 0.004938 -0.000006
3.521708 0.002172 0.004938 -0.000006
3.523880 0.002172 0.004938 -0.000006
3.526051 0.002172 0.004938 -0.000006
3.528223 0.002172 0.004938 -0.000006
3.530395 0.002172 0.004938 -0.000006
3.532566 0.002172 0.004938 -0.000006
3.534738 0.002172 0.004938 -0.000006
3.536910 0.002172 0.004938 -0.000006
3.539081 0.002172 0.004938 -0.000006
3.541253 0.002172 0.004938 -0.000006
3.543425 0.002172 0.004938 -0.000006
3.545597 0.002172 0.004938 -0.000006
3.547768 0.002172 0.004938 -0.000006
3.549940 0.002172 0.004938 -0.000006
3.552112 0.002172 0.004938 -0.000006
3.554283 0.002172 0.004938 -0.000006
3.556455 0.002172 0.004938 -0.000006
3.558627 0.002172 0.004938 -0.000006
3.560798 0.002172 0.004938 -0.000006
3.562970 0.002172 0.004938 -0.000006
3.565142 0.002172 0.004938 -0.000006
3.567314 0.002172 0.004938 -0.000006
3.569485 0.002172 0.004938 -0.000006
3.571657 0.002172 0.004938 -0.000006
3.573829 0.002172 0.004938 -0.000006
3.576000 0.002172 0.004938 -0.000006
3.578172 0.002172 0.004938 -0.000006
3.580344 0.002172 0.004938 -0.000006
3.582515 0.002172 0.004938 -0.000006
3.584687 0.002172 0.004938 -0.000006
3.586859 0.002172 0.004939 -0.000006
3.589031 0.002172 0.004939 -0.000006
3.591202 0.002172 0.004939 -0.000006
3.593374 0.002172 0.004939 -0.000006
3.595546 0.002172 0.004939 -0.000005
3.597717 0.002172 0.004939 -0.000005
3.599889 0.002172 0.004939 -0.000005
3.602061 0.002172 0.004939 -0.000005
3.604233 0.002172 0.004939 -0.000005
3.606404 0.002172 0.004939 -0.000005
3.608576 0.002172 0.004939 -0.000005
3.610748 0.002172 0.004939 -0.000005
3.612919 0.002172 0.004939 -0.000005
3.615091 0.002172 0.004939 -0.000005
3.617263 0.002172 0.004940 -0.000005
3.619435 0.002172 0.004940 -0.000005
3.621606 0.002172 0.004940 -0.000004
3.623778 0.002172 0.004940 -0.000004
3.625950 0.002172 0.004940 -0.000004
3.628121 0.002172 0.004940 -0.000004
3.630293 0.002172 0.004940 -0.000004
3.632465 0.002172 0.004940 -0.000004
3.634637 0.002172 0.004940 -0.000004
3.636808 0.002172 0.004941 -0.000004
3.638980 0.002172 0.004941 -0.000003
3.641152 0.002172 0.004941 -0.000003
3.643323 0.002172 0.004941 -0.000003
3.645495 0.002172 0.004941 -0.000003
3.647667 0.002172 0.004941 -0.000003
3.649839 0.002172 0.004941 -0.000003
3.652010 0.002172 0.004941 -0.000003
3.654182 0.002172 0.004941 -0.000003
3.656354 0.002172 0.004942 -0.000003
3.658526 0.002172 0.004942 -0.000003
3.660697 0.002172 0.004942 -0.000002
3.662869 0.002172 0.004942 -0.000002
3.665041 0.002172 0.004942 -0.000002
3.667212 0.002172 0.004942 -0.000002
3.669384 0.002172 0.004942 -0.000002
3.671556 0.002172 0.004942 -0.000002
3.673728 0.002172 0.004942 -0.000002
3.675899 0.002172 0.004942 -0.000002
3.678071 0.002172 0.004943 -0.000002
3.680243 0.002172 0.004943 -0.000002
3.682415 0.002172 0.004943 -0.000002
3.684586 0.002172 0.004943 -0.000001
3.686758 0.002172 0.004943 -0.000001
3.688930 0.002172 0.004943 -0.000001
3.691101 0.002172 0.004943 -0.000001
3.693273 0.002172 0.004943 -0.000001
3.695445 0.002172 0.004943 -0.000001
3.697617 0.002172 0.004943 -0.000001
3.699788 0.002172 0.004943 -0.000001
3.701960 0.002172 0.004943 -0.000001
3.704132 0.002172 0.004943 -0.000001
3.706304 0.002172 0.004943 -0.000001
3.708475 0.002172 0.004943 -0.000001
3.710647 0.002172 0.004943 -0.000001
3.712819 0.002172 0.004943 -0.000001
3.714991 0.002172 0.004943 -0.000001
3.717162 0.002172 0.004944 -0.000001
3.719334 0.002172 0.004944 -0.000001
3.721506 0.002172 0.004944 -0.000001
3.723678 0.002172 0.004944 -0.000001
3.725849 0.002172 0.004944 -0.000001
3.728021 0.002172 0.004944 -0.000001
3.730193 0.002172 0.004944 -0.000001
3.732365 0.002172 0.004944 -0.000000
3.734536 0.002172 0.004944 -0.000000
3.736708 0.002172 0.004944 -0.000000
3.738880 0.002172 0.004944 -0.000000
3.741052 0.002172 0.004944 -0.000000
3.743223 0.002172 0.004944 -0.000000
3.745395 0.002172 0.004944 -0.000000
3.747567 0.002172 0.004944 -0.000000
3.749739 0.002172 0.004944 -0.000000
3.751910 0.002172 0.004944 -0.000000
3.754082 0.002172 0.004944 -0.000000
3.756254 0.002172 0.004944 -0.000000
3.758426 0.002172 0.004944 -0.000000
3.760597 0.002172 0.004944 -0.000000
3.762769 0.002172 0.004944 -0.000000
3.764941 0.002172 0.004944 -0.000000
3.767113 0.002172 0.004944 -0.000000
3.769284 0.002172 0.004944 -0.000000
3.771456 0.002172 0.004944 -0.000000
3.773628 0.002172 0.004944 -0.000000
3.775800 0.002172 0.004944 -0.000000
3.777971 0.002172 0.004944 -0.000000
3.780143 0.002172 0.004944 -0.000000
3.782315 0.002172 0.004944 -0.000000
3.784487 0.002172 0.004944 -0.000000
3.786659 0.002172 0.004944 -0.000000
3.788830 0.002172 0.004944 0.000000
3.791002 0.002172 0.004944 0.000000
3.793174 0.002172 0.004944 0.000000
3.795346 0.002172 0.004944 0.000000
3.797517 0.002172 0.004944 0.000000
3.799689 0.002172 0.004944 0.000000
3.801861 0.002172 0.004944 0.000000
3.804033 0.002172 0.004944 0.000000
3.806205 0.002172 0.004944 0.000000
3.808376 0.002172 0.004944 0.000000
3.810548 0.002172 0.004944 0.000000
3.812720 0.002172 0.004944 0.000000
3.814892 0.002172 0.004944 0.000000
3.817063 0.002172 0.004944 0.000000
3.819235 0.002172 0.004944 0.000000
3.821407 0.002172 0.004944 0.000000
3.823579 0.002172 0.004944 0.000000
3.825751 0.002172 0.004944 0.000000
3.827922 0.002172 0.004944 0.000000
3.830094 0.002172 0.004944 0.000000
3.832266 0.002172 0.004944 0.000000
3.834438 0.002172 0.004944 0.000000
3.836609 0.002172 0.004944 0.000000
3.838781 0.002172 0.004944 0.000000
3.840953 0.002172 0.004944 0.000000
3.843125 0.002172 0.004944 0.000000
3.845297 0.002172 0.004944 0.000000
3.847468 0.002172 0.004944 0.000000
3.849640 0.002172 0.004944 0.000000
3.851812 0.002172 0.004944 0.000000
3.853984 0.002172 0.004944 0.000000
3.856156 0.002172 0.004944 0.000000
3.858327 0.002172 0.004944 0.000000
3.860499 0.002172 0.004944 0.000000
3.862671 0.002172 0.004944 0.000000
3.864843 0.002172 0.004944 0.000000
3.867015 0.002172 0.004944 0.000000
3.869186 0.002172 0.004944 0.000000
3.871358 0.002172 0.004944 0.000000
3.873530 0.002172 0.004944 -0.000000
3.875702 0.002172 0.004944 -0.000000
3.877874 0.002172 0.004944 -0.000000
3.880046 0.002172 0.004944 -0.000000
3.882217 0.002172 0.004944 -0.000000
3.884389 0.002172 0.004944 -0.000000
3.886561 0.002172 0.004944 -0.000000
3.888733 0.002172 0.004944 -0.000000
3.890905 0.002172 0.004944 -0.000000
3.893076 0.002172 0.004944 -0.000000
3.895248 0.002172 0.004944 -0.000000
3.897420 0.002172 0.004944 -0.000000
3.899592 0.002172 0.004944 -0.000000
3.901764 0.002172 0.004944 -0.000000
3.903935 0.002172 0.004944 -0.000000
3.906107 0.002172 0.004944 -0.000000
3.908279 0.002172 0.004944 -0.000000
3.910451 0.002172 0.004944 -0.000000
3.912623 0.002172 0.004944 -0.000000
3.914795 0.002172 0.004944 -0.000000
3.916966 0.002172 0.004944 -0.000000
3.919138 0.002172 0.004944 -0.000000
3.921310 0.002172 0.004944 -0.000000
3.923482 0.002172 0.004944 -0.000000
3.925654 0.002172 0.004944 -0.000000
3.927826 0.002172 0.004944 -0.000000
3.929997 0.002172 0.004944 -0.000000
3.932169 0.002172 0.004944 -0.000000
3.934341 0.002172 0.004944 -0.000000
3.936513 0.002172 0.004944 -0.000001
3.938685 0.002172 0.004944 -0.000001
3.940857 0.002172 0.004944 -0.000001
3.943028 0.002172 0.004944 -0.000001
3.945200 0.002172 0.004944 -0.000001
3.947372 0.002172 0.004944 -0.000001
3.949544 0.002172 0.004944 -0.000001
3.951716 0.002172 0.004944 -0.000001
3.953888 0.002172 0.004944 -0.000001
3.956060 0.002172 0.004944 -0.000001
3.958231 0.002172 0.004944 -0.000001
3.960403 0.002172 0.004944 -0.000001
3.962575 0.002172 0.004944 -0.000001
3.964747 0.002172 0.004944 -0.000001
3.966919 0.002172 0.004944 -0.000001
3.969091 0.002172 0.004944 -0.000001
3.971262 0.002172 0.004944 -0.000001
3.973434 0.002172 0.004944 -0.000001
3.975606 0.002172 0.004944 -0.000000
3.977778 0.002172 0.004944 -0.000000
3.979950 0.002172 0.004944 -0.000000
3.982122 0.002172 0.004944 -0.000000
3.984294 0.002172 0.004944 -0.000000
3.986465 0.002172 0.004944 -0.000000
3.988637 0.002172 0.004944 -0.000000
3.990809 0.002172 0.004944 -0.000000
3.992981 0.002172 0.004944 -0.000000
3.995153 0.002172 0.004944 -0.000000
3.997325 0.002172 0.004944 -0.000000
3.999496 0.002172 0.004944 -0.000000
4.001668 0.002172 0.004944 -0.000000
4.003840 0.002172 0.004944 -0.000000
4.006012 0.002172 0.004944 -0.000000
4.008184 0.002172 0.004944 -0.000000
4.010356 0.002172 0.004944 -0.000000
4.012528 0.002172 0.004944 -0.000000
4.014699 0.002172 0.004944 -0.000000
4.016871 0.002172 0.004944 -0.000000
4.019043 0.002172 0.004944 -0.000000
4.021215 0.002172 0.004944 -0.000000
4.023387 0.002172 0.004944 -0.000000
4.025559 0.002172 0.004944 -0.000000
4.027730 0.002172 0.004944 -0.000000
4.029902 0.002172 0.004944 -0.000000
4.032074 0.002172 0.004944 -0.000000
4.034246 0.002172 0.004944 -0.000000
4.036418 0.002172 0.004944 -0.000000
4.038590 0.002172 0.004944 -0.000000
4.040762 0.002172 0.004944 -0.000000
4.042933 0.002172 0.004944 -0.000000
4.045105 0.002172 0.004944 -0.000000
4.047277 0.002172 0.004944 -0.000000
4.049449 0.002172 0.004944 -0.000000
4.051621 0.002172 0.004944 -0.000000
4.053793 0.002172 0.004944 -0.000000
4.055965 0.002172 0.004944 -0.000000
4.058137 0.002172 0.004944 -0.000000
4.060308 0.002172 0.004944 -0.000000
4.062480 0.002172 0.004944 -0.000000
4.064652 0.002172 0.004944 -0.000000
4.066824 0.002172 0.004944 -0.000000
4.068996 0.002172 0.004944 -0.000000
4.071168 0.002172 0.004944 -0.000000
4.073340 0.002172 0.004944 -0.000000
4.075512 0.002172 0.004944 0.000000
4.077683 0.002172 0.004944 0.000000
4.079855 0.002172 0.004944 0.000000
4.082027 0.002172 0.004944 0.000000
4.084199 0.002172 0.004944 0.000000
4.086371 0.002172 0.004944 0.000000
4.088543 0.002172 0.004944 0.000000
4.090715 0.002172 0.004944 0.000000
4.092887 0.002172 0.004944 0.000000
4.095058 0.002172 0.004944 0.000000
4.097230 0.002172 0.004944 0.000000
4.099402 0.002172 0.004944 0.000000
4.101574 0.002172 0.004945 0.000000
4.103746 0.002172 0.004945 0.000000
4.105918 0.002172 0.004945 0.000000
4.108090 0.002172 0.004945 0.000000
4.110262 0.002172 0.004945 0.000000
4.112434 0.002172 0.004945 0.000000
4.114606 0.002172 0.004945 0.000000
4.116777 0.002172 0.004945 0.000001
4.118949 0.002172 0.004945 0.000001
4.121121 0.002172 0.004945 0.000001
4.123293 0.002172 0.004945 0.000001
4.125465 0.002172 0.004945 0.000001
4.127637 0.002172 0.004945 0.000001
4.129809 0.002172 0.004945 0.000001
4.131981 0.002172 0.004945 0.000001
4.134153 0.002172 0.004945 0.000001
4.136325 0.002172 0.004945 0.000001
4.138497 0.002172 0.004945 0.000001
4.140668 0.002172 0.004945 0.000001
4.142840 0.002172 0.004945 0.000001
4.145012 0.002172 0.004945 0.000001
4.147184 0.002172 0.004945 0.000001
4.149356 0.002172 0.004945 0.000001
4.151528 0.002172 0.004945 0.000001
4.153700 0.002172 0.004945 0.000001
4.155872 0.002172 0.004945 0.000001
4.158044 0.002172 0.004945 0.000001
4.160216 0.002172 0.004945 0.000001
4.162388 0.002172 0.004945 0.000001
4.164560 0.002172 0.004946 0.000001
4.166732 0.002172 0.004946 0.000001
4.168904 0.002172 0.004946 0.000001
4.171075 0.002172 0.004946 0.000001
4.173247 0.002172 0.004946 0.000001
4.175419 0.002172 0.004946 0.000001
4.177591 0.002172 0.004946 0.000001
4.179763 0.002172 0.004946 0.000002
4.181935 0.002172 0.004946 0.000002
4.184107 0.002172 0.004946 0.000002
4.186279 0.002172 0.004946 0.000002
4.188451 0.002172 0.004946 0.000002
4.190623 0.002172 0.004946 0.000002
4.192795 0.002172 0.004946 0.000002
4.194967 0.002172 0.004946 0.000002
4.197139 0.002172 0.004946 0.000002
4.199311 0.002172 0.004946 0.000002
4.201483 0.002172 0.004946 0.000002
4.203655 0.002172 0.004946 0.000002
4.205827 0.002172 0.004946 0.000002
4.207999 0.002172 0.004946 0.000002
4.210171 0.002172 0.004946 0.000002
4.212343 0.002172 0.004946 0.000002
4.214515 0.002172 0.004946 0.000002
4.216687 0.002172 0.004946 0.000002
4.218859 0.002172 0.004946 0.000002
4.221031 0.002172 0.004946 0.000002
4.223203 0.002172 0.004946 0.000002
4.225375 0.002172 0.004946 0.000002
4.227547 0.002172 0.004946 0.000002
4.229719 0.002172 0.004946 0.000002
4.231891 0.002172 0.004946 0.000002
4.234063 0.002172 0.004946 0.000002
4.236235 0.002172 0.004946 0.000002
4.238407 0.002172 0.004946 0.000002
4.240579 0.002172 0.004946 0.000002
4.242751 0.002172 0.004946 0.000002
4.244923 0.002172 0.004946 0.000002
4.247095 0.002172 0.004946 0.000002
4.249267 0.002172 0.004946 0.000002
4.251439 0.002172 0.004946 0.000002
4.253611 0.002172 0.004946 0.000002
4.255783 0.002172 0.004946 0.000002
4.257955 0.002172 0.004946 0.000002
4.260127 0.002172 0.004946 0.000002
4.262299 0.002172 0.004946 0.000002
4.264471 0.002172 0.004946 0.000002
4.266643 0.002172 0.004946 0.000002
4.268815 0.002172 0.004946 0.000002
4.270987 0.002172 0.004946 0.000002
4.273159 0.002172 0.004946 0.000002
4.275331 0.002172 0.004946 0.000002
4.277503 0.002172 0.004946 0.000002
4.279675 0.002172 0.004946 0.000002
4.281847 0.002172 0.004946 0.000002
4.284019 0.002172 0.004946 0.000002
4.286191 0.002172 0.004946 0.000002
4.288363 0.002172 0.004946 0.000002
4.290535 0.002172 0.004946 0.000002
4.292707 0.002172 0.004946 0.000002
4.294879 0.002172 0.004946 0.000002
4.297051 0.002172 0.004946 0.000002
4.299223 0.002172 0.004946 0.000002
4.301395 0.002172 0.004946 0.000002
4.303567 0.002172 0.004946 0.000002
4.305739 0.002172 0.004946 0.000002
4.307912 0.002172 0.004946 0.000002
4.310084 0.002172 0.004946 0.000002
4.312256 0.002172 0.004946 0.000002
4.314428 0.002172 0.004946 0.000002
4.316600 0.002172 0.004947 0.000002
4.318772 0.002172 0.004947 0.000002
4.320944 0.002172 0.004947 0.000002
4.323116 0.002172 0.004947 0.000002
4.325288 0.002172 0.004947 0.000002
4.327460 0.002172 0.004947 0.000002
4.329632 0.002172 0.004947 0.000002
4.331804 0.002172 0.004947 0.000002
4.333976 0.002172 0.004947 0.000002
4.336149 0.002172 0.004947 0.000002
4.338321 0.002172 0.004947 0.000002
4.340493 0.002172 0.004947 0.000002
4.342665 0.002172 0.004947 0.000002
4.344837 0.002172 0.004947 0.000002
4.347009 0.002172 0.004947 0.000002
4.349181 0.002172 0.004947 0.000002
4.351353 0.002172 0.004947 0.000002
4.353525 0.002172 0.004947 0.000002
4.355697 0.002172 0.004947 0.000002
4.357870 0.002172 0.004947 0.000002
4.360042 0.002172 0.004947 0.000002
4.362214 0.002172 0.004946 0.000002
4.364386 0.002172 0.004946 0.000002
4.366558 0.002172 0.004946 0.000002
4.368730 0.002172 0.004946 0.000002
4.370902 0.002172 0.004946 0.000002
4.373074 0.002172 0.004946 0.000002
4.375247 0.002172 0.004946 0.000002
4.377419 0.002172 0.004946 0.000002
4.379591 0.002172 0.004946 0.000002
4.381763 0.002172 0.004946 0.000002
4.383935 0.002172 0.004946 0.000002
4.386107 0.002172 0.004946 0.000002
4.388279 0.002172 0.004946 0.000002
4.390452 0.002172 0.004946 0.000002
4.392624 0.002172 0.004946 0.000002
4.394796 0.002172 0.004946 0.000002
4.396968 0.002172 0.004946 0.000002
4.399140 0.002172 0.004946 0.000002
4.401312 0.002172 0.004946 0.000002
4.403484 0.002172 0.004946 0.000002
4.405657 0.002172 0.004946 0.000002
4.407829 0.002172 0.004946 0.000002
4.410001 0.002172 0.004946 0.000002
4.412173 0.002172 0.004946 0.000002
4.414345 0.002172 0.004946 0.000002
4.416517 0.002172 0.004946 0.000002
4.418690 0.002172 0.004946 0.000002
4.420862 0.002172 0.004946 0.000002
4.423034 0.002172 0.004946 0.000002
4.425206 0.002172 0.004946 0.000002
4.427378 0.002172 0.004946 0.000002
4.429550 0.002172 0.004946 0.000002
4.431723 0.002172 0.004946 0.000002
4.433895 0.002172 0.004946 0.000002
4.436067 0.002172 0.004946 0.000002
4.438239 0.002172 0.004946 0.000002
4.440411 0.002172 0.004946 0.000002
4.442583 0.002172 0.004946 0.000002
4.444756 0.002172 0.004946 0.000002
4.446928 0.002172 0.004946 0.000002
4.449100 0.002172 0.004946 0.000002
4.451272 0.002172 0.004946 0.000002
4.453444 0.002172 0.004946 0.000002
4.455617 0.002172 0.004946 0.000002
4.457789 0.002172 0.004946 0.000002
4.459961 0.002172 0.004946 0.000002
4.462133 0.002172 0.004946 0.000002
4.464305 0.002172 0.004946 0.000002
4.466477 0.002172 0.004946 0.000001
4.468650 0.002172 0.004946 0.000001
4.470822 0.002172 0.004946 0.000001
4.472994 0.002172 0.004946 0.000001
4.475166 0.002172 0.004946 0.000001
4.477338 0.002172 0.004946 0.000001
4.479511 0.002172 0.004946 0.000001
4.481683 0.002172 0.004946 0.000001
4.483855 0.002172 0.004946 0.000001
4.486027 0.002172 0.004946 0.000001
4.488200 0.002172 0.004946 0.000001
4.490372 0.002172 0.004945 0.000001
4.492544 0.002172 0.004945 0.000001
4.494716 0.002172 0.004945 0.000001
4.496888 0.002172 0.004945 0.000001
4.499061 0.002172 0.004945 0.000001
4.501233 0.002172 0.004945 0.000001
4.503405 0.002172 0.004945 0.000001
4.505577 0.002172 0.004945 0.000001
4.507750 0.002172 0.004945 0.000001
4.509922 0.002172 0.004945 0.000001
4.512094 0.002172 0.004945 0.000001
4.514266 0.002172 0.004945 0.000001
4.516439 0.002172 0.004945 0.000001
4.518611 0.002172 0.004945 0.000001
4.520783 0.002172 0.004945 0.000001
4.522955 0.002172 0.004945 0.000001
4.525128 0.002172 0.004945 0.000001
4.527300 0.002172 0.004945 0.000001
4.529472 0.002172 0.004945 0.000001
4.531644 0.002172 0.004945 0.000001
4.533817 0.002172 0.004945 0.000001
4.535989 0.002172 0.004945 0.000001
4.538161 0.002172 0.004945 0.000001
4.540334 0.002172 0.004945 0.000001
4.542506 0.002172 0.004945 0.000001
4.544678 0.002172 0.004945 0.000001
4.546850 0.002172 0.004945 0.000001
4.549023 0.002172 0.004945 0.000001
4.551195 0.002172 0.004945 0.000001
4.553367 0.002172 0.004945 0.000001
4.555540 0.002172 0.004945 0.000001
4.557712 0.002172 0.004945 0.000001
4.559884 0.002172 0.004945 0.000001
4.562057 0.002172 0.004945 0.000001
4.564229 0.002172 0.004945 0.000001
4.566401 0.002172 0.004945 0.000001
4.568573 0.002172 0.004945 0.000001
4.570746 0.002172 0.004945 0.000001
4.572918 0.002172 0.004945 0.000001
4.575090 0.002172 0.004945 0.000001
4.577263 0.002172 0.004945 0.000001
4.579435 0.002172 0.004945 0.000000
4.581607 0.002172 0.004945 0.000000
4.583780 0.002172 0.004945 0.000000
4.585952 0.002172 0.004945 0.000000
4.588124 0.002172 0.004945 0.000000
4.590297 0.002172 0.004945 0.000000
4.592469 0.002172 0.004945 0.000000
4.594641 0.002172 0.004945 0.000000
4.596814 0.002172 0.004945 0.000000
4.598986 0.002172 0.004945 0.000000
4.601158 0.002172 0.004945 0.000000
4.603330 0.002172 0.004945 0.000000
4.605503 0.002172 0.004944 0.000000
4.607675 0.002172 0.004944 0.000000
4.609848 0.002172 0.004944 0.000000
4.612020 0.002172 0.004944 0.000000
4.614192 0.002172 0.004944 0.000000
4.616365 0.002172 0.004944 0.000000
4.618537 0.002172 0.004944 0.000000
4.620709 0.002172 0.004944 0.000000
4.622882 0.002172 0.004944 0.000000
4.625054 0.002172 0.004944 0.000000
4.627226 0.002172 0.004944 0.000000
4.629399 0.002172 0.004944 0.000000
4.631571 0.002172 0.004944 0.000000
4.633743 0.002172 0.004944 0.000000
4.635916 0.002172 0.004944 0.000000
4.638088 0.002172 0.004944 0.000000
4.640261 0.002172 0.004944 0.000000
4.642433 0.002172 0.004944 0.000000
4.644605 0.002172 0.004944 0.000000
4.646778 0.002172 0.004944 0.000000
4.648950 0.002172 0.004944 -0.000000
4.651122 0.002172 0.004944 -0.000000
4.653295 0.002172 0.004944 -0.000000
4.655467 0.002172 0.004944 -0.000000
4.657640 0.002172 0.004944 -0.000000
4.659812 0.002172 0.004944 -0.000000
4.661984 0.002172 0.004944 -0.000000
4.664157 0.002172 0.004944 -0.000000
4.666329 0.002172 0.004944 -0.000000
4.668502 0.002172 0.004944 -0.000000
4.670674 0.002172 0.004944 -0.000000
4.672847 0.002172 0.004944 -0.000000
4.675019 0.002172 0.004944 -0.000000
4.677191 0.002172 0.004944 -0.000000
4.679364 0.002172 0.004944 -0.000000
4.681536 0.002172 0.004944 -0.000000
4.683709 0.002172 0.004944 -0.000000
4.685881 0.002172 0.004944 -0.000000
4.688054 0.002172 0.004944 -0.000000
4.690226 0.002172 0.004944 -0.000000
4.692399 0.002172 0.004944 -0.000000
4.694571 0.002172 0.004944 -0.000000
4.696744 0.002172 0.004944 -0.000000
4.698916 0.002172 0.004944 -0.000000
4.701089 0.002172 0.004944 -0.000000
4.703261 0.002172 0.004944 -0.000000
4.705433 0.002172 0.004944 -0.000000
4.707606 0.002172 0.004944 -0.000000
4.709778 0.002172 0.004944 -0.000000
4.711951 0.002172 0.004944 -0.000000
4.714123 0.002172 0.004944 -0.000000
4.716296 0.002172 0.004944 -0.000000
4.718468 0.002173 0.004944 -0.000000
4.720641 0.002173 0.004944 -0.000000
4.722813 0.002173 0.004944 -0.000000
4.724986 0.002173 0.004944 -0.000000
4.727158 0.002173 0.004944 -0.000000
4.729331 0.002173 0.004944 -0.000000
4.731503 0.002173 0.004944 -0.000000
4.733676 0.002173 0.004944 -0.000000
4.735849 0.002173 0.004944 -0.000000
4.738021 0.002173 0.004944 -0.000000
4.740194 0.002173 0.004944 -0.000000
4.742366 0.002173 0.004944 -0.000000
4.744539 0.002173 0.004944 -0.000000
4.746711 0.002173 0.004944 -0.000000
4.748884 0.002173 0.004944 -0.000000
4.751056 0.002173 0.004944 -0.000000
4.753229 0.002173 0.004944 -0.000000
4.755401 0.002173 0.004944 -0.000000
4.757574 0.002173 0.004944 -0.000000
4.759746 0.002173 0.004944 -0.000000
4.761919 0.002173 0.004944 -0.000000
4.764092 0.002173 0.004944 -0.000000
4.766264 0.002173 0.004944 -0.000000
4.768437 0.002173 0.004944 -0.000000
4.770609 0.002173 0.004944 -0.000000
4.772782 0.002173 0.004944 -0.000000
4.774954 0.002173 0.004944 -0.000000
4.777127 0.002173 0.004944 -0.000000
4.779300 0.002173 0.004944 -0.000000
4.781472 0.002173 0.004944 -0.000000
4.783645 0.002173 0.004944 -0.000000
4.785817 0.002173 0.004944 0.000000
4.787990 0.002173 0.004944 0.000000
4.790162 0.002173 0.004944 0.000000
4.792335 0.002173 0.004944 0.000000
4.794508 0.002173 0.004944 0.000000
4.796680 0.002173 0.004944 0.000000
4.798853 0.002173 0.004944 0.000000
4.801025 0.002173 0.004944 0.000000
4.803198 0.002173 0.004944 0.000000
4.805371 0.002173 0.004945 0.000000
4.807543 0.002173 0.004945 0.000000
4.809716 0.002173 0.004945 0.000000
4.811889 0.002173 0.004945 0.000000
4.814061 0.002173 0.004945 0.000000
4.816234 0.002173 0.004945 0.000000
4.818406 0.002173 0.004945 0.000001
4.820579 0.002173 0.004945 0.000001
4.822752 0.002173 0.004945 0.000001
4.824924 0.002173 0.004945 0.000001
4.827097 0.002173 0.004945 0.000001
4.829270 0.002173 0.004945 0.000001
4.831442 0.002173 0.004945 0.000001
4.833615 0.002173 0.004945 0.000001
4.835788 0.002173 0.004945 0.000001
4.837960 0.002173 0.004945 0.000001
4.840133 0.002173 0.004945 0.000001
4.842306 0.002173 0.004945 0.000001
4.844478 0.002173 0.004945 0.000001
4.846651 0.002173 0.004945 0.000001
4.848824 0.002173 0.004945 0.000001
4.850996 0.002173 0.004945 0.000001
4.853169 0.002173 0.004945 0.000001
4.855342 0.002173 0.004946 0.000001
4.857514 0.002173 0.004946 0.000001
4.859687 0.002173 0.004946 0.000001
4.861860 0.002173 0.004946 0.000001
4.864032 0.002173 0.004946 0.000001
4.866205 0.002173 0.004946 0.000002
4.868378 0.002173 0.004946 0.000002
4.870550 0.002173 0.004946 0.000002
4.872723 0.002173 0.004946 0.000002
4.874896 0.002173 0.004946 0.000002
4.877068 0.002173 0.004946 0.000002
4.879241 0.002173 0.004946 0.000002
4.881414 0.002173 0.004946 0.000002
4.883587 0.002173 0.004946 0.000002
4.885759 0.002173 0.004946 0.000002
4.887932 0.002173 0.004946 0.000002
4.890105 0.002173 0.004946 0.000002
4.892277 0.002173 0.004946 0.000002
4.894450 0.002173 0.004946 0.000002
4.896623 0.002173 0.004946 0.000002
4.898796 0.002173 0.004946 0.000002
4.900968 0.002173 0.004946 0.000002
4.903141 0.002173 0.004946 0.000002
4.905314 0.002173 0.004947 0.000002
4.907487 0.002173 0.004947 0.000002
4.909659 0.002173 0.004947 0.000002
4.911832 0.002173 0.004947 0.000002
4.914005 0.002173 0.004947 0.000002
4.916178 0.002173 0.004947 0.000002
4.918350 0.002173 0.004947 0.000002
4.920523 0.002173 0.004947 0.000003
4.922696 0.002173 0.004947 0.000003
4.924869 0.002173 0.004947 0.000003
4.927041 0.002173 0.004947 0.000003
4.929214 0.002173 0.004947 0.000003
4.931387 0.002173 0.004947 0.000003
4.933560 0.002173 0.004947 0.000003
4.935732 0.002173 0.004947 0.000003
4.937905 0.002173 0.004947 0.000003
4.940078 0.002173 0.004947 0.000003
4.942251 0.002173 0.004947 0.000003
4.944424 0.002173 0.004947 0.000003
4.946596 0.002173 0.004947 0.000003
4.948769 0.002173 0.004947 0.000003
4.950942 0.002173 0.004947 0.000003
4.953115 0.002173 0.004947 0.000003
4.955287 0.002173 0.004947 0.000003
4.957460 0.002173 0.004947 0.000003
4.959633 0.002173 0.004947 0.000003
4.961806 0.002173 0.004947 0.000003
4.963979 0.002173 0.004947 0.000003
4.966151 0.002173 0.004947 0.000003
4.968324 0.002173 0.004947 0.000003
4.970497 0.002173 0.004947 0.000003
4.972670 0.002173 0.004947 0.000003
4.974843 0.002173 0.004947 0.000003
4.977016 0.002173 0.004947 0.000003
4.979188 0.002173 0.004947 0.000003
4.981361 0.002173 0.004947 0.000003
4.983534 0.002173 0.004947 0.000003
4.985707 0.002173 0.004947 0.000003
4.987880 0.002173 0.004947 0.000003
4.990053 0.002173 0.004947 0.000003
4.992225 0.002173 0.004947 0.000003
4.994398 0.002173 0.004947 0.000003
4.996571 0.002173 0.004947 0.000003
4.998744 0.002173 0.004947 0.000003
5.000917 0.002173 0.004947 0.000003
5.003090 0.002173 0.004947 0.000003
5.005262 0.002173 0.004947 0.000003
5.007435 0.002173 0.004947 0.000003
5.009608 0.002173 0.004947 0.000003
5.011781 0.002173 0.004947 0.000003
5.013954 0.002173 0.004947 0.000003
5.016127 0.002173 0.004947 0.000003
5.018300 0.002173 0.004947 0.000003
5.020472 0.002173 0.004947 0.000003
5.022645 0.002173 0.004947 0.000003
5.024818 0.002173 0.004947 0.000003
5.026991 0.002173 0.004947 0.000003
5.029164 0.002173 0.004947 0.000003
5.031337 0.002173 0.004947 0.000003
5.033510 0.002173 0.004947 0.000003
5.035683 0.002173 0.004947 0.000003
5.037856 0.002173 0.004947 0.000003
5.040028 0.002173 0.004947 0.000003
5.042201 0.002173 0.004947 0.000003
5.044374 0.002173 0.004947 0.000003
5.046547 0.002173 0.004947 0.000003
5.048720 0.002173 0.004947 0.000003
5.050893 0.002173 0.004947 0.000003
5.053066 0.002173 0.004947 0.000003
5.055239 0.002173 0.004947 0.000003
5.057412 0.002173 0.004947 0.000003
5.059585 0.002173 0.004947 0.000003
5.061757 0.002173 0.004947 0.000003
5.063930 0.002173 0.004947 0.000003
5.066103 0.002173 0.004947 0.000003
5.068276 0.002173 0.004947 0.000003
5.070449 0.002173 0.004947 0.000003
5.072622 0.002173 0.004947 0.000003
5.074795 0.002173 0.004947 0.000003
5.076968 0.002173 0.004947 0.000003
5.079141 0.002173 0.004947 0.000003
5.081314 0.002173 0.004947 0.000003
5.083487 0.002173 0.004947 0.000003
5.085660 0.002173 0.004947 0.000003
5.087833 0.002173 0.004947 0.000003
5.090006 0.002173 0.004947 0.000003
5.092179 0.002173 0.004947 0.000003
5.094352 0.002173 0.004947 0.000003
5.096524 0.002173 0.004947 0.000003
5.098697 0.002173 0.004947 0.000003
5.100870 0.002173 0.004947 0.000003
5.103043 0.002173 0.004947 0.000003
5.105216 0.002173 0.004947 0.000003
5.107389 0.002173 0.004947 0.000003
5.109562 0.002173 0.004947 0.000003
5.111735 0.002173 0.004947 0.000003
5.113908 0.002173 0.004947 0.000003
5.116081 0.002173 0.004947 0.000003
5.118254 0.002173 0.004947 0.000003
5.120427 0.002173 0.004947 0.000003
5.122600 0.002173 0.004947 0.000003
5.124773 0.002173 0.004947 0.000003
5.126946 0.002173 0.004947 0.000003
5.129119 0.002173 0.004947 0.000003
5.131292 0.002173 0.004947 0.000003
5.133465 0.002173 0.004947 0.000003
5.135638 0.002173 0.004947 0.000003
5.137811 0.002173 0.004947 0.000003
5.139984 0.002173 0.004947 0.000003
5.142157 0.002173 0.004947 0.000002
5.144330 0.002173 0.004947 0.000002
5.146503 0.002173 0.004947 0.000002
5.148676 0.002173 0.004947 0.000002
5.150849 0.002173 0.004947 0.000002
5.153022 0.002173 0.004947 0.000002
5.155195 0.002173 0.004947 0.000002
5.157368 0.002173 0.004946 0.000002
5.159541 0.002173 0.004946 0.000002
5.161714 0.002173 0.004946 0.000002
5.163887 0.002173 0.004946 0.000002
5.166060 0.002173 0.004946 0.000002
5.168233 0.002173 0.004946 0.000002
5.170407 0.002173 0.004946 0.000002
5.172580 0.002173 0.004946 0.000002
5.174753 0.002173 0.004946 0.000002
5.176926 0.002173 0.004946 0.000002
5.179099 0.002173 0.004946 0.000002
5.181272 0.002173 0.004946 0.000002
5.183445 0.002173 0.004946 0.000002
5.185618 0.002173 0.004946 0.000002
5.187791 0.002173 0.004946 0.000002
5.189964 0.002173 0.004946 0.000002
5.192137 0.002173 0.004946 0.000002
5.194310 0.002173 0.004946 0.000002
5.196483 0.002173 0.004946 0.000002
5.198656 0.002173 0.004946 0.000002
5.200829 0.002173 0.004946 0.000002
5.203003 0.002173 0.004946 0.000002
5.205176 0.002173 0.004946 0.000002
5.207349 0.002173 0.004946 0.000002
5.209522 0.002173 0.004946 0.000002
5.211695 0.002173 0.004946 0.000002
5.213868 0.002173 0.004946 0.000002
5.216041 0.002173 0.004946 0.000002
5.218214 0.002173 0.004946 0.000002
5.220387 0.002173 0.004946 0.000002
5.222560 0.002173 0.004946 0.000002
5.224734 0.002173 0.004946 0.000002
5.226907 0.002173 0.004946 0.000002
5.229080 0.002173 0.004946 0.000001
5.231253 0.002173 0.004946 0.000001
5.233426 0.002173 0.004946 0.000001
5.235599 0.002173 0.004946 0.000001
5.237772 0.002173 0.004946 0.000001
5.239945 0.002173 0.004946 0.000001
5.242119 0.002173 0.004946 0.000001
5.244292 0.002173 0.004946 0.000001
5.246465 0.002173 0.004946 0.000001
5.248638 0.002173 0.004946 0.000001
5.250811 0.002173 0.004946 0.000001
5.252984 0.002173 0.004946 0.000001
5.255157 0.002173 0.004945 0.000001
5.257331 0.002173 0.004945 0.000001
5.259504 0.002173 0.004945 0.000001
5.261677 0.002173 0.004945 0.000001
5.263850 0.002173 0.004945 0.000001
5.266023 0.002173 0.004945 0.000001
5.268196 0.002173 0.004945 0.000001
5.270369 0.002173 0.004945 0.000001
5.272543 0.002173 0.004945 0.000001
5.274716 0.002173 0.004945 0.000001
5.276889 0.002173 0.004945 0.000001
5.279062 0.002173 0.004945 0.000001
5.281235 0.002173 0.004945 0.000001
5.283409 0.002173 0.004945 0.000001
5.285582 0.002173 0.004945 0.000001
5.287755 0.002173 0.004945 0.000001
5.289928 0.002173 0.004945 0.000001
5.292101 0.002173 0.004945 0.000001
5.294275 0.002173 0.004945 0.000001
5.296448 0.002173 0.004945 0.000001
5.298621 0.002173 0.004945 0.000001
5.300794 0.002173 0.004945 0.000001
5.302967 0.002173 0.004945 0.000001
5.305141 0.002173 0.004945 0.000001
5.307314 0.002173 0.004945 0.000001
5.309487 0.002173 0.004945 0.000001
5.311660 0.002173 0.004945 0.000001
5.313833 0.002173 0.004945 0.000001
5.316007 0.002173 0.004945 0.000001
5.318180 0.002173 0.004945 0.000001
5.320353 0.002173 0.004945 0.000001
5.322526 0.002173 0.004945 0.000001
5.324700 0.002173 0.004945 0.000001
5.326873 0.002173 0.004945 0.000001
5.329046 0.002173 0.004945 0.000001
5.331219 0.002173 0.004945 0.000001
5.333393 0.002173 0.004945 0.000001
5.335566 0.002173 0.004945 0.000001
5.337739 0.002173 0.004945 0.000001
5.339912 0.002173 0.004945 0.000001
5.342086 0.002173 0.004945 0.000001
5.344259 0.002173 0.004945 0.000001
5.346432 0.002173 0.004945 0.000001
5.348605 0.002173 0.004945 0.000001
5.350779 0.002173 0.004945 0.000001
5.352952 0.002173 0.004945 0.000001
5.355125 0.002173 0.004945 0.000001
5.357298 0.002173 0.004945 0.000001
5.359472 0.002173 0.004945 0.000001
5.361645 0.002173 0.004945 0.000001
5.363818 0.002173 0.004945 0.000001
5.365992 0.002173 0.004945 0.000001
5.368165 0.002173 0.004945 0.000001
5.370338 0.002173 0.004945 0.000001
5.372511 0.002173 0.004945 0.000001
5.374685 0.002173 0.004945 0.000001
5.376858 0.002173 0.004945 0.000001
5.379031 0.002173 0.004945 0.000001
5.381205 0.002173 0.004945 0.000001
5.383378 0.002173 0.004945 0.000001
5.385551 0.002173 0.004945 0.000001
5.387725 0.002173 0.004945 0.000001
5.389898 0.002173 0.004945 0.000001
5.392071 0.002173 0.004945 0.000001
5.394245 0.002173 0.004945 0.000001
5.396418 0.002173 0.004945 0.000001
5.398591 0.002173 0.004945 0.000001
5.400765 0.002173 0.004945 0.000001
5.402938 0.002173 0.004945 0.000001
5.405111 0.002173 0.004945 0.000001
5.407285 0.002173 0.004945 0.000001
5.409458 0.002173 0.004945 0.000001
5.411631 0.002173 0.004945 0.000001
5.413805 0.002173 0.004945 0.000001
5.415978 0.002173 0.004945 0.000001
5.418151 0.002173 0.004945 0.000001
5.420325 0.002173 0.004945 0.000001
5.422498 0.002173 0.004945 0.000001
5.424671 0.002173 0.004945 0.000001
5.426845 0.002173 0.004945 0.000001
5.429018 0.002173 0.004945 0.000001
5.431192 0.002173 0.004945 0.000001
5.433365 0.002173 0.004945 0.000001
5.435538 0.002173 0.004945 0.000001
5.437712 0.002173 0.004945 0.000001
5.439885 0.002173 0.004945 0.000001
5.442058 0.002173 0.004945 0.000001
5.444232 0.002173 0.004945 0.000001
5.446405 0.002173 0.004945 0.000001
5.448579 0.002173 0.004945 0.000001
5.450752 0.002173 0.004945 0.000001
5.452925 0.002173 0.004945 0.000001
5.455099 0.002173 0.004945 0.000001
5.457272 0.002173 0.004945 0.000001
5.459446 0.002173 0.004945 0.000001
5.461619 0.002173 0.004945 0.000001
5.463792 0.002173 0.004945 0.000001
5.465966 0.002173 0.004945 0.000001
5.468139 0.002173 0.004945 0.000001
5.470313 0.002173 0.004945 0.000001
5.472486 0.002173 0.004945 0.000001
5.474660 0.002173 0.004945 0.000001
5.476833 0.002173 0.004945 0.000001
5.479006 0.002173 0.004945 0.000001
5.481180 0.002173 0.004945 0.000001
5.483353 0.002173 0.004945 0.000001
5.485527 0.002173 0.004945 0.000001
5.487700 0.002173 0.004945 0.000001
5.489874 0.002173 0.004945 0.000001
5.492047 0.002173 0.004945 0.000001
5.494221 0.002173 0.004945 0.000001
5.496394 0.002173 0.004945 0.000001
5.498567 0.002173 0.004945 0.000001
5.500741 0.002173 0.004945 0.000001
5.502914 0.002173 0.004945 0.000001
5.505088 0.002173 0.004945 0.000001
5.507261 0.002173 0.004945 0.000000
5.509435 0.002173 0.004945 0.000000
5.511608 0.002173 0.004945 0.000000
5.513782 0.002173 0.004945 0.000000
5.515955 0.002173 0.004945 0.000000
5.518129 0.002173 0.004945 0.000000
5.520302 0.002173 0.004945 0.000000
5.522476 0.002173 0.004945 0.000000
5.524649 0.002173 0.004945 0.000000
5.526823 0.002173 0.004945 0.000000
5.528996 0.002174 0.004945 0.000000
5.531170 0.002174 0.004945 0.000000
5.533343 0.002174 0.004945 0.000000
5.535517 0.002174 0.004945 0.000000
5.537690 0.002174 0.004945 0.000000
5.539864 0.002174 0.004945 0.000000
5.542037 0.002174 0.004945 0.000000
5.544211 0.002174 0.004945 0.000000
5.546384 0.002174 0.004945 0.000000
5.548558 0.002174 0.004945 0.000000
5.550731 0.002174 0.004945 0.000000
5.552905 0.002174 0.004945 0.000000
5.555078 0.002174 0.004945 0.000000
5.557252 0.002174 0.004945 0.000000
5.559426 0.002174 0.004945 0.000000
5.561599 0.002174 0.004945 0.000000
5.563773 0.002174 0.004945 0.000000
5.565946 0.002174 0.004945 0.000000
5.568120 0.002174 0.004945 0.000000
5.570293 0.002174 0.004945 0.000000
5.572467 0.002174 0.004945 0.000000
5.574641 0.002174 0.004945 0.000000
5.576814 0.002174 0.004945 0.000000
5.578988 0.002174 0.004945 0.000000
5.581161 0.002174 0.004945 0.000000
5.583335 0.002174 0.004945 0.000000
5.585508 0.002174 0.004945 0.000000
5.587682 0.002174 0.004945 0.000000
5.589856 0.002174 0.004945 0.000000
5.592029 0.002174 0.004945 0.000000
5.594203 0.002174 0.004945 0.000000
5.596376 0.002174 0.004945 0.000000
5.598550 0.002174 0.004945 0.000000
5.600724 0.002174 0.004945 0.000000
5.602897 0.002174 0.004945 0.000000
5.605071 0.002174 0.004945 0.000000
5.607245 0.002174 0.004945 0.000000
5.609418 0.002174 0.004945 0.000000
5.611592 0.002174 0.004945 0.000000
5.613765 0.002174 0.004945 0.000000
5.615939 0.002174 0.004945 0.000000
5.618113 0.002174 0.004945 0.000000
5.620286 0.002174 0.004945 0.000000
5.622460 0.002174 0.004945 0.000000
5.624633 0.002174 0.004945 0.000000
5.626807 0.002174 0.004945 0.000000
5.628981 0.002174 0.004945 0.000000
5.631154 0.002174 0.004945 0.000000
5.633328 0.002174 0.004945 0.000000
5.635502 0.002174 0.004945 0.000000
5.637675 0.002174 0.004945 0.000000
5.639849 0.002174 0.004945 0.000000
5.642023 0.002174 0.004945 0.000000
5.644196 0.002174 0.004945 0.000000
5.646370 0.002174 0.004945 0.000000
5.648543 0.002174 0.004945 0.000000
5.650717 0.002174 0.004945 0.000000
5.652891 0.002174 0.004945 0.000000
5.655064 0.002174 0.004945 0.000000
5.657238 0.002174 0.004945 0.000000
5.659412 0.002174 0.004945 0.000000
5.661585 0.002174 0.004945 0.000000
5.663759 0.002174 0.004945 0.000000
5.665933 0.002174 0.004945 0.000000
5.668106 0.002174 0.004945 0.000000
5.670280 0.002174 0.004945 0.000000
5.672454 0.002174 0.004945 0.000000
5.674627 0.002174 0.004945 0.000000
5.676801 0.002174 0.004945 0.000000
5.678975 0.002174 0.004945 0.000000
5.681149 0.002174 0.004945 0.000000
5.683322 0.002174 0.004945 0.000000
5.685496 0.002174 0.004945 0.000000
5.687670 0.002174 0.004945 0.000000
5.689843 0.002174 0.004945 0.000000
5.692017 0.002174 0.004945 0.000000
5.694191 0.002174 0.004945 0.000000
5.696364 0.002174 0.004945 0.000000
5.698538 0.002174 0.004945 0.000000
5.700712 0.002174 0.004945 0.000000
5.702886 0.002174 0.004945 0.000000
5.705059 0.002174 0.004945 0.000000
5.707233 0.002174 0.004945 0.000000
5.709407 0.002174 0.004945 0.000000
5.711581 0.002174 0.004945 0.000000
5.713754 0.002174 0.004945 0.000000
5.715928 0.002174 0.004945 0.000000
5.718102 0.002174 0.004945 0.000000
5.720275 0.002174 0.004945 0.000000
5.722449 0.002174 0.004945 0.000000
5.724623 0.002174 0.004945 0.000000
5.726797 0.002174 0.004945 0.000000
5.728971 0.002174 0.004945 0.000000
5.731144 0.002174 0.004945 0.000000
5.733318 0.002174 0.004945 0.000000
5.735492 0.002174 0.004945 0.000000
5.737666 0.002174 0.004945 0.000000
5.739839 0.002174 0.004945 0.000000
5.742013 0.002174 0.004945 0.000000
5.744187 0.002174 0.004945 0.000000
5.746361 0.002174 0.004945 0.000000
5.748535 0.002174 0.004945 0.000000
5.750708 0.002174 0.004945 0.000000
5.752882 0.002174 0.004945 0.000000
5.755056 0.002174 0.004945 0.000000
5.757230 0.002174 0.004945 0.000000
5.759404 0.002174 0.004945 0.000000
5.761577 0.002174 0.004945 0.000000
5.763751 0.002174 0.004945 0.000000
5.765925 0.002174 0.004945 0.000000
5.768099 0.002174 0.004945 0.000000
5.770273 0.002174 0.004945 0.000000
5.772447 0.002174 0.004945 0.000000
5.774620 0.002174 0.004945 0.000000
5.776794 0.002174 0.004945 0.000000
5.778968 0.002174 0.004945 0.000000
5.781142 0.002174 0.004945 0.000000
5.783316 0.002174 0.004945 0.000000
5.785490 0.002174 0.004945 0.000000
5.787664 0.002174 0.004945 0.000000
5.789837 0.002174 0.004945 0.000000
5.792011 0.002174 0.004945 0.000000
5.794185 0.002174 0.004945 0.000000
5.796359 0.002174 0.004945 0.000000
5.798533 0.002174 0.004945 0.000000
5.800707 0.002174 0.004945 0.000000
5.802881 0.002174 0.004945 0.000000
5.805055 0.002174 0.004945 0.000001
5.807228 0.002174 0.004945 0.000001
5.809402 0.002174 0.004945 0.000001
5.811576 0.002174 0.004945 0.000001
5.813750 0.002174 0.004945 0.000001
5.815924 0.002174 0.004945 0.000001
5.818098 0.002174 0.004945 0.000001
5.820272 0.002174 0.004945 0.000001
5.822446 0.002174 0.004945 0.000001
5.824620 0.002174 0.004945 0.000001
5.826794 0.002174 0.004945 0.000001
5.828968 0.002174 0.004945 0.000001
5.831141 0.002174 0.004945 0.000001
5.833315 0.002174 0.004945 0.000001
5.835489 0.002174 0.004945 0.000001
5.837663 0.002174 0.004945 0.000001
5.839837 0.002174 0.004945 0.000001
5.842011 0.002174 0.004945 0.000001
5.844185 0.002174 0.004945 0.000001
5.846359 0.002174 0.004945 0.000001
5.848533 0.002174 0.004945 0.000001
5.850707 0.002174 0.004945 0.000001
5.852881 0.002174 0.004945 0.000001
5.855055 0.002174 0.004945 0.000001
5.857229 0.002174 0.004945 0.000001
5.859403 0.002174 0.004945 0.000001
5.861577 0.002174 0.004945 0.000001
5.863751 0.002174 0.004945 0.000001
5.865925 0.002174 0.004945 0.000001
5.868099 0.002174 0.004945 0.000001
5.870273 0.002174 0.004945 0.000001
5.872447 0.002174 0.004945 0.000001
5.874621 0.002174 0.004945 0.000001
5.876795 0.002174 0.004945 0.000001
5.878969 0.002174 0.004945 0.000001
5.881143 0.002174 0.004945 0.000001
5.883317 0.002174 0.004945 0.000001
5.885491 0.002174 0.004945 0.000001
5.887665 0.002174 0.004945 0.000001
5.889839 0.002174 0.004945 0.000001
5.892013 0.002174 0.004945 0.000001
5.894187 0.002174 0.004945 0.000001
5.896361 0.002174 0.004945 0.000001
5.898535 0.002174 0.004945 0.000001
5.900709 0.002174 0.004945 0.000001
5.902883 0.002174 0.004945 0.000001
5.905057 0.002174 0.004945 0.000001
5.907231 0.002174 0.004945 0.000001
5.909405 0.002174 0.004945 0.000001
5.911579 0.002174 0.004945 0.000001
5.913753 0.002174 0.004945 0.000001
5.915927 0.002174 0.004945 0.000001
5.918101 0.002174 0.004945 0.000001
5.920275 0.002174 0.004945 0.000001
5.922449 0.002174 0.004945 0.000001
5.924623 0.002174 0.004945 0.000001
5.926797 0.002174 0.004945 0.000001
5.928971 0.002174 0.004945 0.000001
5.931146 0.002174 0.004945 0.000001
5.933320 0.002174 0.004945 0.000001
5.935494 0.002174 0.004945 0.000001
5.937668 0.002174 0.004945 0.000001
5.939842 0.002174 0.004945 0.000001
5.942016 0.002174 0.004945 0.000001
5.944190 0.002174 0.004945 0.000001
5.946364 0.002174 0.004946 0.000001
5.948538 0.002174 0.004946 0.000001
5.950712 0.002174 0.004946 0.000001
5.952887 0.002174 0.004946 0.000001
5.955061 0.002174 0.004946 0.000001
5.957235 0.002174 0.004946 0.000001
5.959409 0.002174 0.004946 0.000001
5.961583 0.002174 0.004946 0.000001
5.963757 0.002174 0.004946 0.000001
5.965931 0.002174 0.004946 0.000001
5.968105 0.002174 0.004946 0.000001
5.970279 0.002174 0.004946 0.000001
5.972454 0.002174 0.004946 0.000001
5.974628 0.002174 0.004946 0.000001
5.976802 0.002174 0.004946 0.000001
5.978976 0.002174 0.004946 0.000001
5.981150 0.002174 0.004946 0.000001
5.983324 0.002174 0.004946 0.000001
5.985499 0.002174 0.004946 0.000001
5.987673 0.002174 0.004946 0.000001
5.989847 0.002174 0.004946 0.000001
5.992021 0.002174 0.004946 0.000001
5.994195 0.002174 0.004946 0.000001
5.996369 0.002174 0.004946 0.000001
5.998544 0.002174 0.004946 0.000001
6.000718 0.002174 0.004946 0.000001
6.002892 0.002174 0.004946 0.000001
6.005066 0.002174 0.004946 0.000001
6.007240 0.002174 0.004946 0.000001
6.009414 0.002174 0.004946 0.000001
6.011589 0.002174 0.004946 0.000001
6.013763 0.002174 0.004946 0.000001
6.015937 0.002174 0.004946 0.000001
6.018111 0.002174 0.004946 0.000001
6.020286 0.002174 0.004946 0.000001
6.022460 0.002174 0.004946 0.000001
6.024634 0.002174 0.004946 0.000001
6.026808 0.002174 0.004946 0.000001
6.028982 0.002174 0.004945 0.000001
6.031157 0.002174 0.004945 0.000001
6.033331 0.002174 0.004945 0.000001
6.035505 0.002174 0.004945 0.000001
6.037679 0.002174 0.004945 0.000001
6.039854 0.002174 0.004945 0.000001
6.042028 0.002174 0.004945 0.000001
6.044202 0.002174 0.004945 0.000001
6.046376 0.002174 0.004945 0.000001
6.048551 0.002174 0.004945 0.000001
6.050725 0.002174 0.004945 0.000001
6.052899 0.002174 0.004945 0.000001
6.055073 0.002174 0.004945 0.000001
6.057248 0.002174 0.004945 0.000001
6.059422 0.002174 0.004945 0.000001
6.061596 0.002174 0.004945 0.000001
6.063770 0.002174 0.004945 0.000001
6.065945 0.002174 0.004945 0.000001
6.068119 0.002174 0.004945 0.000001
6.070293 0.002174 0.004945 0.000001
6.072468 0.002174 0.004945 0.000001
6.074642 0.002174 0.004945 0.000001
6.076816 0.002174 0.004945 0.000001
6.078991 0.002174 0.004945 0.000001
6.081165 0.002174 0.004945 0.000001
6.083339 0.002174 0.004945 0.000001
6.085513 0.002174 0.004945 0.000001
6.087688 0.002174 0.004945 0.000001
6.089862 0.002174 0.004945 0.000001
6.092036 0.002174 0.004945 0.000001
6.094211 0.002174 0.004945 0.000001
6.096385 0.002174 0.004945 0.000001
6.098559 0.002174 0.004945 0.000001
6.100734 0.002174 0.004945 0.000001
6.102908 0.002174 0.004945 0.000001
6.105082 0.002174 0.004945 0.000001
6.107257 0.002174 0.004945 0.000001
6.109431 0.002174 0.004945 0.000001
6.111606 0.002174 0.004945 0.000001
6.113780 0.002174 0.004945 0.000001
6.115954 0.002174 0.004945 0.000001
6.118129 0.002174 0.004945 0.000001
6.120303 0.002174 0.004945 0.000001
6.122477 0.002174 0.004945 0.000001
6.124652 0.002174 0.004945 0.000001
6.126826 0.002174 0.004945 0.000001
6.129001 0.002174 0.004945 0.000001
6.131175 0.002174 0.004945 0.000001
6.133349 0.002174 0.004945 0.000001
6.135524 0.002174 0.004945 0.000001
6.137698 0.002174 0.004945 0.000001
6.139872 0.002174 0.004945 0.000001
6.142047 0.002174 0.004945 0.000001
6.144221 0.002174 0.004945 0.000001
6.146396 0.002174 0.004945 0.000001
6.148570 0.002174 0.004945 0.000001
6.150745 0.002174 0.004945 0.000000
6.152919 0.002174 0.004945 0.000000
6.155093 0.002174 0.004945 0.000000
6.157268 0.002174 0.004945 0.000000
6.159442 0.002174 0.004945 0.000000
6.161617 0.002174 0.004945 0.000000
6.163791 0.002174 0.004945 0.000000
6.165966 0.002174 0.004945 0.000000
6.168140 0.002174 0.004945 0.000000
6.170314 0.002174 0.004945 0.000000
6.172489 0.002174 0.004945 0.000000
6.174663 0.002174 0.004944 0.000000
6.176838 0.002174 0.004944 0.000000
6.179012 0.002174 0.004944 0.000000
6.181187 0.002174 0.004944 0.000000
6.183361 0.002174 0.004944 0.000000
6.185536 0.002174 0.004944 0.000000
6.187710 0.002174 0.004944 0.000000
6.189885 0.002174 0.004944 0.000000
6.192059 0.002174 0.004944 0.000000
6.194234 0.002174 0.004944 0.000000
6.196408 0.002174 0.004944 0.000000
6.198583 0.002174 0.004944 0.000000
6.200757 0.002174 0.004944 0.000000
6.202932 0.002174 0.004944 0.000000
6.205106 0.002174 0.004944 -0.000000
6.207281 0.002175 0.004944 -0.000000
6.209455 0.002175 0.004944 -0.000000
6.211630 0.002175 0.004944 -0.000000
6.213804 0.002175 0.004944 -0.000000
6.215979 0.002175 0.004944 -0.000000
6.218153 0.002175 0.004944 -0.000000
6.220328 0.002175 0.004944 -0.000000
6.222502 0.002175 0.004944 -0.000000
6.224677 0.002175 0.004944 -0.000000
6.226851 0.002175 0.004944 -0.000000
6.229026 0.002175 0.004944 -0.000000
6.231200 0.002175 0.004944 -0.000000
6.233375 0.002175 0.004944 -0.000000
6.235549 0.002175 0.004944 -0.000000
6.237724 0.002175 0.004944 -0.000000
6.239898 0.002175 0.004944 -0.000000
6.242073 0.002175 0.004944 -0.000000
6.244248 0.002175 0.004944 -0.000000
6.246422 0.002175 0.004944 -0.000000
6.248597 0.002175 0.004944 -0.000000
6.250771 0.002175 0.004944 -0.000000
6.252946 0.002175 0.004944 -0.000000
6.255120 0.002175 0.004944 -0.000000
6.257295 0.002175 0.004944 -0.000000
6.259470 0.002175 0.004944 -0.000000
6.261644 0.002175 0.004944 -0.000000
6.263819 0.002175 0.004944 -0.000000
6.265993 0.002175 0.004944 -0.000000
6.268168 0.002175 0.004944 -0.000000
6.270342 0.002175 0.004944 -0.000001
6.272517 0.002175 0.004944 -0.000001
6.274692 0.002175 0.004944 -0.000001
6.276866 0.002175 0.004944 -0.000001
6.279041 0.002175 0.004944 -0.000001
6.281216 0.002175 0.004944 -0.000001
6.283390 0.002175 0.004944 -0.000001
6.285565 0.002175 0.004944 -0.000001
6.287739 0.002175 0.004944 -0.000001
6.289914 0.002175 0.004944 -0.000001
6.292089 0.002175 0.004944 -0.000001
6.294263 0.002175 0.004944 -0.000001
6.296438 0.002175 0.004944 -0.000001
6.298613 0.002175 0.004944 -0.000001
6.300787 0.002175 0.004944 -0.000001
6.302962 0.002175 0.004944 -0.000001
6.305136 0.002175 0.004944 -0.000001
6.307311 0.002175 0.004944 -0.000001
6.309486 0.002175 0.004944 -0.000001
6.311660 0.002175 0.004944 -0.000001
6.313835 0.002175 0.004944 -0.000001
6.316010 0.002175 0.004944 -0.000001
6.318184 0.002175 0.004944 -0.000001
6.320359 0.002175 0.004944 -0.000001
6.322534 0.002175 0.004944 -0.000001
6.324708 0.002175 0.004944 -0.000001
6.326883 0.002175 0.004944 -0.000001
6.329058 0.002175 0.004944 -0.000001
6.331232 0.002175 0.004944 -0.000001
6.333407 0.002175 0.004944 -0.000001
6.335582 0.002175 0.004944 -0.000001
6.337757 0.002175 0.004944 -0.000001
6.339931 0.002175 0.004944 -0.000001
6.342106 0.002175 0.004944 -0.000001
6.344281 0.002175 0.004944 -0.000001
6.346455 0.002175 0.004944 -0.000001
6.348630 0.002175 0.004944 -0.000001
6.350805 0.002175 0.004944 -0.000001
6.352980 0.002175 0.004944 -0.000001
6.355154 0.002175 0.004944 -0.000001
6.357329 0.002175 0.004944 -0.000001
6.359504 0.002175 0.004944 -0.000001
6.361678 0.002175 0.004944 -0.000001
6.363853 0.002175 0.004944 -0.000001
6.366028 0.002175 0.004944 -0.000001
6.368203 0.002175 0.004944 -0.000001
6.370377 0.002175 0.004944 -0.000001
6.372552 0.002175 0.004944 -0.000001
6.374727 0.002175 0.004944 -0.000001
6.376902 0.002175 0.004944 -0.000001
6.379076 0.002175 0.004944 -0.000001
6.381251 0.002175 0.004944 -0.000001
6.383426 0.002175 0.004944 -0.000000
6.385601 0.002175 0.004944 -0.000000
6.387775 0.002175 0.004944 -0.000000
6.389950 0.002175 0.004944 -0.000000
6.392125 0.002175 0.004944 -0.000000
6.394300 0.002175 0.004944 -0.000000
6.396475 0.002175 0.004944 -0.000000
6.398649 0.002175 0.004944 -0.000000
6.400824 0.002175 0.004944 -0.000000
6.402999 0.002175 0.004944 -0.000000
6.405174 0.002175 0.004944 -0.000000
6.407349 0.002175 0.004944 -0.000000
6.409523 0.002175 0.004944 -0.000000
6.411698 0.002175 0.004944 -0.000000
6.413873 0.002175 0.004944 -0.000000
6.416048 0.002175 0.004944 -0.000000
6.418223 0.002175 0.004944 -0.000000
6.420397 0.002175 0.004944 -0.000000
6.422572 0.002175 0.004944 -0.000000
6.424747 0.002175 0.004944 -0.000000
6.426922 0.002175 0.004944 -0.000000
6.429097 0.002175 0.004944 -0.000000
6.431272 0.002175 0.004944 -0.000000
6.433446 0.002175 0.004944 -0.000000
6.435621 0.002175 0.004944 -0.000000
6.437796 0.002175 0.004944 -0.000000
6.439971 0.002175 0.004944 -0.000000
6.442146 0.002175 0.004944 -0.000000
6.444321 0.002175 0.004944 -0.000000
6.446496 0.002175 0.004944 -0.000000
6.448670 0.002175 0.004944 -0.000000
6.450845 0.002175 0.004944 -0.000000
6.453020 0.002175 0.004944 0.000000
6.455195 0.002175 0.004944 0.000000
6.457370 0.002175 0.004944 0.000000
6.459545 0.002175 0.004944 0.000000
6.461720 0.002175 0.004944 0.000000
6.463895 0.002175 0.004944 0.000000
6.466069 0.002175 0.004944 0.000000
6.468244 0.002175 0.004944 0.000000
6.470419 0.002175 0.004944 0.000000
6.472594 0.002175 0.004944 0.000000
6.474769 0.002175 0.004944 0.000000
6.476944 0.002175 0.004944 0.000000
6.479119 0.002175 0.004944 0.000000
6.481294 0.002175 0.004944 0.000000
6.483469 0.002175 0.004944 0.000000
6.485644 0.002175 0.004944 0.000000
6.487819 0.002175 0.004945 0.000000
6.489993 0.002175 0.004945 0.000000
6.492168 0.002175 0.004945 0.000000
6.494343 0.002175 0.004945 0.000000
6.496518 0.002175 0.004945 0.000000
6.498693 0.002175 0.004945 0.000000
6.500868 0.002175 0.004945 0.000000
6.503043 0.002175 0.004945 0.000000
6.505218 0.002175 0.004945 0.000000
6.507393 0.002175 0.004945 0.000000
6.509568 0.002175 0.004945 0.000000
6.511743 0.002175 0.004945 0.000000
6.513918 0.002175 0.004945 0.000001
6.516093 0.002175 0.004945 0.000001
6.518268 0.002175 0.004945 0.000001
6.520443 0.002175 0.004945 0.000001
6.522618 0.002175 0.004945 0.000001
6.524793 0.002175 0.004945 0.000001
6.526968 0.002175 0.004945 0.000001
6.529143 0.002175 0.004945 0.000001
6.531318 0.002175 0.004945 0.000001
6.533493 0.002175 0.004945 0.000001
6.535668 0.002175 0.004945 0.000001
6.537843 0.002175 0.004945 0.000001
6.540018 0.002175 0.004945 0.000001
6.542193 0.002175 0.004945 0.000001
6.544368 0.002175 0.004945 0.000001
6.546543 0.002175 0.004945 0.000001
6.548718 0.002175 0.004945 0.000001
6.550893 0.002175 0.004945 0.000001
6.553068 0.002175 0.004945 0.000001
6.555243 0.002175 0.004945 0.000001
6.557418 0.002175 0.004945 0.000001
6.559593 0.002175 0.004945 0.000001
6.561768 0.002175 0.004945 0.000001
6.563943 0.002175 0.004945 0.000001
6.566118 0.002175 0.004945 0.000001
6.568293 0.002175 0.004945 0.000001
6.570468 0.002175 0.004945 0.000001
6.572643 0.002175 0.004945 0.000001
6.574818 0.002175 0.004945 0.000001
6.576993 0.002175 0.004945 0.000001
6.579168 0.002175 0.004945 0.000001
6.581343 0.002175 0.004945 0.000001
6.583518 0.002175 0.004945 0.000001
6.585693 0.002175 0.004945 0.000001
6.587869 0.002175 0.004945 0.000001
6.590044 0.002175 0.004945 0.000001
6.592219 0.002175 0.004945 0.000001
6.594394 0.002175 0.004945 0.000001
6.596569 0.002175 0.004945 0.000001
6.598744 0.002175 0.004945 0.000001
6.600919 0.002175 0.004945 0.000001
6.603094 0.002175 0.004945 0.000001
6.605269 0.002175 0.004945 0.000001
6.607444 0.002175 0.004945 0.000001
6.609619 0.002175 0.004945 0.000001
6.611795 0.002175 0.004945 0.000001
6.613970 0.002175 0.004945 0.000001
6.616145 0.002175 0.004945 0.000001
6.618320 0.002175 0.004945 0.000001
6.620495 0.002175 0.004945 0.000001
6.622670 0.002175 0.004945 0.000001
6.624845 0.002175 0.004945 0.000001
6.627020 0.002175 0.004945 0.000001
6.629196 0.002175 0.004945 0.000001
6.631371 0.002175 0.004945 0.000001
6.633546 0.002175 0.004945 0.000001
6.635721 0.002175 0.004945 0.000001
6.637896 0.002175 0.004945 0.000001
6.640071 0.002175 0.004945 0.000001
6.642246 0.002175 0.004945 0.000001
6.644422 0.002175 0.004945 0.000001
6.646597 0.002175 0.004945 0.000001
6.648772 0.002175 0.004945 0.000001
6.650947 0.002175 0.004946 0.000001
6.653122 0.002175 0.004946 0.000001
6.655297 0.002175 0.004946 0.000001
6.657473 0.002175 0.004946 0.000001
6.659648 0.002175 0.004946 0.000001
6.661823 0.002175 0.004946 0.000001
6.663998 0.002175 0.004946 0.000001
6.666173 0.002175 0.004946 0.000001
6.668349 0.002175 0.004946 0.000001
6.670524 0.002175 0.004946 0.000001
6.672699 0.002175 0.004946 0.000001
6.674874 0.002175 0.004946 0.000001
6.677049 0.002175 0.004946 0.000001
6.679225 0.002175 0.004946 0.000001
6.681400 0.002175 0.004946 0.000001
6.683575 0.002175 0.004946 0.000001
6.685750 0.002175 0.004946 0.000001
6.687925 0.002175 0.004946 0.000001
6.690101 0.002175 0.004946 0.000001
6.692276 0.002175 0.004946 0.000001
6.694451 0.002175 0.004946 0.000001
6.696626 0.002175 0.004946 0.000001
6.698802 0.002175 0.004946 0.000001
6.700977 0.002175 0.004946 0.000001
6.703152 0.002175 0.004946 0.000001
6.705327 0.002175 0.004946 0.000001
6.707503 0.002175 0.004946 0.000001
6.709678 0.002175 0.004946 0.000001
6.711853 0.002175 0.004946 0.000001
6.714028 0.002175 0.004946 0.000001
6.716204 0.002175 0.004946 0.000001
6.718379 0.002175 0.004946 0.000001
6.720554 0.002175 0.004946 0.000001
6.722730 0.002175 0.004946 0.000001
6.724905 0.002175 0.004946 0.000001
6.727080 0.002175 0.004946 0.000001
6.729255 0.002175 0.004946 0.000001
6.731431 0.002175 0.004946 0.000001
6.733606 0.002175 0.004946 0.000001
6.735781 0.002175 0.004946 0.000001
6.737957 0.002175 0.004946 0.000001
6.740132 0.002175 0.004946 0.000001
6.742307 0.002175 0.004946 0.000002
6.744482 0.002175 0.004946 0.000002
6.746658 0.002175 0.004946 0.000002
6.748833 0.002175 0.004946 0.000002
6.751008 0.002175 0.004946 0.000002
6.753184 0.002175 0.004946 0.000002
6.755359 0.002175 0.004946 0.000002
6.757534 0.002175 0.004946 0.000002
6.759710 0.002175 0.004946 0.000002
6.761885 0.002175 0.004946 0.000002
6.764060 0.002175 0.004946 0.000002
6.766236 0.002175 0.004946 0.000002
6.768411 0.002175 0.004946 0.000002
6.770586 0.002175 0.004946 0.000002
6.772762 0.002175 0.004946 0.000002
6.774937 0.002175 0.004946 0.000002
6.777113 0.002175 0.004946 0.000002
6.779288 0.002175 0.004946 0.000002
6.781463 0.002175 0.004946 0.000002
6.783639 0.002175 0.004946 0.000002
6.785814 0.002175 0.004946 0.000002
6.787989 0.002175 0.004946 0.000002
6.790165 0.002175 0.004946 0.000002
6.792340 0.002175 0.004946 0.000002
6.794515 0.002175 0.004946 0.000002
6.796691 0.002175 0.004946 0.000002
6.798866 0.002175 0.004946 0.000002
6.801042 0.002175 0.004946 0.000002
6.803217 0.002175 0.004946 0.000002
6.805392 0.002175 0.004946 0.000002
6.807568 0.002175 0.004946 0.000002
6.809743 0.002175 0.004946 0.000002
6.811919 0.002175 0.004946 0.000002
6.814094 0.002175 0.004946 0.000002
6.816270 0.002175 0.004946 0.000002
6.818445 0.002175 0.004946 0.000002
6.820620 0.002175 0.004946 0.000002
6.822796 0.002175 0.004946 0.000002
6.824971 0.002175 0.004946 0.000002
6.827147 0.002175 0.004946 0.000002
6.829322 0.002175 0.004946 0.000002
6.831498 0.002175 0.004946 0.000002
6.833673 0.002175 0.004946 0.000002
6.835848 0.002175 0.004946 0.000002
6.838024 0.002175 0.004946 0.000002
6.840199 0.002175 0.004946 0.000002
6.842375 0.002175 0.004946 0.000002
6.844550 0.002175 0.004946 0.000002
6.846726 0.002175 0.004946 0.000002
6.848901 0.002175 0.004946 0.000002
6.851077 0.002175 0.004946 0.000002
6.853252 0.002175 0.004946 0.000002
6.855428 0.002175 0.004946 0.000002
6.857603 0.002175 0.004946 0.000002
6.859779 0.002175 0.004946 0.000002
6.861954 0.002175 0.004946 0.000002
6.864129 0.002175 0.004946 0.000002
6.866305 0.002175 0.004946 0.000002
6.868480 0.002175 0.004946 0.000002
6.870656 0.002175 0.004946 0.000002
6.872831 0.002175 0.004946 0.000002
6.875007 0.002176 0.004946 0.000002
6.877182 0.002176 0.004946 0.000002
6.879358 0.002176 0.004946 0.000002
6.881533 0.002176 0.004946 0.000002
6.883709 0.002176 0.004946 0.000002
6.885885 0.002176 0.004946 0.000002
6.888060 0.002176 0.004946 0.000002
6.890236 0.002176 0.004946 0.000002
6.892411 0.002176 0.004946 0.000002
6.894587 0.002176 0.004946 0.000002
6.896762 0.002176 0.004946 0.000002
6.898938 0.002176 0.004946 0.000002
6.901113 0.002176 0.004946 0.000002
6.903289 0.002176 0.004946 0.000002
6.905464 0.002176 0.004946 0.000002
6.907640 0.002176 0.004946 0.000002
6.909815 0.002176 0.004946 0.000002
6.911991 0.002176 0.004946 0.000002
6.914167 0.002176 0.004946 0.000002
6.916342 0.002176 0.004946 0.000002
6.918518 0.002176 0.004946 0.000002
6.920693 0.002176 0.004946 0.000002
6.922869 0.002176 0.004946 0.000002
6.925044 0.002176 0.004946 0.000002
6.927220 0.002176 0.004946 0.000002
6.929396 0.002176 0.004946 0.000002
6.931571 0.002176 0.004946 0.000002
6.933747 0.002176 0.004946 0.000002
6.935922 0.002176 0.004946 0.000002
6.938098 0.002176 0.004946 0.000002
6.940273 0.002176 0.004946 0.000002
6.942449 0.002176 0.004946 0.000002
6.944625 0.002176 0.004946 0.000002
6.946800 0.002176 0.004946 0.000002
6.948976 0.002176 0.004946 0.000002
6.951151 0.002176 0.004946 0.000002
6.953327 0.002176 0.004946 0.000002
6.955503 0.002176 0.004946 0.000002
6.957678 0.002176 0.004946 0.000002
6.959854 0.002176 0.004946 0.000002
6.962030 0.002176 0.004946 0.000002
6.964205 0.002176 0.004946 0.000002
6.966381 0.002176 0.004946 0.000002
6.968556 0.002176 0.004946 0.000002
6.970732 0.002176 0.004946 0.000002
6.972908 0.002176 0.004946 0.000002
6.975083 0.002176 0.004946 0.000002
6.977259 0.002176 0.004946 0.000002
6.979435 0.002176 0.004946 0.000002
6.981610 0.002176 0.004946 0.000002
6.983786 0.002176 0.004946 0.000002
6.985962 0.002176 0.004946 0.000002
6.988137 0.002176 0.004946 0.000002
6.990313 0.002176 0.004946 0.000002
6.992489 0.002176 0.004946 0.000002
6.994664 0.002176 0.004946 0.000002
6.996840 0.002176 0.004946 0.000002
6.999016 0.002176 0.004946 0.000002
7.001191 0.002176 0.004946 0.000002
7.003367 0.002176 0.004946 0.000002
7.005543 0.002176 0.004946 0.000002
7.007718 0.002176 0.004946 0.000002
7.009894 0.002176 0.004946 0.000002
7.012070 0.002176 0.004946 0.000002
7.014246 0.002176 0.004946 0.000002
7.016421 0.002176 0.004946 0.000002
7.018597 0.002176 0.004946 0.000002
7.020773 0.002176 0.004946 0.000002
7.022948 0.002176 0.004946 0.000002
7.025124 0.002176 0.004946 0.000002
7.027300 0.002176 0.004946 0.000002
7.029476 0.002176 0.004946 0.000002
7.031651 0.002176 0.004946 0.000002
7.033827 0.002176 0.004946 0.000002
7.036003 0.002176 0.004946 0.000002
7.038179 0.002176 0.004946 0.000002
7.040354 0.002176 0.004946 0.000002
7.042530 0.002176 0.004946 0.000002
7.044706 0.002176 0.004946 0.000002
7.046882 0.002176 0.004946 0.000002
7.049057 0.002176 0.004946 0.000002
7.051233 0.002176 0.004946 0.000002
7.053409 0.002176 0.004946 0.000002
7.055585 0.002176 0.004946 0.000002
7.057760 0.002176 0.004946 0.000002
7.059936 0.002176 0.004946 0.000002
7.062112 0.002176 0.004946 0.000002
7.064288 0.002176 0.004946 0.000002
7.066463 0.002176 0.004946 0.000002
7.068639 0.002176 0.004946 0.000002
7.070815 0.002176 0.004946 0.000002
7.072991 0.002176 0.004946 0.000002
7.075167 0.002176 0.004946 0.000002
7.077342 0.002176 0.004946 0.000002
7.079518 0.002176 0.004946 0.000002
7.081694 0.002176 0.004946 0.000002
7.083870 0.002176 0.004946 0.000002
7.086046 0.002176 0.004946 0.000002
7.088221 0.002176 0.004946 0.000002
7.090397 0.002176 0.004946 0.000002
7.092573 0.002176 0.004946 0.000002
7.094749 0.002176 0.004946 0.000002
7.096925 0.002176 0.004946 0.000002
7.099101 0.002176 0.004946 0.000002
7.101276 0.002176 0.004946 0.000002
7.103452 0.002176 0.004946 0.000002
7.105628 0.002176 0.004946 0.000002
7.107804 0.002176 0.004946 0.000002
7.109980 0.002176 0.004946 0.000002
7.112156 0.002176 0.004946 0.000002
7.114332 0.002176 0.004946 0.000002
7.116507 0.002176 0.004946 0.000002
7.118683 0.002176 0.004946 0.000002
7.120859 0.002176 0.004946 0.000002
7.123035 0.002176 0.004946 0.000002
7.125211 0.002176 0.004946 0.000002
7.127387 0.002176 0.004946 0.000002
7.129563 0.002176 0.004946 0.000002
7.131738 0.002176 0.004946 0.000002
7.133914 0.002176 0.004946 0.000002
7.136090 0.002176 0.004946 0.000002
7.138266 0.002176 0.004946 0.000002
7.140442 0.002176 0.004946 0.000002
7.142618 0.002176 0.004946 0.000002
7.144794 0.002176 0.004946 0.000002
7.146970 0.002176 0.004946 0.000002
7.149146 0.002176 0.004946 0.000002
7.151321 0.002176 0.004946 0.000002
7.153497 0.002176 0.004946 0.000002
7.155673 0.002176 0.004946 0.000002
7.157849 0.002176 0.004946 0.000002
7.160025 0.002176 0.004946 0.000002
7.162201 0.002176 0.004946 0.000002
7.164377 0.002176 0.004946 0.000002
7.166553 0.002176 0.004946 0.000002
7.168729 0.002176 0.004946 0.000002
7.170905 0.002176 0.004946 0.000002
7.173081 0.002176 0.004946 0.000002
7.175256 0.002176 0.004946 0.000002
7.177432 0.002176 0.004946 0.000002
7.179608 0.002176 0.004946 0.000002
7.181784 0.002176 0.004946 0.000002
7.183960 0.002176 0.004946 0.000002
7.186136 0.002176 0.004946 0.000002
7.188312 0.002176 0.004946 0.000002
7.190488 0.002176 0.004946 0.000002
7.192664 0.002176 0.004946 0.000002
7.194840 0.002176 0.004946 0.000002
7.197016 0.002176 0.004946 0.000002
7.199192 0.002176 0.004946 0.000002
7.201368 0.002176 0.004946 0.000002
7.203544 0.002176 0.004946 0.000002
7.205720 0.002176 0.004946 0.000002
7.207896 0.002176 0.004946 0.000002
7.210072 0.002176 0.004946 0.000002
7.212248 0.002176 0.004946 0.000002
7.214424 0.002176 0.004946 0.000002
7.216600 0.002176 0.004946 0.000002
7.218776 0.002176 0.004946 0.000002
7.220952 0.002176 0.004946 0.000002
7.223128 0.002176 0.004946 0.000002
7.225304 0.002176 0.004946 0.000002
7.227480 0.002176 0.004946 0.000002
7.229656 0.002176 0.004946 0.000002
7.231832 0.002176 0.004946 0.000002
7.234008 0.002176 0.004946 0.000002
7.236184 0.002176 0.004946 0.000002
7.238360 0.002176 0.004946 0.000002
7.240536 0.002176 0.004946 0.000002
7.242712 0.002176 0.004946 0.000002
7.244888 0.002176 0.004946 0.000002
7.247064 0.002176 0.004946 0.000002
7.249240 0.002176 0.004946 0.000002
7.251416 0.002176 0.004946 0.000002
7.253592 0.002176 0.004946 0.000002
7.255768 0.002176 0.004946 0.000002
7.257944 0.002176 0.004946 0.000002
7.260120 0.002176 0.004946 0.000002
7.262296 0.002176 0.004946 0.000002
7.264472 0.002176 0.004946 0.000002
7.266648 0.002176 0.004946 0.000002
7.268824 0.002176 0.004946 0.000002
7.271000 0.002176 0.004946 0.000002
7.273176 0.002176 0.004946 0.000002
7.275352 0.002176 0.004946 0.000002
7.277528 0.002176 0.004946 0.000002
7.279704 0.002176 0.004946 0.000002
7.281880 0.002176 0.004946 0.000001
7.284056 0.002176 0.004946 0.000001
7.286233 0.002176 0.004946 0.000001
7.288409 0.002176 0.004946 0.000001
7.290585 0.002176 0.004945 0.000001
7.292761 0.002176 0.004945 0.000001
7.294937 0.002176 0.004945 0.000001
7.297113 0.002176 0.004945 0.000001
7.299289 0.002176 0.004945 0.000001
7.301465 0.002176 0.004945 0.000001
7.303641 0.002176 0.004945 0.000001
7.305817 0.002176 0.004945 0.000000
7.307993 0.002176 0.004944 0.000000
7.310170 0.002176 0.004944 0.000000
7.312346 0.002176 0.004944 -0.000000
7.314522 0.002176 0.004944 -0.000000
7.316698 0.002176 0.004944 -0.000000
7.318874 0.002176 0.004944 -0.000001
7.321050 0.002176 0.004943 -0.000001
7.323226 0.002176 0.004943 -0.000001
7.325402 0.002176 0.004943 -0.000001
7.327579 0.002176 0.004943 -0.000001
7.329755 0.002176 0.004942 -0.000002
7.331931 0.002176 0.004942 -0.000002
7.334107 0.002176 0.004942 -0.000002
7.336283 0.002176 0.004942 -0.000002
7.338459 0.002176 0.004942 -0.000003
7.340635 0.002176 0.004941 -0.000003
7.342812 0.002176 0.004941 -0.000003
7.344988 0.002176 0.004941 -0.000003
7.347164 0.002176 0.004941 -0.000004
7.349340 0.002176 0.004940 -0.000004
7.351516 0.002176 0.004940 -0.000004
7.353692 0.002176 0.004940 -0.000004
7.355869 0.002176 0.004940 -0.000005
7.358045 0.002176 0.004939 -0.000005
7.360221 0.002176 0.004939 -0.000005
7.362397 0.002176 0.004939 -0.000005
7.364573 0.002176 0.004939 -0.000005
7.366749 0.002176 0.004939 -0.000006
7.368926 0.002176 0.004938 -0.000006
7.371102 0.002176 0.004938 -0.000006
7.373278 0.002176 0.004938 -0.000006
7.375454 0.002176 0.004938 -0.000007
7.377630 0.002176 0.004937 -0.000007
7.379807 0.002176 0.004937 -0.000007
7.381983 0.002176 0.004937 -0.000007
7.384159 0.002176 0.004937 -0.000007
7.386335 0.002176 0.004937 -0.000007
7.388511 0.002176 0.004937 -0.000008
7.390688 0.002176 0.004936 -0.000008
7.392864 0.002176 0.004936 -0.000008
7.395040 0.002176 0.004936 -0.000008
7.397216 0.002176 0.004936 -0.000008
7.399393 0.002176 0.004936 -0.000008
7.401569 0.002176 0.004936 -0.000009
7.403745 0.002176 0.004935 -0.000009
7.405921 0.002176 0.004935 -0.000009
7.408098 0.002176 0.004935 -0.000009
7.410274 0.002176 0.004935 -0.000009
7.412450 0.002176 0.004935 -0.000009
7.414626 0.002176 0.004935 -0.000009
7.416802 0.002176 0.004935 -0.000010
7.418979 0.002176 0.004935 -0.000010
7.421155 0.002176 0.004934 -0.000010
7.423331 0.002176 0.004934 -0.000010
7.425507 0.002176 0.004934 -0.000010
7.427684 0.002176 0.004934 -0.000010
7.429860 0.002176 0.004934 -0.000010
7.432036 0.002176 0.004934 -0.000010
7.434213 0.002176 0.004934 -0.000010
7.436389 0.002176 0.004934 -0.000010
7.438565 0.002176 0.004934 -0.000011
7.440741 0.002176 0.004934 -0.000011
7.442918 0.002176 0.004933 -0.000011
7.445094 0.002176 0.004933 -0.000011
7.447270 0.002176 0.004933 -0.000011
7.449447 0.002176 0.004933 -0.000011
7.451623 0.002176 0.004933 -0.000011
7.453799 0.002176 0.004933 -0.000011
7.455975 0.002176 0.004933 -0.000011
7.458152 0.002176 0.004933 -0.000011
7.460328 0.002176 0.004933 -0.000011
7.462504 0.002176 0.004933 -0.000011
7.464681 0.002176 0.004933 -0.000011
7.466857 0.002176 0.004933 -0.000011
7.469033 0.002176 0.004933 -0.000011
7.471209 0.002176 0.004933 -0.000011
7.473386 0.002176 0.004933 -0.000011
7.475562 0.002176 0.004933 -0.000011
7.477738 0.002176 0.004933 -0.000011
7.479915 0.002176 0.004933 -0.000011
7.482091 0.002176 0.004933 -0.000011
7.484267 0.002176 0.004933 -0.000011
7.486444 0.002176 0.004933 -0.000011
7.488620 0.002176 0.004933 -0.000011
7.490796 0.002176 0.004933 -0.000011
7.492973 0.002176 0.004934 -0.000011
7.495149 0.002176 0.004934 -0.000010
7.497325 0.002176 0.004934 -0.000010
7.499502 0.002176 0.004934 -0.000010
7.501678 0.002176 0.004935 -0.000010
7.503854 0.002176 0.004935 -0.000009
7.506031 0.002176 0.004935 -0.000009
7.508207 0.002176 0.004936 -0.000008
7.510383 0.002176 0.004936 -0.000008
7.512560 0.002176 0.004937 -0.000007
7.514736 0.002176 0.004937 -0.000007
7.516913 0.002176 0.004938 -0.000006
7.519089 0.002176 0.004939 -0.000005
7.521265 0.002176 0.004939 -0.000005
7.523442 0.002176 0.004940 -0.000004
7.525618 0.002176 0.004941 -0.000003
7.527794 0.002176 0.004942 -0.000002
7.529971 0.002176 0.004943 -0.000001
7.532147 0.002176 0.004944 -0.000000
7.534324 0.002176 0.004945 0.000001
7.536500 0.002176 0.004946 0.000002
7.538676 0.002176 0.004947 0.000003
7.540853 0.002176 0.004948 0.000004
7.543029 0.002176 0.004950 0.000006
7.545205 0.002176 0.004951 0.000007
7.547382 0.002176 0.004952 0.000008
7.549558 0.002176 0.004954 0.000010
7.551735 0.002176 0.004955 0.000011
7.553911 0.002176 0.004957 0.000012
7.556087 0.002176 0.004958 0.000014
7.558264 0.002176 0.004960 0.000015
7.560440 0.002176 0.004961 0.000017
7.562617 0.002176 0.004963 0.000018
7.564793 0.002176 0.004964 0.000020
7.566969 0.002176 0.004966 0.000021
7.569146 0.002176 0.004967 0.000023
7.571322 0.002176 0.004969 0.000025
7.573499 0.002176 0.004970 0.000026
7.575675 0.002176 0.004972 0.000028
7.577852 0.002176 0.004974 0.000030
7.580028 0.002176 0.004975 0.000031
7.582204 0.002176 0.004977 0.000033
7.584381 0.002176 0.004979 0.000034
7.586557 0.002176 0.004980 0.000036
7.588734 0.002176 0.004982 0.000038
7.590910 0.002176 0.004984 0.000039
7.593087 0.002176 0.004985 0.000041
7.595263 0.002176 0.004987 0.000043
7.597439 0.002176 0.004988 0.000044
7.599616 0.002176 0.004990 0.000046
7.601792 0.002176 0.004991 0.000047
7.603969 0.002176 0.004993 0.000049
7.606145 0.002176 0.004995 0.000050
7.608322 0.002176 0.004996 0.000052
7.610498 0.002176 0.004998 0.000053
7.612675 0.002176 0.004999 0.000055
7.614851 0.002176 0.005001 0.000056
7.617027 0.002176 0.005002 0.000058
7.619204 0.002176 0.005003 0.000059
7.621380 0.002176 0.005005 0.000061
7.623557 0.002176 0.005006 0.000062
7.625733 0.002176 0.005007 0.000063
7.627910 0.002176 0.005009 0.000065
7.630086 0.002176 0.005010 0.000066
7.632263 0.002176 0.005011 0.000067
7.634439 0.002176 0.005013 0.000068
7.636616 0.002176 0.005014 0.000070
7.638792 0.002176 0.005015 0.000071
7.640969 0.002176 0.005016 0.000072
7.643145 0.002176 0.005017 0.000073
7.645322 0.002176 0.005018 0.000074
7.647498 0.002176 0.005019 0.000075
7.649674 0.002176 0.005020 0.000076
7.651851 0.002176 0.005021 0.000077
7.654027 0.002176 0.005022 0.000078
7.656204 0.002176 0.005023 0.000079
7.658380 0.002176 0.005024 0.000080
7.660557 0.002176 0.005025 0.000081
7.662733 0.002176 0.005026 0.000082
7.664910 0.002176 0.005027 0.000082
7.667086 0.002176 0.005028 0.000083
7.669263 0.002176 0.005028 0.000084
7.671439 0.002177 0.005029 0.000085
7.673616 0.002177 0.005030 0.000086
7.675792 0.002177 0.005030 0.000086
7.677969 0.002177 0.005031 0.000087
7.680145 0.002177 0.005032 0.000088
7.682322 0.002177 0.005032 0.000088
7.684498 0.002177 0.005033 0.000089
7.686675 0.002177 0.005033 0.000089
7.688851 0.002177 0.005034 0.000090
7.691028 0.002177 0.005034 0.000090
7.693205 0.002177 0.005035 0.000091
7.695381 0.002177 0.005035 0.000091
7.697558 0.002177 0.005036 0.000092
7.699734 0.002177 0.005036 0.000092
7.701911 0.002177 0.005037 0.000092
7.704087 0.002177 0.005037 0.000093
7.706264 0.002177 0.005037 0.000093
7.708440 0.002177 0.005038 0.000094
7.710617 0.002177 0.005038 0.000094
7.712793 0.002177 0.005038 0.000094
7.714970 0.002177 0.005039 0.000095
7.717146 0.002177 0.005039 0.000095
7.719323 0.002177 0.005039 0.000095
7.721499 0.002177 0.005040 0.000095
7.723676 0.002177 0.005040 0.000096
7.725853 0.002177 0.005040 0.000096
7.728029 0.002177 0.005041 0.000096
7.730206 0.002177 0.005041 0.000097
7.732382 0.002177 0.005041 0.000097
7.734559 0.002177 0.005041 0.000097
7.736735 0.002177 0.005042 0.000097
7.738912 0.002177 0.005042 0.000098
7.741088 0.002177 0.005042 0.000098
7.743265 0.002177 0.005042 0.000098
7.745441 0.002177 0.005043 0.000098
7.747618 0.002177 0.005043 0.000099
7.749795 0.002177 0.005043 0.000099
7.751971 0.002177 0.005043 0.000099
7.754148 0.002177 0.005043 0.000099
7.756324 0.002177 0.005044 0.000099
7.758501 0.002177 0.005044 0.000100
7.760677 0.002177 0.005044 0.000100
7.762854 0.002177 0.005044 0.000100
7.765031 0.002177 0.005044 0.000100
7.767207 0.002177 0.005044 0.000100
7.769384 0.002177 0.005044 0.000100
7.771560 0.002177 0.005044 0.000100
7.773737 0.002177 0.005044 0.000100
7.775913 0.002177 0.005044 0.000100
7.778090 0.002177 0.005044 0.000100
7.780267 0.002177 0.005045 0.000100
7.782443 0.002177 0.005045 0.000100
7.784620 0.002177 0.005045 0.000100
7.786796 0.002177 0.005045 0.000100
7.788973 0.002177 0.005045 0.000100
7.791150 0.002177 0.005045 0.000100
7.793326 0.002177 0.005045 0.000100
7.795503 0.002177 0.005045 0.000100
7.797679 0.002177 0.005045 0.000100
7.799856 0.002177 0.005045 0.000100
7.802032 0.002177 0.005045 0.000100
7.804209 0.002177 0.005045 0.000100
7.806386 0.002177 0.005045 0.000100
7.808562 0.002177 0.005045 0.000100
7.810739 0.002177 0.005045 0.000100
7.812915 0.002177 0.005045 0.000100
7.815092 0.002177 0.005045 0.000100
7.817269 0.002177 0.005045 0.000100
7.819445 0.002177 0.005045 0.000100
7.821622 0.002177 0.005045 0.000100
7.823798 0.002177 0.005045 0.000100
7.825975 0.002177 0.005044 0.000100
7.828152 0.002177 0.005044 0.000100
7.830328 0.002177 0.005044 0.000100
7.832505 0.002177 0.005044 0.000100
7.834682 0.002177 0.005044 0.000100
7.836858 0.002177 0.005044 0.000100
7.839035 0.002177 0.005044 0.000100
7.841211 0.002177 0.005044 0.000100
7.843388 0.002177 0.005044 0.000100
7.845565 0.002177 0.005044 0.000100
7.847741 0.002177 0.005044 0.000099
7.849918 0.002177 0.005044 0.000099
7.852094 0.002177 0.005043 0.000099
7.854271 0.002177 0.005043 0.000099
7.856448 0.002177 0.005043 0.000099
7.858624 0.002177 0.005043 0.000099
7.860801 0.002177 0.005043 0.000099
7.862978 0.002177 0.005043 0.000098
7.865154 0.002177 0.005042 0.000098
7.867331 0.002177 0.005042 0.000098
7.869507 0.002177 0.005042 0.000098
7.871684 0.002177 0.005042 0.000098
7.873861 0.002177 0.005042 0.000097
7.876037 0.002177 0.005041 0.000097
7.878214 0.002177 0.005041 0.000097
7.880391 0.002177 0.005041 0.000097
7.882567 0.002177 0.005041 0.000097
7.884744 0.002177 0.005041 0.000096
7.886921 0.002177 0.005040 0.000096
7.889097 0.002177 0.005040 0.000096
7.891274 0.002177 0.005040 0.000096
7.893450 0.002177 0.005040 0.000096
7.895627 0.002177 0.005040 0.000095
7.897804 0.002177 0.005039 0.000095
7.899980 0.002177 0.005039 0.000095
7.902157 0.002177 0.005039 0.000095
7.904334 0.002177 0.005039 0.000094
7.906510 0.002177 0.005038 0.000094
7.908687 0.002177 0.005038 0.000094
7.910864 0.002177 0.005038 0.000094
7.913040 0.002177 0.005038 0.000093
7.915217 0.002177 0.005037 0.000093
7.917394 0.002177 0.005037 0.000093
7.919570 0.002177 0.005037 0.000092
7.921747 0.002177 0.005036 0.000092
7.923924 0.002177 0.005036 0.000092
7.926100 0.002177 0.005036 0.000092
7.928277 0.002177 0.005036 0.000091
7.930454 0.002177 0.005035 0.000091
7.932630 0.002177 0.005035 0.000091
7.934807 0.002177 0.005035 0.000090
7.936984 0.002177 0.005034 0.000090
7.939160 0.002177 0.005034 0.000090
7.941337 0.002177 0.005034 0.000090
7.943513 0.002177 0.005034 0.000089
7.945690 0.002177 0.005033 0.000089
7.947867 0.002177 0.005033 0.000089
7.950043 0.002177 0.005033 0.000088
7.952220 0.002177 0.005032 0.000088
7.954397 0.002177 0.005032 0.000088
7.956574 0.002177 0.005032 0.000087
7.958750 0.002177 0.005031 0.000087
7.960927 0.002177 0.005031 0.000087
7.963104 0.002177 0.005031 0.000086
7.965280 0.002177 0.005030 0.000086
7.967457 0.002177 0.005030 0.000086
7.969634 0.002177 0.005030 0.000085
7.971810 0.002177 0.005029 0.000085
7.973987 0.002177 0.005029 0.000085
7.976164 0.002177 0.005029 0.000085
7.978340 0.002177 0.005028 0.000084
7.980517 0.002177 0.005028 0.000084
7.982694 0.002177 0.005028 0.000084
7.984870 0.002177 0.005027 0.000083
7.987047 0.002177 0.005027 0.000083
7.989224 0.002177 0.005027 0.000083
7.991400 0.002177 0.005026 0.000082
7.993577 0.002177 0.005026 0.000082
7.995754 0.002177 0.005026 0.000082
7.997930 0.002177 0.005025 0.000081
8.000107 0.002177 0.005025 0.000081
8.002284 0.002177 0.005025 0.000081
8.004460 0.002177 0.005024 0.000080
8.006637 0.002177 0.005024 0.000080
8.008814 0.002177 0.005024 0.000080
8.010991 0.002177 0.005023 0.000079
8.013167 0.002177 0.005023 0.000079
8.015344 0.002177 0.005023 0.000079
8.017521 0.002177 0.005022 0.000078
8.019697 0.002177 0.005022 0.000078
8.021874 0.002177 0.005022 0.000078
8.024051 0.002177 0.005022 0.000077
8.026227 0.002177 0.005021 0.000077
8.028404 0.002177 0.005021 0.000077
8.030581 0.002177 0.005021 0.000076
8.032758 0.002177 0.005020 0.000076
8.034934 0.002177 0.005020 0.000076
8.037111 0.002177 0.005020 0.000075
8.039288 0.002177 0.005019 0.000075
8.041464 0.002177 0.005019 0.000075
8.043641 0.002177 0.005019 0.000074
8.045818 0.002177 0.005018 0.000074
8.047994 0.002177 0.005018 0.000074
8.050171 0.002177 0.005018 0.000074
8.052348 0.002177 0.005017 0.000073
8.054525 0.002177 0.005017 0.000073
8.056701 0.002177 0.005017 0.000073
8.058878 0.002177 0.005017 0.000072
8.061055 0.002177 0.005016 0.000072
8.063231 0.002177 0.005016 0.000072
8.065408 0.002177 0.005016 0.000072
8.067585 0.002177 0.005015 0.000071
8.069762 0.002177 0.005015 0.000071
8.071938 0.002177 0.005015 0.000071
8.074115 0.002177 0.005015 0.000070
8.076292 0.002177 0.005014 0.000070
8.078468 0.002177 0.005014 0.000070
8.080645 0.002177 0.005014 0.000070
8.082822 0.002177 0.005013 0.000069
8.084999 0.002177 0.005013 0.000069
8.087175 0.002177 0.005013 0.000069
8.089352 0.002177 0.005013 0.000068
8.091529 0.002177 0.005012 0.000068
8.093705 0.002177 0.005012 0.000068
8.095882 0.002177 0.005012 0.000068
8.098059 0.002177 0.005012 0.000067
8.100236 0.002177 0.005011 0.000067
8.102412 0.002177 0.005011 0.000067
8.104589 0.002177 0.005011 0.000067
8.106766 0.002177 0.005011 0.000066
8.108943 0.002177 0.005010 0.000066
8.111119 0.002177 0.005010 0.000066
8.113296 0.002177 0.005010 0.000066
8.115473 0.002177 0.005010 0.000065
8.117649 0.002177 0.005009 0.000065
8.119826 0.002177 0.005009 0.000065
8.122003 0.002177 0.005009 0.000065
8.124180 0.002177 0.005009 0.000064
8.126356 0.002177 0.005008 0.000064
8.128533 0.002177 0.005008 0.000064
8.130710 0.002177 0.005008 0.000064
8.132886 0.002177 0.005008 0.000063
8.135063 0.002177 0.005007 0.000063
8.137240 0.002177 0.005007 0.000063
8.139417 0.002177 0.005007 0.000063
8.141593 0.002177 0.005007 0.000063
8.143770 0.002177 0.005007 0.000062
8.145947 0.002177 0.005006 0.000062
8.148124 0.002177 0.005006 0.000062
8.150300 0.002177 0.005006 0.000062
8.152477 0.002177 0.005006 0.000062
8.154654 0.002177 0.005006 0.000061
8.156830 0.002177 0.005005 0.000061
8.159007 0.002177 0.005005 0.000061
8.161184 0.002177 0.005005 0.000061
8.163361 0.002177 0.005005 0.000061
8.165537 0.002177 0.005005 0.000061
8.167714 0.002177 0.005005 0.000060
8.169891 0.002177 0.005004 0.000060
8.172068 0.002177 0.005004 0.000060
8.174244 0.002177 0.005004 0.000060
8.176421 0.002177 0.005004 0.000060
8.178598 0.002177 0.005004 0.000060
8.180774 0.002177 0.005004 0.000059
8.182951 0.002177 0.005003 0.000059
8.185128 0.002177 0.005003 0.000059
8.187305 0.002177 0.005003 0.000059
8.189481 0.002177 0.005003 0.000059
8.191658 0.002177 0.005003 0.000059
8.193835 0.002177 0.005003 0.000059
8.196012 0.002177 0.005003 0.000058
8.198188 0.002177 0.005002 0.000058
8.200365 0.002177 0.005002 0.000058
8.202542 0.002177 0.005002 0.000058
8.204718 0.002177 0.005002 0.000058
8.206895 0.002177 0.005002 0.000058
8.209072 0.002177 0.005002 0.000058
8.211249 0.002177 0.005002 0.000058
8.213425 0.002177 0.005002 0.000057
8.215602 0.002177 0.005002 0.000057
8.217779 0.002177 0.005001 0.000057
8.219956 0.002177 0.005001 0.000057
8.222132 0.002177 0.005001 0.000057
8.224309 0.002177 0.005001 0.000057
8.226486 0.002177 0.005001 0.000057
8.228662 0.002177 0.005001 0.000057
8.230839 0.002177 0.005001 0.000057
8.233016 0.002177 0.005001 0.000057
8.235193 0.002177 0.005001 0.000057
8.237369 0.002177 0.005001 0.000056
8.239546 0.002177 0.005001 0.000056
8.241723 0.002177 0.005001 0.000056
8.243900 0.002177 0.005000 0.000056
8.246076 0.002177 0.005000 0.000056
8.248253 0.002177 0.005000 0.000056
8.250430 0.002177 0.005000 0.000056
8.252606 0.002177 0.005000 0.000056
8.254783 0.002177 0.005000 0.000056
8.256960 0.002177 0.005000 0.000056
8.259136 0.002176 0.005000 0.000056
8.261313 0.002176 0.005000 0.000056
8.263489 0.002176 0.005000 0.000056
8.265665 0.002176 0.005000 0.000056
8.267841 0.002176 0.005000 0.000056
8.270017 0.002176 0.005000 0.000056
8.272193 0.002176 0.005000 0.000056
8.274369 0.002176 0.005000 0.000056
8.276545 0.002176 0.005000 0.000055
8.278721 0.002176 0.005000 0.000055
8.280896 0.002176 0.005000 0.000055
8.283072 0.002176 0.005000 0.000055
8.285247 0.002175 0.005000 0.000055
8.287423 0.002175 0.005000 0.000055
8.289598 0.002175 0.005000 0.000055
8.291773 0.002175 0.004999 0.000055
8.293948 0.002175 0.004999 0.000055
8.296123 0.002175 0.004999 0.000055
8.298298 0.002175 0.004999 0.000055
8.300473 0.002175 0.004999 0.000055
8.302648 0.002175 0.004999 0.000055
8.304823 0.002175 0.004999 0.000055
8.306997 0.002175 0.004999 0.000055
8.309172 0.002175 0.004999 0.000055
8.311346 0.002174 0.004999 0.000055
8.313521 0.002174 0.004999 0.000055
8.315695 0.002174 0.004999 0.000055
8.317869 0.002174 0.004999 0.000055
8.320043 0.002174 0.004999 0.000055
8.322218 0.002174 0.004999 0.000055
8.324391 0.002174 0.004999 0.000055
8.326565 0.002174 0.004999 0.000055
8.328739 0.002174 0.004999 0.000055
8.330913 0.002174 0.004999 0.000055
8.333087 0.002174 0.004999 0.000055
8.335260 0.002174 0.004999 0.000055
8.337434 0.002173 0.004999 0.000055
8.339607 0.002173 0.004999 0.000055
8.341780 0.002173 0.004999 0.000055
8.343953 0.002173 0.004999 0.000055
8.346127 0.002173 0.004999 0.000055
8.348300 0.002173 0.004999 0.000055
8.350473 0.002173 0.005000 0.000055
8.352645 0.002173 0.005000 0.000055
8.354818 0.002173 0.005000 0.000055
8.356991 0.002173 0.005000 0.000055
8.359164 0.002173 0.005000 0.000055
8.361336 0.002173 0.005000 0.000055
8.363509 0.002172 0.005000 0.000055
8.365681 0.002172 0.005000 0.000055
8.367853 0.002172 0.005000 0.000056
8.370026 0.002172 0.005000 0.000056
8.372198 0.002172 0.005000 0.000056
8.374370 0.002172 0.005000 0.000056
8.376542 0.002172 0.005000 0.000056
8.378714 0.002172 0.005000 0.000056
8.380885 0.002172 0.005000 0.000056
8.383057 0.002172 0.005000 0.000056
8.385229 0.002172 0.005000 0.000056
8.387400 0.002172 0.005000 0.000056
8.389572 0.002171 0.005000 0.000056
8.391743 0.002171 0.005000 0.000056
8.393914 0.002171 0.005000 0.000056
8.396085 0.002171 0.005000 0.000056
8.398257 0.002171 0.005000 0.000056
8.400428 0.002171 0.005000 0.000056
8.402599 0.002171 0.005000 0.000056
8.404769 0.002171 0.005000 0.000056
8.406940 0.002171 0.005000 0.000056
8.409111 0.002171 0.005000 0.000056
8.411282 0.002171 0.005001 0.000056
8.413452 0.002171 0.005001 0.000056
8.415623 0.002170 0.005001 0.000056
8.417793 0.002170 0.005001 0.000056
8.419963 0.002170 0.005001 0.000057
8.422133 0.002170 0.005001 0.000057
8.424303 0.002170 0.005001 0.000057
8.426473 0.002170 0.005001 0.000057
8.428643 0.002170 0.005001 0.000057
8.430813 0.002170 0.005001 0.000057
8.432983 0.002170 0.005001 0.000057
8.435153 0.002170 0.005001 0.000057
8.437322 0.002170 0.005001 0.000057
8.439492 0.002169 0.005001 0.000057
8.441661 0.002169 0.005001 0.000057
8.443830 0.002169 0.005001 0.000057
8.446000 0.002169 0.005002 0.000057
8.448169 0.002169 0.005002 0.000057
8.450338 0.002169 0.005002 0.000057
8.452507 0.002169 0.005002 0.000058
8.454676 0.002169 0.005002 0.000058
8.456845 0.002169 0.005002 0.000058
8.459013 0.002169 0.005002 0.000058
8.461182 0.002169 0.005002 0.000058
8.463351 0.002169 0.005002 0.000058
8.465519 0.002168 0.005002 0.000058
8.467687 0.002168 0.005002 0.000058
8.469856 0.002168 0.005002 0.000058
8.472024 0.002168 0.005002 0.000058
8.474192 0.002168 0.005003 0.000058
8.476360 0.002168 0.005003 0.000058
8.478528 0.002168 0.005003 0.000058
8.480696 0.002168 0.005003 0.000059
8.482864 0.002168 0.005003 0.000059
8.485031 0.002168 0.005003 0.000059
8.487199 0.002168 0.005003 0.000059
8.489366 0.002167 0.005003 0.000059
8.491534 0.002167 0.005003 0.000059
8.493701 0.002167 0.005003 0.000059
8.495868 0.002167 0.005003 0.000059
8.498035 0.002167 0.005003 0.000059
8.500202 0.002167 0.005004 0.000059
8.502369 0.002167 0.005004 0.000059
8.504536 0.002167 0.005004 0.000060
8.506703 0.002167 0.005004 0.000060
8.508870 0.002167 0.005004 0.000060
8.511036 0.002167 0.005004 0.000060
8.513203 0.002167 0.005004 0.000060
8.515369 0.002166 0.005004 0.000060
8.517535 0.002166 0.005004 0.000060
8.519702 0.002166 0.005004 0.000060
8.521868 0.002166 0.005005 0.000060
8.524034 0.002166 0.005005 0.000060
8.526200 0.002166 0.005005 0.000061
8.528366 0.002166 0.005005 0.000061
8.530531 0.002166 0.005005 0.000061
8.532697 0.002166 0.005005 0.000061
8.534863 0.002166 0.005005 0.000061
8.537028 0.002165 0.005005 0.000061
8.539194 0.002165 0.005005 0.000061
8.541359 0.002165 0.005006 0.000061
8.543524 0.002165 0.005006 0.000061
8.545689 0.002165 0.005006 0.000062
8.547854 0.002165 0.005006 0.000062
8.550019 0.002165 0.005006 0.000062
8.552184 0.002165 0.005006 0.000062
8.554349 0.002165 0.005006 0.000062
8.556513 0.002165 0.005006 0.000062
8.558678 0.002165 0.005006 0.000062
8.560842 0.002164 0.005007 0.000062
8.563007 0.002164 0.005007 0.000062
8.565171 0.002164 0.005007 0.000063
8.567335 0.002164 0.005007 0.000063
8.569499 0.002164 0.005007 0.000063
8.571663 0.002164 0.005007 0.000063
8.573827 0.002164 0.005007 0.000063
8.575991 0.002164 0.005007 0.000063
8.578154 0.002164 0.005007 0.000063
8.580318 0.002164 0.005008 0.000063
8.582481 0.002163 0.005008 0.000063
8.584645 0.002163 0.005008 0.000064
8.586808 0.002163 0.005008 0.000064
8.588971 0.002163 0.005008 0.000064
8.591134 0.002163 0.005008 0.000064
8.593297 0.002163 0.005008 0.000064
8.595460 0.002163 0.005008 0.000064
8.597623 0.002163 0.005009 0.000064
8.599786 0.002163 0.005009 0.000064
8.601948 0.002163 0.005009 0.000065
8.604111 0.002162 0.005009 0.000065
8.606273 0.002162 0.005009 0.000065
8.608435 0.002162 0.005009 0.000065
8.610598 0.002162 0.005009 0.000065
8.612760 0.002162 0.005009 0.000065
8.614922 0.002162 0.005009 0.000065
8.617084 0.002162 0.005010 0.000065
8.619245 0.002162 0.005010 0.000066
8.621407 0.002162 0.005010 0.000066
8.623569 0.002162 0.005010 0.000066
8.625730 0.002161 0.005010 0.000066
8.627891 0.002161 0.005010 0.000066
8.630053 0.002161 0.005010 0.000066
8.632214 0.002161 0.005010 0.000066
8.634375 0.002161 0.005011 0.000066
8.636536 0.002161 0.005011 0.000067
8.638697 0.002161 0.005011 0.000067
8.640857 0.002161 0.005011 0.000067
8.643018 0.002161 0.005011 0.000067
8.645178 0.002161 0.005011 0.000067
8.647339 0.002160 0.005011 0.000067
8.649499 0.002160 0.005011 0.000067
8.651659 0.002160 0.005012 0.000067
8.653819 0.002160 0.005012 0.000068
8.655979 0.002160 0.005012 0.000068
8.658139 0.002160 0.005012 0.000068
8.660299 0.002160 0.005012 0.000068
8.662459 0.002160 0.005012 0.000068
8.664618 0.002160 0.005012 0.000068
8.666778 0.002159 0.005012 0.000068
8.668937 0.002159 0.005013 0.000068
8.671096 0.002159 0.005013 0.000069
8.673255 0.002159 0.005013 0.000069
8.675414 0.002159 0.005013 0.000069
8.677573 0.002159 0.005013 0.000069
8.679732 0.002159 0.005013 0.000069
8.681890 0.002159 0.005013 0.000069
8.684049 0.002159 0.005014 0.000069
8.686207 0.002158 0.005014 0.000069
8.688366 0.002158 0.005014 0.000070
8.690524 0.002158 0.005014 0.000070
8.692682 0.002158 0.005014 0.000070
8.694840 0.002158 0.005014 0.000070
8.696998 0.002158 0.005014 0.000070
8.699155 0.002158 0.005015 0.000070
8.701313 0.002158 0.005015 0.000070
8.703471 0.002158 0.005015 0.000071
8.705628 0.002157 0.005015 0.000071
8.707785 0.002157 0.005015 0.000071
8.709942 0.002157 0.005015 0.000071
8.712099 0.002157 0.005015 0.000071
8.714256 0.002157 0.005016 0.000071
8.716413 0.002157 0.005016 0.000071
8.718570 0.002157 0.005016 0.000072
8.720726 0.002157 0.005016 0.000072
8.722883 0.002156 0.005016 0.000072
8.725039 0.002156 0.005016 0.000072
8.727195 0.002156 0.005016 0.000072
8.729351 0.002156 0.005017 0.000072
8.731507 0.002156 0.005017 0.000073
8.733663 0.002156 0.005017 0.000073
8.735819 0.002156 0.005017 0.000073
8.737974 0.002156 0.005017 0.000073
8.740130 0.002155 0.005017 0.000073
8.742285 0.002155 0.005018 0.000073
8.744441 0.002155 0.005018 0.000074
8.746596 0.002155 0.005018 0.000074
8.748751 0.002155 0.005018 0.000074
8.750905 0.002155 0.005018 0.000074
8.753060 0.002155 0.005018 0.000074
8.755215 0.002155 0.005019 0.000074
8.757369 0.002154 0.005019 0.000075
8.759524 0.002154 0.005019 0.000075
8.761678 0.002154 0.005019 0.000075
8.763832 0.002154 0.005019 0.000075
8.765986 0.002154 0.005019 0.000075
8.768140 0.002154 0.005020 0.000075
8.770293 0.002154 0.005020 0.000076
8.772447 0.002154 0.005020 0.000076
8.774601 0.002153 0.005020 0.000076
8.776754 0.002153 0.005020 0.000076
8.778907 0.002153 0.005020 0.000076
8.781060 0.002153 0.005021 0.000076
8.783213 0.002153 0.005021 0.000077
8.785366 0.002153 0.005021 0.000077
8.787518 0.002153 0.005021 0.000077
8.789671 0.002153 0.005021 0.000077
8.791823 0.002152 0.005022 0.000077
8.793976 0.002152 0.005022 0.000078
8.796128 0.002152 0.005022 0.000078
8.798280 0.002152 0.005022 0.000078
8.800432 0.002152 0.005022 0.000078
8.802583 0.002152 0.005023 0.000078
8.804735 0.002152 0.005023 0.000079
8.806887 0.002151 0.005023 0.000079
8.809038 0.002151 0.005023 0.000079
8.811189 0.002151 0.005023 0.000079
8.813340 0.002151 0.005024 0.000079
8.815491 0.002151 0.005024 0.000080
8.817642 0.002151 0.005024 0.000080
8.819792 0.002151 0.005024 0.000080
8.821943 0.002151 0.005024 0.000080
8.824093 0.002150 0.005025 0.000080
8.826244 0.002150 0.005025 0.000081
8.828394 0.002150 0.005025 0.000081
8.830544 0.002150 0.005025 0.000081
8.832693 0.002150 0.005025 0.000081
8.834843 0.002150 0.005026 0.000081
8.836993 0.002150 0.005026 0.000082
8.839142 0.002149 0.005026 0.000082
8.841291 0.002149 0.005026 0.000082
8.843440 0.002149 0.005026 0.000082
8.845589 0.002149 0.005027 0.000082
8.847738 0.002149 0.005027 0.000083
8.849887 0.002149 0.005027 0.000083
8.852035 0.002149 0.005027 0.000083
8.854184 0.002148 0.005028 0.000083
8.856332 0.002148 0.005028 0.000084
8.858480 0.002148 0.005028 0.000084
8.860628 0.002148 0.005028 0.000084
8.862776 0.002148 0.005029 0.000084
8.864923 0.002148 0.005029 0.000085
8.867071 0.002147 0.005029 0.000085
8.869218 0.002147 0.005029 0.000085
8.871365 0.002147 0.005030 0.000085
8.873512 0.002147 0.005030 0.000086
8.875659 0.002147 0.005030 0.000086
8.877806 0.002147 0.005030 0.000086
8.879953 0.002147 0.005031 0.000086
8.882099 0.002146 0.005031 0.000087
8.884245 0.002146 0.005031 0.000087
8.886392 0.002146 0.005031 0.000087
8.888538 0.002146 0.005032 0.000087
8.890683 0.002146 0.005032 0.000088
8.892829 0.002146 0.005032 0.000088
8.894975 0.002146 0.005032 0.000088
8.897120 0.002145 0.005033 0.000088
8.899265 0.002145 0.005033 0.000089
8.901410 0.002145 0.005033 0.000089
8.903555 0.002145 0.005034 0.000089
8.905700 0.002145 0.005034 0.000090
8.907845 0.002145 0.005034 0.000090
8.909989 0.002144 0.005034 0.000090
8.912133 0.002144 0.005035 0.000091
8.914277 0.002144 0.005035 0.000091
8.916421 0.002144 0.005035 0.000091
8.918565 0.002144 0.005036 0.000091
8.920709 0.002144 0.005036 0.000092
8.922852 0.002143 0.005036 0.000092
8.924996 0.002143 0.005037 0.000092
8.927139 0.002143 0.005037 0.000093
8.929282 0.002143 0.005037 0.000093
8.931425 0.002143 0.005038 0.000093
8.933567 0.002143 0.005038 0.000094
8.935710 0.002142 0.005038 0.000094
8.937852 0.002142 0.005039 0.000094
8.939994 0.002142 0.005039 0.000095
8.942136 0.002142 0.005039 0.000095
8.944278 0.002142 0.005040 0.000096
8.946420 0.002142 0.005040 0.000096
8.948561 0.002142 0.005040 0.000096
8.950703 0.002141 0.005041 0.000097
8.952844 0.002141 0.005041 0.000097
8.954985 0.002141 0.005042 0.000097
8.957126 0.002141 0.005042 0.000098
8.959266 0.002141 0.005042 0.000098
8.961407 0.002141 0.005043 0.000099
8.963547 0.002140 0.005043 0.000099
8.965687 0.002140 0.005044 0.000099
8.967827 0.002140 0.005044 0.000100
8.969967 0.002140 0.005044 0.000100
8.972107 0.002140 0.005045 0.000101
8.974246 0.002139 0.005045 0.000101
8.976386 0.002139 0.005046 0.000101
8.978525 0.002139 0.005046 0.000102
8.980664 0.002139 0.005047 0.000102
8.982803 0.002139 0.005047 0.000103
8.984941 0.002139 0.005047 0.000103
8.987080 0.002138 0.005048 0.000104
8.989218 0.002138 0.005048 0.000104
8.991356 0.002138 0.005049 0.000105
8.993494 0.002138 0.005049 0.000105
8.995632 0.002138 0.005050 0.000106
8.997770 0.002138 0.005050 0.000106
8.999907 0.002137 0.005051 0.000106
9.002044 0.002137 0.005051 0.000107
9.004181 0.002137 0.005052 0.000107
9.006318 0.002137 0.005052 0.000108
9.008455 0.002137 0.005053 0.000108
9.010591 0.002137 0.005053 0.000109
9.012728 0.002136 0.005054 0.000109
9.014864 0.002136 0.005054 0.000110
9.017000 0.002136 0.005055 0.000110
9.019136 0.002136 0.005055 0.000111
9.021271 0.002136 0.005056 0.000111
9.023407 0.002135 0.005056 0.000112
9.025542 0.002135 0.005057 0.000112
9.027677 0.002135 0.005057 0.000113
9.029812 0.002135 0.005058 0.000113
9.031947 0.002135 0.005058 0.000114
9.034081 0.002135 0.005059 0.000115
9.036216 0.002134 0.005059 0.000115
9.038350 0.002134 0.005060 0.000116
9.040484 0.002134 0.005060 0.000116
9.042618 0.002134 0.005061 0.000117
9.044751 0.002134 0.005061 0.000117
9.046885 0.002133 0.005062 0.000118
9.049018 0.002133 0.005063 0.000118
9.051151 0.002133 0.005063 0.000119
9.053284 0.002133 0.005064 0.000119
9.055417 0.002133 0.005064 0.000120
9.057549 0.002133 0.005065 0.000121
9.059682 0.002132 0.005065 0.000121
9.061814 0.002132 0.005066 0.000122
9.063946 0.002132 0.005066 0.000122
9.066077 0.002132 0.005067 0.000123
9.068209 0.002132 0.005067 0.000123
9.070340 0.002131 0.005068 0.000124
9.072472 0.002131 0.005069 0.000124
9.074603 0.002131 0.005069 0.000125
9.076733 0.002131 0.005070 0.000126
9.078864 0.002131 0.005070 0.000126
9.080994 0.002130 0.005071 0.000127
9.083125 0.002130 0.005071 0.000127
9.085255 0.002130 0.005072 0.000128
9.087385 0.002130 0.005073 0.000128
9.089514 0.002130 0.005073 0.000129
9.091644 0.002129 0.005074 0.000129
9.093773 0.002129 0.005074 0.000130
9.095902 0.002129 0.005075 0.000131
9.098031 0.002129 0.005075 0.000131
9.100160 0.002129 0.005076 0.000132
9.102288 0.002129 0.005076 0.000132
9.104417 0.002128 0.005077 0.000133
9.106545 0.002128 0.005078 0.000133
9.108673 0.002128 0.005078 0.000134
9.110800 0.002128 0.005079 0.000134
9.112928 0.002128 0.005079 0.000135
9.115055 0.002127 0.005080 0.000136
9.117182 0.002127 0.005080 0.000136
9.119309 0.002127 0.005081 0.000137
9.121436 0.002127 0.005081 0.000137
9.123563 0.002127 0.005082 0.000138
9.125689 0.002126 0.005083 0.000138
9.127815 0.002126 0.005083 0.000139
9.129941 0.002126 0.005084 0.000139
9.132067 0.002126 0.005084 0.000140
9.134192 0.002126 0.005085 0.000140
9.136318 0.002125 0.005085 0.000141
9.138443 0.002125 0.005086 0.000141
9.140568 0.002125 0.005086 0.000142
9.142693 0.002125 0.005087 0.000142
9.144817 0.002125 0.005087 0.000143
9.146941 0.002124 0.005088 0.000143
9.149066 0.002124 0.005088 0.000144
9.151190 0.002124 0.005089 0.000144
9.153313 0.002124 0.005089 0.000145
9.155437 0.002124 0.005090 0.000145
9.157560 0.002123 0.005090 0.000146
9.159683 0.002123 0.005091 0.000146
9.161806 0.002123 0.005091 0.000147
9.163929 0.002123 0.005091 0.000147
9.166052 0.002123 0.005092 0.000148
9.168174 0.002122 0.005092 0.000148
9.170296 0.002122 0.005093 0.000149
9.172418 0.002122 0.005093 0.000149
9.174540 0.002122 0.005094 0.000149
9.176661 0.002122 0.005094 0.000150
9.178782 0.002121 0.005095 0.000150
9.180903 0.002121 0.005095 0.000151
9.183024 0.002121 0.005095 0.000151
9.185145 0.002121 0.005096 0.000152
9.187266 0.002120 0.005096 0.000152
9.189386 0.002120 0.005097 0.000152
9.191506 0.002120 0.005097 0.000153
9.193626 0.002120 0.005097 0.000153
9.195745 0.002120 0.005098 0.000154
9.197865 0.002119 0.005098 0.000154
9.199984 0.002119 0.005099 0.000154
9.202103 0.002119 0.005099 0.000155
9.204222 0.002119 0.005099 0.000155
9.206340 0.002119 0.005100 0.000156
9.208459 0.002118 0.005100 0.000156
9.210577 0.002118 0.005101 0.000156
9.212695 0.002118 0.005101 0.000157
9.214813 0.002118 0.005101 0.000157
9.216930 0.002118 0.005102 0.000158
9.219048 0.002117 0.005102 0.000158
9.221165 0.002117 0.005103 0.000158
9.223282 0.002117 0.005103 0.000159
9.225399 0.002117 0.005103 0.000159
9.227515 0.002117 0.005104 0.000159
9.229631 0.002116 0.005104 0.000160
9.231747 0.002116 0.005104 0.000160
9.233863 0.002116 0.005105 0.000161
9.235979 0.002116 0.005105 0.000161
9.238094 0.002115 0.005105 0.000161
9.240210 0.002115 0.005106 0.000162
9.242325 0.002115 0.005106 0.000162
9.244439 0.002115 0.005106 0.000162
9.246554 0.002115 0.005107 0.000162
9.248668 0.002114 0.005107 0.000163
9.250783 0.002114 0.005107 0.000163
9.252897 0.002114 0.005108 0.000163
9.255010 0.002114 0.005108 0.000164
9.257124 0.002114 0.005108 0.000164
9.259237 0.002113 0.005108 0.000164
9.261350 0.002113 0.005109 0.000164
9.263463 0.002113 0.005109 0.000165
9.265576 0.002113 0.005109 0.000165
9.267688 0.002112 0.005109 0.000165
9.269801 0.002112 0.005109 0.000165
9.271913 0.002112 0.005110 0.000165
9.274024 0.002112 0.005110 0.000166
9.276136 0.002112 0.005110 0.000166
9.278247 0.002111 0.005110 0.000166
9.280358 0.002111 0.005110 0.000166
9.282469 0.002111 0.005111 0.000166
9.284580 0.002111 0.005111 0.000167
9.286691 0.002111 0.005111 0.000167
9.288801 0.002110 0.005111 0.000167
9.290911 0.002110 0.005111 0.000167
9.293021 0.002110 0.005112 0.000167
9.295131 0.002110 0.005112 0.000168
9.297240 0.002109 0.005112 0.000168
9.299349 0.002109 0.005112 0.000168
9.301458 0.002109 0.005112 0.000168
9.303567 0.002109 0.005112 0.000168
9.305676 0.002109 0.005113 0.000168
9.307784 0.002108 0.005113 0.000168
9.309892 0.002108 0.005113 0.000169
9.312000 0.002108 0.005113 0.000169
9.314108 0.002108 0.005113 0.000169
9.316215 0.002107 0.005113 0.000169
9.318322 0.002107 0.005113 0.000169
9.320430 0.002107 0.005114 0.000169
9.322536 0.002107 0.005114 0.000169
9.324643 0.002107 0.005114 0.000170
9.326749 0.002106 0.005114 0.000170
9.328856 0.002106 0.005114 0.000170
9.330961 0.002106 0.005114 0.000170
9.333067 0.002106 0.005114 0.000170
9.335173 0.002106 0.005114 0.000170
9.337278 0.002105 0.005114 0.000170
9.339383 0.002105 0.005115 0.000170
9.341488 0.002105 0.005115 0.000170
9.343593 0.002105 0.005115 0.000171
9.345697 0.002104 0.005115 0.000171
9.347801 0.002104 0.005115 0.000171
9.349905 0.002104 0.005115 0.000171
9.352009 0.002104 0.005115 0.000171
9.354113 0.002104 0.005115 0.000171
9.356216 0.002103 0.005115 0.000171
9.358319 0.002103 0.005115 0.000171
9.360422 0.002103 0.005115 0.000171
9.362525 0.002103 0.005115 0.000171
9.364627 0.002102 0.005116 0.000171
9.366729 0.002102 0.005116 0.000171
9.368831 0.002102 0.005116 0.000171
9.370933 0.002102 0.005116 0.000172
9.373035 0.002102 0.005116 0.000172
9.375136 0.002101 0.005116 0.000172
9.377237 0.002101 0.005116 0.000172
9.379338 0.002101 0.005116 0.000172
9.381439 0.002101 0.005116 0.000172
9.383539 0.002100 0.005116 0.000172
9.385639 0.002100 0.005116 0.000172
9.387739 0.002100 0.005116 0.000172
9.389839 0.002100 0.005116 0.000172
9.391939 0.002100 0.005116 0.000172
9.394038 0.002099 0.005116 0.000172
9.396137 0.002099 0.005116 0.000172
9.398236 0.002099 0.005116 0.000172
9.400335 0.002099 0.005116 0.000172
9.402433 0.002098 0.005116 0.000172
9.404532 0.002098 0.005116 0.000172
9.406630 0.002098 0.005116 0.000172
9.408728 0.002098 0.005116 0.000172
9.410825 0.002098 0.005116 0.000172
9.412923 0.002097 0.005116 0.000172
9.415020 0.002097 0.005116 0.000172
9.417117 0.002097 0.005116 0.000172
9.419213 0.002097 0.005116 0.000172
9.421310 0.002097 0.005116 0.000172
9.423406 0.002096 0.005116 0.000172
9.425502 0.002096 0.005116 0.000172
9.427598 0.002096 0.005116 0.000172
9.429694 0.002096 0.005116 0.000172
9.431789 0.002095 0.005116 0.000172
9.433884 0.002095 0.005116 0.000172
9.435979 0.002095 0.005116 0.000172
9.438074 0.002095 0.005116 0.000172
9.440169 0.002095 0.005116 0.000172
9.442263 0.002094 0.005116 0.000172
9.444357 0.002094 0.005116 0.000172
9.446451 0.002094 0.005116 0.000172
9.448545 0.002094 0.005116 0.000172
9.450638 0.002093 0.005116 0.000172
9.452731 0.002093 0.005116 0.000172
9.454824 0.002093 0.005116 0.000172
9.456917 0.002093 0.005116 0.000171
9.459009 0.002093 0.005116 0.000171
9.461102 0.002092 0.005116 0.000171
9.463194 0.002092 0.005116 0.000171
9.465286 0.002092 0.005115 0.000171
9.467377 0.002092 0.005115 0.000171
9.469469 0.002091 0.005115 0.000171
9.471560 0.002091 0.005115 0.000171
9.473651 0.002091 0.005115 0.000171
9.475742 0.002091 0.005115 0.000171
9.477833 0.002091 0.005115 0.000171
9.479923 0.002090 0.005115 0.000171
9.482013 0.002090 0.005115 0.000170
9.484103 0.002090 0.005115 0.000170
9.486193 0.002090 0.005114 0.000170
9.488282 0.002089 0.005114 0.000170
9.490371 0.002089 0.005114 0.000170
9.492460 0.002089 0.005114 0.000170
9.494549 0.002089 0.005114 0.000170
9.496638 0.002089 0.005114 0.000169
9.498726 0.002088 0.005114 0.000169
9.500814 0.002088 0.005113 0.000169
9.502902 0.002088 0.005113 0.000169
9.504990 0.002088 0.005113 0.000169
9.507078 0.002088 0.005113 0.000169
9.509165 0.002087 0.005113 0.000168
9.511252 0.002087 0.005112 0.000168
9.513339 0.002087 0.005112 0.000168
9.515426 0.002087 0.005112 0.000168
9.517512 0.002086 0.005112 0.000167
9.519598 0.002086 0.005111 0.000167
9.521684 0.002086 0.005111 0.000167
9.523770 0.002086 0.005111 0.000167
9.525856 0.002086 0.005111 0.000166
9.527941 0.002085 0.005110 0.000166
9.530026 0.002085 0.005110 0.000166
9.532111 0.002085 0.005110 0.000165
9.534196 0.002085 0.005109 0.000165
9.536280 0.002084 0.005109 0.000165
9.538364 0.002084 0.005109 0.000164
9.540448 0.002084 0.005108 0.000164
9.542532 0.002084 0.005108 0.000164
9.544616 0.002084 0.005108 0.000163
9.546699 0.002083 0.005107 0.000163
9.548782 0.002083 0.005107 0.000163
9.550865 0.002083 0.005107 0.000162
9.552948 0.002083 0.005106 0.000162
9.555031 0.002083 0.005106 0.000162
9.557113 0.002082 0.005105 0.000161
9.559195 0.002082 0.005105 0.000161
9.561277 0.002082 0.005104 0.000160
9.563359 0.002082 0.005104 0.000160
9.565440 0.002081 0.005104 0.000159
9.567521 0.002081 0.005103 0.000159
9.569602 0.002081 0.005103 0.000159
9.571683 0.002081 0.005102 0.000158
9.573764 0.002081 0.005102 0.000158
9.575844 0.002080 0.005101 0.000157
9.577925 0.002080 0.005101 0.000157
9.580005 0.002080 0.005100 0.000156
9.582084 0.002080 0.005100 0.000156
9.584164 0.002080 0.005099 0.000155
9.586243 0.002079 0.005099 0.000155
9.588322 0.002079 0.005098 0.000154
9.590401 0.002079 0.005098 0.000154
9.592480 0.002079 0.005097 0.000153
9.594558 0.002078 0.005097 0.000153
9.596637 0.002078 0.005096 0.000152
9.598715 0.002078 0.005096 0.000151
9.600793 0.002078 0.005095 0.000151
9.602870 0.002078 0.005095 0.000150
9.604948 0.002077 0.005094 0.000150
9.607025 0.002077 0.005093 0.000149
9.609102 0.002077 0.005093 0.000149
9.611179 0.002077 0.005092 0.000148
9.613255 0.002077 0.005092 0.000148
9.615332 0.002076 0.005091 0.000147
9.617408 0.002076 0.005091 0.000146
9.619484 0.002076 0.005090 0.000146
9.621560 0.002076 0.005089 0.000145
9.623635 0.002076 0.005089 0.000145
9.625710 0.002075 0.005088 0.000144
9.627786 0.002075 0.005088 0.000143
9.629860 0.002075 0.005087 0.000143
9.631935 0.002075 0.005086 0.000142
9.634010 0.002075 0.005086 0.000142
9.636084 0.002074 0.005085 0.000141
9.638158 0.002074 0.005084 0.000140
9.640232 0.002074 0.005084 0.000140
9.642306 0.002074 0.005083 0.000139
9.644379 0.002073 0.005083 0.000138
9.646452 0.002073 0.005082 0.000138
9.648525 0.002073 0.005081 0.000137
9.650598 0.002073 0.005081 0.000136
9.652671 0.002073 0.005080 0.000136
9.654743 0.002072 0.005079 0.000135
9.656815 0.002072 0.005079 0.000134
9.658888 0.002072 0.005078 0.000134
9.660959 0.002072 0.005077 0.000133
9.663031 0.002072 0.005077 0.000132
9.665102 0.002071 0.005076 0.000132
9.667174 0.002071 0.005075 0.000131
9.669245 0.002071 0.005075 0.000130
9.671315 0.002071 0.005074 0.000130
9.673386 0.002071 0.005073 0.000129
9.675456 0.002070 0.005073 0.000128
9.677526 0.002070 0.005072 0.000128
9.679596 0.002070 0.005071 0.000127
9.681666 0.002070 0.005070 0.000126
9.683736 0.002070 0.005070 0.000125
9.685805 0.002069 0.005069 0.000125
9.687874 0.002069 0.005068 0.000124
9.689943 0.002069 0.005068 0.000123
9.692012 0.002069 0.005067 0.000123
9.694081 0.002069 0.005066 0.000122
9.696149 0.002068 0.005065 0.000121
9.698217 0.002068 0.005065 0.000120
9.700285 0.002068 0.005064 0.000120
9.702353 0.002068 0.005063 0.000119
9.704420 0.002068 0.005062 0.000118
9.706488 0.002067 0.005062 0.000117
9.708555 0.002067 0.005061 0.000117
9.710622 0.002067 0.005060 0.000116
9.712689 0.002067 0.005059 0.000115
9.714755 0.002067 0.005059 0.000114
9.716821 0.002066 0.005058 0.000114
9.718888 0.002066 0.005057 0.000113
9.720954 0.002066 0.005056 0.000112
9.723019 0.002066 0.005056 0.000111
9.725085 0.002066 0.005055 0.000111
9.727150 0.002065 0.005054 0.000110
9.729215 0.002065 0.005053 0.000109
9.731280 0.002065 0.005052 0.000108
9.733345 0.002065 0.005052 0.000107
9.735410 0.002065 0.005051 0.000107
9.737474 0.002064 0.005050 0.000106
9.739538 0.002064 0.005049 0.000105
9.741602 0.002064 0.005048 0.000104
9.743666 0.002064 0.005048 0.000103
9.745730 0.002064 0.005047 0.000103
9.747793 0.002063 0.005046 0.000102
9.749856 0.002063 0.005045 0.000101
9.751919 0.002063 0.005044 0.000100
9.753982 0.002063 0.005043 0.000099
9.756045 0.002063 0.005043 0.000098
9.758107 0.002062 0.005042 0.000098
9.760169 0.002062 0.005041 0.000097
9.762231 0.002062 0.005040 0.000096
9.764293 0.002062 0.005039 0.000095
9.766355 0.002062 0.005038 0.000094
9.768416 0.002061 0.005037 0.000093
9.770477 0.002061 0.005037 0.000092
9.772538 0.002061 0.005036 0.000091
9.774599 0.002061 0.005035 0.000091
9.776660 0.002061 0.005034 0.000090
9.778721 0.002060 0.005033 0.000089
9.780781 0.002060 0.005032 0.000088
9.782841 0.002060 0.005031 0.000087
9.784901 0.002060 0.005030 0.000086
9.786961 0.002060 0.005029 0.000085
9.789020 0.002060 0.005029 0.000084
9.791079 0.002059 0.005028 0.000083
9.793139 0.002059 0.005027 0.000083
9.795198 0.002059 0.005026 0.000082
9.797256 0.002059 0.005025 0.000081
9.799315 0.002059 0.005024 0.000080
9.801373 0.002058 0.005023 0.000079
9.803431 0.002058 0.005022 0.000078
9.805490 0.002058 0.005021 0.000077
9.807547 0.002058 0.005020 0.000076
9.809605 0.002058 0.005019 0.000075
9.811662 0.002057 0.005018 0.000074
9.813720 0.002057 0.005017 0.000073
9.815777 0.002057 0.005016 0.000072
9.817834 0.002057 0.005015 0.000071
9.819890 0.002057 0.005014 0.000070
9.821947 0.002057 0.005014 0.000069
9.824003 0.002056 0.005013 0.000068
9.826059 0.002056 0.005012 0.000067
9.828115 0.002056 0.005011 0.000066
9.830171 0.002056 0.005010 0.000065
9.832227 0.002056 0.005009 0.000064
9.834282 0.002055 0.005008 0.000063
9.836337 0.002055 0.005007 0.000062
9.838392 0.002055 0.005006 0.000061
9.840447 0.002055 0.005005 0.000060
9.842502 0.002055 0.005004 0.000059
9.844556 0.002054 0.005003 0.000058
9.846611 0.002054 0.005002 0.000057
9.848665 0.002054 0.005001 0.000056
9.850719 0.002054 0.005000 0.000055
9.852772 0.002054 0.004998 0.000054
9.854826 0.002054 0.004997 0.000053
9.856879 0.002053 0.004996 0.000052
9.858932 0.002053 0.004995 0.000051
9.860985 0.002053 0.004994 0.000050
9.863038 0.002053 0.004993 0.000049
9.865091 0.002053 0.004992 0.000048
9.867143 0.002052 0.004991 0.000047
9.869196 0.002052 0.004990 0.000046
9.871248 0.002052 0.004989 0.000045
9.873300 0.002052 0.004988 0.000044
9.875352 0.002052 0.004987 0.000043
9.877403 0.002052 0.004986 0.000042
9.879454 0.002051 0.004985 0.000041
9.881506 0.002051 0.004984 0.000040
9.883557 0.002051 0.004983 0.000038
9.885608 0.002051 0.004982 0.000037
9.887658 0.002051 0.004980 0.000036
9.889709 0.002050 0.004979 0.000035
9.891759 0.002050 0.004978 0.000034
9.893809 0.002050 0.004977 0.000033
9.895859 0.002050 0.004976 0.000032
9.897909 0.002050 0.004975 0.000031
9.899959 0.002050 0.004974 0.000030
9.902008 0.002049 0.004973 0.000029
9.904057 0.002049 0.004972 0.000027
9.906106 0.002049 0.004971 0.000026
9.908155 0.002049 0.004969 0.000025
9.910204 0.002049 0.004968 0.000024
9.912253 0.002049 0.004967 0.000023
9.914301 0.002048 0.004966 0.000022
9.916349 0.002048 0.004965 0.000021
9.918397 0.002048 0.004964 0.000020
9.920445 0.002048 0.004963 0.000018
9.922493 0.002048 0.004961 0.000017
9.924540 0.002048 0.004960 0.000016
9.926587 0.002047 0.004959 0.000015
9.928635 0.002047 0.004958 0.000014
9.930682 0.002047 0.004957 0.000013
9.932728 0.002047 0.004956 0.000011
9.934775 0.002047 0.004955 0.000010
9.936822 0.002046 0.004953 0.000009
9.938868 0.002046 0.004952 0.000008
9.940914 0.002046 0.004951 0.000007
9.942960 0.002046 0.004950 0.000006
9.945006 0.002046 0.004949 0.000004
9.947051 0.002046 0.004947 0.000003
9.949097 0.002045 0.004946 0.000002
9.951142 0.002045 0.004945 0.000001
9.953187 0.002045 0.004944 -0.000000
9.955232 0.002045 0.004943 -0.000002
9.957277 0.002045 0.004941 -0.000003
9.959321 0.002045 0.004940 -0.000004
9.961366 0.002044 0.004939 -0.000005
9.963410 0.002044 0.004938 -0.000006
9.965454 0.002044 0.004937 -0.000008
9.967498 0.002044 0.004935 -0.000009
9.969542 0.002044 0.004934 -0.000010
9.971585 0.002044 0.004933 -0.000011
9.973629 0.002043 0.004932 -0.000012
9.975672 0.002043 0.004931 -0.000014
9.977715 0.002043 0.004929 -0.000015
9.979758 0.002043 0.004928 -0.000016
9.981801 0.002043 0.004927 -0.000017
9.983843 0.002043 0.004926 -0.000019
9.985886 0.002042 0.004924 -0.000020
9.987928 0.002042 0.004923 -0.000021
9.989970 0.002042 0.004922 -0.000022
9.992012 0.002042 0.004921 -0.000024
9.994054 0.002042 0.004919 -0.000025
9.996095 0.002042 0.004918 -0.000026
9.998137 0.002041 0.004917 -0.000027
10.000178 0.002041 0.004916 -0.000029
10.002219 0.002041 0.004914 -0.000030
10.004260 0.002041 0.004913 -0.000031
10.006301 0.002041 0.004912 -0.000033
10.008341 0.002041 0.004910 -0.000034
10.010382 0.002040 0.004909 -0.000035
10.012422 0.002040 0.004908 -0.000036
10.014462 0.002040 0.004907 -0.000038
10.016502 0.002040 0.004905 -0.000039
10.018542 0.002040 0.004904 -0.000040
10.020581 0.002040 0.004903 -0.000042
10.022621 0.002039 0.004901 -0.000043
10.024660 0.002039 0.004900 -0.000044
10.026699 0.002039 0.004899 -0.000046
10.028738 0.002039 0.004897 -0.000047
10.030777 0.002039 0.004896 -0.000048
10.032816 0.002039 0.004895 -0.000050
10.034854 0.002038 0.004893 -0.000051
10.036893 0.002038 0.004892 -0.000052
10.038931 0.002038 0.004891 -0.000053
10.040969 0.002038 0.004889 -0.000055
10.043007 0.002038 0.004888 -0.000056
10.045044 0.002038 0.004887 -0.000058
10.047082 0.002038 0.004885 -0.000059
10.049119 0.002037 0.004884 -0.000060
10.051156 0.002037 0.004883 -0.000062
10.053193 0.002037 0.004881 -0.000063
10.055230 0.002037 0.004880 -0.000064
10.057267 0.002037 0.004879 -0.000066
10.059303 0.002037 0.004877 -0.000067
10.061340 0.002036 0.004876 -0.000068
10.063376 0.002036 0.004874 -0.000070
10.065412 0.002036 0.004873 -0.000071
10.067448 0.002036 0.004872 -0.000073
10.069484 0.002036 0.004870 -0.000074
10.071520 0.002036 0.004869 -0.000075
10.073555 0.002035 0.004868 -0.000077
10.075590 0.002035 0.004866 -0.000078
10.077625 0.002035 0.004865 -0.000079
10.079660 0.002035 0.004863 -0.000081
10.081695 0.002035 0.004862 -0.000082
10.083730 0.002035 0.004861 -0.000084
10.085764 0.002035 0.004859 -0.000085
10.087799 0.002034 0.004858 -0.000086
10.089833 0.002034 0.004856 -0.000088
10.091867 0.002034 0.004855 -0.000089
10.093901 0.002034 0.004854 -0.000091
10.095935 0.002034 0.004852 -0.000092
10.097968 0.002034 0.004851 -0.000094
10.100002 0.002033 0.004849 -0.000095
10.102035 0.002033 0.004848 -0.000096
10.104068 0.002033 0.004846 -0.000098
10.106101 0.002033 0.004845 -0.000099
10.108134 0.002033 0.004844 -0.000101
10.110167 0.002033 0.004842 -0.000102
10.112199 0.002033 0.004841 -0.000104
10.114232 0.002032 0.004839 -0.000105
10.116264 0.002032 0.004838 -0.000106
10.118296 0.002032 0.004836 -0.000108
10.120328 0.002032 0.004835 -0.000109
10.122360 0.002032 0.004833 -0.000111
10.124391 0.002032 0.004832 -0.000112
10.126423 0.002031 0.004831 -0.000114
10.128454 0.002031 0.004829 -0.000115
10.130485 0.002031 0.004828 -0.000117
10.132516 0.002031 0.004826 -0.000118
10.134547 0.002031 0.004825 -0.000119
10.136578 0.002031 0.004823 -0.000121
10.138608 0.002031 0.004822 -0.000122
10.140639 0.002030 0.004820 -0.000124
10.142669 0.002030 0.004819 -0.000125
10.144699 0.002030 0.004817 -0.000127
10.146729 0.002030 0.004816 -0.000128
10.148759 0.002030 0.004815 -0.000130
10.150788 0.002030 0.004813 -0.000131
10.152818 0.002030 0.004812 -0.000133
10.154847 0.002029 0.004810 -0.000134
10.156876 0.002029 0.004809 -0.000136
10.158905 0.002029 0.004807 -0.000137
10.160934 0.002029 0.004806 -0.000139
10.162963 0.002029 0.004804 -0.000140
10.164992 0.002029 0.004803 -0.000141
10.167020 0.002028 0.004801 -0.000143
10.169048 0.002028 0.004800 -0.000144
10.171077 0.002028 0.004798 -0.000146
10.173105 0.002028 0.004797 -0.000147
10.175133 0.002028 0.004795 -0.000149
10.177160 0.002028 0.004794 -0.000150
10.179188 0.002028 0.004792 -0.000152
10.181215 0.002027 0.004791 -0.000153
10.183243 0.002027 0.004789 -0.000155
10.185270 0.002027 0.004788 -0.000156
10.187297 0.002027 0.004786 -0.000158
10.189324 0.002027 0.004785 -0.000159
10.191350 0.002027 0.004783 -0.000161
10.193377 0.002027 0.004782 -0.000162
10.195403 0.002026 0.004780 -0.000164
10.197430 0.002026 0.004779 -0.000165
10.199456 0.002026 0.004777 -0.000167
10.201482 0.002026 0.004776 -0.000168
10.203507 0.002026 0.004774 -0.000170
10.205533 0.002026 0.004773 -0.000171
10.207559 0.002026 0.004771 -0.000173
10.209584 0.002025 0.004770 -0.000174
10.211609 0.002025 0.004768 -0.000176
10.213634 0.002025 0.004767 -0.000177
10.215659 0.002025 0.004765 -0.000179
10.217684 0.002025 0.004764 -0.000180
10.219709 0.002025 0.004762 -0.000182
10.221733 0.002025 0.004761 -0.000183
10.223758 0.002024 0.004759 -0.000185
10.225782 0.002024 0.004758 -0.000186
10.227806 0.002024 0.004756 -0.000188
10.229830 0.002024 0.004755 -0.000189
10.231854 0.002024 0.004753 -0.000191
10.233878 0.002024 0.004752 -0.000192
10.235901 0.002024 0.004750 -0.000194
10.237925 0.002023 0.004749 -0.000196
10.239948 0.002023 0.004747 -0.000197
10.241971 0.002023 0.004746 -0.000199
10.243994 0.002023 0.004744 -0.000200
10.246017 0.002023 0.004743 -0.000202
10.248039 0.002023 0.004741 -0.000203
10.250062 0.002023 0.004740 -0.000205
10.252084 0.002022 0.004738 -0.000206
10.254107 0.002022 0.004736 -0.000208
10.256129 0.002022 0.004735 -0.000209
10.258151 0.002022 0.004733 -0.000211
10.260173 0.002022 0.004732 -0.000212
10.262194 0.002022 0.004730 -0.000214
10.264216 0.002022 0.004729 -0.000215
10.266237 0.002021 0.004727 -0.000217
10.268258 0.002021 0.004726 -0.000219
10.270280 0.002021 0.004724 -0.000220
10.272301 0.002021 0.004723 -0.000222
10.274321 0.002021 0.004721 -0.000223
10.276342 0.002021 0.004720 -0.000225
10.278363 0.002021 0.004718 -0.000226
10.280383 0.002020 0.004716 -0.000228
10.282404 0.002020 0.004715 -0.000229
10.284424 0.002020 0.004713 -0.000231
10.286444 0.002020 0.004712 -0.000232
10.288464 0.002020 0.004710 -0.000234
10.290483 0.002020 0.004709 -0.000236
10.292503 0.002020 0.004707 -0.000237
10.294522 0.002019 0.004706 -0.000239
10.296542 0.002019 0.004704 -0.000240
10.298561 0.002019 0.004702 -0.000242
10.300580 0.002019 0.004701 -0.000243
10.302599 0.002019 0.004699 -0.000245
10.304618 0.002019 0.004698 -0.000246
10.306636 0.002019 0.004696 -0.000248
10.308655 0.002019 0.004695 -0.000250
10.310673 0.002018 0.004693 -0.000251
10.312691 0.002018 0.004692 -0.000253
10.314710 0.002018 0.004690 -0.000254
10.316728 0.002018 0.004688 -0.000256
10.318745 0.002018 0.004687 -0.000257
10.320763 0.002018 0.004685 -0.000259
10.322781 0.002018 0.004684 -0.000260
10.324798 0.002017 0.004682 -0.000262
10.326815 0.002017 0.004681 -0.000264
10.328832 0.002017 0.004679 -0.000265
10.330849 0.002017 0.004677 -0.000267
10.332866 0.002017 0.004676 -0.000268
10.334883 0.002017 0.004674 -0.000270
10.336900 0.002017 0.004673 -0.000271
10.338916 0.002016 0.004671 -0.000273
10.340932 0.002016 0.004670 -0.000275
10.342949 0.002016 0.004668 -0.000276
10.344965 0.002016 0.004666 -0.000278
10.346981 0.002016 0.004665 -0.000279
10.348996 0.002016 0.004663 -0.000281
10.351012 0.002016 0.004662 -0.000282
10.353028 0.002016 0.004660 -0.000284
10.355043 0.002015 0.004659 -0.000286
10.357058 0.002015 0.004657 -0.000287
10.359073 0.002015 0.004655 -0.000289
10.361088 0.002015 0.004654 -0.000290
10.363103 0.002015 0.004652 -0.000292
10.365118 0.002015 0.004651 -0.000293
10.367133 0.002015 0.004649 -0.000295
10.369147 0.002014 0.004648 -0.000297
10.371161 0.002014 0.004646 -0.000298
10.373176 0.002014 0.004644 -0.000300
10.375190 0.002014 0.004643 -0.000301
10.377204 0.002014 0.004641 -0.000303
10.379217 0.002014 0.004640 -0.000304
10.381231 0.002014 0.004638 -0.000306
10.383245 0.002014 0.004637 -0.000308
10.385258 0.002013 0.004635 -0.000309
10.387271 0.002013 0.004633 -0.000311
10.389284 0.002013 0.004632 -0.000312
10.391297 0.002013 0.004630 -0.000314
10.393310 0.002013 0.004629 -0.000315
10.395323 0.002013 0.004627 -0.000317
10.397336 0.002013 0.004626 -0.000319
10.399348 0.002012 0.004624 -0.000320
10.401360 0.002012 0.004622 -0.000322
10.403373 0.002012 0.004621 -0.000323
10.405385 0.002012 0.004619 -0.000325
10.407397 0.002012 0.004618 -0.000327
10.409409 0.002012 0.004616 -0.000328
10.411420 0.002012 0.004615 -0.000330
10.413432 0.002012 0.004613 -0.000331
10.415443 0.002011 0.004611 -0.000333
10.417455 0.002011 0.004610 -0.000334
10.419466 0.002011 0.004608 -0.000336
10.421477 0.002011 0.004607 -0.000338
10.423488 0.002011 0.004605 -0.000339
10.425499 0.002011 0.004604 -0.000341
10.427509 0.002011 0.004602 -0.000342
10.429520 0.002011 0.004600 -0.000344
10.431530 0.002010 0.004599 -0.000345
10.433540 0.002010 0.004597 -0.000347
10.435551 0.002010 0.004596 -0.000349
10.437561 0.002010 0.004594 -0.000350
10.439570 0.002010 0.004592 -0.000352
10.441580 0.002010 0.004591 -0.000353
10.443590 0.002010 0.004589 -0.000355
10.445599 0.002010 0.004588 -0.000356
10.447609 0.002009 0.004586 -0.000358
10.449618 0.002009 0.004585 -0.000360
10.451627 0.002009 0.004583 -0.000361
10.453636 0.002009 0.004581 -0.000363
10.455645 0.002009 0.004580 -0.000364
10.457654 0.002009 0.004578 -0.000366
10.459662 0.002009 0.004577 -0.000368
10.461671 0.002008 0.004575 -0.000369
10.463679 0.002008 0.004573 -0.000371
10.465687 0.002008 0.004572 -0.000372
10.467695 0.002008 0.004570 -0.000374
10.469703 0.002008 0.004569 -0.000375
10.471711 0.002008 0.004567 -0.000377
10.473719 0.002008 0.004566 -0.000379
10.475727 0.002008 0.004564 -0.000380
10.477734 0.002007 0.004562 -0.000382
10.479741 0.002007 0.004561 -0.000383
10.481749 0.002007 0.004559 -0.000385
10.483756 0.002007 0.004558 -0.000387
10.485763 0.002007 0.004556 -0.000388
10.487770 0.002007 0.004555 -0.000390
10.489776 0.002007 0.004553 -0.000391
10.491783 0.002007 0.004551 -0.000393
10.493789 0.002006 0.004550 -0.000394
10.495796 0.002006 0.004548 -0.000396
10.497802 0.002006 0.004547 -0.000398
10.499808 0.002006 0.004545 -0.000399
10.501814 0.002006 0.004544 -0.000401
10.503820 0.002006 0.004542 -0.000402
10.505826 0.002006 0.004540 -0.000404
10.507831 0.002006 0.004539 -0.000405
10.509837 0.002005 0.004537 -0.000407
10.511842 0.002005 0.004536 -0.000409
10.513847 0.002005 0.004534 -0.000410
10.515852 0.002005 0.004532 -0.000412
10.517857 0.002005 0.004531 -0.000413
10.519862 0.002005 0.004529 -0.000415
10.521867 0.002005 0.004528 -0.000416
10.523871 0.002005 0.004526 -0.000418
10.525876 0.002004 0.004525 -0.000420
10.527880 0.002004 0.004523 -0.000421
10.529885 0.002004 0.004521 -0.000423
10.531889 0.002004 0.004520 -0.000424
10.533893 0.002004 0.004518 -0.000426
10.535896 0.002004 0.004517 -0.000427
10.537900 0.002004 0.004515 -0.000429
10.539904 0.002004 0.004514 -0.000431
10.541907 0.002003 0.004512 -0.000432
10.543911 0.002003 0.004510 -0.000434
10.545914 0.002003 0.004509 -0.000435
10.547917 0.002003 0.004507 -0.000437
10.549920 0.002003 0.004506 -0.000438
10.551923 0.002003 0.004504 -0.000440
10.553926 0.002003 0.004503 -0.000442
10.555928 0.002003 0.004501 -0.000443
10.557931 0.002003 0.004500 -0.000445
10.559933 0.002002 0.004498 -0.000446
10.561936 0.002002 0.004496 -0.000448
10.563938 0.002002 0.004495 -0.000449
10.565940 0.002002 0.004493 -0.000451
10.567942 0.002002 0.004492 -0.000452
10.569943 0.002002 0.004490 -0.000454
10.571945 0.002002 0.004489 -0.000456
10.573947 0.002002 0.004487 -0.000457
10.575948 0.002001 0.004485 -0.000459
10.577949 0.002001 0.004484 -0.000460
10.579951 0.002001 0.004482 -0.000462
10.581952 0.002001 0.004481 -0.000463
10.583953 0.002001 0.004479 -0.000465
10.585954 0.002001 0.004478 -0.000467
10.587954 0.002001 0.004476 -0.000468
10.589955 0.002001 0.004475 -0.000470
10.591955 0.002000 0.004473 -0.000471
10.593956 0.002000 0.004471 -0.000473
10.595956 0.002000 0.004470 -0.000474
10.597956 0.002000 0.004468 -0.000476
10.599956 0.002000 0.004467 -0.000477
10.601956 0.002000 0.004465 -0.000479
10.603956 0.002000 0.004464 -0.000480
10.605955 0.002000 0.004462 -0.000482
10.607955 0.002000 0.004461 -0.000484
10.609954 0.001999 0.004459 -0.000485
10.611953 0.001999 0.004458 -0.000487
10.613953 0.001999 0.004456 -0.000488
10.615952 0.001999 0.004454 -0.000490
10.617951 0.001999 0.004453 -0.000491
10.619949 0.001999 0.004451 -0.000493
10.621948 0.001999 0.004450 -0.000494
10.623947 0.001999 0.004448 -0.000496
10.625945 0.001998 0.004447 -0.000498
10.627943 0.001998 0.004445 -0.000499
10.629942 0.001998 0.004444 -0.000501
10.631940 0.001998 0.004442 -0.000502
10.633938 0.001998 0.004440 -0.000504
10.635936 0.001998 0.004439 -0.000505
10.637933 0.001998 0.004437 -0.000507
10.639931 0.001998 0.004436 -0.000508
10.641928 0.001998 0.004434 -0.000510
10.643926 0.001997 0.004433 -0.000511
10.645923 0.001997 0.004431 -0.000513
10.647920 0.001997 0.004430 -0.000515
10.649917 0.001997 0.004428 -0.000516
10.651914 0.001997 0.004427 -0.000518
10.653911 0.001997 0.004425 -0.000519
10.655908 0.001997 0.004424 -0.000521
10.657904 0.001997 0.004422 -0.000522
10.659901 0.001996 0.004420 -0.000524
10.661897 0.001996 0.004419 -0.000525
10.663893 0.001996 0.004417 -0.000527
10.665889 0.001996 0.004416 -0.000528
10.667885 0.001996 0.004414 -0.000530
10.669881 0.001996 0.004413 -0.000531
10.671877 0.001996 0.004411 -0.000533
10.673873 0.001996 0.004410 -0.000534
10.675868 0.001996 0.004408 -0.000536
10.677864 0.001995 0.004407 -0.000538
10.679859 0.001995 0.004405 -0.000539
10.681854 0.001995 0.004404 -0.000541
10.683849 0.001995 0.004402 -0.000542
10.685844 0.001995 0.004401 -0.000544
10.687839 0.001995 0.004399 -0.000545
10.689834 0.001995 0.004398 -0.000547
10.691828 0.001995 0.004396 -0.000548
10.693823 0.001995 0.004394 -0.000550
10.695817 0.001994 0.004393 -0.000551
10.697812 0.001994 0.004391 -0.000553
10.699806 0.001994 0.004390 -0.000554
10.701800 0.001994 0.004388 -0.000556
10.703794 0.001994 0.004387 -0.000557
10.705788 0.001994 0.004385 -0.000559
10.707781 0.001994 0.004384 -0.000560
10.709775 0.001994 0.004382 -0.000562
10.711768 0.001993 0.004381 -0.000563
10.713762 0.001993 0.004379 -0.000565
10.715755 0.001993 0.004378 -0.000566
10.717748 0.001993 0.004376 -0.000568
10.719741 0.001993 0.004375 -0.000569
10.721734 0.001993 0.004373 -0.000571
10.723727 0.001993 0.004372 -0.000572
10.725720 0.001993 0.004370 -0.000574
10.727712 0.001993 0.004369 -0.000576
10.729705 0.001992 0.004367 -0.000577
10.731697 0.001992 0.004366 -0.000579
10.733689 0.001992 0.004364 -0.000580
10.735681 0.001992 0.004363 -0.000582
10.737674 0.001992 0.004361 -0.000583
10.739665 0.001992 0.004360 -0.000585
10.741657 0.001992 0.004358 -0.000586
10.743649 0.001992 0.004357 -0.000588
10.745641 0.001992 0.004355 -0.000589
10.747632 0.001991 0.004354 -0.000591
10.749623 0.001991 0.004352 -0.000592
10.751615 0.001991 0.004351 -0.000594
10.753606 0.001991 0.004349 -0.000595
10.755597 0.001991 0.004348 -0.000597
10.757588 0.001991 0.004346 -0.000598
10.759579 0.001991 0.004345 -0.000600
10.761569 0.001991 0.004343 -0.000601
10.763560 0.001991 0.004341 -0.000603
10.765550 0.001990 0.004340 -0.000604
10.767541 0.001990 0.004338 -0.000606
10.769531 0.001990 0.004337 -0.000607
10.771521 0.001990 0.004335 -0.000609
10.773511 0.001990 0.004334 -0.000610
10.775501 0.001990 0.004332 -0.000612
10.777491 0.001990 0.004331 -0.000613
10.779481 0.001990 0.004329 -0.000615
10.781471 0.001990 0.004328 -0.000616
10.783460 0.001990 0.004326 -0.000618
10.785450 0.001989 0.004325 -0.000619
10.787439 0.001989 0.004323 -0.000621
10.789428 0.001989 0.004322 -0.000622
10.791417 0.001989 0.004320 -0.000624
10.793406 0.001989 0.004319 -0.000625
10.795395 0.001989 0.004317 -0.000627
10.797384 0.001989 0.004316 -0.000628
10.799372 0.001989 0.004314 -0.000630
10.801361 0.001989 0.004313 -0.000631
10.803349 0.001988 0.004311 -0.000633
10.805338 0.001988 0.004310 -0.000635
10.807326 0.001988 0.004308 -0.000636
10.809314 0.001988 0.004307 -0.000638
10.811302 0.001988 0.004305 -0.000639
10.813290 0.001988 0.004304 -0.000641
10.815278 0.001988 0.004302 -0.000642
10.817266 0.001988 0.004301 -0.000644
10.819253 0.001988 0.004299 -0.000645
10.821241 0.001987 0.004298 -0.000647
10.823228 0.001987 0.004296 -0.000648
10.825215 0.001987 0.004295 -0.000650
10.827203 0.001987 0.004293 -0.000651
10.829190 0.001987 0.004291 -0.000653
10.831177 0.001987 0.004290 -0.000654
10.833164 0.001987 0.004288 -0.000656
10.835150 0.001987 0.004287 -0.000657
10.837137 0.001987 0.004285 -0.000659
10.839123 0.001987 0.004284 -0.000660
10.841110 0.001986 0.004282 -0.000662
10.843096 0.001986 0.004281 -0.000663
10.845083 0.001986 0.004279 -0.000665
10.847069 0.001986 0.004278 -0.000666
10.849055 0.001986 0.004276 -0.000668
10.851041 0.001986 0.004275 -0.000669
10.853026 0.001986 0.004273 -0.000671
10.855012 0.001986 0.004272 -0.000673
10.856998 0.001986 0.004270 -0.000674
10.858983 0.001986 0.004269 -0.000676
10.860969 0.001985 0.004267 -0.000677
10.862954 0.001985 0.004266 -0.000679
10.864939 0.001985 0.004264 -0.000680
10.866924 0.001985 0.004262 -0.000682
10.868909 0.001985 0.004261 -0.000683
10.870894 0.001985 0.004259 -0.000685
10.872879 0.001985 0.004258 -0.000686
10.874864 0.001985 0.004256 -0.000688
10.876848 0.001985 0.004255 -0.000689
10.878833 0.001984 0.004253 -0.000691
10.880817 0.001984 0.004252 -0.000692
10.882802 0.001984 0.004250 -0.000694
10.884786 0.001984 0.004249 -0.000696
10.886770 0.001984 0.004247 -0.000697
10.888754 0.001984 0.004246 -0.000699
10.890738 0.001984 0.004244 -0.000700
10.892721 0.001984 0.004242 -0.000702
10.894705 0.001984 0.004241 -0.000703
10.896689 0.001984 0.004239 -0.000705
10.898672 0.001983 0.004238 -0.000706
10.900656 0.001983 0.004236 -0.000708
10.902639 0.001983 0.004235 -0.000709
10.904622 0.001983 0.004233 -0.000711
10.906605 0.001983 0.004232 -0.000713
10.908588 0.001983 0.004230 -0.000714
10.910571 0.001983 0.004229 -0.000716
10.912554 0.001983 0.004227 -0.000717
10.914537 0.001983 0.004225 -0.000719
10.916519 0.001983 0.004224 -0.000720
10.918502 0.001983 0.004222 -0.000722
10.920484 0.001982 0.004221 -0.000724
10.922466 0.001982 0.004219 -0.000725
10.924449 0.001982 0.004218 -0.000727
10.926431 0.001982 0.004216 -0.000728
10.928413 0.001982 0.004214 -0.000730
10.930395 0.001982 0.004213 -0.000731
10.932376 0.001982 0.004211 -0.000733
10.934358 0.001982 0.004210 -0.000735
10.936340 0.001982 0.004208 -0.000736
10.938321 0.001982 0.004207 -0.000738
10.940303 0.001981 0.004205 -0.000739
10.942284 0.001981 0.004203 -0.000741
10.944265 0.001981 0.004202 -0.000742
10.946247 0.001981 0.004200 -0.000744
10.948228 0.001981 0.004199 -0.000746
10.950209 0.001981 0.004197 -0.000747
10.952189 0.001981 0.004195 -0.000749
10.954170 0.001981 0.004194 -0.000750
10.956151 0.001981 0.004192 -0.000752
10.958131 0.001981 0.004191 -0.000754
10.960112 0.001980 0.004189 -0.000755
10.962092 0.001980 0.004187 -0.000757
10.964072 0.001980 0.004186 -0.000758
10.966053 0.001980 0.004184 -0.000760
10.968033 0.001980 0.004183 -0.000762
10.970013 0.001980 0.004181 -0.000763
10.971993 0.001980 0.004179 -0.000765
10.973972 0.001980 0.004178 -0.000766
10.975952 0.001980 0.004176 -0.000768
10.977932 0.001980 0.004174 -0.000770
10.979911 0.001980 0.004173 -0.000771
10.981891 0.001979 0.004171 -0.000773
10.983870 0.001979 0.004170 -0.000775
10.985849 0.001979 0.004168 -0.000776
10.987829 0.001979 0.004166 -0.000778
10.989808 0.001979 0.004165 -0.000780
10.991787 0.001979 0.004163 -0.000781
10.993765 0.001979 0.004161 -0.000783
10.995744 0.001979 0.004160 -0.000784
10.997723 0.001979 0.004158 -0.000786
10.999702 0.001979 0.004156 -0.000788
11.001680 0.001979 0.004155 -0.000789
11.003658 0.001978 0.004153 -0.000791
11.005637 0.001978 0.004151 -0.000793
11.007615 0.001978 0.004150 -0.000794
11.009593 0.001978 0.004148 -0.000796
11.011571 0.001978 0.004146 -0.000798
11.013549 0.001978 0.004145 -0.000799
11.015527 0.001978 0.004143 -0.000801
11.017505 0.001978 0.004141 -0.000803
11.019483 0.001978 0.004140 -0.000804
11.021460 0.001978 0.004138 -0.000806
11.023438 0.001978 0.004136 -0.000808
11.025415 0.001977 0.004135 -0.000809
11.027392 0.001977 0.004133 -0.000811
11.029370 0.001977 0.004131 -0.000813
11.031347 0.001977 0.004130 -0.000815
11.033324 0.001977 0.004128 -0.000816
11.035301 0.001977 0.004126 -0.000818
11.037278 0.001977 0.004125 -0.000820
11.039255 0.001977 0.004123 -0.000821
11.041231 0.001977 0.004121 -0.000823
11.043208 0.001977 0.004119 -0.000825
11.045184 0.001977 0.004118 -0.000827
11.047161 0.001976 0.004116 -0.000828
11.049137 0.001976 0.004114 -0.000830
11.051113 0.001976 0.004112 -0.000832
11.053090 0.001976 0.004111 -0.000833
11.055066 0.001976 0.004109 -0.000835
11.057042 0.001976 0.004107 -0.000837
11.059018 0.001976 0.004106 -0.000839
11.060993 0.001976 0.004104 -0.000840
11.062969 0.001976 0.004102 -0.000842
11.064945 0.001976 0.004100 -0.000844
11.066920 0.001976 0.004099 -0.000846
11.068896 0.001975 0.004097 -0.000847
11.070871 0.001975 0.004095 -0.000849
11.072847 0.001975 0.004093 -0.000851
11.074822 0.001975 0.004091 -0.000853
11.076797 0.001975 0.004090 -0.000855
11.078772 0.001975 0.004088 -0.000856
11.080747 0.001975 0.004086 -0.000858
11.082722 0.001975 0.004084 -0.000860
11.084697 0.001975 0.004083 -0.000862
11.086671 0.001975 0.004081 -0.000863
11.088646 0.001975 0.004079 -0.000865
11.090621 0.001975 0.004077 -0.000867
11.092595 0.001974 0.004075 -0.000869
11.094570 0.001974 0.004074 -0.000871
11.096544 0.001974 0.004072 -0.000872
11.098518 0.001974 0.004070 -0.000874
11.100492 0.001974 0.004068 -0.000876
11.102466 0.001974 0.004066 -0.000878
11.104440 0.001974 0.004064 -0.000880
11.106414 0.001974 0.004063 -0.000882
11.108388 0.001974 0.004061 -0.000883
11.110362 0.001974 0.004059 -0.000885
11.112335 0.001974 0.004057 -0.000887
11.114309 0.001974 0.004055 -0.000889
11.116282 0.001973 0.004053 -0.000891
11.118256 0.001973 0.004052 -0.000893
11.120229 0.001973 0.004050 -0.000895
11.122202 0.001973 0.004048 -0.000896
11.124175 0.001973 0.004046 -0.000898
11.126148 0.001973 0.004044 -0.000900
11.128121 0.001973 0.004042 -0.000902
11.130094 0.001973 0.004040 -0.000904
11.132067 0.001973 0.004038 -0.000906
11.134040 0.001973 0.004037 -0.000908
11.136012 0.001973 0.004035 -0.000910
11.137985 0.001973 0.004033 -0.000911
11.139958 0.001973 0.004031 -0.000913
11.141930 0.001972 0.004029 -0.000915
11.143902 0.001972 0.004027 -0.000917
11.145875 0.001972 0.004025 -0.000919
11.147847 0.001972 0.004023 -0.000921
11.149819 0.001972 0.004021 -0.000923
11.151791 0.001972 0.004019 -0.000925
11.153763 0.001972 0.004017 -0.000927
11.155735 0.001972 0.004015 -0.000929
11.157706 0.001972 0.004014 -0.000931
11.159678 0.001972 0.004012 -0.000933
11.161650 0.001972 0.004010 -0.000935
11.163621 0.001972 0.004008 -0.000937
11.165593 0.001971 0.004006 -0.000939
11.167564 0.001971 0.004004 -0.000940
11.169536 0.001971 0.004002 -0.000942
11.171507 0.001971 0.004000 -0.000944
11.173478 0.001971 0.003998 -0.000946
11.175449 0.001971 0.003996 -0.000948
11.177420 0.001971 0.003994 -0.000950
11.179391 0.001971 0.003992 -0.000952
11.181362 0.001971 0.003990 -0.000954
11.183333 0.001971 0.003988 -0.000956
11.185304 0.001971 0.003986 -0.000958
11.187274 0.001971 0.003984 -0.000960
11.189245 0.001971 0.003982 -0.000962
11.191215 0.001970 0.003980 -0.000964
11.193186 0.001970 0.003978 -0.000966
11.195156 0.001970 0.003976 -0.000968
11.197126 0.001970 0.003974 -0.000970
11.199096 0.001970 0.003972 -0.000973
11.201067 0.001970 0.003970 -0.000975
11.203037 0.001970 0.003968 -0.000977
11.205007 0.001970 0.003966 -0.000979
11.206977 0.001970 0.003963 -0.000981
11.208946 0.001970 0.003961 -0.000983
11.210916 0.001970 0.003959 -0.000985
11.212886 0.001970 0.003957 -0.000987
11.214855 0.001970 0.003955 -0.000989
11.216825 0.001970 0.003953 -0.000991
11.218794 0.001969 0.003951 -0.000993
11.220764 0.001969 0.003949 -0.000995
11.222733 0.001969 0.003947 -0.000997
11.224702 0.001969 0.003945 -0.000999
11.226672 0.001969 0.003943 -0.001002
11.228641 0.001969 0.003941 -0.001004
11.230610 0.001969 0.003938 -0.001006
11.232579 0.001969 0.003936 -0.001008
11.234548 0.001969 0.003934 -0.001010
11.236516 0.001969 0.003932 -0.001012
11.238485 0.001969 0.003930 -0.001014
11.240454 0.001969 0.003928 -0.001016
11.242422 0.001969 0.003926 -0.001019
11.244391 0.001969 0.003924 -0.001021
11.246359 0.001968 0.003921 -0.001023
11.248328 0.001968 0.003919 -0.001025
11.250296 0.001968 0.003917 -0.001027
11.252264 0.001968 0.003915 -0.001029
11.254233 0.001968 0.003913 -0.001032
11.256201 0.001968 0.003911 -0.001034
11.258169 0.001968 0.003908 -0.001036
11.260137 0.001968 0.003906 -0.001038
11.262105 0.001968 0.003904 -0.001040
11.264072 0.001968 0.003902 -0.001042
11.266040 0.001968 0.003900 -0.001045
11.268008 0.001968 0.003897 -0.001047
11.269976 0.001968 0.003895 -0.001049
11.271943 0.001968 0.003893 -0.001051
11.273911 0.001968 0.003891 -0.001054
11.275878 0.001967 0.003888 -0.001056
11.277846 0.001967 0.003886 -0.001058
11.279813 0.001967 0.003884 -0.001060
11.281780 0.001967 0.003882 -0.001062
11.283747 0.001967 0.003879 -0.001065
11.285714 0.001967 0.003877 -0.001067
11.287681 0.001967 0.003875 -0.001069
11.289648 0.001967 0.003873 -0.001071
11.291615 0.001967 0.003870 -0.001074
11.293582 0.001967 0.003868 -0.001076
11.295549 0.001967 0.003866 -0.001078
11.297516 0.001967 0.003864 -0.001081
11.299482 0.001967 0.003861 -0.001083
11.301449 0.001967 0.003859 -0.001085
11.303415 0.001967 0.003857 -0.001087
11.305382 0.001966 0.003854 -0.001090
11.307348 0.001966 0.003852 -0.001092
11.309315 0.001966 0.003850 -0.001094
11.311281 0.001966 0.003847 -0.001097
11.313247 0.001966 0.003845 -0.001099
11.315213 0.001966 0.003843 -0.001101
11.317179 0.001966 0.003840 -0.001104
11.319145 0.001966 0.003838 -0.001106
11.321111 0.001966 0.003836 -0.001108
11.323077 0.001966 0.003833 -0.001111
11.325043 0.001966 0.003831 -0.001113
11.327009 0.001966 0.003829 -0.001115
11.328974 0.001966 0.003826 -0.001118
11.330940 0.001966 0.003824 -0.001120
11.332906 0.001966 0.003822 -0.001123
11.334871 0.001966 0.003819 -0.001125
11.336837 0.001965 0.003817 -0.001127
11.338802 0.001965 0.003814 -0.001130
11.340767 0.001965 0.003812 -0.001132
11.342733 0.001965 0.003810 -0.001135
11.344698 0.001965 0.003807 -0.001137
11.346663 0.001965 0.003805 -0.001139
11.348628 0.001965 0.003802 -0.001142
11.350593 0.001965 0.003800 -0.001144
11.352558 0.001965 0.003798 -0.001147
11.354523 0.001965 0.003795 -0.001149
11.356488 0.001965 0.003793 -0.001152
11.358453 0.001965 0.003790 -0.001154
11.360417 0.001965 0.003788 -0.001156
11.362382 0.001965 0.003785 -0.001159
11.364347 0.001965 0.003783 -0.001161
11.366311 0.001965 0.003780 -0.001164
11.368276 0.001964 0.003778 -0.001166
11.370240 0.001964 0.003775 -0.001169
11.372205 0.001964 0.003773 -0.001171
11.374169 0.001964 0.003770 -0.001174
11.376133 0.001964 0.003768 -0.001176
11.378097 0.001964 0.003766 -0.001179
11.380061 0.001964 0.003763 -0.001181
11.382026 0.001964 0.003760 -0.001184
11.383990 0.001964 0.003758 -0.001186
11.385954 0.001964 0.003755 -0.001189
11.387918 0.001964 0.003753 -0.001191
11.389881 0.001964 0.003750 -0.001194
11.391845 0.001964 0.003748 -0.001196
11.393809 0.001964 0.003745 -0.001199
11.395773 0.001964 0.003743 -0.001201
11.397736 0.001964 0.003740 -0.001204
11.399700 0.001964 0.003738 -0.001207
11.401663 0.001964 0.003735 -0.001209
11.403627 0.001963 0.003733 -0.001212
11.405590 0.001963 0.003730 -0.001214
11.407554 0.001963 0.003727 -0.001217
11.409517 0.001963 0.003725 -0.001219
11.411480 0.001963 0.003722 -0.001222
11.413443 0.001963 0.003720 -0.001225
11.415407 0.001963 0.003717 -0.001227
11.417370 0.001963 0.003714 -0.001230
11.419333 0.001963 0.003712 -0.001232
11.421296 0.001963 0.003709 -0.001235
11.423259 0.001963 0.003707 -0.001238
11.425222 0.001963 0.003704 -0.001240
11.427184 0.001963 0.003701 -0.001243
11.429147 0.001963 0.003699 -0.001245
11.431110 0.001963 0.003696 -0.001248
11.433073 0.001963 0.003693 -0.001251
11.435035 0.001963 0.003691 -0.001253
11.436998 0.001963 0.003688 -0.001256
11.438960 0.001963 0.003686 -0.001259
11.440923 0.001962 0.003683 -0.001261
11.442885 0.001962 0.003680 -0.001264
11.444848 0.001962 0.003678 -0.001267
11.446810 0.001962 0.003675 -0.001269
11.448772 0.001962 0.003672 -0.001272
11.450734 0.001962 0.003669 -0.001275
11.452696 0.001962 0.003667 -0.001277
11.454659 0.001962 0.003664 -0.001280
11.456621 0.001962 0.003661 -0.001283
11.458583 0.001962 0.003659 -0.001286
11.460545 0.001962 0.003656 -0.001288
11.462507 0.001962 0.003653 -0.001291
11.464468 0.001962 0.003650 -0.001294
11.466430 0.001962 0.003648 -0.001296
11.468392 0.001962 0.003645 -0.001299
11.470354 0.001962 0.003642 -0.001302
11.472315 0.001962 0.003640 -0.001305
11.474277 0.001962 0.003637 -0.001307
11.476238 0.001962 0.003634 -0.001310
11.478200 0.001962 0.003631 -0.001313
11.480161 0.001961 0.003629 -0.001316
11.482123 0.001961 0.003626 -0.001318
11.484084 0.001961 0.003623 -0.001321
11.486046 0.001961 0.003620 -0.001324
11.488007 0.001961 0.003617 -0.001327
11.489968 0.001961 0.003615 -0.001330
11.491929 0.001961 0.003612 -0.001332
11.493890 0.001961 0.003609 -0.001335
11.495851 0.001961 0.003606 -0.001338
11.497813 0.001961 0.003603 -0.001341
11.499773 0.001961 0.003601 -0.001344
11.501734 0.001961 0.003598 -0.001346
11.503695 0.001961 0.003595 -0.001349
11.505656 0.001961 0.003592 -0.001352
11.507617 0.001961 0.003589 -0.001355
11.509578 0.001961 0.003586 -0.001358
11.511538 0.001961 0.003584 -0.001361
11.513499 0.001961 0.003581 -0.001363
11.515460 0.001961 0.003578 -0.001366
11.517420 0.001961 0.003575 -0.001369
11.519381 0.001961 0.003572 -0.001372
11.521341 0.001960 0.003569 -0.001375
11.523302 0.001960 0.003566 -0.001378
11.525262 0.001960 0.003564 -0.001381
11.527222 0.001960 0.003561 -0.001384
11.529183 0.001960 0.003558 -0.001386
11.531143 0.001960 0.003555 -0.001389
11.533103 0.001960 0.003552 -0.001392
11.535063 0.001960 0.003549 -0.001395
11.537024 0.001960 0.003546 -0.001398
11.538984 0.001960 0.003543 -0.001401
11.540944 0.001960 0.003540 -0.001404
11.542904 0.001960 0.003537 -0.001407
11.544864 0.001960 0.003534 -0.001410
11.546824 0.001960 0.003532 -0.001413
11.548784 0.001960 0.003529 -0.001416
11.550743 0.001960 0.003526 -0.001419
11.552703 0.001960 0.003523 -0.001422
11.554663 0.001960 0.003520 -0.001424
11.556623 0.001960 0.003517 -0.001427
11.558582 0.001960 0.003514 -0.001430
11.560542 0.001960 0.003511 -0.001433
11.562501 0.001960 0.003508 -0.001436
11.564461 0.001960 0.003505 -0.001439
11.566420 0.001959 0.003502 -0.001442
11.568380 0.001959 0.003499 -0.001445
11.570339 0.001959 0.003496 -0.001448
11.572299 0.001959 0.003493 -0.001451
11.574258 0.001959 0.003490 -0.001454
11.576217 0.001959 0.003487 -0.001457
11.578177 0.001959 0.003484 -0.001460
11.580136 0.001959 0.003481 -0.001463
11.582095 0.001959 0.003478 -0.001466
11.584054 0.001959 0.003475 -0.001469
11.586013 0.001959 0.003472 -0.001472
11.587972 0.001959 0.003469 -0.001475
11.589931 0.001959 0.003466 -0.001478
11.591890 0.001959 0.003463 -0.001481
11.593849 0.001959 0.003460 -0.001484
11.595808 0.001959 0.003457 -0.001487
11.597767 0.001959 0.003454 -0.001491
11.599726 0.001959 0.003451 -0.001494
11.601685 0.001959 0.003448 -0.001497
11.603643 0.001959 0.003444 -0.001500
11.605602 0.001959 0.003441 -0.001503
11.607561 0.001959 0.003438 -0.001506
11.609519 0.001959 0.003435 -0.001509
11.611478 0.001959 0.003432 -0.001512
11.613437 0.001959 0.003429 -0.001515
11.615395 0.001959 0.003426 -0.001518
11.617354 0.001958 0.003423 -0.001521
11.619312 0.001958 0.003420 -0.001524
11.621270 0.001958 0.003417 -0.001528
11.623229 0.001958 0.003414 -0.001531
11.625187 0.001958 0.003410 -0.001534
11.627145 0.001958 0.003407 -0.001537
11.629104 0.001958 0.003404 -0.001540
11.631062 0.001958 0.003401 -0.001543
11.633020 0.001958 0.003398 -0.001546
11.634978 0.001958 0.003395 -0.001549
11.636936 0.001958 0.003392 -0.001553
11.638895 0.001958 0.003389 -0.001556
11.640853 0.001958 0.003385 -0.001559
11.642811 0.001958 0.003382 -0.001562
11.644769 0.001958 0.003379 -0.001565
11.646727 0.001958 0.003376 -0.001568
11.648684 0.001958 0.003373 -0.001571
11.650642 0.001958 0.003370 -0.001575
11.652600 0.001958 0.003366 -0.001578
11.654558 0.001958 0.003363 -0.001581
11.656516 0.001958 0.003360 -0.001584
11.658474 0.001958 0.003357 -0.001587
11.660431 0.001958 0.003354 -0.001591
11.662389 0.001958 0.003350 -0.001594
11.664347 0.001958 0.003347 -0.001597
11.666304 0.001958 0.003344 -0.001600
11.668262 0.001958 0.003341 -0.001603
11.670219 0.001958 0.003338 -0.001607
11.672177 0.001958 0.003334 -0.001610
11.674134 0.001957 0.003331 -0.001613
11.676092 0.001957 0.003328 -0.001616
11.678049 0.001957 0.003325 -0.001620
11.680006 0.001957 0.003321 -0.001623
11.681964 0.001957 0.003318 -0.001626
11.683921 0.001957 0.003315 -0.001629
11.685878 0.001957 0.003312 -0.001632
11.687836 0.001957 0.003308 -0.001636
11.689793 0.001957 0.003305 -0.001639
11.691750 0.001957 0.003302 -0.001642
11.693707 0.001957 0.003299 -0.001646
11.695664 0.001957 0.003295 -0.001649
11.697621 0.001957 0.003292 -0.001652
11.699578 0.001957 0.003289 -0.001655
11.701535 0.001957 0.003286 -0.001659
11.703492 0.001957 0.003282 -0.001662
11.705449 0.001957 0.003279 -0.001665
11.707406 0.001957 0.003276 -0.001669
11.709363 0.001957 0.003272 -0.001672
11.711320 0.001957 0.003269 -0.001675
11.713277 0.001957 0.003266 -0.001678
11.715234 0.001957 0.003262 -0.001682
11.717190 0.001957 0.003259 -0.001685
11.719147 0.001957 0.003256 -0.001688
11.721104 0.001957 0.003252 -0.001692
11.723060 0.001957 0.003249 -0.001695
11.725017 0.001957 0.003246 -0.001698
11.726974 0.001957 0.003242 -0.001702
11.728930 0.001957 0.003239 -0.001705
11.730887 0.001957 0.003236 -0.001708
11.732843 0.001957 0.003232 -0.001712
11.734800 0.001957 0.003229 -0.001715
11.736756 0.001956 0.003226 -0.001719
11.738713 0.001956 0.003222 -0.001722
11.740669 0.001956 0.003219 -0.001725
11.742626 0.001956 0.003216 -0.001729
11.744582 0.001956 0.003212 -0.001732
11.746538 0.001956 0.003209 -0.001735
11.748495 0.001956 0.003205 -0.001739
11.750451 0.001956 0.003202 -0.001742
11.752407 0.001956 0.003199 -0.001746
11.754363 0.001956 0.003195 -0.001749
11.756320 0.001956 0.003192 -0.001752
11.758276 0.001956 0.003188 -0.001756
11.760232 0.001956 0.003185 -0.001759
11.762188 0.001956 0.003182 -0.001763
11.764144 0.001956 0.003178 -0.001766
11.766100 0.001956 0.003175 -0.001769
11.768056 0.001956 0.003171 -0.001773
11.770012 0.001956 0.003168 -0.001776
11.771968 0.001956 0.003164 -0.001780
11.773924 0.001956 0.003161 -0.001783
11.775880 0.001956 0.003158 -0.001787
11.777836 0.001956 0.003154 -0.001790
11.779792 0.001956 0.003151 -0.001794
11.781748 0.001956 0.003147 -0.001797
11.783704 0.001956 0.003144 -0.001801
11.785659 0.001956 0.003140 -0.001804
11.787615 0.001956 0.003137 -0.001807
11.789571 0.001956 0.003133 -0.001811
11.791527 0.001956 0.003130 -0.001814
11.793482 0.001956 0.003126 -0.001818
11.795438 0.001956 0.003123 -0.001821
11.797394 0.001956 0.003119 -0.001825
11.799349 0.001956 0.003116 -0.001828
11.801305 0.001956 0.003112 -0.001832
11.803261 0.001956 0.003109 -0.001835
11.805216 0.001956 0.003105 -0.001839
11.807172 0.001956 0.003102 -0.001842
11.809127 0.001956 0.003098 -0.001846
11.811083 0.001955 0.003095 -0.001849
11.813038 0.001955 0.003091 -0.001853
11.814994 0.001955 0.003088 -0.001856
11.816949 0.001955 0.003084 -0.001860
11.818904 0.001955 0.003081 -0.001864
11.820860 0.001955 0.003077 -0.001867
11.822815 0.001955 0.003074 -0.001871
11.824770 0.001955 0.003070 -0.001874
11.826726 0.001955 0.003067 -0.001878
11.828681 0.001955 0.003063 -0.001881
11.830636 0.001955 0.003059 -0.001885
11.832592 0.001955 0.003056 -0.001888
11.834547 0.001955 0.003052 -0.001892
11.836502 0.001955 0.003049 -0.001896
11.838457 0.001955 0.003045 -0.001899
11.840412 0.001955 0.003042 -0.001903
11.842368 0.001955 0.003038 -0.001906
11.844323 0.001955 0.003034 -0.001910
11.846278 0.001955 0.003031 -0.001913
11.848233 0.001955 0.003027 -0.001917
11.850188 0.001955 0.003024 -0.001921
11.852143 0.001955 0.003020 -0.001924
11.854098 0.001955 0.003016 -0.001928
11.856053 0.001955 0.003013 -0.001931
11.858008 0.001955 0.003009 -0.001935
11.859963 0.001955 0.003006 -0.001939
11.861918 0.001955 0.003002 -0.001942
11.863873 0.001955 0.002998 -0.001946
11.865828 0.001955 0.002995 -0.001950
11.867783 0.001955 0.002991 -0.001953
11.869737 0.001955 0.002987 -0.001957
11.871692 0.001955 0.002984 -0.001961
11.873647 0.001955 0.002980 -0.001964
11.875602 0.001955 0.002976 -0.001968
11.877557 0.001955 0.002973 -0.001971
11.879511 0.001955 0.002969 -0.001975
11.881466 0.001955 0.002965 -0.001979
11.883421 0.001955 0.002962 -0.001982
11.885376 0.001955 0.002958 -0.001986
11.887330 0.001955 0.002954 -0.001990
11.889285 0.001955 0.002951 -0.001993
11.891240 0.001955 0.002947 -0.001997
11.893194 0.001955 0.002943 -0.002001
11.895149 0.001955 0.002940 -0.002005
11.897104 0.001955 0.002936 -0.002008
11.899058 0.001955 0.002932 -0.002012
11.901013 0.001955 0.002929 -0.002016
11.902968 0.001955 0.002925 -0.002019
11.904922 0.001955 0.002921 -0.002023
11.906877 0.001955 0.002917 -0.002027
11.908831 0.001955 0.002914 -0.002031
11.910786 0.001955 0.002910 -0.002034
11.912740 0.001954 0.002906 -0.002038
11.914695 0.001954 0.002902 -0.002042
11.916649 0.001954 0.002899 -0.002046
11.918604 0.001954 0.002895 -0.002049
11.920558 0.001954 0.002891 -0.002053
11.922512 0.001954 0.002887 -0.002057
11.924467 0.001954 0.002884 -0.002061
11.926421 0.001954 0.002880 -0.002064
11.928376 0.001954 0.002876 -0.002068
11.930330 0.001954 0.002872 -0.002072
11.932284 0.001954 0.002869 -0.002076
11.934239 0.001954 0.002865 -0.002079
11.936193 0.001954 0.002861 -0.002083
11.938147 0.001954 0.002857 -0.002087
11.940102 0.001954 0.002853 -0.002091
11.942056 0.001954 0.002850 -0.002095
11.944010 0.001954 0.002846 -0.002098
11.945964 0.001954 0.002842 -0.002102
11.947919 0.001954 0.002838 -0.002106
11.949873 0.001954 0.002834 -0.002110
11.951827 0.001954 0.002831 -0.002114
11.953781 0.001954 0.002827 -0.002118
11.955735 0.001954 0.002823 -0.002121
11.957690 0.001954 0.002819 -0.002125
11.959644 0.001954 0.002815 -0.002129
11.961598 0.001954 0.002811 -0.002133
11.963552 0.001954 0.002807 -0.002137
11.965506 0.001954 0.002804 -0.002141
11.967460 0.001954 0.002800 -0.002144
11.969414 0.001954 0.002796 -0.002148
11.971369 0.001954 0.002792 -0.002152
11.973323 0.001954 0.002788 -0.002156
11.975277 0.001954 0.002784 -0.002160
11.977231 0.001954 0.002780 -0.002164
11.979185 0.001954 0.002776 -0.002168
11.981139 0.001954 0.002773 -0.002172
11.983093 0.001954 0.002769 -0.002176
11.985047 0.001954 0.002765 -0.002179
11.987001 0.001954 0.002761 -0.002183
11.988955 0.001954 0.002757 -0.002187
11.990909 0.001954 0.002753 -0.002191
11.992863 0.001954 0.002749 -0.002195
11.994817 0.001954 0.002745 -0.002199
11.996771 0.001954 0.002741 -0.002203
11.998725 0.001954 0.002737 -0.002207
12.000679 0.001954 0.002733 -0.002211
12.002633 0.001954 0.002729 -0.002215
12.004587 0.001954 0.002725 -0.002219
12.006541 0.001954 0.002721 -0.002223
12.008495 0.001954 0.002718 -0.002227
12.010448 0.001954 0.002714 -0.002231
12.012402 0.001954 0.002710 -0.002235
12.014356 0.001954 0.002706 -0.002239
12.016310 0.001954 0.002702 -0.002243
12.018264 0.001954 0.002698 -0.002247
12.020218 0.001954 0.002694 -0.002251
12.022172 0.001954 0.002690 -0.002255
12.024126 0.001954 0.002686 -0.002259
12.026079 0.001954 0.002682 -0.002263
12.028033 0.001954 0.002678 -0.002267
12.029987 0.001954 0.002674 -0.002271
12.031941 0.001954 0.002670 -0.002275
12.033895 0.001954 0.002666 -0.002279
12.035849 0.001954 0.002661 -0.002283
12.037802 0.001954 0.002657 -0.002287
12.039756 0.001954 0.002653 -0.002291
12.041710 0.001954 0.002649 -0.002295
12.043664 0.001954 0.002645 -0.002299
12.045618 0.001954 0.002641 -0.002303
12.047571 0.001954 0.002637 -0.002307
12.049525 0.001954 0.002633 -0.002311
12.051479 0.001954 0.002629 -0.002315
12.053433 0.001954 0.002625 -0.002319
12.055386 0.001954 0.002621 -0.002323
12.057340 0.001954 0.002617 -0.002327
12.059294 0.001954 0.002613 -0.002332
12.061248 0.001954 0.002609 -0.002336
12.063201 0.001954 0.002604 -0.002340
12.065155 0.001954 0.002600 -0.002344
12.067109 0.001954 0.002596 -0.002348
12.069063 0.001954 0.002592 -0.002352
12.071016 0.001954 0.002588 -0.002356
12.072970 0.001954 0.002584 -0.002360
12.074924 0.001954 0.002580 -0.002364
12.076878 0.001954 0.002576 -0.002369
12.078831 0.001954 0.002572 -0.002373
12.080785 0.001954 0.002567 -0.002377
12.082739 0.001954 0.002563 -0.002381
12.084692 0.001954 0.002559 -0.002385
12.086646 0.001954 0.002555 -0.002389
12.088600 0.001954 0.002551 -0.002393
12.090554 0.001954 0.002547 -0.002398
12.092507 0.001954 0.002542 -0.002402
12.094461 0.001954 0.002538 -0.002406
12.096415 0.001954 0.002534 -0.002410
12.098368 0.001954 0.002530 -0.002414
12.100322 0.001954 0.002526 -0.002418
12.102276 0.001954 0.002522 -0.002423
12.104230 0.001954 0.002517 -0.002427
12.106183 0.001954 0.002513 -0.002431
12.108137 0.001954 0.002509 -0.002435
12.110091 0.001954 0.002505 -0.002439
12.112044 0.001954 0.002501 -0.002444
12.113998 0.001954 0.002496 -0.002448
12.115952 0.001954 0.002492 -0.002452
12.117905 0.001954 0.002488 -0.002456
12.119859 0.001954 0.002484 -0.002461
12.121813 0.001954 0.002479 -0.002465
12.123767 0.001954 0.002475 -0.002469
12.125720 0.001954 0.002471 -0.002473
12.127674 0.001954 0.002467 -0.002478
12.129628 0.001954 0.002462 -0.002482
12.131581 0.001954 0.002458 -0.002486
12.133535 0.001954 0.002454 -0.002490
12.135489 0.001954 0.002449 -0.002495
12.137443 0.001954 0.002445 -0.002499
12.139396 0.001954 0.002441 -0.002503
12.141350 0.001954 0.002437 -0.002508
12.143304 0.001954 0.002432 -0.002512
12.145258 0.001954 0.002428 -0.002516
12.147211 0.001954 0.002424 -0.002521
12.149165 0.001954 0.002419 -0.002525
12.151119 0.001954 0.002415 -0.002529
12.153072 0.001954 0.002411 -0.002534
12.155026 0.001954 0.002406 -0.002538
12.156980 0.001954 0.002402 -0.002542
12.158934 0.001954 0.002398 -0.002547
12.160887 0.001954 0.002393 -0.002551
12.162841 0.001954 0.002389 -0.002555
12.164795 0.001954 0.002385 -0.002560
12.166749 0.001954 0.002380 -0.002564
12.168703 0.001954 0.002376 -0.002568
12.170656 0.001954 0.002371 -0.002573
12.172610 0.001954 0.002367 -0.002577
12.174564 0.001954 0.002363 -0.002582
12.176518 0.001954 0.002358 -0.002586
12.178472 0.001954 0.002354 -0.002590
12.180425 0.001954 0.002349 -0.002595
12.182379 0.001954 0.002345 -0.002599
12.184333 0.001954 0.002341 -0.002604
12.186287 0.001954 0.002336 -0.002608
12.188241 0.001954 0.002332 -0.002613
12.190195 0.001954 0.002327 -0.002617
12.192148 0.001954 0.002323 -0.002621
12.194102 0.001954 0.002318 -0.002626
12.196056 0.001954 0.002314 -0.002630
12.198010 0.001954 0.002309 -0.002635
12.199964 0.001954 0.002305 -0.002639
12.201918 0.001954 0.002300 -0.002644
12.203872 0.001954 0.002296 -0.002648
12.205826 0.001954 0.002291 -0.002653
12.207780 0.001954 0.002287 -0.002657
12.209733 0.001954 0.002282 -0.002662
12.211687 0.001954 0.002278 -0.002666
12.213641 0.001954 0.002273 -0.002671
12.215595 0.001954 0.002269 -0.002675
12.217549 0.001954 0.002264 -0.002680
12.219503 0.001954 0.002260 -0.002685
12.221457 0.001954 0.002255 -0.002689
12.223411 0.001954 0.002251 -0.002694
12.225365 0.001954 0.002246 -0.002698
12.227319 0.001954 0.002241 -0.002703
12.229273 0.001954 0.002237 -0.002707
12.231227 0.001954 0.002232 -0.002712
12.233181 0.001954 0.002228 -0.002717
12.235135 0.001954 0.002223 -0.002721
12.237089 0.001954 0.002218 -0.002726
12.239044 0.001954 0.002214 -0.002730
12.240998 0.001954 0.002209 -0.002735
12.242952 0.001954 0.002205 -0.002740
12.244906 0.001954 0.002200 -0.002744
12.246860 0.001954 0.002195 -0.002749
12.248814 0.001954 0.002191 -0.002753
12.250768 0.001954 0.002186 -0.002758
12.252722 0.001954 0.002181 -0.002763
12.254677 0.001954 0.002177 -0.002767
12.256631 0.001954 0.002172 -0.002772
12.258585 0.001954 0.002167 -0.002777
12.260539 0.001954 0.002163 -0.002781
12.262493 0.001954 0.002158 -0.002786
12.264448 0.001954 0.002153 -0.002791
12.266402 0.001954 0.002149 -0.002796
12.268356 0.001954 0.002144 -0.002800
12.270310 0.001954 0.002139 -0.002805
12.272265 0.001954 0.002134 -0.002810
12.274219 0.001954 0.002130 -0.002814
12.276173 0.001954 0.002125 -0.002819
12.278128 0.001954 0.002120 -0.002824
12.280082 0.001954 0.002115 -0.002829
12.282036 0.001954 0.002111 -0.002833
12.283991 0.001954 0.002106 -0.002838
12.285945 0.001954 0.002101 -0.002843
12.287900 0.001954 0.002096 -0.002848
12.289854 0.001954 0.002092 -0.002853
12.291808 0.001954 0.002087 -0.002857
12.293763 0.001954 0.002082 -0.002862
12.295717 0.001954 0.002077 -0.002867
12.297672 0.001954 0.002072 -0.002872
12.299626 0.001955 0.002068 -0.002877
12.301581 0.001955 0.002063 -0.002881
12.303535 0.001955 0.002058 -0.002886
12.305490 0.001955 0.002053 -0.002891
12.307445 0.001955 0.002048 -0.002896
12.309399 0.001955 0.002044 -0.002901
12.311354 0.001955 0.002039 -0.002906
12.313308 0.001955 0.002034 -0.002910
12.315263 0.001955 0.002029 -0.002915
12.317218 0.001955 0.002024 -0.002920
12.319172 0.001955 0.002019 -0.002925
12.321127 0.001955 0.002014 -0.002930
12.323082 0.001955 0.002009 -0.002935
12.325036 0.001955 0.002005 -0.002940
12.326991 0.001955 0.002000 -0.002945
12.328946 0.001955 0.001995 -0.002949
12.330901 0.001955 0.001990 -0.002954
12.332856 0.001955 0.001985 -0.002959
12.334810 0.001955 0.001980 -0.002964
12.336765 0.001955 0.001975 -0.002969
12.338720 0.001955 0.001970 -0.002974
12.340675 0.001955 0.001965 -0.002979
12.342630 0.001955 0.001960 -0.002984
12.344585 0.001955 0.001955 -0.002989
12.346540 0.001955 0.001950 -0.002994
12.348495 0.001955 0.001945 -0.002999
12.350450 0.001955 0.001940 -0.003004
12.352405 0.001955 0.001935 -0.003009
12.354360 0.001955 0.001930 -0.003014
12.356315 0.001955 0.001925 -0.003019
12.358270 0.001955 0.001920 -0.003024
12.360225 0.001955 0.001915 -0.003029
12.362180 0.001955 0.001910 -0.003034
12.364135 0.001955 0.001905 -0.003039
12.366091 0.001955 0.001900 -0.003044
12.368046 0.001955 0.001895 -0.003049
12.370001 0.001955 0.001890 -0.003054
12.371956 0.001955 0.001885 -0.003059
12.373911 0.001955 0.001880 -0.003064
12.375867 0.001955 0.001875 -0.003069
12.377822 0.001955 0.001870 -0.003074
12.379777 0.001955 0.001865 -0.003079
12.381733 0.001955 0.001860 -0.003084
12.383688 0.001955 0.001855 -0.003089
12.385644 0.001955 0.001850 -0.003094
12.387599 0.001955 0.001845 -0.003099
12.389554 0.001955 0.001840 -0.003104
12.391510 0.001955 0.001835 -0.003110
12.393465 0.001956 0.001830 -0.003115
12.395421 0.001956 0.001824 -0.003120
12.397377 0.001956 0.001819 -0.003125
12.399332 0.001956 0.001814 -0.003130
12.401288 0.001956 0.001809 -0.003135
12.403243 0.001956 0.001804 -0.003140
12.405199 0.001956 0.001799 -0.003145
12.407155 0.001956 0.001794 -0.003150
12.409110 0.001956 0.001789 -0.003156
12.411066 0.001956 0.001784 -0.003161
12.413022 0.001956 0.001778 -0.003166
12.414978 0.001956 0.001773 -0.003171
12.416934 0.001956 0.001768 -0.003176
12.418889 0.001956 0.001763 -0.003181
12.420845 0.001956 0.001758 -0.003186
12.422801 0.001956 0.001753 -0.003192
12.424757 0.001956 0.001748 -0.003197
12.426713 0.001956 0.001742 -0.003202
12.428669 0.001956 0.001737 -0.003207
12.430625 0.001956 0.001732 -0.003212
12.432581 0.001956 0.001727 -0.003217
12.434537 0.001956 0.001722 -0.003223
12.436493 0.001956 0.001716 -0.003228
12.438450 0.001956 0.001711 -0.003233
12.440406 0.001956 0.001706 -0.003238
12.442362 0.001956 0.001701 -0.003243
12.444318 0.001956 0.001696 -0.003249
12.446274 0.001956 0.001690 -0.003254
12.448231 0.001956 0.001685 -0.003259
12.450187 0.001956 0.001680 -0.003264
12.452143 0.001956 0.001675 -0.003269
12.454100 0.001956 0.001670 -0.003275
12.456056 0.001956 0.001664 -0.003280
12.458013 0.001956 0.001659 -0.003285
12.459969 0.001956 0.001654 -0.003290
12.461926 0.001957 0.001649 -0.003296
12.463882 0.001957 0.001643 -0.003301
12.465839 0.001957 0.001638 -0.003306
12.467795 0.001957 0.001633 -0.003311
12.469752 0.001957 0.001628 -0.003317
12.471709 0.001957 0.001622 -0.003322
12.473665 0.001957 0.001617 -0.003327
12.475622 0.001957 0.001612 -0.003332
12.477579 0.001957 0.001607 -0.003338
12.479536 0.001957 0.001601 -0.003343
12.481493 0.001957 0.001596 -0.003348
12.483450 0.001957 0.001591 -0.003354
12.485406 0.001957 0.001585 -0.003359
12.487363 0.001957 0.001580 -0.003364
12.489320 0.001957 0.001575 -0.003369
12.491277 0.001957 0.001570 -0.003375
12.493234 0.001957 0.001564 -0.003380
12.495192 0.001957 0.001559 -0.003385
12.497149 0.001957 0.001554 -0.003391
12.499106 0.001957 0.001548 -0.003396
12.501063 0.001957 0.001543 -0.003401
12.503020 0.001957 0.001538 -0.003407
12.504978 0.001957 0.001532 -0.003412
12.506935 0.001957 0.001527 -0.003417
12.508892 0.001957 0.001522 -0.003423
12.510850 0.001957 0.001516 -0.003428
12.512807 0.001957 0.001511 -0.003433
12.514765 0.001957 0.001505 -0.003439
12.516722 0.001957 0.001500 -0.003444
12.518680 0.001958 0.001495 -0.003450
12.520637 0.001958 0.001489 -0.003455
12.522595 0.001958 0.001484 -0.003460
12.524552 0.001958 0.001478 -0.003466
12.526510 0.001958 0.001473 -0.003471
12.528468 0.001958 0.001468 -0.003477
12.530426 0.001958 0.001462 -0.003482
12.532383 0.001958 0.001457 -0.003488
12.534341 0.001958 0.001451 -0.003493
12.536299 0.001958 0.001446 -0.003498
12.538257 0.001958 0.001440 -0.003504
12.540215 0.001958 0.001435 -0.003509
12.542173 0.001958 0.001429 -0.003515
12.544131 0.001958 0.001424 -0.003520
12.546089 0.001958 0.001418 -0.003526
12.548047 0.001958 0.001413 -0.003531
12.550006 0.001958 0.001408 -0.003537
12.551964 0.001958 0.001402 -0.003542
12.553922 0.001958 0.001397 -0.003548
12.555880 0.001958 0.001391 -0.003553
12.557839 0.001958 0.001386 -0.003559
12.559797 0.001958 0.001380 -0.003564
12.561756 0.001958 0.001375 -0.003570
12.563714 0.001958 0.001369 -0.003575
12.565673 0.001959 0.001363 -0.003581
12.567631 0.001959 0.001358 -0.003586
12.569590 0.001959 0.001352 -0.003592
12.571548 0.001959 0.001347 -0.003597
12.573507 0.001959 0.001341 -0.003603
12.575466 0.001959 0.001336 -0.003608
12.577425 0.001959 0.001330 -0.003614
12.579383 0.001959 0.001325 -0.003619
12.581342 0.001959 0.001319 -0.003625
12.583301 0.001959 0.001314 -0.003630
12.585260 0.001959 0.001308 -0.003636
12.587219 0.001959 0.001303 -0.003641
12.589178 0.001959 0.001297 -0.003647
12.591137 0.001959 0.001292 -0.003652
12.593097 0.001959 0.001286 -0.003658
12.595056 0.001959 0.001281 -0.003663
12.597015 0.001959 0.001275 -0.003669
12.598974 0.001959 0.001270 -0.003674
12.600934 0.001959 0.001264 -0.003680
12.602893 0.001959 0.001259 -0.003685
12.604853 0.001959 0.001253 -0.003691
12.606812 0.001959 0.001248 -0.003696
12.608772 0.001960 0.001242 -0.003702
12.610731 0.001960 0.001237 -0.003707
12.612691 0.001960 0.001231 -0.003713
12.614650 0.001960 0.001226 -0.003718
12.616610 0.001960 0.001220 -0.003724
12.618570 0.001960 0.001215 -0.003729
12.620530 0.001960 0.001209 -0.003735
12.622490 0.001960 0.001204 -0.003740
12.624450 0.001960 0.001198 -0.003746
12.626410 0.001960 0.001193 -0.003751
12.628370 0.001960 0.001188 -0.003757
12.630330 0.001960 0.001182 -0.003762
12.632290 0.001960 0.001177 -0.003768
12.634250 0.001960 0.001171 -0.003773
12.636210 0.001960 0.001166 -0.003779
12.638171 0.001960 0.001160 -0.003784
12.640131 0.001960 0.001155 -0.003790
12.642091 0.001960 0.001149 -0.003795
12.644052 0.001960 0.001144 -0.003801
12.646012 0.001960 0.001138 -0.003806
12.647973 0.001961 0.001133 -0.003812
12.649933 0.001961 0.001127 -0.003817
12.651894 0.001961 0.001122 -0.003822
12.653855 0.001961 0.001116 -0.003828
12.655815 0.001961 0.001111 -0.003833
12.657776 0.001961 0.001105 -0.003839
12.659737 0.001961 0.001100 -0.003844
12.661698 0.001961 0.001094 -0.003850
12.663659 0.001961 0.001089 -0.003855
12.665620 0.001961 0.001084 -0.003861
12.667581 0.001961 0.001078 -0.003866
12.669542 0.001961 0.001073 -0.003872
12.671503 0.001961 0.001067 -0.003877
12.673465 0.001961 0.001062 -0.003882
12.675426 0.001961 0.001056 -0.003888
12.677387 0.001961 0.001051 -0.003893
12.679349 0.001961 0.001046 -0.003899
12.681310 0.001961 0.001040 -0.003904
12.683272 0.001962 0.001035 -0.003909
12.685233 0.001962 0.001029 -0.003915
12.687195 0.001962 0.001024 -0.003920
12.689157 0.001962 0.001019 -0.003926
12.691118 0.001962 0.001013 -0.003931
12.693080 0.001962 0.001008 -0.003936
12.695042 0.001962 0.001003 -0.003942
12.697004 0.001962 0.000997 -0.003947
12.698966 0.001962 0.000992 -0.003952
12.700928 0.001962 0.000987 -0.003958
12.702890 0.001962 0.000981 -0.003963
12.704852 0.001962 0.000976 -0.003968
12.706814 0.001962 0.000970 -0.003974
12.708777 0.001962 0.000965 -0.003979
12.710739 0.001962 0.000960 -0.003984
12.712701 0.001962 0.000955 -0.003990
12.714664 0.001962 0.000949 -0.003995
12.716626 0.001962 0.000944 -0.004000
12.718589 0.001963 0.000939 -0.004006
12.720551 0.001963 0.000933 -0.004011
12.722514 0.001963 0.000928 -0.004016
12.724477 0.001963 0.000923 -0.004022
12.726439 0.001963 0.000917 -0.004027
12.728402 0.001963 0.000912 -0.004032
12.730365 0.001963 0.000907 -0.004037
12.732328 0.001963 0.000901 -0.004043
12.734291 0.001963 0.000896 -0.004048
12.736254 0.001963 0.000891 -0.004053
12.738217 0.001963 0.000886 -0.004059
12.740181 0.001963 0.000880 -0.004064
12.742144 0.001963 0.000875 -0.004069
12.744107 0.001963 0.000870 -0.004075
12.746071 0.001963 0.000864 -0.004080
12.748034 0.001963 0.000859 -0.004085
12.749998 0.001964 0.000854 -0.004090
12.751961 0.001964 0.000849 -0.004096
12.753925 0.001964 0.000843 -0.004101
12.755889 0.001964 0.000838 -0.004106
12.757852 0.001964 0.000833 -0.004111
12.759816 0.001964 0.000828 -0.004117
12.761780 0.001964 0.000822 -0.004122
12.763744 0.001964 0.000817 -0.004127
12.765708 0.001964 0.000812 -0.004132
12.767672 0.001964 0.000807 -0.004138
12.769636 0.001964 0.000801 -0.004143
12.771601 0.001964 0.000796 -0.004148
12.773565 0.001964 0.000791 -0.004153
12.775529 0.001964 0.000786 -0.004158
12.777494 0.001964 0.000781 -0.004163
12.779458 0.001964 0.000776 -0.004169
12.781423 0.001965 0.000770 -0.004174
12.783387 0.001965 0.000765 -0.004179
12.785352 0.001965 0.000760 -0.004184
12.787317 0.001965 0.000755 -0.004189
12.789282 0.001965 0.000750 -0.004194
12.791246 0.001965 0.000745 -0.004199
12.793211 0.001965 0.000740 -0.004204
12.795176 0.001965 0.000735 -0.004209
12.797141 0.001965 0.000730 -0.004214
12.799107 0.001965 0.000725 -0.004219
12.801072 0.001965 0.000720 -0.004224
12.803037 0.001965 0.000715 -0.004229
12.805002 0.001965 0.000710 -0.004234
12.806968 0.001965 0.000705 -0.004239
12.808933 0.001965 0.000700 -0.004244
12.810899 0.001966 0.000695 -0.004249
12.812864 0.001966 0.000690 -0.004254
12.814830 0.001966 0.000686 -0.004259
12.816796 0.001966 0.000681 -0.004263
12.818762 0.001966 0.000676 -0.004268
12.820728 0.001966 0.000671 -0.004273
12.822694 0.001966 0.000666 -0.004278
12.824660 0.001966 0.000661 -0.004283
12.826626 0.001966 0.000656 -0.004288
12.828592 0.001966 0.000652 -0.004293
12.830558 0.001966 0.000647 -0.004297
12.832525 0.001966 0.000642 -0.004302
12.834491 0.001966 0.000637 -0.004307
12.836457 0.001966 0.000633 -0.004312
12.838424 0.001967 0.000628 -0.004316
12.840391 0.001967 0.000623 -0.004321
12.842357 0.001967 0.000618 -0.004326
12.844324 0.001967 0.000614 -0.004331
12.846291 0.001967 0.000609 -0.004335
12.848258 0.001967 0.000604 -0.004340
12.850225 0.001967 0.000599 -0.004345
12.852192 0.001967 0.000595 -0.004350
12.854159 0.001967 0.000590 -0.004354
12.856126 0.001967 0.000585 -0.004359
12.858093 0.001967 0.000581 -0.004363
12.860060 0.001967 0.000576 -0.004368
12.862028 0.001967 0.000572 -0.004373
12.863995 0.001967 0.000567 -0.004377
12.865963 0.001968 0.000563 -0.004382
12.867930 0.001968 0.000558 -0.004386
12.869898 0.001968 0.000554 -0.004391
12.871866 0.001968 0.000549 -0.004395
12.873834 0.001968 0.000545 -0.004400
12.875802 0.001968 0.000540 -0.004404
12.877770 0.001968 0.000536 -0.004409
12.879738 0.001968 0.000531 -0.004413
12.881706 0.001968 0.000527 -0.004417
12.883674 0.001968 0.000522 -0.004422
12.885642 0.001968 0.000518 -0.004426
12.887611 0.001968 0.000514 -0.004430
12.889579 0.001968 0.000509 -0.004435
12.891548 0.001969 0.000505 -0.004439
12.893516 0.001969 0.000501 -0.004443
12.895485 0.001969 0.000497 -0.004448
12.897454 0.001969 0.000492 -0.004452
12.899423 0.001969 0.000488 -0.004456
12.901391 0.001969 0.000484 -0.004460
12.903360 0.001969 0.000480 -0.004465
12.905329 0.001969 0.000475 -0.004469
12.907299 0.001969 0.000471 -0.004473
12.909268 0.001969 0.000467 -0.004477
12.911237 0.001969 0.000463 -0.004481
12.913206 0.001969 0.000459 -0.004485
12.915176 0.001969 0.000455 -0.004489
12.917145 0.001970 0.000451 -0.004494
12.919115 0.001970 0.000447 -0.004498
12.921085 0.001970 0.000443 -0.004502
12.923054 0.001970 0.000439 -0.004506
12.925024 0.001970 0.000435 -0.004510
12.926994 0.001970 0.000431 -0.004514
12.928964 0.001970 0.000427 -0.004518
12.930934 0.001970 0.000423 -0.004522
12.932904 0.001970 0.000419 -0.004526
12.934875 0.001970 0.000415 -0.004530
12.936845 0.001970 0.000411 -0.004533
12.938815 0.001970 0.000407 -0.004537
12.940786 0.001970 0.000403 -0.004541
12.942756 0.001971 0.000399 -0.004545
12.944727 0.001971 0.000395 -0.004549
12.946698 0.001971 0.000391 -0.004553
12.948668 0.001971 0.000387 -0.004557
12.950639 0.001971 0.000384 -0.004561
12.952610 0.001971 0.000380 -0.004564
12.954581 0.001971 0.000376 -0.004568
12.956552 0.001971 0.000372 -0.004572
12.958524 0.001971 0.000368 -0.004576
12.960495 0.001971 0.000365 -0.004580
12.962466 0.001971 0.000361 -0.004583
12.964438 0.001971 0.000357 -0.004587
12.966409 0.001972 0.000354 -0.004591
12.968381 0.001972 0.000350 -0.004594
12.970353 0.001972 0.000346 -0.004598
12.972324 0.001972 0.000343 -0.004601
12.974296 0.001972 0.000339 -0.004605
12.976268 0.001972 0.000336 -0.004609
12.978240 0.001972 0.000332 -0.004612
12.980212 0.001972 0.000329 -0.004616
12.982184 0.001972 0.000325 -0.004619
12.984157 0.001972 0.000322 -0.004622
12.986129 0.001972 0.000318 -0.004626
12.988102 0.001972 0.000315 -0.004629
12.990074 0.001973 0.000312 -0.004633
12.992047 0.001973 0.000308 -0.004636
12.994019 0.001973 0.000305 -0.004639
12.995992 0.001973 0.000302 -0.004643
12.997965 0.001973 0.000298 -0.004646
12.999938 0.001973 0.000295 -0.004649
13.001911 0.001973 0.000292 -0.004652
13.003884 0.001973 0.000289 -0.004655
13.005857 0.001973 0.000286 -0.004659
13.007831 0.001973 0.000283 -0.004662
13.009804 0.001973 0.000279 -0.004665
13.011777 0.001973 0.000276 -0.004668
13.013751 0.001974 0.000273 -0.004671
13.015725 0.001974 0.000270 -0.004674
13.017698 0.001974 0.000267 -0.004677
13.019672 0.001974 0.000264 -0.004680
13.021646 0.001974 0.000262 -0.004683
13.023620 0.001974 0.000259 -0.004686
13.025594 0.001974 0.000256 -0.004688
13.027568 0.001974 0.000253 -0.004691
13.029542 0.001974 0.000250 -0.004694
13.031517 0.001974 0.000248 -0.004697
13.033491 0.001974 0.000245 -0.004699
13.035466 0.001975 0.000242 -0.004702
13.037440 0.001975 0.000240 -0.004705
13.039415 0.001975 0.000237 -0.004707
13.041390 0.001975 0.000234 -0.004710
13.043365 0.001975 0.000232 -0.004712
13.045340 0.001975 0.000229 -0.004715
13.047315 0.001975 0.000227 -0.004717
13.049290 0.001975 0.000224 -0.004720
13.051265 0.001975 0.000222 -0.004722
13.053240 0.001975 0.000220 -0.004725
13.055216 0.001975 0.000217 -0.004727
13.057191 0.001975 0.000215 -0.004729
13.059167 0.001976 0.000213 -0.004732
13.061142 0.001976 0.000210 -0.004734
13.063118 0.001976 0.000208 -0.004736
13.065094 0.001976 0.000206 -0.004738
13.067070 0.001976 0.000204 -0.004740
13.069046 0.001976 0.000202 -0.004743
13.071022 0.001976 0.000200 -0.004745
13.072998 0.001976 0.000198 -0.004747
13.074974 0.001976 0.000195 -0.004749
13.076951 0.001976 0.000193 -0.004751
13.078927 0.001976 0.000191 -0.004753
13.080904 0.001977 0.000189 -0.004755
13.082881 0.001977 0.000188 -0.004757
13.084857 0.001977 0.000186 -0.004759
13.086834 0.001977 0.000184 -0.004760
13.088811 0.001977 0.000182 -0.004762
13.090788 0.001977 0.000180 -0.004764
13.092765 0.001977 0.000178 -0.004766
13.094742 0.001977 0.000176 -0.004768
13.096720 0.001977 0.000175 -0.004770
13.098697 0.001977 0.000173 -0.004771
13.100675 0.001977 0.000171 -0.004773
13.102652 0.001978 0.000170 -0.004775
13.104630 0.001978 0.000168 -0.004776
13.106607 0.001978 0.000166 -0.004778
13.108585 0.001978 0.000165 -0.004779
13.110563 0.001978 0.000163 -0.004781
13.112541 0.001978 0.000162 -0.004783
13.114519 0.001978 0.000160 -0.004784
13.116498 0.001978 0.000159 -0.004786
13.118476 0.001978 0.000157 -0.004787
13.120454 0.001978 0.000156 -0.004788
13.122433 0.001979 0.000154 -0.004790
13.124411 0.001979 0.000153 -0.004791
13.126390 0.001979 0.000152 -0.004793
13.128369 0.001979 0.000150 -0.004794
13.130348 0.001979 0.000149 -0.004795
13.132327 0.001979 0.000148 -0.004796
13.134306 0.001979 0.000147 -0.004798
13.136285 0.001979 0.000145 -0.004799
13.138264 0.001979 0.000144 -0.004800
13.140244 0.001979 0.000143 -0.004801
13.142223 0.001979 0.000142 -0.004802
13.144203 0.001980 0.000141 -0.004803
13.146182 0.001980 0.000140 -0.004805
13.148162 0.001980 0.000139 -0.004806
13.150142 0.001980 0.000138 -0.004807
13.152122 0.001980 0.000137 -0.004808
13.154102 0.001980 0.000136 -0.004809
13.156082 0.001980 0.000135 -0.004810
13.158062 0.001980 0.000134 -0.004811
13.160042 0.001980 0.000133 -0.004812
13.162023 0.001980 0.000132 -0.004812
13.164003 0.001980 0.000131 -0.004813
13.165984 0.001981 0.000130 -0.004814
13.167965 0.001981 0.000129 -0.004815
13.169945 0.001981 0.000128 -0.004816
13.171926 0.001981 0.000127 -0.004817
13.173907 0.001981 0.000127 -0.004818
13.175888 0.001981 0.000126 -0.004818
13.177869 0.001981 0.000125 -0.004819
13.179851 0.001981 0.000124 -0.004820
13.181832 0.001981 0.000124 -0.004821
13.183814 0.001981 0.000123 -0.004821
13.185795 0.001982 0.000122 -0.004822
13.187777 0.001982 0.000122 -0.004823
13.189759 0.001982 0.000121 -0.004823
13.191740 0.001982 0.000120 -0.004824
13.193722 0.001982 0.000120 -0.004825
13.195704 0.001982 0.000119 -0.004825
13.197687 0.001982 0.000118 -0.004826
13.199669 0.001982 0.000118 -0.004826
13.201651 0.001982 0.000117 -0.004827
13.203634 0.001982 0.000117 -0.004828
13.205616 0.001983 0.000116 -0.004828
13.207599 0.001983 0.000116 -0.004829
13.209581 0.001983 0.000115 -0.004829
13.211564 0.001983 0.000115 -0.004830
13.213547 0.001983 0.000114 -0.004830
13.215530 0.001983 0.000114 -0.004831
13.217513 0.001983 0.000113 -0.004831
13.219497 0.001983 0.000113 -0.004832
13.221480 0.001983 0.000112 -0.004832
13.223463 0.001983 0.000112 -0.004833
13.225447 0.001984 0.000111 -0.004833
13.227431 0.001984 0.000111 -0.004833
13.229414 0.001984 0.000110 -0.004834
13.231398 0.001984 0.000110 -0.004834
13.233382 0.001984 0.000110 -0.004835
13.235366 0.001984 0.000109 -0.004835
13.237350 0.001984 0.000109 -0.004835
13.239334 0.001984 0.000108 -0.004836
13.241319 0.001984 0.000108 -0.004836
13.243303 0.001984 0.000108 -0.004836
13.245288 0.001985 0.000107 -0.004837
13.247272 0.001985 0.000107 -0.004837
13.249257 0.001985 0.000107 -0.004838
13.251242 0.001985 0.000106 -0.004838
13.253227 0.001985 0.000106 -0.004838
13.255212 0.001985 0.000106 -0.004839
13.257197 0.001985 0.000105 -0.004839
13.259182 0.001985 0.000105 -0.004839
13.261168 0.001985 0.000105 -0.004840
13.263153 0.001985 0.000104 -0.004840
13.265138 0.001986 0.000104 -0.004840
13.267124 0.001986 0.000104 -0.004841
13.269110 0.001986 0.000103 -0.004841
13.271096 0.001986 0.000103 -0.004841
13.273082 0.001986 0.000103 -0.004841
13.275068 0.001986 0.000102 -0.004842
13.277054 0.001986 0.000102 -0.004842
13.279040 0.001986 0.000102 -0.004842
13.281026 0.001986 0.000102 -0.004843
13.283013 0.001986 0.000101 -0.004843
13.284999 0.001987 0.000101 -0.004843
13.286986 0.001987 0.000101 -0.004843
13.288973 0.001987 0.000101 -0.004844
13.290960 0.001987 0.000100 -0.004844
13.292947 0.001987 0.000100 -0.004844
13.294934 0.001987 0.000100 -0.004844
13.296921 0.001987 0.000100 -0.004845
13.298908 0.001987 0.000099 -0.004845
13.300896 0.001987 0.000099 -0.004845
13.302883 0.001987 0.000099 -0.004845
13.304871 0.001988 0.000099 -0.004846
13.306858 0.001988 0.000098 -0.004846
13.308846 0.001988 0.000098 -0.004846
13.310834 0.001988 0.000098 -0.004846
13.312822 0.001988 0.000098 -0.004847
13.314810 0.001988 0.000097 -0.004847
13.316798 0.001988 0.000097 -0.004847
13.318787 0.001988 0.000097 -0.004847
13.320775 0.001988 0.000097 -0.004847
13.322764 0.001989 0.000097 -0.004848
13.324752 0.001989 0.000096 -0.004848
13.326741 0.001989 0.000096 -0.004848
13.328730 0.001989 0.000096 -0.004848
13.330719 0.001989 0.000096 -0.004848
13.332708 0.001989 0.000096 -0.004849
13.334697 0.001989 0.000095 -0.004849
13.336686 0.001989 0.000095 -0.004849
13.338675 0.001989 0.000095 -0.004849
13.340665 0.001989 0.000095 -0.004849
13.342654 0.001990 0.000095 -0.004850
13.344644 0.001990 0.000095 -0.004850
13.346633 0.001990 0.000094 -0.004850
13.348623 0.001990 0.000094 -0.004850
13.350613 0.001990 0.000094 -0.004850
13.352603 0.001990 0.000094 -0.004850
13.354593 0.001990 0.000094 -0.004851
13.356584 0.001990 0.000094 -0.004851
13.358574 0.001990 0.000093 -0.004851
13.360564 0.001990 0.000093 -0.004851
13.362555 0.001991 0.000093 -0.004851
13.364546 0.001991 0.000093 -0.004851
13.366536 0.001991 0.000093 -0.004852
13.368527 0.001991 0.000093 -0.004852
13.370518 0.001991 0.000092 -0.004852
13.372509 0.001991 0.000092 -0.004852
13.374500 0.001991 0.000092 -0.004852
13.376491 0.001991 0.000092 -0.004852
13.378483 0.001991 0.000092 -0.004852
13.380474 0.001991 0.000092 -0.004853
13.382466 0.001992 0.000091 -0.004853
13.384458 0.001992 0.000091 -0.004853
13.386449 0.001992 0.000091 -0.004853
13.388441 0.001992 0.000091 -0.004853
13.390433 0.001992 0.000091 -0.004853
13.392425 0.001992 0.000091 -0.004853
13.394417 0.001992 0.000091 -0.004854
13.396410 0.001992 0.000091 -0.004854
13.398402 0.001992 0.000090 -0.004854
13.400395 0.001992 0.000090 -0.004854
13.402387 0.001993 0.000090 -0.004854
13.404380 0.001993 0.000090 -0.004854
13.406373 0.001993 0.000090 -0.004854
13.408365 0.001993 0.000090 -0.004854
13.410358 0.001993 0.000090 -0.004855
13.412352 0.001993 0.000089 -0.004855
13.414345 0.001993 0.000089 -0.004855
13.416338 0.001993 0.000089 -0.004855
13.418331 0.001993 0.000089 -0.004855
13.420325 0.001994 0.000089 -0.004855
13.422319 0.001994 0.000089 -0.004855
13.424312 0.001994 0.000089 -0.004855
13.426306 0.001994 0.000089 -0.004856
13.428300 0.001994 0.000089 -0.004856
13.430294 0.001994 0.000088 -0.004856
13.432288 0.001994 0.000088 -0.004856
13.434283 0.001994 0.000088 -0.004856
13.436277 0.001994 0.000088 -0.004856
13.438271 0.001994 0.000088 -0.004856
13.440266 0.001995 0.000088 -0.004856
13.442261 0.001995 0.000088 -0.004856
13.444255 0.001995 0.000088 -0.004857
13.446250 0.001995 0.000088 -0.004857
13.448245 0.001995 0.000087 -0.004857
13.450240 0.001995 0.000087 -0.004857
13.452235 0.001995 0.000087 -0.004857
13.454231 0.001995 0.000087 -0.004857
13.456226 0.001995 0.000087 -0.004857
13.458222 0.001995 0.000087 -0.004857
13.460217 0.001996 0.000087 -0.004857
13.462213 0.001996 0.000087 -0.004858
13.464209 0.001996 0.000087 -0.004858
13.466205 0.001996 0.000086 -0.004858
13.468201 0.001996 0.000086 -0.004858
13.470197 0.001996 0.000086 -0.004858
13.472193 0.001996 0.000086 -0.004858
13.474189 0.001996 0.000086 -0.004858
13.476186 0.001996 0.000086 -0.004858
13.478182 0.001997 0.000086 -0.004858
13.480179 0.001997 0.000086 -0.004858
13.482176 0.001997 0.000086 -0.004859
13.484172 0.001997 0.000086 -0.004859
13.486169 0.001997 0.000086 -0.004859
13.488167 0.001997 0.000085 -0.004859
13.490164 0.001997 0.000085 -0.004859
13.492161 0.001997 0.000085 -0.004859
13.494158 0.001997 0.000085 -0.004859
13.496156 0.001997 0.000085 -0.004859
13.498153 0.001998 0.000085 -0.004859
13.500151 0.001998 0.000085 -0.004859
13.502149 0.001998 0.000085 -0.004859
13.504147 0.001998 0.000085 -0.004860
13.506145 0.001998 0.000085 -0.004860
13.508143 0.001998 0.000085 -0.004860
13.510141 0.001998 0.000084 -0.004860
13.512140 0.001998 0.000084 -0.004860
13.514138 0.001998 0.000084 -0.004860
13.516136 0.001999 0.000084 -0.004860
13.518135 0.001999 0.000084 -0.004860
13.520134 0.001999 0.000084 -0.004860
13.522133 0.001999 0.000084 -0.004860
13.524132 0.001999 0.000084 -0.004860
13.526131 0.001999 0.000084 -0.004860
13.528130 0.001999 0.000084 -0.004861
13.530129 0.001999 0.000084 -0.004861
13.532129 0.001999 0.000084 -0.004861
13.534128 0.001999 0.000083 -0.004861
13.536128 0.002000 0.000083 -0.004861
13.538127 0.002000 0.000083 -0.004861
13.540127 0.002000 0.000083 -0.004861
13.542127 0.002000 0.000083 -0.004861
13.544127 0.002000 0.000083 -0.004861
13.546127 0.002000 0.000083 -0.004861
13.548128 0.002000 0.000083 -0.004861
13.550128 0.002000 0.000083 -0.004861
13.552128 0.002000 0.000083 -0.004862
13.554129 0.002001 0.000083 -0.004862
13.556130 0.002001 0.000083 -0.004862
13.558130 0.002001 0.000082 -0.004862
13.560131 0.002001 0.000082 -0.004862
13.562132 0.002001 0.000082 -0.004862
13.564133 0.002001 0.000082 -0.004862
13.566135 0.002001 0.000082 -0.004862
13.568136 0.002001 0.000082 -0.004862
13.570137 0.002001 0.000082 -0.004862
13.572139 0.002002 0.000082 -0.004862
13.574140 0.002002 0.000082 -0.004862
13.576142 0.002002 0.000082 -0.004862
13.578144 0.002002 0.000082 -0.004863
13.580146 0.002002 0.000082 -0.004863
13.582148 0.002002 0.000081 -0.004863
13.584150 0.002002 0.000081 -0.004863
13.586152 0.002002 0.000081 -0.004863
13.588155 0.002002 0.000081 -0.004863
13.590157 0.002002 0.000081 -0.004863
13.592160 0.002003 0.000081 -0.004863
13.594163 0.002003 0.000081 -0.004863
13.596165 0.002003 0.000081 -0.004863
13.598168 0.002003 0.000081 -0.004863
13.600171 0.002003 0.000081 -0.004863
13.602174 0.002003 0.000081 -0.004864
13.604178 0.002003 0.000081 -0.004864
13.606181 0.002003 0.000081 -0.004864
13.608185 0.002003 0.000080 -0.004864
13.610188 0.002004 0.000080 -0.004864
13.612192 0.002004 0.000080 -0.004864
13.614196 0.002004 0.000080 -0.004864
13.616199 0.002004 0.000080 -0.004864
13.618203 0.002004 0.000080 -0.004864
13.620208 0.002004 0.000080 -0.004864
13.622212 0.002004 0.000080 -0.004864
13.624216 0.002004 0.000080 -0.004864
13.626220 0.002004 0.000080 -0.004864
13.628225 0.002005 0.000080 -0.004865
13.630230 0.002005 0.000080 -0.004865
13.632234 0.002005 0.000080 -0.004865
13.634239 0.002005 0.000079 -0.004865
13.636244 0.002005 0.000079 -0.004865
13.638249 0.002005 0.000079 -0.004865
13.640255 0.002005 0.000079 -0.004865
13.642260 0.002005 0.000079 -0.004865
13.644265 0.002005 0.000079 -0.004865
13.646271 0.002006 0.000079 -0.004865
13.648276 0.002006 0.000079 -0.004865
13.650282 0.002006 0.000079 -0.004865
13.652288 0.002006 0.000079 -0.004865
13.654294 0.002006 0.000079 -0.004865
13.656300 0.002006 0.000079 -0.004866
13.658306 0.002006 0.000079 -0.004866
13.660312 0.002006 0.000078 -0.004866
13.662319 0.002006 0.000078 -0.004866
13.664325 0.002006 0.000078 -0.004866
13.666332 0.002007 0.000078 -0.004866
13.668339 0.002007 0.000078 -0.004866
13.670345 0.002007 0.000078 -0.004866
13.672352 0.002007 0.000078 -0.004866
13.674359 0.002007 0.000078 -0.004866
13.676367 0.002007 0.000078 -0.004866
13.678374 0.002007 0.000078 -0.004866
13.680381 0.002007 0.000078 -0.004866
13.682389 0.002007 0.000078 -0.004867
13.684396 0.002008 0.000078 -0.004867
13.686404 0.002008 0.000078 -0.004867
13.688412 0.002008 0.000077 -0.004867
13.690420 0.002008 0.000077 -0.004867
13.692428 0.002008 0.000077 -0.004867
13.694436 0.002008 0.000077 -0.004867
13.696444 0.002008 0.000077 -0.004867
13.698453 0.002008 0.000077 -0.004867
13.700461 0.002008 0.000077 -0.004867
13.702470 0.002009 0.000077 -0.004867
13.704478 0.002009 0.000077 -0.004867
13.706487 0.002009 0.000077 -0.004867
13.708496 0.002009 0.000077 -0.004867
13.710505 0.002009 0.000077 -0.004868
13.712514 0.002009 0.000077 -0.004868
13.714523 0.002009 0.000077 -0.004868
13.716533 0.002009 0.000076 -0.004868
13.718542 0.002009 0.000076 -0.004868
13.720552 0.002010 0.000076 -0.004868
13.722562 0.002010 0.000076 -0.004868
13.724571 0.002010 0.000076 -0.004868
13.726581 0.002010 0.000076 -0.004868
13.728591 0.002010 0.000076 -0.004868
13.730601 0.002010 0.000076 -0.004868
13.732612 0.002010 0.000076 -0.004868
13.734622 0.002010 0.000076 -0.004868
13.736633 0.002010 0.000076 -0.004868
13.738643 0.002011 0.000076 -0.004868
13.740654 0.002011 0.000076 -0.004869
13.742665 0.002011 0.000076 -0.004869
13.744676 0.002011 0.000076 -0.004869
13.746687 0.002011 0.000075 -0.004869
13.748698 0.002011 0.000075 -0.004869
13.750709 0.002011 0.000075 -0.004869
13.752720 0.002011 0.000075 -0.004869
13.754732 0.002011 0.000075 -0.004869
13.756744 0.002012 0.000075 -0.004869
13.758755 0.002012 0.000075 -0.004869
13.760767 0.002012 0.000075 -0.004869
13.762779 0.002012 0.000075 -0.004869
13.764791 0.002012 0.000075 -0.004869
13.766803 0.002012 0.000075 -0.004869
13.768815 0.002012 0.000075 -0.004869
13.770828 0.002012 0.000075 -0.004870
13.772840 0.002012 0.000075 -0.004870
13.774853 0.002013 0.000075 -0.004870
13.776866 0.002013 0.000074 -0.004870
13.778879 0.002013 0.000074 -0.004870
13.780891 0.002013 0.000074 -0.004870
13.782905 0.002013 0.000074 -0.004870
13.784918 0.002013 0.000074 -0.004870
13.786931 0.002013 0.000074 -0.004870
13.788944 0.002013 0.000074 -0.004870
13.790958 0.002014 0.000074 -0.004870
13.792972 0.002014 0.000074 -0.004870
13.794985 0.002014 0.000074 -0.004870
13.796999 0.002014 0.000074 -0.004870
13.799013 0.002014 0.000074 -0.004870
13.801027 0.002014 0.000074 -0.004871
13.803041 0.002014 0.000074 -0.004871
13.805056 0.002014 0.000074 -0.004871
13.807070 0.002014 0.000073 -0.004871
13.809085 0.002015 0.000073 -0.004871
13.811099 0.002015 0.000073 -0.004871
13.813114 0.002015 0.000073 -0.004871
13.815129 0.002015 0.000073 -0.004871
13.817144 0.002015 0.000073 -0.004871
13.819159 0.002015 0.000073 -0.004871
13.821174 0.002015 0.000073 -0.004871
13.823190 0.002015 0.000073 -0.004871
13.825205 0.002015 0.000073 -0.004871
13.827221 0.002016 0.000073 -0.004871
13.829237 0.002016 0.000073 -0.004871
13.831252 0.002016 0.000073 -0.004872
13.833268 0.002016 0.000073 -0.004872
13.835284 0.002016 0.000073 -0.004872
13.837300 0.002016 0.000072 -0.004872
13.839317 0.002016 0.000072 -0.004872
13.841333 0.002016 0.000072 -0.004872
13.843350 0.002017 0.000072 -0.004872
13.845366 0.002017 0.000072 -0.004872
13.847383 0.002017 0.000072 -0.004872
13.849400 0.002017 0.000072 -0.004872
13.851417 0.002017 0.000072 -0.004872
13.853434 0.002017 0.000072 -0.004872
13.855451 0.002017 0.000072 -0.004872
13.857468 0.002017 0.000072 -0.004872
13.859486 0.002017 0.000072 -0.004872
13.861503 0.002018 0.000072 -0.004872
13.863521 0.002018 0.000072 -0.004873
13.865539 0.002018 0.000072 -0.004873
13.867557 0.002018 0.000072 -0.004873
13.869575 0.002018 0.000071 -0.004873
13.871593 0.002018 0.000071 -0.004873
13.873611 0.002018 0.000071 -0.004873
13.875630 0.002018 0.000071 -0.004873
13.877648 0.002018 0.000071 -0.004873
13.879667 0.002019 0.000071 -0.004873
13.881685 0.002019 0.000071 -0.004873
13.883704 0.002019 0.000071 -0.004873
13.885723 0.002019 0.000071 -0.004873
13.887742 0.002019 0.000071 -0.004873
13.889762 0.002019 0.000071 -0.004873
13.891781 0.002019 0.000071 -0.004873
13.893800 0.002019 0.000071 -0.004873
13.895820 0.002020 0.000071 -0.004874
13.897840 0.002020 0.000071 -0.004874
13.899859 0.002020 0.000071 -0.004874
13.901879 0.002020 0.000071 -0.004874
13.903899 0.002020 0.000070 -0.004874
13.905919 0.002020 0.000070 -0.004874
13.907940 0.002020 0.000070 -0.004874
13.909960 0.002020 0.000070 -0.004874
13.911981 0.002021 0.000070 -0.004874
13.914001 0.002021 0.000070 -0.004874
13.916022 0.002021 0.000070 -0.004874
13.918043 0.002021 0.000070 -0.004874
13.920064 0.002021 0.000070 -0.004874
13.922085 0.002021 0.000070 -0.004874
13.924106 0.002021 0.000070 -0.004874
13.926128 0.002021 0.000070 -0.004874
13.928149 0.002021 0.000070 -0.004874
13.930171 0.002022 0.000070 -0.004875
13.932192 0.002022 0.000070 -0.004875
13.934214 0.002022 0.000070 -0.004875
13.936236 0.002022 0.000069 -0.004875
13.938258 0.002022 0.000069 -0.004875
13.940280 0.002022 0.000069 -0.004875
13.942303 0.002022 0.000069 -0.004875
13.944325 0.002022 0.000069 -0.004875
13.946348 0.002023 0.000069 -0.004875
13.948370 0.002023 0.000069 -0.004875
13.950393 0.002023 0.000069 -0.004875
13.952416 0.002023 0.000069 -0.004875
13.954439 0.002023 0.000069 -0.004875
13.956462 0.002023 0.000069 -0.004875
13.958486 0.002023 0.000069 -0.004875
13.960509 0.002023 0.000069 -0.004875
13.962533 0.002024 0.000069 -0.004875
13.964556 0.002024 0.000069 -0.004876
13.966580 0.002024 0.000069 -0.004876
13.968604 0.002024 0.000069 -0.004876
13.970628 0.002024 0.000069 -0.004876
13.972652 0.002024 0.000068 -0.004876
13.974676 0.002024 0.000068 -0.004876
13.976701 0.002024 0.000068 -0.004876
13.978725 0.002025 0.000068 -0.004876
13.980750 0.002025 0.000068 -0.004876
13.982775 0.002025 0.000068 -0.004876
13.984800 0.002025 0.000068 -0.004876
13.986825 0.002025 0.000068 -0.004876
13.988850 0.002025 0.000068 -0.004876
13.990875 0.002025 0.000068 -0.004876
13.992901 0.002025 0.000068 -0.004876
13.994926 0.002026 0.000068 -0.004876
13.996952 0.002026 0.000068 -0.004876
13.998977 0.002026 0.000068 -0.004876
14.001003 0.002026 0.000068 -0.004877
14.003029 0.002026 0.000068 -0.004877
14.005055 0.002026 0.000068 -0.004877
14.007082 0.002026 0.000068 -0.004877
14.009108 0.002026 0.000067 -0.004877
14.011135 0.002027 0.000067 -0.004877
14.013161 0.002027 0.000067 -0.004877
14.015188 0.002027 0.000067 -0.004877
14.017215 0.002027 0.000067 -0.004877
14.019242 0.002027 0.000067 -0.004877
14.021269 0.002027 0.000067 -0.004877
14.023296 0.002027 0.000067 -0.004877
14.025324 0.002027 0.000067 -0.004877
14.027351 0.002028 0.000067 -0.004877
14.029379 0.002028 0.000067 -0.004877
14.031407 0.002028 0.000067 -0.004877
14.033435 0.002028 0.000067 -0.004877
14.035463 0.002028 0.000067 -0.004877
14.037491 0.002028 0.000067 -0.004877
14.039519 0.002028 0.000067 -0.004878
14.041547 0.002028 0.000067 -0.004878
14.043576 0.002029 0.000067 -0.004878
14.045605 0.002029 0.000067 -0.004878
14.047633 0.002029 0.000066 -0.004878
14.049662 0.002029 0.000066 -0.004878
14.051691 0.002029 0.000066 -0.004878
14.053721 0.002029 0.000066 -0.004878
14.055750 0.002029 0.000066 -0.004878
14.057779 0.002029 0.000066 -0.004878
14.059809 0.002030 0.000066 -0.004878
14.061839 0.002030 0.000066 -0.004878
14.063868 0.002030 0.000066 -0.004878
14.065898 0.002030 0.000066 -0.004878
14.067928 0.002030 0.000066 -0.004878
14.069959 0.002030 0.000066 -0.004878
14.071989 0.002030 0.000066 -0.004878
14.074019 0.002030 0.000066 -0.004878
14.076050 0.002031 0.000066 -0.004878
14.078081 0.002031 0.000066 -0.004879
14.080112 0.002031 0.000066 -0.004879
14.082143 0.002031 0.000066 -0.004879
14.084174 0.002031 0.000066 -0.004879
14.086205 0.002031 0.000065 -0.004879
14.088236 0.002031 0.000065 -0.004879
14.090268 0.002032 0.000065 -0.004879
14.092299 0.002032 0.000065 -0.004879
14.094331 0.002032 0.000065 -0.004879
14.096363 0.002032 0.000065 -0.004879
14.098395 0.002032 0.000065 -0.004879
14.100427 0.002032 0.000065 -0.004879
14.102460 0.002032 0.000065 -0.004879
14.104492 0.002032 0.000065 -0.004879
14.106525 0.002033 0.000065 -0.004879
14.108557 0.002033 0.000065 -0.004879
14.110590 0.002033 0.000065 -0.004879
14.112623 0.002033 0.000065 -0.004879
14.114656 0.002033 0.000065 -0.004879
14.116689 0.002033 0.000065 -0.004879
14.118723 0.002033 0.000065 -0.004880
14.120756 0.002033 0.000065 -0.004880
14.122790 0.002034 0.000065 -0.004880
14.124824 0.002034 0.000065 -0.004880
14.126858 0.002034 0.000064 -0.004880
14.128892 0.002034 0.000064 -0.004880
14.130926 0.002034 0.000064 -0.004880
14.132960 0.002034 0.000064 -0.004880
14.134994 0.002034 0.000064 -0.004880
14.137029 0.002035 0.000064 -0.004880
14.139064 0.002035 0.000064 -0.004880
14.141099 0.002035 0.000064 -0.004880
14.143133 0.002035 0.000064 -0.004880
14.145169 0.002035 0.000064 -0.004880
14.147204 0.002035 0.000064 -0.004880
14.149239 0.002035 0.000064 -0.004880
14.151275 0.002036 0.000064 -0.004880
14.153310 0.002036 0.000064 -0.004880
14.155346 0.002036 0.000064 -0.004880
14.157382 0.002036 0.000064 -0.004880
14.159418 0.002036 0.000064 -0.004880
14.161454 0.002036 0.000064 -0.004881
14.163491 0.002036 0.000064 -0.004881
14.165527 0.002036 0.000064 -0.004881
14.167564 0.002037 0.000064 -0.004881
14.169600 0.002037 0.000063 -0.004881
14.171637 0.002037 0.000063 -0.004881
14.173674 0.002037 0.000063 -0.004881
14.175711 0.002037 0.000063 -0.004881
14.177749 0.002037 0.000063 -0.004881
14.179786 0.002037 0.000063 -0.004881
14.181824 0.002038 0.000063 -0.004881
14.183861 0.002038 0.000063 -0.004881
14.185899 0.002038 0.000063 -0.004881
14.187937 0.002038 0.000063 -0.004881
14.189975 0.002038 0.000063 -0.004881
14.192013 0.002038 0.000063 -0.004881
14.194052 0.002038 0.000063 -0.004881
14.196090 0.002039 0.000063 -0.004881
14.198129 0.002039 0.000063 -0.004881
14.200168 0.002039 0.000063 -0.004881
14.202207 0.002039 0.000063 -0.004881
14.204246 0.002039 0.000063 -0.004882
14.206285 0.002039 0.000063 -0.004882
14.208324 0.002039 0.000063 -0.004882
14.210364 0.002039 0.000063 -0.004882
14.212404 0.002040 0.000063 -0.004882
14.214443 0.002040 0.000062 -0.004882
14.216483 0.002040 0.000062 -0.004882
14.218523 0.002040 0.000062 -0.004882
14.220564 0.002040 0.000062 -0.004882
14.222604 0.002040 0.000062 -0.004882
14.224644 0.002040 0.000062 -0.004882
14.226685 0.002041 0.000062 -0.004882
14.228726 0.002041 0.000062 -0.004882
14.230767 0.002041 0.000062 -0.004882
14.232808 0.002041 0.000062 -0.004882
14.234849 0.002041 0.000062 -0.004882
14.236890 0.002041 0.000062 -0.004882
14.238932 0.002041 0.000062 -0.004882
14.240973 0.002042 0.000062 -0.004882
14.243015 0.002042 0.000062 -0.004882
14.245057 0.002042 0.000062 -0.004882
14.247099 0.002042 0.000062 -0.004882
14.249141 0.002042 0.000062 -0.004883
14.251184 0.002042 0.000062 -0.004883
14.253226 0.002042 0.000062 -0.004883
14.255269 0.002043 0.000062 -0.004883
14.257311 0.002043 0.000062 -0.004883
14.259354 0.002043 0.000061 -0.004883
14.261397 0.002043 0.000061 -0.004883
14.263441 0.002043 0.000061 -0.004883
14.265484 0.002043 0.000061 -0.004883
14.267527 0.002043 0.000061 -0.004883
14.269571 0.002044 0.000061 -0.004883
14.271615 0.002044 0.000061 -0.004883
14.273659 0.002044 0.000061 -0.004883
14.275703 0.002044 0.000061 -0.004883
14.277747 0.002044 0.000061 -0.004883
14.279791 0.002044 0.000061 -0.004883
14.281836 0.002045 0.000061 -0.004883
14.283880 0.002045 0.000061 -0.004883
14.285925 0.002045 0.000061 -0.004883
14.287970 0.002045 0.000061 -0.004883
14.290015 0.002045 0.000061 -0.004883
14.292061 0.002045 0.000061 -0.004883
14.294106 0.002045 0.000061 -0.004883
14.296151 0.002046 0.000061 -0.004884
14.298197 0.002046 0.000061 -0.004884
14.300243 0.002046 0.000061 -0.004884
14.302289 0.002046 0.000061 -0.004884
14.304335 0.002046 0.000061 -0.004884
14.306381 0.002046 0.000060 -0.004884
14.308428 0.002046 0.000060 -0.004884
14.310474 0.002047 0.000060 -0.004884
14.312521 0.002047 0.000060 -0.004884
14.314568 0.002047 0.000060 -0.004884
14.316615 0.002047 0.000060 -0.004884
14.318662 0.002047 0.000060 -0.004884
14.320709 0.002047 0.000060 -0.004884
14.322757 0.002047 0.000060 -0.004884
14.324804 0.002048 0.000060 -0.004884
14.326852 0.002048 0.000060 -0.004884
14.328900 0.002048 0.000060 -0.004884
14.330948 0.002048 0.000060 -0.004884
14.332996 0.002048 0.000060 -0.004884
14.335045 0.002048 0.000060 -0.004884
14.337093 0.002048 0.000060 -0.004884
14.339142 0.002049 0.000060 -0.004884
14.341190 0.002049 0.000060 -0.004884
14.343239 0.002049 0.000060 -0.004884
14.345289 0.002049 0.000060 -0.004885
14.347338 0.002049 0.000060 -0.004885
14.349387 0.002049 0.000060 -0.004885
14.351437 0.002050 0.000060 -0.004885
14.353486 0.002050 0.000060 -0.004885
14.355536 0.002050 0.000059 -0.004885
14.357586 0.002050 0.000059 -0.004885
14.359636 0.002050 0.000059 -0.004885
14.361687 0.002050 0.000059 -0.004885
14.363737 0.002050 0.000059 -0.004885
14.365788 0.002051 0.000059 -0.004885
14.367839 0.002051 0.000059 -0.004885
14.369889 0.002051 0.000059 -0.004885
14.371941 0.002051 0.000059 -0.004885
14.373992 0.002051 0.000059 -0.004885
14.376043 0.002051 0.000059 -0.004885
14.378095 0.002052 0.000059 -0.004885
14.380146 0.002052 0.000059 -0.004885
14.382198 0.002052 0.000059 -0.004885
14.384250 0.002052 0.000059 -0.004885
14.386302 0.002052 0.000059 -0.004885
14.388355 0.002052 0.000059 -0.004885
14.390407 0.002052 0.000059 -0.004885
14.392460 0.002053 0.000059 -0.004885
14.394513 0.002053 0.000059 -0.004886
14.396565 0.002053 0.000059 -0.004886
14.398619 0.002053 0.000059 -0.004886
14.400672 0.002053 0.000059 -0.004886
14.402725 0.002053 0.000059 -0.004886
14.404779 0.002054 0.000058 -0.004886
14.406832 0.002054 0.000058 -0.004886
14.408886 0.002054 0.000058 -0.004886
14.410940 0.002054 0.000058 -0.004886
14.412994 0.002054 0.000058 -0.004886
14.415049 0.002054 0.000058 -0.004886
14.417103 0.002054 0.000058 -0.004886
14.419158 0.002055 0.000058 -0.004886
14.421213 0.002055 0.000058 -0.004886
14.423268 0.002055 0.000058 -0.004886
14.425323 0.002055 0.000058 -0.004886
14.427378 0.002055 0.000058 -0.004886
14.429433 0.002055 0.000058 -0.004886
14.431489 0.002056 0.000058 -0.004886
14.433545 0.002056 0.000058 -0.004886
14.435601 0.002056 0.000058 -0.004886
14.437657 0.002056 0.000058 -0.004886
14.439713 0.002056 0.000058 -0.004886
14.441769 0.002056 0.000058 -0.004886
14.443826 0.002057 0.000058 -0.004886
14.445882 0.002057 0.000058 -0.004887
14.447939 0.002057 0.000058 -0.004887
14.449996 0.002057 0.000058 -0.004887
14.452053 0.002057 0.000058 -0.004887
14.454111 0.002057 0.000058 -0.004887
14.456168 0.002057 0.000057 -0.004887
14.458226 0.002058 0.000057 -0.004887
14.460284 0.002058 0.000057 -0.004887
14.462341 0.002058 0.000057 -0.004887
14.464400 0.002058 0.000057 -0.004887
14.466458 0.002058 0.000057 -0.004887
14.468516 0.002058 0.000057 -0.004887
14.470575 0.002059 0.000057 -0.004887
14.472634 0.002059 0.000057 -0.004887
14.474693 0.002059 0.000057 -0.004887
14.476752 0.002059 0.000057 -0.004887
14.478811 0.002059 0.000057 -0.004887
14.480870 0.002059 0.000057 -0.004887
14.482930 0.002060 0.000057 -0.004887
14.484990 0.002060 0.000057 -0.004887
14.487049 0.002060 0.000057 -0.004887
14.489109 0.002060 0.000057 -0.004887
14.491170 0.002060 0.000057 -0.004887
14.493230 0.002060 0.000057 -0.004887
14.495291 0.002061 0.000057 -0.004887
14.497351 0.002061 0.000057 -0.004887
14.499412 0.002061 0.000057 -0.004888
14.501473 0.002061 0.000057 -0.004888
14.503534 0.002061 0.000057 -0.004888
14.505596 0.002061 0.000057 -0.004888
14.507657 0.002062 0.000057 -0.004888
14.509719 0.002062 0.000057 -0.004888
14.511781 0.002062 0.000056 -0.004888
14.513843 0.002062 0.000056 -0.004888
14.515905 0.002062 0.000056 -0.004888
14.517967 0.002062 0.000056 -0.004888
14.520030 0.002062 0.000056 -0.004888
14.522092 0.002063 0.000056 -0.004888
14.524155 0.002063 0.000056 -0.004888
14.526218 0.002063 0.000056 -0.004888
14.528281 0.002063 0.000056 -0.004888
14.530345 0.002063 0.000056 -0.004888
14.532408 0.002063 0.000056 -0.004888
14.534472 0.002064 0.000056 -0.004888
14.536535 0.002064 0.000056 -0.004888
14.538599 0.002064 0.000056 -0.004888
14.540664 0.002064 0.000056 -0.004888
14.542728 0.002064 0.000056 -0.004888
14.544792 0.002064 0.000056 -0.004888
14.546857 0.002065 0.000056 -0.004888
14.548922 0.002065 0.000056 -0.004888
14.550987 0.002065 0.000056 -0.004888
14.553052 0.002065 0.000056 -0.004888
14.555117 0.002065 0.000056 -0.004889
14.557183 0.002065 0.000056 -0.004889
14.559248 0.002066 0.000056 -0.004889
14.561314 0.002066 0.000056 -0.004889
14.563380 0.002066 0.000056 -0.004889
14.565446 0.002066 0.000056 -0.004889
14.567512 0.002066 0.000055 -0.004889
14.569579 0.002066 0.000055 -0.004889
14.571645 0.002067 0.000055 -0.004889
14.573712 0.002067 0.000055 -0.004889
14.575779 0.002067 0.000055 -0.004889
14.577846 0.002067 0.000055 -0.004889
14.579914 0.002067 0.000055 -0.004889
14.581981 0.002067 0.000055 -0.004889
14.584049 0.002068 0.000055 -0.004889
14.586116 0.002068 0.000055 -0.004889
14.588184 0.002068 0.000055 -0.004889
14.590252 0.002068 0.000055 -0.004889
14.592321 0.002068 0.000055 -0.004889
14.594389 0.002068 0.000055 -0.004889
14.596458 0.002069 0.000055 -0.004889
14.598527 0.002069 0.000055 -0.004889
14.600596 0.002069 0.000055 -0.004889
14.602665 0.002069 0.000055 -0.004889
14.604734 0.002069 0.000055 -0.004889
14.606804 0.002069 0.000055 -0.004889
14.608873 0.002070 0.000055 -0.004889
14.610943 0.002070 0.000055 -0.004889
14.613013 0.002070 0.000055 -0.004890
14.615083 0.002070 0.000055 -0.004890
14.617154 0.002070 0.000055 -0.004890
14.619224 0.002070 0.000055 -0.004890
14.621295 0.002071 0.000055 -0.004890
14.623366 0.002071 0.000055 -0.004890
14.625437 0.002071 0.000054 -0.004890
14.627508 0.002071 0.000054 -0.004890
14.629579 0.002071 0.000054 -0.004890
14.631651 0.002072 0.000054 -0.004890
14.633722 0.002072 0.000054 -0.004890
14.635794 0.002072 0.000054 -0.004890
14.637866 0.002072 0.000054 -0.004890
14.639938 0.002072 0.000054 -0.004890
14.642011 0.002072 0.000054 -0.004890
14.644083 0.002073 0.000054 -0.004890
14.646156 0.002073 0.000054 -0.004890
14.648229 0.002073 0.000054 -0.004890
14.650302 0.002073 0.000054 -0.004890
14.652375 0.002073 0.000054 -0.004890
14.654449 0.002073 0.000054 -0.004890
14.656522 0.002074 0.000054 -0.004890
14.658596 0.002074 0.000054 -0.004890
14.660670 0.002074 0.000054 -0.004890
14.662744 0.002074 0.000054 -0.004890
14.664818 0.002074 0.000054 -0.004890
14.666893 0.002074 0.000054 -0.004890
14.668967 0.002075 0.000054 -0.004890
14.671042 0.002075 0.000054 -0.004890
14.673117 0.002075 0.000054 -0.004891
14.675192 0.002075 0.000054 -0.004891
14.677268 0.002075 0.000054 -0.004891
14.679343 0.002075 0.000054 -0.004891
14.681419 0.002076 0.000054 -0.004891
14.683495 0.002076 0.000054 -0.004891
14.685571 0.002076 0.000053 -0.004891
14.687647 0.002076 0.000053 -0.004891
14.689723 0.002076 0.000053 -0.004891
14.691800 0.002077 0.000053 -0.004891
14.693876 0.002077 0.000053 -0.004891
14.695953 0.002077 0.000053 -0.004891
14.698030 0.002077 0.000053 -0.004891
14.700107 0.002077 0.000053 -0.004891
14.702185 0.002077 0.000053 -0.004891
14.704262 0.002078 0.000053 -0.004891
14.706340 0.002078 0.000053 -0.004891
14.708418 0.002078 0.000053 -0.004891
14.710496 0.002078 0.000053 -0.004891
14.712574 0.002078 0.000053 -0.004891
14.714653 0.002078 0.000053 -0.004891
14.716731 0.002079 0.000053 -0.004891
14.718810 0.002079 0.000053 -0.004891
14.720889 0.002079 0.000053 -0.004891
14.722968 0.002079 0.000053 -0.004891
14.725048 0.002079 0.000053 -0.004891
14.727127 0.002080 0.000053 -0.004891
14.729207 0.002080 0.000053 -0.004891
14.731287 0.002080 0.000053 -0.004891
14.733367 0.002080 0.000053 -0.004891
14.735447 0.002080 0.000053 -0.004892
14.737527 0.002080 0.000053 -0.004892
14.739608 0.002081 0.000053 -0.004892
14.741689 0.002081 0.000053 -0.004892
14.743770 0.002081 0.000053 -0.004892
14.745851 0.002081 0.000053 -0.004892
14.747932 0.002081 0.000053 -0.004892
14.750013 0.002081 0.000052 -0.004892
14.752095 0.002082 0.000052 -0.004892
14.754177 0.002082 0.000052 -0.004892
14.756259 0.002082 0.000052 -0.004892
14.758341 0.002082 0.000052 -0.004892
14.760423 0.002082 0.000052 -0.004892
14.762506 0.002083 0.000052 -0.004892
14.764588 0.002083 0.000052 -0.004892
14.766671 0.002083 0.000052 -0.004892
14.768754 0.002083 0.000052 -0.004892
14.770838 0.002083 0.000052 -0.004892
14.772921 0.002083 0.000052 -0.004892
14.775004 0.002084 0.000052 -0.004892
14.777088 0.002084 0.000052 -0.004892
14.779172 0.002084 0.000052 -0.004892
14.781256 0.002084 0.000052 -0.004892
14.783341 0.002084 0.000052 -0.004892
14.785425 0.002084 0.000052 -0.004892
14.787510 0.002085 0.000052 -0.004892
14.789594 0.002085 0.000052 -0.004892
14.791679 0.002085 0.000052 -0.004892
14.793765 0.002085 0.000052 -0.004892
14.795850 0.002085 0.000052 -0.004892
14.797935 0.002086 0.000052 -0.004892
14.800021 0.002086 0.000052 -0.004892
14.802107 0.002086 0.000052 -0.004893
14.804193 0.002086 0.000052 -0.004893
14.806279 0.002086 0.000052 -0.004893
14.808366 0.002086 0.000052 -0.004893
14.810452 0.002087 0.000052 -0.004893
14.812539 0.002087 0.000052 -0.004893
14.814626 0.002087 0.000051 -0.004893
14.816713 0.002087 0.000051 -0.004893
14.818800 0.002087 0.000051 -0.004893
14.820888 0.002087 0.000051 -0.004893
14.822976 0.002088 0.000051 -0.004893
14.825064 0.002088 0.000051 -0.004893
14.827152 0.002088 0.000051 -0.004893
14.829240 0.002088 0.000051 -0.004893
14.831328 0.002088 0.000051 -0.004893
14.833417 0.002089 0.000051 -0.004893
14.835505 0.002089 0.000051 -0.004893
14.837594 0.002089 0.000051 -0.004893
14.839683 0.002089 0.000051 -0.004893
14.841773 0.002089 0.000051 -0.004893
14.843862 0.002089 0.000051 -0.004893
14.845952 0.002090 0.000051 -0.004893
14.848042 0.002090 0.000051 -0.004893
14.850132 0.002090 0.000051 -0.004893
14.852222 0.002090 0.000051 -0.004893
14.854312 0.002090 0.000051 -0.004893
14.856403 0.002091 0.000051 -0.004893
14.858494 0.002091 0.000051 -0.004893
14.860584 0.002091 0.000051 -0.004893
14.862675 0.002091 0.000051 -0.004893
14.864767 0.002091 0.000051 -0.004893
14.866858 0.002091 0.000051 -0.004893
14.868950 0.002092 0.000051 -0.004894
14.871042 0.002092 0.000051 -0.004894
14.873134 0.002092 0.000051 -0.004894
14.875226 0.002092 0.000051 -0.004894
14.877318 0.002092 0.000051 -0.004894
14.879411 0.002093 0.000050 -0.004894
14.881503 0.002093 0.000051 -0.004893
14.883596 0.002093 0.000054 -0.004890
14.885689 0.002093 0.000061 -0.004883
14.887783 0.002093 0.000075 -0.004869
14.889876 0.002093 0.000099 -0.004845
14.891970 0.002094 0.000137 -0.004807
14.894064 0.002094 0.000192 -0.004752
14.896158 0.002094 0.000269 -0.004675
14.898252 0.002094 0.000371 -0.004573
14.900346 0.002094 0.000515 -0.004429
14.902441 0.002095 0.000702 -0.004242
14.904535 0.002095 0.000932 -0.004012
14.906630 0.002095 0.001204 -0.003741
14.908725 0.002095 0.001513 -0.003431
14.910821 0.002095 0.001856 -0.003088
14.912916 0.002095 0.002221 -0.002724
14.915012 0.002096 0.002588 -0.002357
14.917108 0.002096 0.002952 -0.001992
14.919204 0.002096 0.003308 -0.001636
14.921300 0.002096 0.003653 -0.001291
14.923396 0.002096 0.003980 -0.000964
14.925493 0.002097 0.004286 -0.000658
14.927589 0.002097 0.004566 -0.000378
14.929686 0.002097 0.004822 -0.000122
14.931783 0.002097 0.005053 0.000108
14.933881 0.002097 0.005257 0.000313
14.935978 0.002097 0.005438 0.000494
14.938076 0.002098 0.005597 0.000653
14.940174 0.002098 0.005737 0.000792
14.942272 0.002098 0.005858 0.000914
14.944370 0.002098 0.005962 0.001018
14.946468 0.002098 0.006053 0.001109
14.948567 0.002099 0.006132 0.001188
14.950666 0.002099 0.006200 0.001256
14.952764 0.002099 0.006262 0.001318
14.954864 0.002099 0.006318 0.001374
14.956963 0.002099 0.006372 0.001428
14.959062 0.002099 0.006427 0.001482
14.961162 0.002100 0.006483 0.001539
14.963262 0.002100 0.006542 0.001598
14.965362 0.002100 0.006603 0.001659
14.967462 0.002100 0.006668 0.001724
14.969563 0.002100 0.006735 0.001791
14.971663 0.002101 0.006806 0.001861
14.973764 0.002101 0.006878 0.001934
14.975865 0.002101 0.006952 0.002008
14.977966 0.002101 0.007027 0.002083
14.980067 0.002101 0.007103 0.002159
14.982169 0.002102 0.007179 0.002235
14.984271 0.002102 0.007256 0.002311
14.986373 0.002102 0.007332 0.002387
14.988475 0.002102 0.007407 0.002462
14.990577 0.002102 0.007481 0.002537
14.992679 0.002102 0.007554 0.002609
14.994782 0.002103 0.007625 0.002681
14.996885 0.002103 0.007695 0.002751
14.998988 0.002103 0.007764 0.002820
15.001091 0.002103 0.007832 0.002888
15.003194 0.002103 0.007899 0.002954
15.005298 0.002104 0.007964 0.003020
15.007402 0.002104 0.008028 0.003084
15.009506 0.002104 0.008090 0.003146
15.011610 0.002104 0.008151 0.003206
15.013714 0.002104 0.008210 0.003266
15.015819 0.002104 0.008268 0.003324
15.017923 0.002105 0.008326 0.003382
15.020028 0.002105 0.008383 0.003438
15.022133 0.002105 0.008439 0.003495
15.024238 0.002105 0.008495 0.003551
15.026344 0.002105 0.008551 0.003607
15.028449 0.002106 0.008607 0.003663
15.030555 0.002106 0.008663 0.003719
15.032661 0.002106 0.008719 0.003775
15.034767 0.002106 0.008775 0.003831
15.036874 0.002106 0.008831 0.003886
15.038980 0.002107 0.008886 0.003942
15.041087 0.002107 0.008942 0.003998
15.043194 0.002107 0.008997 0.004053
15.045301 0.002107 0.009052 0.004108
15.047408 0.002107 0.009108 0.004163
15.049516 0.002107 0.009162 0.004218
15.051623 0.002108 0.009217 0.004273
15.053731 0.002108 0.009271 0.004327
15.055839 0.002108 0.009325 0.004381
15.057947 0.002108 0.009379 0.004435
15.060056 0.002108 0.009432 0.004488
15.062164 0.002109 0.009485 0.004541
15.064273 0.002109 0.009538 0.004594
15.066382 0.002109 0.009591 0.004646
15.068491 0.002109 0.009643 0.004698
15.070601 0.002109 0.009695 0.004750
15.072710 0.002110 0.009746 0.004802
15.074820 0.002110 0.009798 0.004853
15.076930 0.002110 0.009849 0.004904
15.079040 0.002110 0.009900 0.004956
15.081150 0.002110 0.009951 0.005006
15.083260 0.002110 0.010001 0.005057
15.085371 0.002111 0.010052 0.005108
15.087482 0.002111 0.010102 0.005158
15.089593 0.002111 0.010153 0.005209
15.091704 0.002111 0.010203 0.005259
15.093816 0.002111 0.010253 0.005309
15.095927 0.002112 0.010303 0.005358
15.098039 0.002112 0.010352 0.005408
15.100151 0.002112 0.010402 0.005457
15.102263 0.002112 0.010451 0.005507
15.104375 0.002112 0.010500 0.005556
15.106488 0.002113 0.010549 0.005605
15.108601 0.002113 0.010598 0.005654
15.110713 0.002113 0.010647 0.005703
15.112827 0.002113 0.010696 0.005752
15.114940 0.002113 0.010744 0.005800
15.117053 0.002113 0.010793 0.005849
15.119167 0.002114 0.010841 0.005897
15.121281 0.002114 0.010890 0.005946
15.123395 0.002114 0.010938 0.005994
15.125509 0.002114 0.010986 0.006042
15.127623 0.002114 0.011035 0.006090
15.129738 0.002115 0.011083 0.006139
15.131853 0.002115 0.011131 0.006187
15.133968 0.002115 0.011180 0.006235
15.136083 0.002115 0.011228 0.006284
15.138198 0.002115 0.011276 0.006332
15.140314 0.002116 0.011325 0.006381
15.142430 0.002116 0.011374 0.006429
15.144545 0.002116 0.011422 0.006478
15.146662 0.002116 0.011471 0.006527
15.148778 0.002116 0.011520 0.006575
15.150894 0.002116 0.011568 0.006624
15.153011 0.002117 0.011617 0.006673
15.155128 0.002117 0.011665 0.006721
15.157245 0.002117 0.011714 0.006769
15.159362 0.002117 0.011762 0.006818
15.161480 0.002117 0.011810 0.006865
15.163597 0.002118 0.011857 0.006913
15.165715 0.002118 0.011905 0.006960
15.167833 0.002118 0.011952 0.007007
15.169951 0.002118 0.011998 0.007054
15.172070 0.002118 0.012044 0.007100
15.174188 0.002119 0.012090 0.007146
15.176307 0.002119 0.012136 0.007192
15.178426 0.002119 0.012181 0.007237
15.180545 0.002119 0.012225 0.007281
15.182664 0.002119 0.012270 0.007325
15.184784 0.002120 0.012313 0.007369
15.186903 0.002120 0.012357 0.007412
15.189023 0.002120 0.012399 0.007455
15.191143 0.002120 0.012442 0.007498
15.193264 0.002120 0.012484 0.007540
15.195384 0.002120 0.012525 0.007581
15.197505 0.002121 0.012566 0.007622
15.199626 0.002121 0.012607 0.007663
15.201747 0.002121 0.012647 0.007703
15.203868 0.002121 0.012687 0.007743
15.205989 0.002121 0.012727 0.007783
15.208111 0.002122 0.012766 0.007822
15.210233 0.002122 0.012806 0.007862
15.212355 0.002122 0.012845 0.007901
15.214477 0.002122 0.012884 0.007940
15.216599 0.002122 0.012923 0.007979
15.218722 0.002123 0.012963 0.008019
15.220844 0.002123 0.013003 0.008059
15.222967 0.002123 0.013044 0.008100
15.225090 0.002123 0.013085 0.008141
15.227214 0.002123 0.013127 0.008183
15.229337 0.002123 0.013170 0.008226
15.231461 0.002124 0.013214 0.008270
15.233585 0.002124 0.013259 0.008315
15.235709 0.002124 0.013305 0.008361
15.237833 0.002124 0.013352 0.008407
15.239957 0.002124 0.013398 0.008454
15.242082 0.002125 0.013446 0.008501
15.244207 0.002125 0.013494 0.008550
15.246332 0.002125 0.013542 0.008598
15.248457 0.002125 0.013592 0.008647
15.250582 0.002125 0.013643 0.008698
15.252708 0.002126 0.013695 0.008751
15.254834 0.002126 0.013750 0.008805
15.256960 0.002126 0.013806 0.008862
15.259086 0.002126 0.013864 0.008920
15.261212 0.002126 0.013924 0.008980
15.263339 0.002127 0.013987 0.009042
15.265466 0.002127 0.014053 0.009109
15.267592 0.002127 0.014124 0.009180
15.269720 0.002127 0.014199 0.009255
15.271847 0.002127 0.014279 0.009334
15.273974 0.002127 0.014362 0.009417
15.276102 0.002128 0.014448 0.009504
15.278230 0.002128 0.014538 0.009593
15.280358 0.002128 0.014629 0.009685
15.282486 0.002128 0.014723 0.009778
15.284615 0.002128 0.014817 0.009872
15.286743 0.002129 0.014911 0.009967
15.288872 0.002129 0.015006 0.010062
15.291001 0.002129 0.015100 0.010156
15.293130 0.002129 0.015194 0.010249
15.295260 0.002129 0.015286 0.010342
15.297389 0.002130 0.015376 0.010432
15.299519 0.002130 0.015465 0.010521
15.301649 0.002130 0.015552 0.010608
15.303779 0.002130 0.015636 0.010691
15.305909 0.002130 0.015716 0.010772
15.308040 0.002131 0.015794 0.010850
15.310171 0.002131 0.015869 0.010925
15.312302 0.002131 0.015941 0.010997
15.314433 0.002131 0.016010 0.011066
15.316564 0.002131 0.016077 0.011133
15.318695 0.002131 0.016141 0.011197
15.320827 0.002132 0.016203 0.011259
15.322959 0.002132 0.016264 0.011319
15.325091 0.002132 0.016322 0.011378
15.327223 0.002132 0.016379 0.011435
15.329356 0.002132 0.016434 0.011489
15.331488 0.002133 0.016486 0.011542
15.333621 0.002132 0.016536 0.011592
15.335753 0.002132 0.016583 0.011638
15.337886 0.002132 0.016626 0.011682
15.340018 0.002132 0.016667 0.011723
15.342150 0.002132 0.016704 0.011760
15.344283 0.002132 0.016738 0.011794
15.346415 0.002132 0.016770 0.011826
15.348547 0.002132 0.016800 0.011856
15.350680 0.002132 0.016830 0.011885
15.352812 0.002132 0.016858 0.011914
15.354944 0.002132 0.016885 0.011941
15.357077 0.002132 0.016912 0.011968
15.359209 0.002132 0.016939 0.011995
15.361341 0.002132 0.016967 0.012022
15.363473 0.002132 0.016995 0.012050
15.365605 0.002132 0.017023 0.012079
15.367737 0.002132 0.017051 0.012107
15.369869 0.002132 0.017080 0.012136
15.372002 0.002132 0.017110 0.012165
15.374134 0.002132 0.017139 0.012195
15.376266 0.002132 0.017169 0.012225
15.378398 0.002132 0.017199 0.012255
15.380530 0.002132 0.017230 0.012286
15.382661 0.002132 0.017262 0.012317
15.384793 0.002132 0.017293 0.012349
15.386925 0.002132 0.017324 0.012380
15.389057 0.002132 0.017356 0.012412
15.391189 0.002132 0.017387 0.012443
15.393321 0.002132 0.017419 0.012475
15.395453 0.002132 0.017451 0.012507
15.397584 0.002132 0.017484 0.012540
15.399716 0.002132 0.017517 0.012573
15.401848 0.002132 0.017551 0.012607
15.403980 0.002132 0.017585 0.012641
15.406111 0.002132 0.017620 0.012676
15.408243 0.002132 0.017655 0.012711
15.410374 0.002132 0.017692 0.012747
15.412506 0.002132 0.017729 0.012784
15.414638 0.002132 0.017766 0.012822
15.416769 0.002132 0.017805 0.012860
15.418901 0.002132 0.017844 0.012899
15.421032 0.002131 0.017884 0.012939
15.423164 0.002131 0.017924 0.012980
15.425295 0.002131 0.017965 0.013021
15.427426 0.002131 0.018007 0.013063
15.429558 0.002131 0.018049 0.013105
15.431689 0.002131 0.018092 0.013148
15.433821 0.002131 0.018135 0.013191
15.435952 0.002131 0.018178 0.013234
15.438083 0.002131 0.018221 0.013277
15.440214 0.002131 0.018264 0.013320
15.442346 0.002131 0.018307 0.013363
15.444477 0.002131 0.018351 0.013406
15.446608 0.002131 0.018393 0.013449
15.448739 0.002131 0.018436 0.013492
15.450870 0.002131 0.018478 0.013534
15.453001 0.002131 0.018520 0.013576
15.455132 0.002131 0.018562 0.013618
15.457263 0.002131 0.018604 0.013660
15.459394 0.002131 0.018646 0.013701
15.461525 0.002131 0.018687 0.013743
15.463656 0.002131 0.018729 0.013784
15.465787 0.002131 0.018770 0.013826
15.467918 0.002131 0.018811 0.013867
15.470049 0.002131 0.018852 0.013908
15.472180 0.002131 0.018893 0.013949
15.474311 0.002131 0.018934 0.013990
15.476442 0.002131 0.018975 0.014031
15.478572 0.002131 0.019015 0.014071
15.480703 0.002131 0.019056 0.014111
15.482834 0.002131 0.019096 0.014152
15.484965 0.002131 0.019136 0.014192
15.487095 0.002131 0.019176 0.014232
15.489226 0.002131 0.019215 0.014271
15.491357 0.002131 0.019254 0.014310
15.493487 0.002131 0.019292 0.014348
15.495618 0.002131 0.019330 0.014386
15.497748 0.002131 0.019367 0.014423
15.499879 0.002131 0.019403 0.014459
15.502009 0.002130 0.019439 0.014495
15.504140 0.002130 0.019475 0.014531
15.506270 0.002130 0.019511 0.014567
15.508401 0.002130 0.019546 0.014602
15.510531 0.002130 0.019581 0.014637
15.512661 0.002130 0.019616 0.014672
15.514792 0.002130 0.019651 0.014706
15.516922 0.002130 0.019685 0.014741
15.519052 0.002130 0.019720 0.014776
15.521182 0.002130 0.019755 0.014811
15.523313 0.002130 0.019790 0.014846
15.525443 0.002130 0.019825 0.014881
15.527573 0.002130 0.019860 0.014916
15.529703 0.002130 0.019895 0.014951
15.531833 0.002130 0.019930 0.014985
15.533963 0.002130 0.019964 0.015020
15.536093 0.002130 0.019999 0.015054
15.538223 0.002130 0.020033 0.015089
15.540353 0.002130 0.020067 0.015123
15.542483 0.002130 0.020100 0.015156
15.544613 0.002130 0.020133 0.015189
15.546743 0.002130 0.020166 0.015222
15.548873 0.002130 0.020199 0.015254
15.551003 0.002130 0.020231 0.015287
15.553133 0.002130 0.020263 0.015318
15.555262 0.002130 0.020294 0.015350
15.557392 0.002130 0.020325 0.015381
15.559522 0.002130 0.020357 0.015412
15.561652 0.002130 0.020388 0.015444
15.563781 0.002130 0.020419 0.015475
15.565911 0.002130 0.020451 0.015507
15.568041 0.002130 0.020483 0.015539
15.570170 0.002130 0.020515 0.015571
15.572300 0.002130 0.020547 0.015603
15.574429 0.002130 0.020580 0.015635
15.576559 0.002130 0.020612 0.015668
15.578688 0.002129 0.020645 0.015701
15.580818 0.002129 0.020678 0.015733
15.582947 0.002129 0.020710 0.015766
15.585077 0.002129 0.020743 0.015799
15.587206 0.002129 0.020775 0.015831
15.589335 0.002129 0.020808 0.015864
15.591465 0.002129 0.020840 0.015896
15.593594 0.002129 0.020872 0.015928
15.595723 0.002129 0.020904 0.015960
15.597852 0.002129 0.020935 0.015991
15.599981 0.002129 0.020966 0.016022
15.602111 0.002129 0.020997 0.016053
15.604240 0.002129 0.021027 0.016083
15.606369 0.002129 0.021057 0.016113
15.608498 0.002129 0.021086 0.016142
15.610627 0.002129 0.021115 0.016171
15.612756 0.002129 0.021144 0.016200
15.614885 0.002129 0.021172 0.016228
15.617014 0.002129 0.021200 0.016256
15.619143 0.002129 0.021227 0.016283
15.621272 0.002129 0.021255 0.016311
15.623401 0.002129 0.021282 0.016338
15.625529 0.002129 0.021309 0.016365
15.627658 0.002129 0.021336 0.016392
15.629787 0.002129 0.021363 0.016419
15.631916 0.002129 0.021391 0.016447
15.634044 0.002129 0.021418 0.016474
15.636173 0.002129 0.021447 0.016502
15.638302 0.002129 0.021475 0.016531
15.640430 0.002129 0.021504 0.016560
15.642559 0.002129 0.021533 0.016589
15.644688 0.002129 0.021563 0.016619
15.646816 0.002129 0.021593 0.016649
15.648945 0.002129 0.021623 0.016679
15.651073 0.002128 0.021654 0.016710
15.653202 0.002128 0.021685 0.016741
15.655330 0.002128 0.021717 0.016772
15.657458 0.002128 0.021748 0.016804
15.659587 0.002128 0.021780 0.016836
15.661715 0.002128 0.021812 0.016868
15.663843 0.002128 0.021844 0.016899
15.665972 0.002128 0.021875 0.016931
15.668100 0.002128 0.021907 0.016963
15.670228 0.002128 0.021939 0.016995
15.672356 0.002128 0.021970 0.017026
15.674485 0.002128 0.022002 0.017058
15.676613 0.002128 0.022033 0.017089
15.678741 0.002128 0.022064 0.017120
15.680869 0.002128 0.022096 0.017151
15.682997 0.002128 0.022127 0.017182
15.685125 0.002128 0.022158 0.017213
15.687253 0.002128 0.022188 0.017244
15.689381 0.002128 0.022219 0.017274
15.691509 0.002128 0.022249 0.017305
15.693637 0.002128 0.022279 0.017335
15.695764 0.002128 0.022309 0.017365
15.697892 0.002128 0.022339 0.017394
15.700020 0.002128 0.022368 0.017424
15.702148 0.002128 0.022398 0.017454
15.704276 0.002128 0.022428 0.017483
15.706403 0.002128 0.022457 0.017513
15.708531 0.002128 0.022487 0.017543
15.710659 0.002128 0.022517 0.017573
15.712786 0.002128 0.022547 0.017603
15.714914 0.002128 0.022577 0.017633
15.717041 0.002128 0.022607 0.017663
15.719169 0.002128 0.022637 0.017693
15.721296 0.002128 0.022668 0.017724
15.723424 0.002127 0.022699 0.017754
15.725551 0.002127 0.022730 0.017786
15.727679 0.002127 0.022761 0.017817
15.729806 0.002127 0.022793 0.017849
15.731934 0.002127 0.022825 0.017881
15.734061 0.002127 0.022857 0.017913
15.736188 0.002127 0.022890 0.017946
15.738315 0.002127 0.022923 0.017979
15.740443 0.002127 0.022956 0.018012
15.742570 0.002127 0.022989 0.018045
15.744697 0.002127 0.023023 0.018079
15.746824 0.002127 0.023057 0.018113
15.748951 0.002127 0.023091 0.018147
15.751078 0.002127 0.023125 0.018181
15.753206 0.002127 0.023160 0.018215
15.755333 0.002127 0.023194 0.018250
15.757460 0.002127 0.023229 0.018285
15.759587 0.002127 0.023264 0.018320
15.761714 0.002127 0.023300 0.018355
15.763840 0.002127 0.023335 0.018391
15.765967 0.002127 0.023370 0.018426
15.768094 0.002127 0.023405 0.018461
15.770221 0.002127 0.023440 0.018496
15.772348 0.002127 0.023475 0.018530
15.774475 0.002127 0.023509 0.018565
15.776601 0.002127 0.023543 0.018599
15.778728 0.002127 0.023577 0.018632
15.780855 0.002127 0.023610 0.018665
15.782981 0.002127 0.023642 0.018698
15.785108 0.002127 0.023674 0.018730
15.787235 0.002127 0.023706 0.018762
15.789361 0.002127 0.023737 0.018793
15.791488 0.002127 0.023768 0.018824
15.793614 0.002127 0.023798 0.018854
15.795741 0.002126 0.023828 0.018884
15.797867 0.002126 0.023858 0.018914
15.799994 0.002126 0.023888 0.018943
15.802120 0.002126 0.023917 0.018973
15.804246 0.002126 0.023947 0.019003
15.806373 0.002126 0.023976 0.019032
15.808499 0.002126 0.024006 0.019062
15.810625 0.002126 0.024037 0.019092
15.812752 0.002126 0.024067 0.019123
15.814878 0.002126 0.024098 0.019154
15.817004 0.002126 0.024130 0.019185
15.819130 0.002126 0.024161 0.019217
15.821256 0.002126 0.024194 0.019249
15.823382 0.002126 0.024226 0.019282
15.825508 0.002126 0.024259 0.019315
15.827634 0.002126 0.024293 0.019349
15.829760 0.002126 0.024327 0.019383
15.831886 0.002126 0.024361 0.019417
15.834012 0.002126 0.024396 0.019452
15.836138 0.002126 0.024431 0.019486
15.838264 0.002126 0.024466 0.019522
15.840390 0.002126 0.024501 0.019557
15.842516 0.002126 0.024537 0.019593
15.844642 0.002126 0.024573 0.019628
15.846768 0.002126 0.024608 0.019664
15.848893 0.002126 0.024644 0.019700
15.851019 0.002126 0.024680 0.019736
15.853145 0.002126 0.024716 0.019772
15.855270 0.002126 0.024752 0.019808
15.857396 0.002126 0.024788 0.019844
15.859522 0.002126 0.024824 0.019879
15.861647 0.002126 0.024859 0.019915
15.863773 0.002126 0.024894 0.019949
15.865898 0.002126 0.024928 0.019984
15.868024 0.002125 0.024962 0.020018
15.870149 0.002125 0.024996 0.020052
15.872275 0.002125 0.025029 0.020085
15.874400 0.002125 0.025062 0.020118
15.876525 0.002125 0.025094 0.020150
15.878651 0.002125 0.025126 0.020182
15.880776 0.002125 0.025158 0.020214
15.882901 0.002125 0.025189 0.020245
15.885026 0.002125 0.025220 0.020275
15.887152 0.002125 0.025250 0.020306
15.889277 0.002125 0.025280 0.020336
15.891402 0.002125 0.025310 0.020365
15.893527 0.002125 0.025339 0.020395
15.895652 0.002125 0.025368 0.020424
15.897777 0.002125 0.025397 0.020453
15.899902 0.002125 0.025426 0.020482
15.902027 0.002125 0.025455 0.020511
15.904152 0.002125 0.025483 0.020539
15.906277 0.002125 0.025511 0.020567
15.908402 0.002125 0.025539 0.020595
15.910527 0.002125 0.025566 0.020622
15.912652 0.002125 0.025593 0.020649
15.914777 0.002125 0.025619 0.020675
15.916902 0.002125 0.025645 0.020701
15.919026 0.002125 0.025671 0.020727
15.921151 0.002125 0.025696 0.020752
15.923276 0.002125 0.025720 0.020776
15.925400 0.002125 0.025744 0.020800
15.927525 0.002125 0.025768 0.020824
15.929650 0.002125 0.025791 0.020847
15.931774 0.002125 0.025813 0.020869
15.933899 0.002125 0.025835 0.020891
15.936023 0.002125 0.025857 0.020913
15.938148 0.002124 0.025878 0.020934
15.940272 0.002124 0.025900 0.020955
15.942397 0.002124 0.025920 0.020976
15.944521 0.002124 0.025941 0.020997
15.946645 0.002124 0.025961 0.021017
15.948770 0.002124 0.025980 0.021036
15.950894 0.002124 0.026000 0.021056
15.953018 0.002124 0.026019 0.021075
15.955142 0.002124 0.026038 0.021094
15.957267 0.002124 0.026058 0.021114
15.959391 0.002124 0.026077 0.021133
15.961515 0.002124 0.026097 0.021153
15.963639 0.002124 0.026117 0.021173
15.965763 0.002124 0.026137 0.021193
15.967887 0.002124 0.026158 0.021214
15.970011 0.002124 0.026179 0.021234
15.972135 0.002124 0.026200 0.021256
15.974259 0.002124 0.026221 0.021277
15.976383 0.002124 0.026242 0.021298
15.978506 0.002124 0.026263 0.021319
15.980630 0.002124 0.026285 0.021340
15.982754 0.002124 0.026306 0.021362
15.984878 0.002124 0.026327 0.021383
15.987001 0.002124 0.026348 0.021404
15.989125 0.002124 0.026369 0.021425
15.991249 0.002124 0.026390 0.021445
15.993372 0.002124 0.026410 0.021466
15.995496 0.002124 0.026431 0.021486
15.997619 0.002124 0.026451 0.021507
15.999743 0.002123 0.026471 0.021527
16.001866 0.002123 0.026491 0.021547
16.003990 0.002123 0.026511 0.021567
16.006113 0.002123 0.026531 0.021587
16.008236 0.002123 0.026551 0.021606
16.010360 0.002123 0.026570 0.021626
16.012483 0.002123 0.026589 0.021645
16.014606 0.002123 0.026607 0.021663
16.016729 0.002123 0.026625 0.021681
16.018852 0.002123 0.026643 0.021699
16.020976 0.002123 0.026660 0.021715
16.023099 0.002123 0.026676 0.021732
16.025222 0.002123 0.026691 0.021747
16.027345 0.002123 0.026706 0.021762
16.029468 0.002123 0.026720 0.021776
16.031591 0.002123 0.026733 0.021789
16.033714 0.002123 0.026746 0.021802
16.035836 0.002123 0.026758 0.021814
16.037959 0.002123 0.026770 0.021825
16.040082 0.002123 0.026781 0.021836
16.042205 0.002123 0.026791 0.021847
16.044328 0.002123 0.026801 0.021857
16.046450 0.002123 0.026811 0.021866
16.048573 0.002123 0.026820 0.021876
16.050696 0.002123 0.026829 0.021885
16.052818 0.002123 0.026837 0.021893
16.054941 0.002123 0.026846 0.021902
16.057063 0.002123 0.026854 0.021910
16.059186 0.002122 0.026863 0.021918
16.061308 0.002122 0.026871 0.021927
16.063431 0.002122 0.026879 0.021935
16.065553 0.002122 0.026888 0.021943
16.067675 0.002122 0.026896 0.021952
16.069798 0.002122 0.026905 0.021961
16.071920 0.002122 0.026914 0.021970
16.074042 0.002122 0.026923 0.021979
16.076165 0.002122 0.026933 0.021989
16.078287 0.002122 0.026943 0.021999
16.080409 0.002122 0.026953 0.022009
16.082531 0.002122 0.026964 0.022020
16.084653 0.002122 0.026975 0.022031
16.086775 0.002122 0.026987 0.022043
16.088897 0.002122 0.026999 0.022055
16.091019 0.002122 0.027012 0.022068
16.093141 0.002122 0.027025 0.022081
16.095263 0.002122 0.027039 0.022095
16.097385 0.002122 0.027053 0.022109
16.099507 0.002122 0.027067 0.022123
16.101629 0.002122 0.027082 0.022137
16.103751 0.002122 0.027096 0.022152
16.105872 0.002122 0.027110 0.022166
16.107994 0.002122 0.027125 0.022181
16.110116 0.002122 0.027139 0.022195
16.112237 0.002122 0.027153 0.022209
16.114359 0.002122 0.027167 0.022223
16.116481 0.002122 0.027181 0.022237
16.118602 0.002122 0.027195 0.022250
16.120724 0.002122 0.027208 0.022264
16.122845 0.002122 0.027221 0.022276
16.124967 0.002121 0.027233 0.022289
16.127088 0.002121 0.027245 0.022301
16.129210 0.002121 0.027257 0.022313
16.131331 0.002121 0.027269 0.022325
16.133452 0.002121 0.027280 0.022336
16.135574 0.002121 0.027291 0.022346
16.137695 0.002121 0.027301 0.022357
16.139816 0.002121 0.027311 0.022367
16.141937 0.002121 0.027320 0.022376
16.144059 0.002121 0.027328 0.022384
16.146180 0.002121 0.027336 0.022392
16.148301 0.002121 0.027343 0.022398
16.150422 0.002121 0.027348 0.022404
16.152543 0.002121 0.027353 0.022409
16.154664 0.002121 0.027358 0.022413
16.156785 0.002121 0.027362 0.022418
16.158906 0.002121 0.027365 0.022421
16.161027 0.002121 0.027369 0.022424
16.163148 0.002121 0.027371 0.022427
16.165269 0.002121 0.027373 0.022429
16.167390 0.002121 0.027375 0.022431
16.169510 0.002121 0.027376 0.022432
16.171631 0.002121 0.027377 0.022433
16.173752 0.002121 0.027377 0.022433
16.175873 0.002121 0.027376 0.022432
16.177993 0.002121 0.027376 0.022431
16.180114 0.002121 0.027375 0.022430
16.182235 0.002121 0.027373 0.022429
16.184355 0.002121 0.027372 0.022428
16.186476 0.002121 0.027371 0.022427
16.188596 0.002121 0.027371 0.022426
16.190717 0.002121 0.027371 0.022427
16.192837 0.002120 0.027372 0.022428
16.194958 0.002120 0.027374 0.022430
16.197078 0.002120 0.027377 0.022433
16.199198 0.002120 0.027381 0.022437
16.201319 0.002120 0.027386 0.022442
16.203439 0.002120 0.027393 0.022449
16.205559 0.002120 0.027403 0.022459
16.207680 0.002120 0.027415 0.022470
16.209800 0.002120 0.027428 0.022484
16.211920 0.002120 0.027444 0.022500
16.214040 0.002120 0.027465 0.022521
16.216160 0.002120 0.027494 0.022550
16.218281 0.002120 0.027532 0.022588
16.220401 0.002120 0.027582 0.022638
16.222521 0.002120 0.027643 0.022698
16.224641 0.002120 0.027711 0.022767
16.226761 0.002120 0.027784 0.022840
16.228881 0.002120 0.027870 0.022926
16.231001 0.002120 0.027972 0.023028
16.233120 0.002120 0.028096 0.023152
16.235240 0.002120 0.028247 0.023303
16.237360 0.002120 0.028426 0.023482
16.239480 0.002120 0.028633 0.023689
16.241600 0.002120 0.028866 0.023921
16.243720 0.002120 0.029123 0.024179
16.245839 0.002120 0.029405 0.024461
16.247959 0.002120 0.029706 0.024761
16.250079 0.002120 0.030018 0.025074
16.252198 0.002120 0.030339 0.025395
16.254318 0.002120 0.030662 0.025718
16.256437 0.002120 0.030984 0.026039
16.258557 0.002120 0.031298 0.026354
16.260676 0.002120 0.031599 0.026655
16.262796 0.002119 0.031881 0.026937
16.264915 0.002119 0.032139 0.027195
16.267035 0.002119 0.032378 0.027434
16.269154 0.002119 0.032595 0.027650
16.271274 0.002119 0.032789 0.027845
16.273393 0.002119 0.032963 0.028019
16.275512 0.002119 0.033117 0.028173
16.277632 0.002119 0.033253 0.028308
16.279751 0.002119 0.033373 0.028429
16.281870 0.002119 0.033480 0.028536
16.283989 0.002119 0.033572 0.028628
16.286108 0.002119 0.033655 0.028711
16.288228 0.002119 0.033730 0.028786
16.290347 0.002119 0.033798 0.028854
16.292466 0.002119 0.033856 0.028912
16.294585 0.002119 0.033905 0.028961
16.296704 0.002119 0.033943 0.028999
16.298823 0.002119 0.033969 0.029025
16.300942 0.002119 0.033988 0.029044
16.303061 0.002119 0.034001 0.029056
16.305180 0.002119 0.034011 0.029066
16.307299 0.002119 0.034021 0.029077
16.309418 0.002119 0.034030 0.029086
16.311536 0.002119 0.034038 0.029094
16.313655 0.002119 0.034044 0.029100
16.315774 0.002119 0.034048 0.029103
16.317893 0.002119 0.034048 0.029104
16.320012 0.002119 0.034042 0.029097
16.322130 0.002119 0.034030 0.029086
16.324249 0.002119 0.034016 0.029071
16.326368 0.002119 0.034001 0.029057
16.328486 0.002119 0.033988 0.029043
16.330605 0.002119 0.033975 0.029031
16.332724 0.002119 0.033962 0.029018
16.334842 0.002119 0.033950 0.029006
16.336961 0.002119 0.033938 0.028994
16.339079 0.002119 0.033925 0.028981
16.341198 0.002119 0.033912 0.028968
16.343316 0.002118 0.033900 0.028956
16.345435 0.002118 0.033889 0.028944
16.347553 0.002118 0.033878 0.028933
16.349672 0.002118 0.033867 0.028922
16.351790 0.002118 0.033856 0.028912
16.353908 0.002118 0.033845 0.028901
16.356027 0.002118 0.033834 0.028889
16.358145 0.002118 0.033822 0.028878
16.360263 0.002118 0.033811 0.028866
16.362382 0.002118 0.033799 0.028855
16.364500 0.002118 0.033787 0.028843
16.366618 0.002118 0.033776 0.028832
16.368736 0.002118 0.033764 0.028820
16.370855 0.002118 0.033754 0.028809
16.372973 0.002118 0.033743 0.028799
16.375091 0.002118 0.033733 0.028788
16.377209 0.002118 0.033723 0.028779
16.379327 0.002118 0.033713 0.028769
16.381445 0.002118 0.033704 0.028760
16.383563 0.002118 0.033695 0.028751
16.385682 0.002118 0.033686 0.028742
16.387800 0.002118 0.033678 0.028734
16.389918 0.002118 0.033669 0.028725
16.392036 0.002118 0.033661 0.028717
16.394154 0.002118 0.033652 0.028708
16.396272 0.002118 0.033644 0.028700
16.398389 0.002118 0.033637 0.028692
16.400507 0.002118 0.033629 0.028685
16.402625 0.002118 0.033622 0.028678
16.404743 0.002118 0.033615 0.028671
16.406861 0.002118 0.033608 0.028664
16.408979 0.002118 0.033602 0.028658
16.411097 0.002118 0.033596 0.028652
16.413215 0.002118 0.033590 0.028646
16.415332 0.002118 0.033584 0.028640
16.417450 0.002118 0.033578 0.028634
16.419568 0.002118 0.033572 0.028628
16.421686 0.002118 0.033566 0.028622
16.423803 0.002118 0.033560 0.028615
16.425921 0.002118 0.033553 0.028609
16.428039 0.002118 0.033546 0.028602
16.430156 0.002118 0.033539 0.028595
16.432274 0.002118 0.033531 0.028587
16.434392 0.002118 0.033524 0.028579
16.436509 0.002118 0.033516 0.028571
16.438627 0.002118 0.033507 0.028563
16.440745 0.002118 0.033499 0.028555
16.442862 0.002118 0.033491 0.028546
16.444980 0.002118 0.033482 0.028538
16.447097 0.002118 0.033474 0.028529
16.449215 0.002118 0.033465 0.028521
16.451332 0.002118 0.033457 0.028512
16.453450 0.002117 0.033448 0.028504
16.455567 0.002117 0.033439 0.028495
16.457685 0.002117 0.033431 0.028487
16.459802 0.002117 0.033422 0.028478
16.461919 0.002117 0.033414 0.028470
16.464037 0.002117 0.033406 0.028461
16.466154 0.002117 0.033397 0.028453
16.468272 0.002117 0.033389 0.028445
16.470389 0.002117 0.033381 0.028436
16.472506 0.002117 0.033373 0.028428
16.474624 0.002117 0.033365 0.028421
16.476741 0.002117 0.033357 0.028413
16.478858 0.002117 0.033350 0.028406
16.480975 0.002117 0.033343 0.028398
16.483093 0.002117 0.033336 0.028392
16.485210 0.002117 0.033330 0.028386
16.487327 0.002117 0.033324 0.028380
16.489444 0.002117 0.033319 0.028375
16.491562 0.002117 0.033315 0.028370
16.493679 0.002117 0.033311 0.028366
16.495796 0.002117 0.033307 0.028363
16.497913 0.002117 0.033304 0.028360
16.500030 0.002117 0.033302 0.028357
16.502147 0.002117 0.033299 0.028355
16.504264 0.002117 0.033297 0.028353
16.506382 0.002117 0.033295 0.028351
16.508499 0.002117 0.033293 0.028349
16.510616 0.002117 0.033291 0.028347
16.512733 0.002117 0.033288 0.028344
16.514850 0.002117 0.033285 0.028341
16.516967 0.002117 0.033281 0.028337
16.519084 0.002117 0.033276 0.028332
16.521201 0.002117 0.033271 0.028326
16.523318 0.002117 0.033264 0.028320
16.525435 0.002117 0.033257 0.028313
16.527552 0.002117 0.033249 0.028304
16.529668 0.002117 0.033239 0.028295
16.531785 0.002117 0.033230 0.028285
16.533902 0.002117 0.033219 0.028275
16.536019 0.002117 0.033208 0.028264
16.538136 0.002117 0.033197 0.028253
16.540253 0.002117 0.033185 0.028241
16.542370 0.002117 0.033174 0.028230
16.544486 0.002117 0.033163 0.028218
16.546603 0.002117 0.033152 0.028207
16.548720 0.002117 0.033141 0.028197
16.550837 0.002117 0.033131 0.028187
16.552953 0.002117 0.033122 0.028178
16.555070 0.002117 0.033114 0.028170
16.557187 0.002117 0.033107 0.028163
16.559304 0.002117 0.033101 0.028156
16.561420 0.002117 0.033095 0.028151
16.563537 0.002117 0.033091 0.028147
16.565654 0.002117 0.033088 0.028144
16.567770 0.002117 0.033085 0.028141
16.569887 0.002117 0.033084 0.028140
16.572004 0.002117 0.033083 0.028139
16.574120 0.002117 0.033083 0.028139
16.576237 0.002117 0.033083 0.028139
16.578353 0.002117 0.033084 0.028140
16.580470 0.002117 0.033085 0.028140
16.582586 0.002117 0.033085 0.028141
16.584703 0.002116 0.033086 0.028142
16.586819 0.002116 0.033086 0.028142
16.588936 0.002116 0.033086 0.028142
16.591052 0.002116 0.033085 0.028141
16.593168 0.002116 0.033084 0.028139
16.595285 0.002116 0.033081 0.028137
16.597401 0.002116 0.033077 0.028133
16.599518 0.002116 0.033072 0.028128
16.601634 0.002116 0.033066 0.028122
16.603750 0.002116 0.033059 0.028115
16.605866 0.002116 0.033050 0.028106
16.607983 0.002116 0.033040 0.028096
16.610099 0.002116 0.033029 0.028085
16.612215 0.002116 0.033016 0.028072
16.614331 0.002116 0.033003 0.028058
16.616448 0.002116 0.032987 0.028043
16.618564 0.002116 0.032972 0.028027
16.620680 0.002116 0.032955 0.028011
16.622796 0.002116 0.032939 0.027995
16.624912 0.002116 0.032924 0.027979
16.627028 0.002116 0.032908 0.027964
16.629144 0.002116 0.032892 0.027947
16.631260 0.002116 0.032876 0.027932
16.633376 0.002116 0.032862 0.027918
16.635492 0.002116 0.032850 0.027905
16.637608 0.002116 0.032839 0.027895
16.639724 0.002116 0.032831 0.027887
16.641840 0.002116 0.032827 0.027882
16.643956 0.002116 0.032829 0.027884
16.646072 0.002116 0.032837 0.027893
16.648188 0.002116 0.032851 0.027907
16.650304 0.002116 0.032873 0.027929
16.652419 0.002116 0.032896 0.027952
16.654535 0.002116 0.032921 0.027977
16.656651 0.002116 0.032948 0.028003
16.658767 0.002116 0.032972 0.028028
16.660882 0.002116 0.032998 0.028054
16.662998 0.002116 0.033029 0.028085
16.665114 0.002116 0.033066 0.028122
16.667229 0.002116 0.033112 0.028168
16.669345 0.002116 0.033173 0.028229
16.671461 0.002116 0.033252 0.028308
16.673576 0.002116 0.033351 0.028407
16.675692 0.002116 0.033474 0.028530
16.677807 0.002116 0.033622 0.028678
16.679923 0.002116 0.033832 0.028888
16.682038 0.002115 0.034106 0.029162
16.684154 0.002115 0.034455 0.029511
16.686269 0.002115 0.034875 0.029931
16.688385 0.002115 0.035390 0.030445
16.690500 0.002115 0.036003 0.031059
16.692615 0.002115 0.036716 0.031772
16.694731 0.002115 0.037508 0.032564
16.696846 0.002115 0.038364 0.033420
16.698961 0.002115 0.039238 0.034294
16.701077 0.002115 0.040128 0.035184
16.703192 0.002115 0.041006 0.036062
16.705307 0.002115 0.041843 0.036899
16.707422 0.002115 0.042590 0.037646
16.709538 0.002115 0.043255 0.038311
16.711653 0.002115 0.043848 0.038903
16.713768 0.002115 0.044376 0.039432
16.715883 0.002115 0.044841 0.039896
16.717998 0.002115 0.045240 0.040296
16.720113 0.002115 0.045578 0.040634
16.722228 0.002115 0.045861 0.040917
16.724343 0.002115 0.046099 0.041154
16.726458 0.002115 0.046288 0.041343
16.728573 0.002115 0.046434 0.041490
16.730688 0.002115 0.046559 0.041615
16.732803 0.002115 0.046669 0.041725
16.734918 0.002115 0.046761 0.041817
16.737032 0.002115 0.046842 0.041898
16.739147 0.002115 0.046913 0.041968
16.741262 0.002115 0.046985 0.042040
16.743377 0.002115 0.047061 0.042116
16.745491 0.002115 0.047145 0.042200
16.747606 0.002115 0.047228 0.042284
16.749721 0.002115 0.047316 0.042371
16.751836 0.002115 0.047425 0.042481
16.753950 0.002115 0.047537 0.042593
16.756065 0.002115 0.047642 0.042698
16.758179 0.002115 0.047738 0.042794
16.760294 0.002115 0.047822 0.042878
16.762408 0.002115 0.047896 0.042952
16.764523 0.002115 0.047946 0.043002
16.766637 0.002114 0.047966 0.043022
16.768752 0.002114 0.047954 0.043010
16.770866 0.002114 0.047932 0.042987
16.772981 0.002114 0.047912 0.042968
16.775095 0.002114 0.047883 0.042939
16.777209 0.002114 0.047832 0.042888
16.779324 0.002114 0.047761 0.042817
16.781438 0.002114 0.047673 0.042728
16.783552 0.002114 0.047563 0.042619
16.785667 0.002114 0.047445 0.042501
16.787781 0.002114 0.047321 0.042377
16.789895 0.002114 0.047202 0.042258
16.792009 0.002114 0.047103 0.042158
16.794123 0.002114 0.047021 0.042077
16.796238 0.002114 0.046954 0.042010
16.798352 0.002114 0.046900 0.041956
16.800466 0.002114 0.046862 0.041918
16.802580 0.002114 0.046836 0.041891
16.804694 0.002114 0.046819 0.041875
16.806808 0.002114 0.046809 0.041864
16.808922 0.002114 0.046806 0.041862
16.811036 0.002114 0.046808 0.041863
16.813150 0.002114 0.046810 0.041865
16.815264 0.002114 0.046813 0.041869
16.817378 0.002114 0.046819 0.041874
16.819492 0.002114 0.046824 0.041879
16.821606 0.002114 0.046830 0.041886
16.823719 0.002114 0.046832 0.041888
16.825833 0.002114 0.046831 0.041887
16.827947 0.002114 0.046826 0.041882
16.830061 0.002114 0.046817 0.041873
16.832175 0.002114 0.046804 0.041860
16.834288 0.002114 0.046786 0.041841
16.836402 0.002114 0.046763 0.041818
16.838516 0.002114 0.046732 0.041788
16.840629 0.002114 0.046691 0.041747
16.842743 0.002114 0.046641 0.041697
16.844857 0.002114 0.046584 0.041639
16.846970 0.002114 0.046522 0.041578
16.849084 0.002114 0.046457 0.041513
16.851197 0.002114 0.046395 0.041451
16.853311 0.002114 0.046342 0.041397
16.855425 0.002114 0.046299 0.041355
16.857538 0.002114 0.046266 0.041322
16.859652 0.002113 0.046243 0.041299
16.861765 0.002113 0.046228 0.041283
16.863878 0.002113 0.046218 0.041274
16.865992 0.002113 0.046212 0.041268
16.868105 0.002113 0.046208 0.041264
16.870219 0.002113 0.046207 0.041263
16.872332 0.002113 0.046211 0.041267
16.874445 0.002113 0.046220 0.041276
16.876559 0.002113 0.046233 0.041289
16.878672 0.002113 0.046249 0.041305
16.880785 0.002113 0.046266 0.041322
16.882899 0.002113 0.046284 0.041340
16.885012 0.002113 0.046300 0.041355
16.887125 0.002113 0.046312 0.041368
16.889239 0.002113 0.046320 0.041376
16.891352 0.002113 0.046323 0.041379
16.893465 0.002113 0.046323 0.041379
16.895578 0.002113 0.046323 0.041379
16.897691 0.002113 0.046322 0.041378
16.899804 0.002113 0.046321 0.041377
16.901918 0.002113 0.046318 0.041374
16.904031 0.002113 0.046312 0.041368
16.906144 0.002113 0.046304 0.041360
16.908257 0.002113 0.046291 0.041347
16.910370 0.002113 0.046272 0.041328
16.912483 0.002113 0.046249 0.041304
16.914596 0.002113 0.046222 0.041277
16.916709 0.002113 0.046196 0.041252
16.918822 0.002113 0.046173 0.041229
16.920935 0.002113 0.046153 0.041209
16.923048 0.002113 0.046138 0.041194
16.925161 0.002113 0.046128 0.041184
16.927274 0.002113 0.046123 0.041179
16.929387 0.002113 0.046122 0.041177
16.931500 0.002113 0.046122 0.041178
16.933613 0.002113 0.046124 0.041180
16.935726 0.002113 0.046127 0.041183
16.937839 0.002113 0.046132 0.041188
16.939951 0.002113 0.046138 0.041193
16.942064 0.002113 0.046145 0.041200
16.944177 0.002113 0.046153 0.041209
16.946290 0.002113 0.046163 0.041218
16.948403 0.002113 0.046174 0.041230
16.950516 0.002113 0.046186 0.041242
16.952628 0.002113 0.046198 0.041254
16.954741 0.002113 0.046210 0.041265
16.956854 0.002113 0.046220 0.041276
16.958967 0.002113 0.046230 0.041286
16.961079 0.002113 0.046238 0.041294
16.963192 0.002113 0.046246 0.041302
16.965305 0.002113 0.046253 0.041309
16.967418 0.002113 0.046259 0.041315
16.969530 0.002113 0.046265 0.041321
16.971643 0.002113 0.046270 0.041325
16.973756 0.002113 0.046273 0.041329
16.975868 0.002113 0.046276 0.041332
16.977981 0.002113 0.046278 0.041334
16.980094 0.002113 0.046280 0.041336
16.982206 0.002113 0.046282 0.041338
16.984319 0.002113 0.046284 0.041340
16.986432 0.002113 0.046286 0.041342
16.988544 0.002113 0.046288 0.041344
16.990657 0.002113 0.046290 0.041345
16.992769 0.002113 0.046291 0.041347
16.994882 0.002113 0.046292 0.041348
16.996994 0.002113 0.046293 0.041349
16.999107 0.002113 0.046294 0.041350
17.001220 0.002113 0.046295 0.041350
17.003332 0.002113 0.046294 0.041350
17.005445 0.002113 0.046293 0.041349
17.007557 0.002113 0.046292 0.041347
17.009670 0.002113 0.046289 0.041345
17.011782 0.002113 0.046286 0.041342
17.013895 0.002112 0.046283 0.041339
17.016007 0.002112 0.046279 0.041334
17.018120 0.002112 0.046274 0.041329
17.020232 0.002112 0.046268 0.041324
17.022345 0.002112 0.046262 0.041318
17.024457 0.002112 0.046256 0.041311
17.026569 0.002112 0.046249 0.041305
17.028682 0.002112 0.046242 0.041298
17.030794 0.002112 0.046235 0.041290
17.032907 0.002112 0.046228 0.041284
17.035019 0.002112 0.046221 0.041277
17.037132 0.002112 0.046215 0.041270
17.039244 0.002112 0.046209 0.041265
17.041356 0.002112 0.046204 0.041259
17.043469 0.002112 0.046199 0.041255
17.045581 0.002112 0.046195 0.041251
17.047694 0.002112 0.046191 0.041247
17.049806 0.002112 0.046189 0.041244
17.051918 0.002112 0.046187 0.041243
17.054031 0.002112 0.046185 0.041241
17.056143 0.002112 0.046185 0.041241
17.058255 0.002112 0.046185 0.041240
17.060368 0.002112 0.046185 0.041241
17.062480 0.002112 0.046186 0.041242
17.064592 0.002112 0.046187 0.041243
17.066705 0.002112 0.046189 0.041244
17.068817 0.002112 0.046190 0.041246
17.070929 0.002112 0.046192 0.041248
17.073042 0.002112 0.046195 0.041250
17.075154 0.002112 0.046197 0.041253
17.077266 0.002112 0.046199 0.041255
17.079379 0.002112 0.046201 0.041257
17.081491 0.002112 0.046204 0.041260
17.083603 0.002112 0.046207 0.041263
17.085715 0.002112 0.046210 0.041266
17.087828 0.002112 0.046214 0.041270
17.089940 0.002112 0.046219 0.041275
17.092052 0.002112 0.046224 0.041280
17.094165 0.002112 0.046231 0.041286
17.096277 0.002112 0.046237 0.041293
17.098389 0.002112 0.046245 0.041301
17.100501 0.002112 0.046253 0.041309
17.102613 0.002112 0.046262 0.041318
17.104725 0.002112 0.046272 0.041327
17.106838 0.002112 0.046282 0.041338
17.108950 0.002112 0.046292 0.041348
17.111062 0.002112 0.046303 0.041359
17.113174 0.002112 0.046315 0.041371
17.115286 0.002112 0.046326 0.041382
17.117398 0.002112 0.046338 0.041394
17.119510 0.002112 0.046350 0.041406
17.121622 0.002112 0.046361 0.041417
17.123734 0.002112 0.046373 0.041429
17.125845 0.002112 0.046384 0.041440
17.127957 0.002112 0.046395 0.041450
17.130069 0.002112 0.046405 0.041461
17.132181 0.002112 0.046415 0.041471
17.134293 0.002112 0.046424 0.041480
17.136405 0.002112 0.046433 0.041488
17.138516 0.002112 0.046441 0.041496
17.140628 0.002112 0.046448 0.041504
17.142740 0.002112 0.046455 0.041511
17.144852 0.002112 0.046462 0.041517
17.146963 0.002112 0.046468 0.041523
17.149075 0.002112 0.046473 0.041529
17.151187 0.002112 0.046479 0.041535
17.153298 0.002112 0.046485 0.041540
17.155410 0.002112 0.046490 0.041546
17.157521 0.002112 0.046496 0.041552
17.159633 0.002112 0.046502 0.041558
17.161744 0.002112 0.046508 0.041564
17.163856 0.002112 0.046515 0.041570
17.165967 0.002111 0.046521 0.041577
17.168079 0.002111 0.046528 0.041584
17.170190 0.002111 0.046536 0.041591
17.172302 0.002111 0.046543 0.041599
17.174413 0.002111 0.046551 0.041607
17.176525 0.002111 0.046559 0.041615
17.178636 0.002111 0.046568 0.041623
17.180747 0.002111 0.046576 0.041632
17.182859 0.002111 0.046584 0.041640
17.184970 0.002111 0.046592 0.041648
17.187081 0.002111 0.046600 0.041656
17.189193 0.002111 0.046608 0.041663
17.191304 0.002111 0.046614 0.041670
17.193415 0.002111 0.046621 0.041677
17.195526 0.002111 0.046627 0.041683
17.197637 0.002111 0.046633 0.041689
17.199749 0.002111 0.046639 0.041695
17.201860 0.002111 0.046645 0.041700
17.203971 0.002111 0.046650 0.041706
17.206082 0.002111 0.046656 0.041711
17.208193 0.002111 0.046661 0.041717
17.210304 0.002111 0.046666 0.041722
17.212415 0.002111 0.046671 0.041727
17.214526 0.002111 0.046677 0.041732
17.216637 0.002111 0.046682 0.041737
17.218748 0.002111 0.046687 0.041742
17.220859 0.002111 0.046692 0.041747
17.222970 0.002111 0.046696 0.041752
17.225081 0.002111 0.046701 0.041757
17.227192 0.002111 0.046705 0.041761
17.229303 0.002111 0.046708 0.041764
17.231414 0.002111 0.046711 0.041767
17.233525 0.002111 0.046713 0.041769
17.235636 0.002111 0.046715 0.041771
17.237747 0.002111 0.046717 0.041773
17.239858 0.002111 0.046719 0.041774
17.241968 0.002111 0.046720 0.041776
17.244079 0.002111 0.046721 0.041777
17.246190 0.002111 0.046721 0.041777
17.248301 0.002111 0.046721 0.041777
17.250412 0.002111 0.046721 0.041777
17.252522 0.002111 0.046720 0.041776
17.254633 0.002111 0.046719 0.041775
17.256744 0.002111 0.046717 0.041773
17.258854 0.002111 0.046715 0.041771
17.260965 0.002111 0.046711 0.041767
17.263076 0.002111 0.046706 0.041762
17.265186 0.002111 0.046700 0.041756
17.267297 0.002111 0.046692 0.041748
17.269408 0.002111 0.046683 0.041739
17.271518 0.002111 0.046672 0.041728
17.273629 0.002111 0.046660 0.041715
17.275740 0.002111 0.046645 0.041701
17.277850 0.002111 0.046629 0.041685
17.279961 0.002111 0.046611 0.041667
17.282071 0.002111 0.046591 0.041647
17.284182 0.002111 0.046570 0.041626
17.286292 0.002111 0.046548 0.041604
17.288403 0.002111 0.046524 0.041580
17.290513 0.002111 0.046500 0.041556
17.292624 0.002110 0.046475 0.041530
17.294734 0.002110 0.046449 0.041505
17.296845 0.002110 0.046422 0.041478
17.298955 0.002110 0.046396 0.041451
17.301066 0.002110 0.046369 0.041425
17.303176 0.002110 0.046342 0.041398
17.305287 0.002110 0.046315 0.041371
17.307397 0.002110 0.046288 0.041344
17.309507 0.002110 0.046261 0.041317
17.311618 0.002110 0.046235 0.041290
17.313728 0.002110 0.046208 0.041264
17.315839 0.002110 0.046182 0.041237
17.317949 0.002110 0.046156 0.041211
17.320059 0.002110 0.046130 0.041186
17.322170 0.002110 0.046105 0.041161
17.324280 0.002110 0.046081 0.041137
17.326390 0.002110 0.046058 0.041114
17.328501 0.002110 0.046035 0.041091
17.330611 0.002110 0.046013 0.041069
17.332721 0.002110 0.045992 0.041047
17.334831 0.002110 0.045971 0.041026
17.336942 0.002110 0.045951 0.041006
17.339052 0.002110 0.045931 0.040987
17.341162 0.002110 0.045913 0.040969
17.343273 0.002110 0.045896 0.040952
17.345383 0.002110 0.045880 0.040935
17.347493 0.002110 0.045864 0.040920
17.349603 0.002110 0.045850 0.040906
17.351714 0.002110 0.045836 0.040892
17.353824 0.002110 0.045823 0.040879
17.355934 0.002110 0.045812 0.040867
17.358044 0.002110 0.045801 0.040856
17.360154 0.002110 0.045790 0.040846
17.362265 0.002110 0.045781 0.040837
17.364375 0.002110 0.045772 0.040828
17.366485 0.002110 0.045764 0.040820
17.368595 0.002110 0.045756 0.040812
17.370705 0.002110 0.045749 0.040805
17.372815 0.002110 0.045742 0.040798
17.374926 0.002110 0.045736 0.040792
17.377036 0.002110 0.045730 0.040786
17.379146 0.002110 0.045725 0.040780
17.381256 0.002110 0.045719 0.040775
17.383366 0.002110 0.045714 0.040770
17.385476 0.002110 0.045709 0.040765
17.387587 0.002110 0.045704 0.040760
17.389697 0.002110 0.045699 0.040755
17.391807 0.002110 0.045694 0.040750
17.393917 0.002110 0.045690 0.040745
17.396027 0.002110 0.045685 0.040741
17.398137 0.002110 0.045680 0.040736
17.400247 0.002110 0.045675 0.040731
17.402357 0.002110 0.045671 0.040727
17.404468 0.002110 0.045666 0.040722
17.406578 0.002110 0.045661 0.040717
17.408688 0.002110 0.045657 0.040712
17.410798 0.002110 0.045652 0.040708
17.412908 0.002110 0.045647 0.040703
17.415018 0.002110 0.045642 0.040697
17.417128 0.002110 0.045636 0.040692
17.419238 0.002110 0.045630 0.040686
17.421349 0.002110 0.045624 0.040680
17.423459 0.002110 0.045618 0.040674
17.425569 0.002110 0.045611 0.040667
17.427679 0.002110 0.045604 0.040660
17.429789 0.002110 0.045596 0.040652
17.431899 0.002110 0.045588 0.040644
17.434009 0.002110 0.045579 0.040635
17.436119 0.002110 0.045570 0.040626
17.438230 0.002110 0.045560 0.040616
17.440340 0.002110 0.045550 0.040606
17.442450 0.002110 0.045539 0.040595
17.444560 0.002110 0.045529 0.040584
17.446670 0.002110 0.045518 0.040574
17.448780 0.002110 0.045507 0.040563
17.450890 0.002110 0.045496 0.040551
17.453000 0.002110 0.045484 0.040540
17.455111 0.002110 0.045473 0.040529
17.457221 0.002110 0.045462 0.040518
17.459331 0.002110 0.045451 0.040507
17.461441 0.002110 0.045440 0.040496
17.463551 0.002110 0.045430 0.040485
17.465661 0.002110 0.045420 0.040475
17.467771 0.002110 0.045410 0.040466
17.469882 0.002110 0.045402 0.040458
17.471992 0.002110 0.045395 0.040451
17.474102 0.002110 0.045389 0.040445
17.476212 0.002110 0.045385 0.040441
17.478322 0.002110 0.045382 0.040438
17.480432 0.002110 0.045381 0.040437
17.482543 0.002110 0.045381 0.040437
17.484653 0.002110 0.045383 0.040438
17.486763 0.002110 0.045386 0.040442
17.488873 0.002110 0.045393 0.040449
17.490983 0.002110 0.045400 0.040456
17.493094 0.002110 0.045409 0.040465
17.495204 0.002110 0.045422 0.040478
17.497314 0.002110 0.045439 0.040495
17.499424 0.002110 0.045460 0.040516
17.501535 0.002110 0.045486 0.040542
17.503645 0.002110 0.045518 0.040574
17.505755 0.002110 0.045556 0.040612
17.507865 0.002110 0.045598 0.040654
17.509976 0.002110 0.045644 0.040700
17.512086 0.002110 0.045694 0.040750
17.514196 0.002110 0.045750 0.040806
17.516306 0.002110 0.045811 0.040867
17.518417 0.002110 0.045878 0.040934
17.520527 0.002110 0.045948 0.041004
17.522637 0.002110 0.046021 0.041077
17.524748 0.002110 0.046094 0.041150
17.526858 0.002110 0.046168 0.041224
17.528968 0.002110 0.046242 0.041298
17.531079 0.002110 0.046317 0.041373
17.533189 0.002110 0.046392 0.041447
17.535299 0.002110 0.046465 0.041521
17.537410 0.002110 0.046536 0.041592
17.539520 0.002110 0.046605 0.041660
17.541630 0.002110 0.046670 0.041726
17.543741 0.002110 0.046732 0.041787
17.545851 0.002110 0.046789 0.041845
17.547962 0.002110 0.046843 0.041898
17.550072 0.002110 0.046891 0.041947
17.552183 0.002110 0.046934 0.041990
17.554293 0.002110 0.046970 0.042026
17.556403 0.002110 0.047001 0.042056
17.558514 0.002110 0.047026 0.042082
17.560624 0.002110 0.047048 0.042104
17.562735 0.002110 0.047068 0.042123
17.564845 0.002110 0.047082 0.042138
17.566956 0.002111 0.047095 0.042150
17.569066 0.002111 0.047104 0.042160
17.571177 0.002111 0.047110 0.042166
17.573287 0.002111 0.047113 0.042169
17.575398 0.002111 0.047112 0.042168
17.577509 0.002111 0.047108 0.042164
17.579619 0.002111 0.047100 0.042155
17.581730 0.002111 0.047085 0.042141
17.583840 0.002111 0.047066 0.042122
17.585951 0.002111 0.047043 0.042099
17.588062 0.002111 0.047016 0.042072
17.590172 0.002111 0.046986 0.042042
17.592283 0.002111 0.046954 0.042010
17.594393 0.002111 0.046920 0.041975
17.596504 0.002111 0.046881 0.041937
17.598615 0.002111 0.046839 0.041894
17.600725 0.002111 0.046791 0.041847
17.602836 0.002111 0.046738 0.041794
17.604947 0.002111 0.046681 0.041737
17.607058 0.002111 0.046621 0.041677
17.609168 0.002111 0.046559 0.041615
17.611279 0.002111 0.046496 0.041552
17.613390 0.002111 0.046432 0.041487
17.615501 0.002111 0.046367 0.041422
17.617611 0.002111 0.046301 0.041357
17.619722 0.002111 0.046234 0.041290
17.621833 0.002111 0.046167 0.041223
17.623944 0.002111 0.046100 0.041156
17.626055 0.002111 0.046032 0.041088
17.628166 0.002111 0.045965 0.041021
17.630276 0.002111 0.045898 0.040954
17.632387 0.002111 0.045832 0.040888
17.634498 0.002111 0.045766 0.040822
17.636609 0.002111 0.045700 0.040756
17.638720 0.002111 0.045636 0.040691
17.640831 0.002111 0.045571 0.040627
17.642942 0.002111 0.045508 0.040564
17.645053 0.002111 0.045445 0.040501
17.647164 0.002111 0.045383 0.040439
17.649275 0.002111 0.045321 0.040377
17.651386 0.002111 0.045261 0.040316
17.653497 0.002111 0.045201 0.040256
17.655608 0.002111 0.045141 0.040197
17.657719 0.002111 0.045083 0.040138
17.659830 0.002111 0.045025 0.040080
17.661941 0.002111 0.044967 0.040023
17.664052 0.002111 0.044911 0.039967
17.666164 0.002111 0.044855 0.039911
17.668275 0.002111 0.044799 0.039855
17.670386 0.002111 0.044745 0.039800
17.672497 0.002111 0.044690 0.039746
17.674608 0.002111 0.044637 0.039692
17.676720 0.002111 0.044583 0.039639
17.678831 0.002111 0.044530 0.039586
17.680942 0.002111 0.044478 0.039534
17.683053 0.002111 0.044426 0.039482
17.685165 0.002111 0.044374 0.039430
17.687276 0.002111 0.044323 0.039379
17.689387 0.002111 0.044272 0.039328
17.691498 0.002111 0.044221 0.039277
17.693610 0.002111 0.044171 0.039227
17.695721 0.002111 0.044121 0.039177
17.697833 0.002111 0.044071 0.039127
17.699944 0.002111 0.044022 0.039078
17.702055 0.002111 0.043973 0.039029
17.704167 0.002111 0.043924 0.038980
17.706278 0.002111 0.043876 0.038932
17.708390 0.002111 0.043828 0.038884
17.710501 0.002111 0.043780 0.038836
17.712613 0.002112 0.043733 0.038789
17.714724 0.002112 0.043687 0.038742
17.716836 0.002112 0.043640 0.038696
17.718947 0.002112 0.043594 0.038650
17.721059 0.002112 0.043549 0.038605
17.723170 0.002112 0.043504 0.038560
17.725282 0.002112 0.043459 0.038515
17.727394 0.002112 0.043415 0.038471
17.729505 0.002112 0.043372 0.038427
17.731617 0.002112 0.043329 0.038384
17.733729 0.002112 0.043286 0.038342
17.735840 0.002112 0.043244 0.038300
17.737952 0.002112 0.043203 0.038259
17.740064 0.002112 0.043162 0.038218
17.742176 0.002112 0.043121 0.038177
17.744287 0.002112 0.043082 0.038137
17.746399 0.002112 0.043042 0.038098
17.748511 0.002112 0.043004 0.038059
17.750623 0.002112 0.042965 0.038021
17.752735 0.002112 0.042928 0.037983
17.754847 0.002112 0.042890 0.037946
17.756958 0.002112 0.042853 0.037909
17.759070 0.002112 0.042817 0.037873
17.761182 0.002112 0.042781 0.037837
17.763294 0.002112 0.042746 0.037801
17.765406 0.002112 0.042710 0.037766
17.767518 0.002112 0.042676 0.037731
17.769630 0.002112 0.042641 0.037697
17.771742 0.002112 0.042607 0.037663
17.773854 0.002112 0.042574 0.037629
17.775966 0.002112 0.042540 0.037596
17.778078 0.002112 0.042507 0.037563
17.780191 0.002112 0.042475 0.037530
17.782303 0.002112 0.042442 0.037498
17.784415 0.002112 0.042410 0.037466
17.786527 0.002112 0.042378 0.037434
17.788639 0.002112 0.042347 0.037403
17.790751 0.002112 0.042315 0.037371
17.792864 0.002112 0.042284 0.037340
17.794976 0.002112 0.042254 0.037310
17.797088 0.002112 0.042223 0.037279
17.799201 0.002112 0.042193 0.037249
17.801313 0.002112 0.042163 0.037219
17.803425 0.002112 0.042133 0.037189
17.805538 0.002112 0.042103 0.037159
17.807650 0.002112 0.042074 0.037129
17.809762 0.002112 0.042044 0.037100
17.811875 0.002112 0.042015 0.037071
17.813987 0.002112 0.041986 0.037042
17.816100 0.002112 0.041957 0.037013
17.818212 0.002112 0.041928 0.036984
17.820325 0.002113 0.041899 0.036955
17.822437 0.002113 0.041870 0.036926
17.824550 0.002113 0.041842 0.036898
17.826662 0.002113 0.041813 0.036869
17.828775 0.002113 0.041785 0.036840
17.830888 0.002113 0.041756 0.036812
17.833000 0.002113 0.041728 0.036784
17.835113 0.002113 0.041699 0.036755
17.837226 0.002113 0.041671 0.036727
17.839338 0.002113 0.041642 0.036698
17.841451 0.002113 0.041614 0.036670
17.843564 0.002113 0.041586 0.036641
17.845677 0.002113 0.041557 0.036613
17.847789 0.002113 0.041529 0.036585
17.849902 0.002113 0.041500 0.036556
17.852015 0.002113 0.041472 0.036528
17.854128 0.002113 0.041443 0.036499
17.856241 0.002113 0.041415 0.036471
17.858354 0.002113 0.041386 0.036442
17.860467 0.002113 0.041358 0.036413
17.862580 0.002113 0.041329 0.036385
17.864693 0.002113 0.041301 0.036356
17.866806 0.002113 0.041272 0.036328
17.868919 0.002113 0.041244 0.036300
17.871032 0.002113 0.041215 0.036271
17.873145 0.002113 0.041187 0.036243
17.875258 0.002113 0.041159 0.036214
17.877371 0.002113 0.041130 0.036186
17.879484 0.002113 0.041102 0.036158
17.881597 0.002113 0.041073 0.036129
17.883710 0.002113 0.041045 0.036101
17.885823 0.002113 0.041017 0.036073
17.887937 0.002113 0.040988 0.036044
17.890050 0.002113 0.040960 0.036016
17.892163 0.002113 0.040932 0.035988
17.894276 0.002113 0.040903 0.035959
17.896389 0.002113 0.040875 0.035931
17.898503 0.002113 0.040847 0.035903
17.900616 0.002113 0.040818 0.035874
17.902729 0.002113 0.040790 0.035846
17.904843 0.002113 0.040761 0.035817
17.906956 0.002113 0.040733 0.035789
17.909069 0.002113 0.040704 0.035760
17.911183 0.002113 0.040676 0.035732
17.913296 0.002113 0.040647 0.035703
17.915409 0.002113 0.040619 0.035675
17.917523 0.002113 0.040590 0.035646
17.919636 0.002113 0.040562 0.035618
17.921750 0.002113 0.040533 0.035589
17.923863 0.002113 0.040505 0.035560
17.925977 0.002113 0.040476 0.035532
17.928090 0.002114 0.040448 0.035503
17.930204 0.002114 0.040419 0.035475
17.932317 0.002114 0.040391 0.035446
17.934431 0.002114 0.040362 0.035418
17.936544 0.002114 0.040334 0.035390
17.938658 0.002114 0.040305 0.035361
17.940772 0.002114 0.040277 0.035333
17.942885 0.002114 0.040249 0.035305
17.944999 0.002114 0.040221 0.035276
17.947113 0.002114 0.040192 0.035248
17.949226 0.002114 0.040164 0.035220
17.951340 0.002114 0.040136 0.035192
17.953454 0.002114 0.040108 0.035164
17.955567 0.002114 0.040080 0.035136
17.957681 0.002114 0.040052 0.035108
17.959795 0.002114 0.040024 0.035080
17.961909 0.002114 0.039997 0.035052
17.964023 0.002114 0.039969 0.035024
17.966136 0.002114 0.039941 0.034997
17.968250 0.002114 0.039913 0.034969
17.970364 0.002114 0.039885 0.034941
17.972478 0.002114 0.039858 0.034913
17.974592 0.002114 0.039830 0.034886
17.976706 0.002114 0.039802 0.034858
17.978820 0.002114 0.039774 0.034830
17.980934 0.002114 0.039747 0.034803
17.983048 0.002114 0.039719 0.034775
17.985162 0.002114 0.039691 0.034747
17.987276 0.002114 0.039664 0.034720
17.989390 0.002114 0.039636 0.034692
17.991504 0.002114 0.039609 0.034664
17.993618 0.002114 0.039581 0.034637
17.995732 0.002114 0.039554 0.034609
17.997846 0.002114 0.039526 0.034582
17.999961 0.002114 0.039499 0.034555
18.002075 0.002114 0.039471 0.034527
18.004189 0.002114 0.039444 0.034500
18.006303 0.002114 0.039417 0.034473
18.008418 0.002114 0.039390 0.034445
18.010532 0.002114 0.039362 0.034418
18.012646 0.002114 0.039335 0.034391
18.014760 0.002114 0.039308 0.034364
18.016875 0.002114 0.039281 0.034337
18.018989 0.002114 0.039254 0.034310
18.021103 0.002114 0.039227 0.034283
18.023218 0.002114 0.039200 0.034256
18.025332 0.002114 0.039173 0.034229
18.027447 0.002114 0.039147 0.034202
18.029561 0.002114 0.039120 0.034176
18.031676 0.002114 0.039093 0.034149
18.033790 0.002115 0.039067 0.034122
18.035905 0.002115 0.039040 0.034096
18.038019 0.002115 0.039013 0.034069
18.040134 0.002115 0.038987 0.034043
18.042248 0.002115 0.038961 0.034016
18.044363 0.002115 0.038934 0.033990
18.046478 0.002115 0.038908 0.033964
18.048592 0.002115 0.038881 0.033937
18.050707 0.002115 0.038855 0.033911
18.052822 0.002115 0.038829 0.033885
18.054937 0.002115 0.038803 0.033859
18.057051 0.002115 0.038777 0.033833
18.059166 0.002115 0.038751 0.033807
18.061281 0.002115 0.038725 0.033781
18.063396 0.002115 0.038699 0.033755
18.065511 0.002115 0.038673 0.033729
18.067625 0.002115 0.038647 0.033703
18.069740 0.002115 0.038621 0.033677
18.071855 0.002115 0.038596 0.033652
18.073970 0.002115 0.038570 0.033626
18.076085 0.002115 0.038545 0.033600
18.078200 0.002115 0.038519 0.033575
18.080315 0.002115 0.038494 0.033549
18.082430 0.002115 0.038468 0.033524
18.084545 0.002115 0.038443 0.033499
18.086660 0.002115 0.038418 0.033473
18.088776 0.002115 0.038392 0.033448
18.090891 0.002115 0.038367 0.033423
18.093006 0.002115 0.038342 0.033398
18.095121 0.002115 0.038317 0.033372
18.097236 0.002115 0.038291 0.033347
18.099352 0.002115 0.038266 0.033322
18.101467 0.002115 0.038241 0.033297
18.103582 0.002115 0.038216 0.033272
18.105697 0.002115 0.038191 0.033247
18.107813 0.002115 0.038166 0.033221
18.109928 0.002115 0.038140 0.033196
18.112044 0.002115 0.038115 0.033171
18.114159 0.002115 0.038090 0.033146
18.116274 0.002115 0.038064 0.033120
18.118390 0.002115 0.038039 0.033095
18.120505 0.002116 0.038014 0.033069
18.122621 0.002116 0.037988 0.033044
18.124737 0.002116 0.037962 0.033018
18.126852 0.002116 0.037937 0.032992
18.128968 0.002116 0.037911 0.032967
18.131083 0.002116 0.037885 0.032941
18.133199 0.002116 0.037859 0.032915
18.135315 0.002116 0.037833 0.032889
18.137430 0.002116 0.037807 0.032862
18.139546 0.002116 0.037780 0.032836
18.141662 0.002116 0.037754 0.032810
18.143778 0.002116 0.037728 0.032783
18.145894 0.002116 0.037701 0.032757
18.148009 0.002116 0.037674 0.032730
18.150125 0.002116 0.037647 0.032703
18.152241 0.002116 0.037621 0.032676
18.154357 0.002116 0.037594 0.032649
18.156473 0.002116 0.037566 0.032622
18.158589 0.002116 0.037539 0.032595
18.160705 0.002116 0.037512 0.032568
18.162821 0.002116 0.037485 0.032540
18.164937 0.002116 0.037457 0.032513
18.167053 0.002116 0.037430 0.032485
18.169169 0.002116 0.037402 0.032458
18.171285 0.002116 0.037374 0.032430
18.173401 0.002116 0.037346 0.032402
18.175517 0.002116 0.037319 0.032374
18.177634 0.002116 0.037291 0.032346
18.179750 0.002116 0.037263 0.032318
18.181866 0.002116 0.037235 0.032290
18.183982 0.002116 0.037207 0.032262
18.186098 0.002116 0.037178 0.032234
18.188214 0.002116 0.037150 0.032206
18.190331 0.002116 0.037122 0.032178
18.192447 0.002116 0.037093 0.032149
18.194563 0.002116 0.037065 0.032121
18.196679 0.002116 0.037037 0.032092
18.198796 0.002116 0.037008 0.032064
18.200912 0.002116 0.036980 0.032035
18.203028 0.002116 0.036951 0.032007
18.205144 0.002116 0.036922 0.031978
18.207261 0.002116 0.036894 0.031950
18.209377 0.002116 0.036865 0.031921
18.211493 0.002116 0.036836 0.031892
18.213610 0.002116 0.036808 0.031864
18.215726 0.002116 0.036779 0.031835
18.217842 0.002116 0.036750 0.031806
18.219959 0.002116 0.036722 0.031777
18.222075 0.002116 0.036693 0.031749
18.224192 0.002116 0.036664 0.031720
18.226308 0.002116 0.036635 0.031691
18.228424 0.002116 0.036606 0.031662
18.230541 0.002116 0.036578 0.031633
18.232657 0.002116 0.036549 0.031605
18.234774 0.002116 0.036520 0.031576
18.236890 0.002117 0.036491 0.031547
18.239007 0.002117 0.036462 0.031518
18.241123 0.002117 0.036433 0.031489
18.243240 0.002117 0.036405 0.031460
18.245357 0.002117 0.036376 0.031431
18.247473 0.002117 0.036347 0.031403
18.249590 0.002117 0.036318 0.031374
18.251706 0.002117 0.036289 0.031345
18.253823 0.002117 0.036260 0.031316
18.255940 0.002117 0.036231 0.031287
18.258056 0.002117 0.036202 0.031258
18.260173 0.002117 0.036173 0.031229
18.262290 0.002117 0.036144 0.031200
18.264406 0.002117 0.036115 0.031171
18.266523 0.002117 0.036087 0.031142
18.268640 0.002117 0.036058 0.031113
18.270757 0.002117 0.036029 0.031085
18.272873 0.002117 0.036000 0.031056
18.274990 0.002117 0.035971 0.031027
18.277107 0.002117 0.035942 0.030998
18.279224 0.002117 0.035914 0.030969
18.281341 0.002117 0.035885 0.030941
18.283458 0.002117 0.035856 0.030912
18.285574 0.002117 0.035827 0.030883
18.287691 0.002117 0.035799 0.030854
18.289808 0.002117 0.035770 0.030826
18.291925 0.002117 0.035741 0.030797
18.294042 0.002117 0.035713 0.030768
18.296159 0.002117 0.035684 0.030740
18.298276 0.002117 0.035656 0.030711
18.300393 0.002117 0.035627 0.030683
18.302510 0.002117 0.035599 0.030655
18.304627 0.002117 0.035570 0.030626
18.306744 0.002117 0.035542 0.030598
18.308861 0.002117 0.035514 0.030569
18.310979 0.002117 0.035485 0.030541
18.313096 0.002117 0.035457 0.030513
18.315213 0.002117 0.035429 0.030485
18.317330 0.002117 0.035401 0.030457
18.319447 0.002117 0.035373 0.030429
18.321564 0.002117 0.035345 0.030401
18.323682 0.002117 0.035317 0.030373
18.325799 0.002117 0.035289 0.030345
18.327916 0.002117 0.035261 0.030317
18.330034 0.002117 0.035233 0.030289
18.332151 0.002117 0.035206 0.030262
18.334268 0.002117 0.035178 0.030234
18.336386 0.002117 0.035151 0.030206
18.338503 0.002117 0.035123 0.030179
18.340620 0.002117 0.035096 0.030152
18.342738 0.002117 0.035068 0.030124
18.344855 0.002117 0.035041 0.030097
18.346973 0.002117 0.035014 0.030070
18.349090 0.002118 0.034987 0.030043
18.351208 0.002118 0.034960 0.030016
18.353325 0.002118 0.034933 0.029989
18.355443 0.002118 0.034906 0.029962
18.357561 0.002118 0.034880 0.029935
18.359678 0.002118 0.034853 0.029909
18.361796 0.002118 0.034827 0.029882
18.363914 0.002118 0.034800 0.029856
18.366031 0.002118 0.034774 0.029830
18.368149 0.002118 0.034748 0.029804
18.370267 0.002118 0.034722 0.029778
18.372385 0.002118 0.034696 0.029752
18.374502 0.002118 0.034670 0.029726
18.376620 0.002118 0.034645 0.029700
18.378738 0.002118 0.034619 0.029675
18.380856 0.002118 0.034594 0.029649
18.382974 0.002118 0.034568 0.029624
18.385092 0.002118 0.034543 0.029599
18.387210 0.002118 0.034518 0.029574
18.389328 0.002118 0.034494 0.029549
18.391446 0.002118 0.034469 0.029525
18.393564 0.002118 0.034445 0.029500
18.395682 0.002118 0.034420 0.029476
18.397800 0.002118 0.034396 0.029452
18.399918 0.002118 0.034372 0.029428
18.402036 0.002118 0.034348 0.029404
18.404154 0.002118 0.034325 0.029380
18.406272 0.002118 0.034301 0.029357
18.408391 0.002118 0.034278 0.029334
18.410509 0.002118 0.034255 0.029311
18.412627 0.002118 0.034232 0.029288
18.414745 0.002118 0.034210 0.029265
18.416864 0.002118 0.034187 0.029243
18.418982 0.002118 0.034165 0.029221
18.421101 0.002118 0.034143 0.029199
18.423219 0.002118 0.034121 0.029177
18.425337 0.002118 0.034099 0.029155
18.427456 0.002118 0.034078 0.029134
18.429574 0.002119 0.034056 0.029112
18.431693 0.002119 0.034035 0.029091
18.433811 0.002119 0.034014 0.029070
18.435930 0.002119 0.033993 0.029049
18.438049 0.002119 0.033972 0.029028
18.440167 0.002119 0.033952 0.029008
18.442286 0.002119 0.033932 0.028987
18.444405 0.002119 0.033911 0.028967
18.446523 0.002119 0.033891 0.028947
18.448642 0.002119 0.033871 0.028927
18.450761 0.002119 0.033852 0.028908
18.452880 0.002119 0.033832 0.028888
18.454999 0.002119 0.033813 0.028868
18.457118 0.002119 0.033793 0.028849
18.459237 0.002119 0.033774 0.028830
18.461356 0.002119 0.033755 0.028811
18.463474 0.002119 0.033736 0.028792
18.465594 0.002119 0.033718 0.028773
18.467713 0.002119 0.033699 0.028755
18.469832 0.002119 0.033680 0.028736
18.471951 0.002119 0.033662 0.028718
18.474070 0.002119 0.033644 0.028700
18.476189 0.002119 0.033626 0.028681
18.478308 0.002119 0.033607 0.028663
18.480428 0.002119 0.033589 0.028645
18.482547 0.002119 0.033572 0.028627
18.484666 0.002119 0.033554 0.028610
18.486785 0.002119 0.033536 0.028592
18.488905 0.002119 0.033518 0.028574
18.491024 0.002119 0.033501 0.028557
18.493144 0.002119 0.033483 0.028539
18.495263 0.002119 0.033466 0.028521
18.497383 0.002120 0.033448 0.028504
18.499502 0.002120 0.033431 0.028487
18.501622 0.002120 0.033414 0.028469
18.503741 0.002120 0.033396 0.028452
18.505861 0.002120 0.033379 0.028435
18.507981 0.002120 0.033362 0.028418
18.510100 0.002120 0.033345 0.028400
18.512220 0.002120 0.033327 0.028383
18.514340 0.002120 0.033310 0.028366
18.516460 0.002120 0.033293 0.028349
18.518579 0.002120 0.033276 0.028332
18.520699 0.002120 0.033259 0.028314
18.522819 0.002120 0.033241 0.028297
18.524939 0.002120 0.033224 0.028280
18.527059 0.002120 0.033207 0.028263
18.529179 0.002120 0.033190 0.028246
18.531299 0.002120 0.033173 0.028228
18.533419 0.002120 0.033155 0.028211
18.535539 0.002120 0.033138 0.028194
18.537660 0.002120 0.033121 0.028177
18.539780 0.002120 0.033103 0.028159
18.541900 0.002120 0.033086 0.028142
18.544020 0.002120 0.033069 0.028125
18.546141 0.002120 0.033051 0.028107
18.548261 0.002120 0.033034 0.028090
18.550381 0.002120 0.033016 0.028072
18.552502 0.002120 0.032999 0.028055
18.554622 0.002120 0.032981 0.028037
18.556743 0.002120 0.032964 0.028019
18.558863 0.002121 0.032946 0.028002
18.560984 0.002121 0.032928 0.027984
18.563104 0.002121 0.032911 0.027966
18.565225 0.002121 0.032893 0.027949
18.567345 0.002121 0.032875 0.027931
18.569466 0.002121 0.032857 0.027913
18.571587 0.002121 0.032839 0.027895
18.573708 0.002121 0.032821 0.027877
18.575828 0.002121 0.032803 0.027859
18.577949 0.002121 0.032785 0.027841
18.580070 0.002121 0.032767 0.027823
18.582191 0.002121 0.032749 0.027805
18.584312 0.002121 0.032731 0.027786
18.586433 0.002121 0.032712 0.027768
18.588554 0.002121 0.032694 0.027750
18.590675 0.002121 0.032675 0.027731
18.592796 0.002121 0.032657 0.027713
18.594917 0.002121 0.032638 0.027694
18.597038 0.002121 0.032620 0.027676
18.599160 0.002121 0.032601 0.027657
18.601281 0.002121 0.032582 0.027638
18.603402 0.002121 0.032564 0.027619
18.605524 0.002121 0.032545 0.027601
18.607645 0.002121 0.032526 0.027582
18.609766 0.002121 0.032507 0.027563
18.611888 0.002121 0.032488 0.027544
18.614009 0.002121 0.032469 0.027524
18.616131 0.002122 0.032449 0.027505
18.618252 0.002122 0.032430 0.027486
18.620374 0.002122 0.032411 0.027466
18.622495 0.002122 0.032391 0.027447
18.624617 0.002122 0.032372 0.027428
18.626739 0.002122 0.032352 0.027408
18.628861 0.002122 0.032332 0.027388
18.630982 0.002122 0.032313 0.027369
18.633104 0.002122 0.032293 0.027349
18.635226 0.002122 0.032273 0.027329
18.637348 0.002122 0.032253 0.027309
18.639470 0.002122 0.032233 0.027289
18.641592 0.002122 0.032213 0.027269
18.643714 0.002122 0.032193 0.027249
18.645836 0.002122 0.032173 0.027229
18.647958 0.002122 0.032153 0.027209
18.650080 0.002122 0.032133 0.027189
18.652202 0.002122 0.032113 0.027169
18.654325 0.002122 0.032093 0.027149
18.656447 0.002122 0.032073 0.027129
18.658569 0.002122 0.032053 0.027109
18.660691 0.002122 0.032033 0.027089
18.662814 0.002122 0.032013 0.027068
18.664936 0.002122 0.031993 0.027048
18.667059 0.002122 0.031973 0.027028
18.669181 0.002122 0.031953 0.027008
18.671304 0.002123 0.031933 0.026989
18.673426 0.002123 0.031913 0.026969
18.675549 0.002123 0.031893 0.026949
18.677671 0.002123 0.031873 0.026929
18.679794 0.002123 0.031853 0.026909
18.681917 0.002123 0.031834 0.026890
18.684040 0.002123 0.031814 0.026870
18.686162 0.002123 0.031795 0.026851
18.688285 0.002123 0.031775 0.026831
18.690408 0.002123 0.031756 0.026812
18.692531 0.002123 0.031737 0.026793
18.694654 0.002123 0.031718 0.026773
18.696777 0.002123 0.031699 0.026754
18.698900 0.002123 0.031680 0.026735
18.701023 0.002123 0.031661 0.026717
18.703146 0.002123 0.031642 0.026698
18.705269 0.002123 0.031624 0.026679
18.707393 0.002123 0.031605 0.026661
18.709516 0.002123 0.031587 0.026643
18.711639 0.002123 0.031569 0.026625
18.713763 0.002123 0.031551 0.026607
18.715886 0.002123 0.031533 0.026589
18.718009 0.002123 0.031515 0.026571
18.720133 0.002123 0.031498 0.026553
18.722256 0.002123 0.031480 0.026536
18.724380 0.002124 0.031463 0.026519
18.726503 0.002124 0.031446 0.026502
18.728627 0.002124 0.031429 0.026485
18.730751 0.002124 0.031413 0.026468
18.732874 0.002124 0.031396 0.026452
18.734998 0.002124 0.031380 0.026436
18.737122 0.002124 0.031364 0.026419
18.739246 0.002124 0.031348 0.026403
18.741369 0.002124 0.031332 0.026388
18.743493 0.002124 0.031316 0.026372
18.745617 0.002124 0.031301 0.026356
18.747741 0.002124 0.031285 0.026341
18.749865 0.002124 0.031270 0.026326
18.751989 0.002124 0.031254 0.026310
18.754114 0.002124 0.031239 0.026295
18.756238 0.002124 0.031224 0.026280
18.758362 0.002124 0.031209 0.026265
18.760486 0.002124 0.031194 0.026250
18.762610 0.002124 0.031179 0.026235
18.764735 0.002124 0.031164 0.026220
18.766859 0.002124 0.031150 0.026206
18.768984 0.002124 0.031135 0.026191
18.771108 0.002124 0.031121 0.026177
18.773232 0.002124 0.031107 0.026162
18.775357 0.002125 0.031093 0.026148
18.777482 0.002125 0.031079 0.026135
18.779606 0.002125 0.031065 0.026121
18.781731 0.002125 0.031052 0.026108
18.783856 0.002125 0.031039 0.026094
18.785980 0.002125 0.031025 0.026081
18.788105 0.002125 0.031012 0.026068
18.790230 0.002125 0.030999 0.026055
18.792355 0.002125 0.030987 0.026042
18.794480 0.002125 0.030974 0.026030
18.796605 0.002125 0.030961 0.026017
18.798730 0.002125 0.030948 0.026004
18.800855 0.002125 0.030936 0.025992
18.802980 0.002125 0.030923 0.025979
18.805105 0.002125 0.030910 0.025966
18.807230 0.002125 0.030898 0.025954
18.809356 0.002125 0.030885 0.025941
18.811481 0.002125 0.030873 0.025928
18.813606 0.002125 0.030860 0.025916
18.815731 0.002125 0.030847 0.025903
18.817857 0.002125 0.030835 0.025891
18.819982 0.002125 0.030822 0.025878
18.822108 0.002125 0.030809 0.025865
18.824233 0.002126 0.030797 0.025853
18.826359 0.002126 0.030784 0.025840
18.828485 0.002126 0.030771 0.025827
18.830610 0.002126 0.030759 0.025814
18.832736 0.002126 0.030746 0.025802
18.834862 0.002126 0.030733 0.025789
18.836987 0.002126 0.030720 0.025776
18.839113 0.002126 0.030707 0.025763
18.841239 0.002126 0.030694 0.025750
18.843365 0.002126 0.030681 0.025737
18.845491 0.002126 0.030668 0.025724
18.847617 0.002126 0.030655 0.025710
18.849743 0.002126 0.030641 0.025697
18.851869 0.002126 0.030628 0.025684
18.853995 0.002126 0.030615 0.025670
18.856122 0.002126 0.030601 0.025657
18.858248 0.002126 0.030588 0.025643
18.860374 0.002126 0.030574 0.025630
18.862500 0.002126 0.030560 0.025616
18.864627 0.002126 0.030546 0.025602
18.866753 0.002126 0.030533 0.025588
18.868880 0.002126 0.030519 0.025574
18.871006 0.002126 0.030505 0.025560
18.873133 0.002127 0.030491 0.025546
18.875259 0.002127 0.030476 0.025532
18.877386 0.002127 0.030462 0.025518
18.879512 0.002127 0.030448 0.025504
18.881639 0.002127 0.030433 0.025489
18.883766 0.002127 0.030419 0.025475
18.885893 0.002127 0.030404 0.025460
18.888019 0.002127 0.030390 0.025445
18.890146 0.002127 0.030375 0.025431
18.892273 0.002127 0.030360 0.025416
18.894400 0.002127 0.030345 0.025401
18.896527 0.002127 0.030330 0.025386
18.898654 0.002127 0.030315 0.025371
18.900781 0.002127 0.030300 0.025356
18.902909 0.002127 0.030285 0.025341
18.905036 0.002127 0.030270 0.025326
18.907163 0.002127 0.030255 0.025311
18.909290 0.002127 0.030240 0.025295
18.911418 0.002127 0.030224 0.025280
18.913545 0.002127 0.030209 0.025265
18.915672 0.002127 0.030193 0.025249
18.917800 0.002127 0.030178 0.025234
18.919927 0.002128 0.030162 0.025218
18.922055 0.002128 0.030147 0.025203
18.924182 0.002128 0.030131 0.025187
18.926310 0.002128 0.030116 0.025171
18.928438 0.002128 0.030100 0.025156
18.930566 0.002128 0.030084 0.025140
18.932693 0.002128 0.030068 0.025124
18.934821 0.002128 0.030053 0.025108
18.936949 0.002128 0.030037 0.025093
18.939077 0.002128 0.030021 0.025077
18.941205 0.002128 0.030005 0.025061
18.943333 0.002128 0.029989 0.025045
18.945461 0.002128 0.029973 0.025029
18.947589 0.002128 0.029957 0.025013
18.949717 0.002128 0.029941 0.024997
18.951845 0.002128 0.029925 0.024981
18.953973 0.002128 0.029909 0.024965
18.956102 0.002128 0.029893 0.024949
18.958230 0.002128 0.029877 0.024933
18.960358 0.002128 0.029861 0.024917
18.962487 0.002128 0.029845 0.024900
18.964615 0.002128 0.029828 0.024884
18.966744 0.002128 0.029812 0.024868
18.968872 0.002129 0.029796 0.024852
18.971001 0.002129 0.029780 0.024835
18.973130 0.002129 0.029763 0.024819
18.975258 0.002129 0.029747 0.024803
18.977387 0.002129 0.029731 0.024786
18.979516 0.002129 0.029714 0.024770
18.981645 0.002129 0.029698 0.024754
18.983773 0.002129 0.029681 0.024737
18.985902 0.002129 0.029665 0.024721
18.988031 0.002129 0.029649 0.024704
18.990160 0.002129 0.029632 0.024688
18.992289 0.002129 0.029615 0.024671
18.994418 0.002129 0.029599 0.024655
18.996548 0.002129 0.029582 0.024638
18.998677 0.002129 0.029566 0.024621
19.000806 0.002129 0.029549 0.024605
19.002935 0.002129 0.029532 0.024588
19.005064 0.002129 0.029516 0.024571
19.007192 0.002128 0.029499 0.024555
19.009319 0.002127 0.029482 0.024538
19.011444 0.002126 0.029466 0.024521
19.013569 0.002125 0.029449 0.024505
19.015692 0.002124 0.029432 0.024488
19.017815 0.002123 0.029415 0.024471
19.019936 0.002122 0.029399 0.024454
19.022057 0.002121 0.029382 0.024438
19.024177 0.002120 0.029365 0.024421
19.026296 0.002119 0.029348 0.024404
19.028414 0.002118 0.029331 0.024387
19.030532 0.002118 0.029314 0.024370
19.032649 0.002117 0.029298 0.024353
19.034765 0.002116 0.029281 0.024336
19.036880 0.002115 0.029264 0.024320
19.038995 0.002114 0.029247 0.024303
19.041108 0.002114 0.029230 0.024286
19.043221 0.002113 0.029213 0.024269
19.045333 0.002112 0.029196 0.024252
19.047444 0.002111 0.029179 0.024235
19.049555 0.002110 0.029162 0.024218
19.051664 0.002110 0.029145 0.024201
19.053773 0.002109 0.029128 0.024184
19.055881 0.002108 0.029111 0.024167
19.057989 0.002107 0.029094 0.024150
19.060095 0.002107 0.029077 0.024133
19.062201 0.002106 0.029061 0.024116
19.064307 0.002105 0.029044 0.024099
19.066411 0.002104 0.029027 0.024082
19.068515 0.002104 0.029010 0.024065
19.070617 0.002103 0.028993 0.024049
19.072719 0.002102 0.028976 0.024032
19.074820 0.002101 0.028959 0.024015
19.076921 0.002101 0.028942 0.023998
19.079021 0.002100 0.028925 0.023981
19.081120 0.002099 0.028908 0.023964
19.083219 0.002099 0.028891 0.023947
19.085318 0.002099 0.028875 0.023930
19.087417 0.002099 0.028858 0.023914
19.089515 0.002098 0.028841 0.023897
19.091614 0.002099 0.028824 0.023880
19.093712 0.002098 0.028807 0.023863
19.095810 0.002098 0.028791 0.023846
19.097906 0.002097 0.028774 0.023830
19.100003 0.002096 0.028757 0.023813
19.102098 0.002096 0.028741 0.023796
19.104193 0.002095 0.028724 0.023780
19.106288 0.002095 0.028707 0.023763
19.108383 0.002095 0.028691 0.023747
19.110477 0.002094 0.028674 0.023730
19.112572 0.002094 0.028658 0.023713
19.114666 0.002095 0.028641 0.023697
19.116761 0.002094 0.028624 0.023680
19.118854 0.002094 0.028608 0.023664
19.120947 0.002093 0.028591 0.023647
19.123040 0.002093 0.028575 0.023631
19.125132 0.002092 0.028558 0.023614
19.127223 0.002092 0.028542 0.023598
19.129315 0.002091 0.028525 0.023581
19.131406 0.002091 0.028509 0.023564
19.133498 0.002091 0.028492 0.023548
19.135589 0.002091 0.028476 0.023531
19.137680 0.002091 0.028459 0.023515
19.139770 0.002090 0.028442 0.023498
19.141860 0.002090 0.028426 0.023482
19.143950 0.002090 0.028409 0.023465
19.146039 0.002089 0.028393 0.023448
19.148128 0.002089 0.028376 0.023432
19.150218 0.002089 0.028359 0.023415
19.152307 0.002090 0.028343 0.023398
19.154398 0.002090 0.028326 0.023382
19.156488 0.002090 0.028309 0.023365
19.158577 0.002089 0.028292 0.023348
19.160666 0.002089 0.028275 0.023331
19.162754 0.002089 0.028258 0.023314
19.164843 0.002088 0.028241 0.023297
19.166931 0.002088 0.028224 0.023280
19.169019 0.002088 0.028207 0.023263
19.171108 0.002089 0.028190 0.023246
19.173198 0.002089 0.028173 0.023229
19.175288 0.002090 0.028155 0.023211
19.177377 0.002089 0.028138 0.023194
19.179465 0.002088 0.028121 0.023177
19.181552 0.002087 0.028104 0.023159
19.183639 0.002087 0.028086 0.023142
19.185725 0.002087 0.028069 0.023125
19.187812 0.002087 0.028051 0.023107
19.189900 0.002088 0.028034 0.023089
19.191988 0.002088 0.028016 0.023072
19.194078 0.002089 0.027998 0.023054
19.196167 0.002090 0.027981 0.023037
19.198257 0.002090 0.027963 0.023019
19.200349 0.002091 0.027945 0.023001
19.202442 0.002093 0.027927 0.022983
19.204537 0.002095 0.027909 0.022965
19.206634 0.002097 0.027891 0.022947
19.208730 0.002096 0.027873 0.022929
19.210825 0.002095 0.027855 0.022911
19.212921 0.002096 0.027837 0.022892
19.215019 0.002097 0.027818 0.022874
19.217117 0.002098 0.027800 0.022856
19.219215 0.002099 0.027782 0.022837
19.221317 0.002101 0.027763 0.022819
19.223420 0.002103 0.027744 0.022800
19.225525 0.002105 0.027726 0.022782
19.227633 0.002108 0.027707 0.022763
19.229744 0.002111 0.027688 0.022744
19.231859 0.002115 0.027669 0.022725
19.233976 0.002117 0.027650 0.022706
19.236087 0.002111 0.027631 0.022687
19.238200 0.002113 0.027612 0.022668
19.240315 0.002114 0.027593 0.022649
19.242431 0.002116 0.027574 0.022630
19.244549 0.002119 0.027555 0.022610
19.246671 0.002121 0.027535 0.022591
19.248795 0.002124 0.027516 0.022572
19.250923 0.002128 0.027496 0.022552
19.253054 0.002131 0.027477 0.022532
19.255182 0.002128 0.027457 0.022513
19.257309 0.002127 0.027437 0.022493
19.259435 0.002126 0.027417 0.022473
19.261561 0.002127 0.027398 0.022453
19.263690 0.002128 0.027378 0.022434
19.265821 0.002131 0.027358 0.022414
19.267954 0.002133 0.027338 0.022394
19.270085 0.002131 0.027318 0.022374
19.272214 0.002129 0.027298 0.022354
19.274343 0.002128 0.027278 0.022333
19.276471 0.002128 0.027258 0.022313
19.278598 0.002128 0.027238 0.022293
19.280725 0.002126 0.027217 0.022273
19.282850 0.002125 0.027197 0.022253
19.284975 0.002125 0.027177 0.022233
19.287100 0.002125 0.027157 0.022213
19.289225 0.002126 0.027137 0.022193
19.291353 0.002127 0.027117 0.022173
19.293482 0.002130 0.027097 0.022152
19.295611 0.002129 0.027077 0.022132
19.297739 0.002128 0.027056 0.022112
19.299866 0.002126 0.027036 0.022092
19.301991 0.002126 0.027016 0.022072
19.304117 0.002126 0.026996 0.022052
19.306242 0.002125 0.026976 0.022032
19.308366 0.002124 0.026956 0.022012
19.310490 0.002124 0.026937 0.021992
19.312613 0.002123 0.026917 0.021973
19.314736 0.002123 0.026897 0.021953
19.316859 0.002123 0.026877 0.021933
19.318984 0.002125 0.026858 0.021913
19.321111 0.002126 0.026838 0.021894
19.323236 0.002125 0.026818 0.021874
19.325360 0.002124 0.026799 0.021855
19.327484 0.002124 0.026780 0.021835
19.329609 0.002124 0.026760 0.021816
19.331734 0.002125 0.026741 0.021797
19.333859 0.002125 0.026722 0.021778
19.335985 0.002126 0.026703 0.021759
19.338113 0.002128 0.026684 0.021740
19.340243 0.002130 0.026665 0.021721
19.342373 0.002130 0.026647 0.021702
19.344502 0.002129 0.026628 0.021684
19.346630 0.002128 0.026609 0.021665
19.348758 0.002128 0.026591 0.021646
19.350887 0.002128 0.026572 0.021628
19.353015 0.002129 0.026554 0.021610
19.355144 0.002129 0.026535 0.021591
19.357274 0.002130 0.026517 0.021573
19.359405 0.002131 0.026498 0.021554
19.361537 0.002132 0.026480 0.021536
19.363669 0.002132 0.026462 0.021518
19.365799 0.002130 0.026444 0.021499
19.367928 0.002129 0.026425 0.021481
19.370056 0.002128 0.026407 0.021463
19.372184 0.002128 0.026389 0.021445
19.374312 0.002128 0.026371 0.021427
19.376440 0.002128 0.026353 0.021409
19.378569 0.002128 0.026335 0.021391
19.380698 0.002129 0.026317 0.021373
19.382828 0.002130 0.026299 0.021355
19.384957 0.002129 0.026281 0.021337
19.387085 0.002128 0.026264 0.021319
19.389212 0.002127 0.026246 0.021302
19.391339 0.002127 0.026229 0.021284
19.393465 0.002126 0.026211 0.021267
19.395591 0.002126 0.026194 0.021249
19.397716 0.002126 0.026176 0.021232
19.399842 0.002125 0.026159 0.021215
19.401967 0.002126 0.026142 0.021198
19.404093 0.002126 0.026125 0.021181
19.406219 0.002126 0.026108 0.021163
19.408346 0.002127 0.026091 0.021146
19.410472 0.002126 0.026074 0.021130
19.412597 0.002125 0.026057 0.021113
19.414720 0.002124 0.026040 0.021096
19.416843 0.002123 0.026024 0.021079
19.418966 0.002122 0.026007 0.021063
19.421088 0.002123 0.025991 0.021046
19.423212 0.002123 0.025974 0.021030
19.425336 0.002124 0.025958 0.021014
19.427460 0.002125 0.025941 0.020997
19.429585 0.002125 0.025925 0.020981
19.431711 0.002126 0.025909 0.020964
19.433837 0.002126 0.025892 0.020948
19.435963 0.002127 0.025876 0.020932
19.438090 0.002126 0.025859 0.020915
19.440215 0.002126 0.025843 0.020899
19.442341 0.002126 0.025826 0.020882
19.444466 0.002125 0.025809 0.020865
19.446591 0.002125 0.025793 0.020849
19.448716 0.002125 0.025776 0.020832
19.450840 0.002124 0.025759 0.020815
19.452964 0.002124 0.025742 0.020798
19.455088 0.002124 0.025726 0.020781
19.457212 0.002124 0.025709 0.020764
19.459335 0.002123 0.025692 0.020747
19.461458 0.002123 0.025674 0.020730
19.463581 0.002123 0.025657 0.020713
19.465704 0.002123 0.025640 0.020696
19.467826 0.002122 0.025623 0.020678
19.469948 0.002122 0.025605 0.020661
19.472069 0.002122 0.025588 0.020644
19.474191 0.002122 0.025570 0.020626
19.476312 0.002121 0.025553 0.020608
19.478433 0.002121 0.025535 0.020591
19.480554 0.002120 0.025517 0.020573
19.482674 0.002120 0.025499 0.020555
19.484794 0.002120 0.025482 0.020537
19.486914 0.002120 0.025464 0.020519
19.489033 0.002120 0.025446 0.020501
19.491152 0.002119 0.025427 0.020483
19.493271 0.002119 0.025409 0.020465
19.495390 0.002119 0.025391 0.020447
19.497508 0.002118 0.025373 0.020429
19.499626 0.002118 0.025355 0.020411
19.501744 0.002118 0.025337 0.020393
19.503862 0.002118 0.025319 0.020375
19.505979 0.002117 0.025301 0.020357
19.508096 0.002117 0.025283 0.020339
19.510212 0.002117 0.025265 0.020321
19.512329 0.002116 0.025247 0.020302
19.514445 0.002116 0.025229 0.020284
19.516561 0.002116 0.025211 0.020266
19.518677 0.002116 0.025192 0.020248
19.520792 0.002115 0.025174 0.020230
19.522907 0.002115 0.025156 0.020212
19.525022 0.002115 0.025138 0.020194
19.527137 0.002115 0.025120 0.020176
19.529251 0.002114 0.025102 0.020158
19.531365 0.002114 0.025083 0.020139
19.533479 0.002114 0.025065 0.020121
19.535592 0.002113 0.025046 0.020102
19.537706 0.002113 0.025028 0.020083
19.539818 0.002113 0.025009 0.020065
19.541931 0.002113 0.024990 0.020046
19.544043 0.002112 0.024971 0.020027
19.546155 0.002112 0.024952 0.020008
19.548267 0.002112 0.024932 0.019988
19.550378 0.002111 0.024913 0.019968
19.552490 0.002111 0.024893 0.019948
19.554601 0.002111 0.024872 0.019928
19.556712 0.002111 0.024852 0.019907
19.558822 0.002111 0.024831 0.019887
19.560932 0.002110 0.024810 0.019866
19.563042 0.002110 0.024788 0.019844
19.565152 0.002110 0.024767 0.019822
19.567262 0.002109 0.024745 0.019800
19.569371 0.002109 0.024722 0.019778
19.571479 0.002109 0.024700 0.019756
19.573588 0.002109 0.024678 0.019733
19.575697 0.002108 0.024655 0.019711
19.577805 0.002108 0.024632 0.019688
19.579912 0.002108 0.024610 0.019666
19.582020 0.002107 0.024587 0.019643
19.584127 0.002107 0.024565 0.019621
19.586234 0.002107 0.024542 0.019598
19.588341 0.002107 0.024520 0.019575
19.590447 0.002106 0.024497 0.019553
19.592553 0.002106 0.024475 0.019530
19.594659 0.002106 0.024452 0.019508
19.596765 0.002106 0.024430 0.019485
19.598870 0.002105 0.024407 0.019463
19.600975 0.002105 0.024385 0.019440
19.603080 0.002105 0.024362 0.019418
19.605185 0.002105 0.024340 0.019395
19.607289 0.002104 0.024317 0.019373
19.609393 0.002104 0.024295 0.019350
19.611497 0.002104 0.024272 0.019328
19.613600 0.002104 0.024250 0.019305
19.615704 0.002103 0.024227 0.019283
19.617807 0.002103 0.024205 0.019261
19.619909 0.002103 0.024183 0.019238
19.622012 0.002102 0.024160 0.019216
19.624114 0.002102 0.024138 0.019194
19.626216 0.002102 0.024116 0.019172
19.628317 0.002102 0.024094 0.019150
19.630419 0.002101 0.024072 0.019128
19.632520 0.002101 0.024050 0.019105
19.634621 0.002101 0.024028 0.019083
19.636722 0.002101 0.024006 0.019061
19.638822 0.002101 0.023983 0.019039
19.640922 0.002100 0.023961 0.019017
19.643022 0.002100 0.023940 0.018995
19.645122 0.002100 0.023918 0.018973
19.647221 0.002099 0.023896 0.018951
19.649320 0.002099 0.023874 0.018930
19.651419 0.002099 0.023852 0.018908
19.653518 0.002099 0.023830 0.018886
19.655616 0.002098 0.023809 0.018864
19.657714 0.002098 0.023787 0.018843
19.659812 0.002098 0.023765 0.018821
19.661910 0.002098 0.023744 0.018799
19.664007 0.002098 0.023722 0.018778
19.666105 0.002097 0.023701 0.018756
19.668202 0.002097 0.023679 0.018735
19.670299 0.002097 0.023658 0.018713
19.672395 0.002097 0.023636 0.018692
19.674492 0.002096 0.023615 0.018671
19.676588 0.002096 0.023594 0.018650
19.678684 0.002096 0.023573 0.018628
19.680779 0.002095 0.023551 0.018607
19.682875 0.002095 0.023530 0.018586
19.684970 0.002095 0.023509 0.018565
19.687065 0.002095 0.023488 0.018544
19.689159 0.002095 0.023467 0.018523
19.691254 0.002094 0.023446 0.018502
19.693348 0.002094 0.023425 0.018481
19.695442 0.002094 0.023405 0.018460
19.697536 0.002094 0.023384 0.018440
19.699630 0.002094 0.023363 0.018419
19.701723 0.002093 0.023343 0.018398
19.703816 0.002093 0.023322 0.018378
19.705910 0.002093 0.023302 0.018357
19.708003 0.002093 0.023281 0.018337
19.710095 0.002093 0.023261 0.018317
19.712188 0.002092 0.023241 0.018296
19.714280 0.002092 0.023220 0.018276
19.716372 0.002092 0.023200 0.018256
19.718463 0.002092 0.023180 0.018236
19.720555 0.002091 0.023160 0.018216
19.722646 0.002091 0.023140 0.018196
19.724737 0.002091 0.023120 0.018176
19.726829 0.002091 0.023100 0.018156
19.728919 0.002091 0.023080 0.018136
19.731010 0.002091 0.023061 0.018116
19.733101 0.002091 0.023041 0.018097
19.735191 0.002091 0.023021 0.018077
19.737281 0.002090 0.023002 0.018058
19.739371 0.002090 0.022982 0.018038
19.741461 0.002090 0.022963 0.018019
19.743551 0.002090 0.022943 0.017999
19.745640 0.002089 0.022924 0.017980
19.747729 0.002089 0.022905 0.017961
19.749818 0.002089 0.022886 0.017941
19.751907 0.002089 0.022866 0.017922
19.753996 0.002089 0.022847 0.017903
19.756084 0.002089 0.022828 0.017884
19.758173 0.002088 0.022809 0.017865
19.760261 0.002088 0.022790 0.017846
19.762349 0.002088 0.022772 0.017827
19.764437 0.002088 0.022753 0.017809
19.766525 0.002088 0.022734 0.017790
19.768612 0.002087 0.022715 0.017771
19.770700 0.002087 0.022697 0.017753
19.772787 0.002087 0.022678 0.017734
19.774874 0.002087 0.022660 0.017716
19.776961 0.002087 0.022641 0.017697
19.779047 0.002087 0.022623 0.017679
19.781134 0.002087 0.022605 0.017660
19.783221 0.002087 0.022586 0.017642
19.785307 0.002087 0.022568 0.017624
19.787394 0.002086 0.022550 0.017606
19.789480 0.002086 0.022532 0.017588
19.791566 0.002086 0.022514 0.017570
19.793652 0.002086 0.022496 0.017552
19.795737 0.002086 0.022478 0.017534
19.797823 0.002085 0.022460 0.017516
19.799908 0.002085 0.022443 0.017498
19.801993 0.002085 0.022425 0.017481
19.804078 0.002085 0.022407 0.017463
19.806163 0.002085 0.022390 0.017446
19.808248 0.002085 0.022372 0.017428
19.810333 0.002085 0.022355 0.017411
19.812418 0.002085 0.022337 0.017393
19.814502 0.002085 0.022320 0.017376
19.816586 0.002084 0.022303 0.017359
19.818671 0.002084 0.022286 0.017341
19.820755 0.002084 0.022268 0.017324
19.822839 0.002084 0.022251 0.017307
19.824923 0.002084 0.022234 0.017290
19.827006 0.002084 0.022217 0.017273
19.829090 0.002084 0.022201 0.017256
19.831173 0.002084 0.022184 0.017240
19.833257 0.002084 0.022167 0.017223
19.835340 0.002083 0.022150 0.017206
19.837423 0.002083 0.022134 0.017189
19.839507 0.002083 0.022117 0.017173
19.841590 0.002083 0.022101 0.017156
19.843673 0.002083 0.022084 0.017140
19.845756 0.002083 0.022068 0.017124
19.847838 0.002083 0.022052 0.017107
19.849921 0.002083 0.022035 0.017091
19.852004 0.002083 0.022019 0.017075
19.854086 0.002082 0.022003 0.017059
19.856168 0.002082 0.021987 0.017043
19.858250 0.002082 0.021971 0.017027
19.860333 0.002082 0.021956 0.017011
19.862415 0.002082 0.021940 0.016996
19.864497 0.002082 0.021924 0.016980
19.866579 0.002082 0.021909 0.016965
19.868660 0.002082 0.021893 0.016949
19.870742 0.002082 0.021878 0.016934
19.872824 0.002081 0.021863 0.016918
19.874905 0.002081 0.021847 0.016903
19.876986 0.002081 0.021832 0.016888
19.879068 0.002082 0.021817 0.016873
19.881149 0.002081 0.021802 0.016858
19.883231 0.002081 0.021787 0.016843
19.885312 0.002081 0.021772 0.016828
19.887393 0.002081 0.021757 0.016813
19.889474 0.002081 0.021742 0.016798
19.891555 0.002081 0.021728 0.016784
19.893636 0.002081 0.021713 0.016769
19.895717 0.002081 0.021698 0.016754
19.897798 0.002081 0.021684 0.016740
19.899878 0.002081 0.021669 0.016725
19.901959 0.002080 0.021655 0.016711
19.904039 0.002080 0.021640 0.016696
19.906120 0.002080 0.021626 0.016682
19.908200 0.002081 0.021612 0.016668
19.910281 0.002081 0.021597 0.016653
19.912361 0.002080 0.021583 0.016639
19.914441 0.002080 0.021569 0.016625
19.916521 0.002080 0.021555 0.016611
19.918602 0.002080 0.021541 0.016597
19.920682 0.002080 0.021527 0.016582
19.922761 0.002080 0.021513 0.016568
19.924841 0.002080 0.021499 0.016554
19.926921 0.002080 0.021485 0.016540
19.929001 0.002080 0.021471 0.016526
19.931081 0.002080 0.021457 0.016512
19.933161 0.002080 0.021443 0.016499
19.935240 0.002080 0.021429 0.016485
19.937320 0.002080 0.021415 0.016471
19.939400 0.002080 0.021401 0.016457
19.941479 0.002079 0.021387 0.016443
19.943558 0.002079 0.021373 0.016429
19.945637 0.002079 0.021360 0.016415
19.947715 0.002078 0.021346 0.016402
19.949793 0.002078 0.021332 0.016388
19.951871 0.002078 0.021318 0.016374
19.953949 0.002078 0.021304 0.016360
19.956026 0.002078 0.021291 0.016346
19.958103 0.002077 0.021277 0.016333
19.960180 0.002077 0.021263 0.016319
19.962256 0.002076 0.021249 0.016305
19.964332 0.002076 0.021236 0.016291
19.966408 0.002076 0.021222 0.016278
19.968483 0.002075 0.021208 0.016264
19.970559 0.002076 0.021195 0.016250
19.972635 0.002076 0.021181 0.016237
19.974710 0.002076 0.021167 0.016223
19.976786 0.002076 0.021154 0.016210
19.978861 0.002076 0.021140 0.016196
19.980937 0.002076 0.021127 0.016183
19.983012 0.002075 0.021113 0.016169
19.985087 0.002075 0.021100 0.016156
19.987162 0.002075 0.021086 0.016142
19.989237 0.002075 0.021073 0.016129
19.991311 0.002075 0.021059 0.016115
19.993386 0.002075 0.021046 0.016102
19.995461 0.002075 0.021033 0.016088
19.997536 0.002075 0.021019 0.016075
19.999611 0.002075 0.021006 0.016062
20.001686 0.002075 0.020993 0.016048
20.003762 0.002075 0.020979 0.016035
20.005837 0.002075 0.020966 0.016022
20.007912 0.002075 0.020953 0.016008
20.009987 0.002075 0.020939 0.015995
20.012062 0.002075 0.020926 0.015982
20.014136 0.002075 0.020913 0.015969
20.016211 0.002075 0.020900 0.015955
20.018286 0.002075 0.020886 0.015942
20.020360 0.002075 0.020873 0.015929
20.022434 0.002074 0.020860 0.015916
20.024508 0.002073 0.020847 0.015903
20.026581 0.002073 0.020834 0.015889
20.028653 0.002072 0.020821 0.015876
20.030725 0.002072 0.020807 0.015863
20.032796 0.002071 0.020794 0.015850
20.034867 0.002071 0.020781 0.015837
20.036938 0.002071 0.020768 0.015824
20.039008 0.002070 0.020755 0.015811
20.041077 0.002069 0.020742 0.015798
20.043145 0.002068 0.020729 0.015785
20.045213 0.002068 0.020716 0.015772
20.047280 0.002067 0.020703 0.015759
20.049346 0.002066 0.020690 0.015746
20.051412 0.002066 0.020677 0.015733
20.053477 0.002065 0.020664 0.015720
20.055541 0.002064 0.020651 0.015707
20.057605 0.002064 0.020638 0.015694
20.059669 0.002064 0.020625 0.015681
20.061732 0.002063 0.020613 0.015668
20.063794 0.002062 0.020600 0.015655
20.065856 0.002062 0.020587 0.015643
20.067917 0.002061 0.020574 0.015630
20.069977 0.002060 0.020561 0.015617
20.072037 0.002060 0.020548 0.015604
20.074096 0.002059 0.020535 0.015591
20.076155 0.002059 0.020523 0.015578
20.078213 0.002058 0.020510 0.015566
20.080271 0.002058 0.020497 0.015553
20.082328 0.002057 0.020484 0.015540
20.084385 0.002057 0.020471 0.015527
20.086442 0.002057 0.020458 0.015514
20.088498 0.002056 0.020446 0.015501
20.090554 0.002056 0.020433 0.015489
20.092608 0.002055 0.020420 0.015476
20.094663 0.002054 0.020407 0.015463
20.096717 0.002054 0.020394 0.015450
20.098770 0.002053 0.020381 0.015437
20.100823 0.002053 0.020368 0.015424
20.102876 0.002053 0.020355 0.015411
20.104928 0.002052 0.020342 0.015398
20.106980 0.002052 0.020329 0.015385
20.109031 0.002051 0.020316 0.015372
20.111083 0.002051 0.020303 0.015359
20.113133 0.002051 0.020290 0.015345
20.115184 0.002050 0.020276 0.015332
20.117234 0.002050 0.020263 0.015319
20.119283 0.002049 0.020250 0.015305
20.121332 0.002049 0.020236 0.015292
20.123381 0.002048 0.020222 0.015278
20.125429 0.002048 0.020208 0.015264
20.127476 0.002048 0.020195 0.015250
20.129523 0.002047 0.020181 0.015236
20.131570 0.002046 0.020167 0.015222
20.133615 0.002046 0.020152 0.015208
20.135661 0.002045 0.020138 0.015194
20.137706 0.002045 0.020124 0.015179
20.139751 0.002045 0.020109 0.015165
20.141795 0.002045 0.020094 0.015150
20.143840 0.002045 0.020079 0.015135
20.145885 0.002044 0.020064 0.015120
20.147928 0.002044 0.020049 0.015105
20.149972 0.002043 0.020034 0.015090
20.152015 0.002043 0.020019 0.015075
20.154057 0.002042 0.020003 0.015059
20.156099 0.002042 0.019988 0.015044
20.158140 0.002041 0.019972 0.015028
20.160180 0.002040 0.019956 0.015012
20.162220 0.002040 0.019940 0.014996
20.164260 0.002039 0.019924 0.014980
20.166299 0.002039 0.019908 0.014964
20.168337 0.002039 0.019892 0.014948
20.170375 0.002038 0.019876 0.014932
20.172413 0.002038 0.019860 0.014916
20.174451 0.002037 0.019844 0.014900
20.176487 0.002037 0.019828 0.014884
20.178523 0.002036 0.019812 0.014868
20.180559 0.002036 0.019796 0.014852
20.182594 0.002035 0.019780 0.014836
20.184629 0.002034 0.019764 0.014820
20.186662 0.002033 0.019748 0.014804
20.188694 0.002032 0.019733 0.014789
20.190726 0.002032 0.019717 0.014773
20.192757 0.002031 0.019702 0.014757
20.194787 0.002030 0.019686 0.014742
20.196816 0.002029 0.019671 0.014727
20.198844 0.002028 0.019656 0.014712
20.200871 0.002027 0.019641 0.014697
20.202897 0.002026 0.019626 0.014682
20.204923 0.002026 0.019612 0.014668
20.206948 0.002025 0.019598 0.014654
20.208973 0.002025 0.019585 0.014640
20.210997 0.002024 0.019572 0.014628
20.213021 0.002023 0.019560 0.014616
20.215044 0.002023 0.019549 0.014605
20.217065 0.002021 0.019540 0.014596
20.219085 0.002020 0.019531 0.014587
20.221104 0.002019 0.019522 0.014578
20.223123 0.002018 0.019515 0.014570
20.225141 0.002018 0.019507 0.014563
20.227158 0.002018 0.019501 0.014556
20.229175 0.002017 0.019494 0.014550
20.231192 0.002016 0.019488 0.014544
20.233207 0.002015 0.019483 0.014539
20.235222 0.002015 0.019476 0.014532
20.237236 0.002014 0.019471 0.014527
20.239250 0.002014 0.019466 0.014522
20.241263 0.002013 0.019462 0.014518
20.243276 0.002013 0.019459 0.014515
20.245288 0.002012 0.019457 0.014513
20.247299 0.002011 0.019457 0.014513
20.249310 0.002010 0.019458 0.014514
20.251320 0.002010 0.019460 0.014516
20.253330 0.002010 0.019464 0.014520
20.255340 0.002010 0.019470 0.014526
20.257350 0.002009 0.019478 0.014534
20.259358 0.002009 0.019490 0.014545
20.261366 0.002008 0.019505 0.014560
20.263373 0.002007 0.019522 0.014578
20.265379 0.002006 0.019542 0.014598
20.267385 0.002005 0.019565 0.014621
20.269389 0.002005 0.019590 0.014646
20.271394 0.002005 0.019618 0.014674
20.273399 0.002005 0.019650 0.014706
20.275403 0.002003 0.019686 0.014742
20.277404 0.002002 0.019729 0.014785
20.279405 0.002000 0.019779 0.014835
20.281404 0.002000 0.019837 0.014893
20.283403 0.001999 0.019904 0.014960
20.285402 0.001999 0.019979 0.015035
20.287400 0.001998 0.020061 0.015117
20.289396 0.001996 0.020149 0.015205
20.291391 0.001995 0.020244 0.015300
20.293385 0.001994 0.020345 0.015401
20.295378 0.001993 0.020451 0.015506
20.297371 0.001993 0.020557 0.015613
20.299363 0.001992 0.020665 0.015721
20.301355 0.001992 0.020773 0.015829
20.303347 0.001991 0.020878 0.015934
20.305338 0.001991 0.020980 0.016036
20.307328 0.001990 0.021078 0.016134
20.309318 0.001990 0.021172 0.016228
20.311307 0.001989 0.021262 0.016317
20.313294 0.001987 0.021344 0.016400
20.315280 0.001986 0.021421 0.016476
20.317264 0.001985 0.021491 0.016547
20.319248 0.001984 0.021556 0.016612
20.321232 0.001984 0.021615 0.016671
20.323214 0.001982 0.021667 0.016723
20.325195 0.001981 0.021714 0.016770
20.327175 0.001980 0.021755 0.016811
20.329153 0.001978 0.021790 0.016846
20.331131 0.001978 0.021820 0.016876
20.333109 0.001978 0.021845 0.016901
20.335086 0.001978 0.021865 0.016921
20.337064 0.001978 0.021880 0.016936
20.339042 0.001978 0.021893 0.016949
20.341020 0.001978 0.021904 0.016960
20.342999 0.001978 0.021916 0.016972
20.344977 0.001978 0.021926 0.016982
20.346954 0.001978 0.021936 0.016991
20.348932 0.001977 0.021944 0.017000
20.350909 0.001977 0.021951 0.017006
20.352887 0.001978 0.021956 0.017011
20.354863 0.001976 0.021959 0.017015
20.356837 0.001975 0.021962 0.017018
20.358811 0.001974 0.021963 0.017019
20.360785 0.001974 0.021964 0.017019
20.362758 0.001973 0.021963 0.017019
20.364729 0.001972 0.021961 0.017017
20.366700 0.001971 0.021959 0.017015
20.368670 0.001970 0.021955 0.017011
20.370638 0.001968 0.021951 0.017007
20.372606 0.001968 0.021946 0.017002
20.374574 0.001968 0.021941 0.016996
20.376541 0.001967 0.021935 0.016991
20.378508 0.001967 0.021929 0.016985
20.380474 0.001967 0.021922 0.016978
20.382441 0.001967 0.021915 0.016971
20.384407 0.001966 0.021907 0.016963
20.386373 0.001966 0.021899 0.016954
20.388338 0.001965 0.021889 0.016945
20.390303 0.001965 0.021878 0.016934
20.392268 0.001965 0.021866 0.016922
20.394231 0.001963 0.021853 0.016908
20.396192 0.001961 0.021838 0.016894
20.398152 0.001960 0.021823 0.016879
20.400112 0.001960 0.021808 0.016863
20.402072 0.001960 0.021791 0.016847
20.404030 0.001958 0.021774 0.016830
20.405987 0.001957 0.021757 0.016813
20.407943 0.001956 0.021738 0.016794
20.409897 0.001954 0.021719 0.016775
20.411851 0.001954 0.021700 0.016755
20.413804 0.001953 0.021679 0.016735
20.415758 0.001953 0.021657 0.016713
20.417711 0.001953 0.021635 0.016691
20.419664 0.001954 0.021612 0.016667
20.421618 0.001954 0.021588 0.016644
20.423571 0.001953 0.021564 0.016620
20.425525 0.001954 0.021540 0.016596
20.427479 0.001954 0.021516 0.016571
20.429432 0.001954 0.021492 0.016547
20.431386 0.001953 0.021468 0.016523
20.433339 0.001953 0.021444 0.016500
20.435293 0.001954 0.021420 0.016476
20.437245 0.001952 0.021397 0.016453
20.439196 0.001951 0.021375 0.016430
20.441145 0.001950 0.021352 0.016408
20.443095 0.001949 0.021331 0.016387
20.445043 0.001948 0.021310 0.016366
20.446991 0.001948 0.021290 0.016345
20.448938 0.001947 0.021269 0.016325
20.450884 0.001946 0.021250 0.016305
20.452829 0.001945 0.021230 0.016286
20.454774 0.001945 0.021211 0.016266
20.456719 0.001945 0.021191 0.016247
20.458664 0.001945 0.021172 0.016228
20.460609 0.001945 0.021153 0.016209
20.462554 0.001945 0.021135 0.016190
20.464500 0.001946 0.021116 0.016172
20.466445 0.001945 0.021097 0.016153
20.468390 0.001945 0.021078 0.016134
20.470336 0.001945 0.021059 0.016115
20.472281 0.001945 0.021040 0.016096
20.474226 0.001944 0.021022 0.016077
20.476169 0.001944 0.021003 0.016058
20.478113 0.001943 0.020984 0.016039
20.480055 0.001943 0.020964 0.016020
20.481996 0.001941 0.020945 0.016001
20.483936 0.001940 0.020926 0.015982
20.485875 0.001939 0.020906 0.015962
20.487813 0.001938 0.020887 0.015943
20.489752 0.001938 0.020867 0.015923
20.491690 0.001938 0.020847 0.015903
20.493628 0.001938 0.020826 0.015882
20.495567 0.001939 0.020806 0.015862
20.497506 0.001939 0.020785 0.015841
20.499446 0.001940 0.020764 0.015820
20.501386 0.001940 0.020743 0.015799
20.503326 0.001940 0.020722 0.015778
20.505266 0.001940 0.020701 0.015757
20.507207 0.001941 0.020680 0.015736
20.509147 0.001940 0.020659 0.015715
20.511087 0.001939 0.020638 0.015694
20.513026 0.001939 0.020617 0.015673
20.514963 0.001937 0.020597 0.015652
20.516899 0.001936 0.020576 0.015632
20.518833 0.001935 0.020556 0.015612
20.520767 0.001934 0.020536 0.015591
20.522700 0.001933 0.020516 0.015572
20.524634 0.001934 0.020496 0.015552
20.526568 0.001934 0.020476 0.015532
20.528502 0.001934 0.020457 0.015513
20.530436 0.001935 0.020438 0.015493
20.532371 0.001935 0.020418 0.015474
20.534307 0.001935 0.020399 0.015455
20.536242 0.001936 0.020380 0.015436
20.538179 0.001936 0.020362 0.015417
20.540114 0.001936 0.020343 0.015399
20.542049 0.001935 0.020324 0.015380
20.543984 0.001934 0.020306 0.015362
20.545918 0.001934 0.020287 0.015343
20.547851 0.001933 0.020269 0.015325
20.549784 0.001933 0.020251 0.015306
20.551717 0.001933 0.020232 0.015288
20.553649 0.001933 0.020214 0.015270
20.555582 0.001933 0.020196 0.015252
20.557515 0.001933 0.020178 0.015233
20.559448 0.001933 0.020159 0.015215
20.561380 0.001933 0.020141 0.015197
20.563312 0.001932 0.020123 0.015179
20.565244 0.001931 0.020105 0.015161
20.567174 0.001931 0.020087 0.015142
20.569104 0.001930 0.020068 0.015124
20.571033 0.001929 0.020050 0.015106
20.572961 0.001928 0.020032 0.015088
20.574889 0.001928 0.020014 0.015070
20.576816 0.001927 0.019996 0.015052
20.578742 0.001927 0.019978 0.015034
20.580669 0.001926 0.019960 0.015016
20.582595 0.001926 0.019942 0.014998
20.584521 0.001926 0.019924 0.014980
20.586447 0.001926 0.019906 0.014962
20.588373 0.001926 0.019889 0.014944
20.590300 0.001927 0.019871 0.014927
20.592227 0.001927 0.019853 0.014909
20.594155 0.001928 0.019835 0.014891
20.596084 0.001929 0.019818 0.014873
20.598013 0.001929 0.019800 0.014856
20.599942 0.001928 0.019782 0.014838
20.601870 0.001928 0.019765 0.014821
20.603797 0.001927 0.019747 0.014803
20.605723 0.001926 0.019730 0.014786
20.607649 0.001926 0.019713 0.014769
20.609574 0.001926 0.019696 0.014751
20.611500 0.001925 0.019678 0.014734
20.613425 0.001925 0.019661 0.014717
20.615351 0.001926 0.019644 0.014700
20.617277 0.001926 0.019627 0.014683
20.619203 0.001926 0.019610 0.014666
20.621130 0.001927 0.019593 0.014649
20.623057 0.001927 0.019576 0.014632
20.624986 0.001928 0.019559 0.014615
20.626915 0.001929 0.019542 0.014598
20.628845 0.001930 0.019525 0.014581
20.630776 0.001931 0.019509 0.014564
20.632707 0.001932 0.019492 0.014548
20.634640 0.001932 0.019475 0.014531
20.636572 0.001933 0.019458 0.014514
20.638505 0.001933 0.019441 0.014497
20.640438 0.001933 0.019425 0.014480
20.642370 0.001932 0.019408 0.014464
20.644302 0.001932 0.019391 0.014447
20.646234 0.001932 0.019374 0.014430
20.648165 0.001931 0.019358 0.014413
20.650095 0.001931 0.019341 0.014397
20.652026 0.001930 0.019324 0.014380
20.653956 0.001930 0.019308 0.014363
20.655887 0.001931 0.019291 0.014347
20.657818 0.001931 0.019274 0.014330
20.659749 0.001931 0.019257 0.014313
20.661680 0.001932 0.019241 0.014297
20.663613 0.001932 0.019224 0.014280
20.665546 0.001933 0.019208 0.014263
20.667480 0.001934 0.019191 0.014247
20.669415 0.001935 0.019174 0.014230
20.671351 0.001936 0.019158 0.014214
20.673288 0.001937 0.019141 0.014197
20.675226 0.001938 0.019125 0.014180
20.677165 0.001939 0.019108 0.014164
20.679105 0.001940 0.019092 0.014148
20.681046 0.001941 0.019075 0.014131
20.682987 0.001941 0.019059 0.014115
20.684928 0.001942 0.019043 0.014098
20.686871 0.001942 0.019026 0.014082
20.688814 0.001943 0.019010 0.014066
20.690758 0.001944 0.018994 0.014050
20.692703 0.001944 0.018978 0.014034
20.694648 0.001945 0.018962 0.014018
20.696593 0.001946 0.018946 0.014002
20.698539 0.001946 0.018931 0.013986
20.700486 0.001946 0.018915 0.013971
20.702432 0.001946 0.018900 0.013955
20.704378 0.001946 0.018884 0.013940
20.706324 0.001946 0.018869 0.013925
20.708270 0.001946 0.018854 0.013910
20.710217 0.001947 0.018840 0.013895
20.712164 0.001947 0.018825 0.013881
20.714111 0.001947 0.018811 0.013866
20.716059 0.001948 0.018796 0.013852
20.718008 0.001949 0.018782 0.013838
20.719957 0.001949 0.018769 0.013825
20.721907 0.001950 0.018755 0.013811
20.723859 0.001951 0.018742 0.013798
20.725811 0.001952 0.018729 0.013785
20.727764 0.001953 0.018716 0.013772
20.729718 0.001954 0.018703 0.013759
20.731674 0.001955 0.018691 0.013746
20.733630 0.001957 0.018678 0.013734
20.735588 0.001958 0.018666 0.013721
20.737547 0.001959 0.018653 0.013709
20.739507 0.001960 0.018641 0.013697
20.741469 0.001962 0.018629 0.013685
20.743432 0.001963 0.018618 0.013674
20.745396 0.001964 0.018607 0.013663
20.747359 0.001963 0.018596 0.013652
20.749322 0.001962 0.018585 0.013641
20.751283 0.001962 0.018575 0.013631
20.753244 0.001961 0.018565 0.013620
20.755204 0.001960 0.018555 0.013610
20.757164 0.001960 0.018545 0.013601
20.759124 0.001960 0.018536 0.013591
20.761085 0.001960 0.018526 0.013582
20.763046 0.001961 0.018518 0.013573
20.765008 0.001962 0.018509 0.013565
20.766972 0.001964 0.018501 0.013557
20.768937 0.001966 0.018493 0.013549
20.770903 0.001966 0.018485 0.013541
20.772869 0.001966 0.018478 0.013534
20.774836 0.001966 0.018471 0.013527
20.776803 0.001967 0.018464 0.013520
20.778770 0.001967 0.018458 0.013514
20.780737 0.001968 0.018452 0.013508
20.782705 0.001968 0.018446 0.013502
20.784673 0.001967 0.018441 0.013497
20.786640 0.001967 0.018436 0.013492
20.788608 0.001968 0.018431 0.013487
20.790577 0.001969 0.018426 0.013482
20.792547 0.001971 0.018422 0.013478
20.794518 0.001971 0.018418 0.013474
20.796489 0.001971 0.018415 0.013471
20.798459 0.001970 0.018412 0.013467
20.800428 0.001969 0.018409 0.013464
20.802397 0.001969 0.018406 0.013462
20.804366 0.001969 0.018404 0.013459
20.806335 0.001969 0.018402 0.013458
20.808304 0.001970 0.018400 0.013456
20.810274 0.001970 0.018399 0.013455
20.812244 0.001970 0.018399 0.013455
20.814214 0.001970 0.018399 0.013454
20.816184 0.001969 0.018399 0.013455
20.818151 0.001968 0.018400 0.013455
20.820118 0.001966 0.018401 0.013456
20.822083 0.001965 0.018402 0.013458
20.824046 0.001964 0.018404 0.013459
20.826010 0.001963 0.018406 0.013462
20.827971 0.001961 0.018408 0.013464
20.829930 0.001959 0.018411 0.013467
20.831888 0.001958 0.018414 0.013470
20.833844 0.001956 0.018418 0.013473
20.835799 0.001955 0.018421 0.013477
20.837753 0.001954 0.018425 0.013480
20.839707 0.001954 0.018429 0.013484
20.841660 0.001953 0.018433 0.013489
20.843613 0.001953 0.018437 0.013493
20.845565 0.001952 0.018441 0.013497
20.847516 0.001951 0.018446 0.013502
20.849466 0.001950 0.018450 0.013506
20.851416 0.001949 0.018455 0.013511
20.853363 0.001948 0.018460 0.013515
20.855309 0.001946 0.018464 0.013520
20.857253 0.001944 0.018468 0.013524
20.859197 0.001943 0.018472 0.013528
20.861138 0.001942 0.018476 0.013532
20.863078 0.001940 0.018479 0.013535
20.865018 0.001939 0.018482 0.013538
20.866956 0.001938 0.018485 0.013541
20.868894 0.001937 0.018488 0.013544
20.870830 0.001936 0.018490 0.013546
20.872766 0.001936 0.018492 0.013548
20.874701 0.001935 0.018494 0.013550
20.876634 0.001933 0.018496 0.013551
20.878566 0.001932 0.018497 0.013552
20.880496 0.001930 0.018498 0.013553
20.882426 0.001930 0.018498 0.013554
20.884354 0.001929 0.018499 0.013554
20.886282 0.001928 0.018499 0.013555
20.888209 0.001927 0.018499 0.013555
20.890136 0.001927 0.018498 0.013554
20.892063 0.001927 0.018498 0.013554
20.893989 0.001926 0.018497 0.013553
20.895915 0.001926 0.018496 0.013552
20.897840 0.001925 0.018495 0.013551
20.899764 0.001924 0.018493 0.013549
20.901687 0.001923 0.018492 0.013548
20.903608 0.001921 0.018490 0.013546
20.905527 0.001919 0.018488 0.013543
20.907445 0.001918 0.018485 0.013541
20.909362 0.001917 0.018482 0.013538
20.911277 0.001915 0.018479 0.013535
20.913192 0.001914 0.018476 0.013532
20.915105 0.001913 0.018473 0.013528
20.917018 0.001913 0.018469 0.013525
20.918929 0.001912 0.018465 0.013521
20.920840 0.001911 0.018461 0.013517
20.922751 0.001911 0.018457 0.013513
20.924661 0.001910 0.018453 0.013508
20.926569 0.001908 0.018448 0.013504
20.928477 0.001907 0.018443 0.013499
20.930382 0.001906 0.018439 0.013494
20.932287 0.001905 0.018433 0.013489
20.934192 0.001904 0.018428 0.013484
20.936095 0.001903 0.018423 0.013478
20.937998 0.001903 0.018417 0.013473
20.939901 0.001903 0.018411 0.013467
20.941803 0.001903 0.018405 0.013461
20.943706 0.001902 0.018398 0.013454
20.945608 0.001902 0.018392 0.013448
20.947509 0.001902 0.018385 0.013441
20.949411 0.001901 0.018378 0.013434
20.951311 0.001900 0.018371 0.013427
20.953210 0.001899 0.018363 0.013419
20.955107 0.001897 0.018356 0.013411
20.957004 0.001896 0.018348 0.013403
20.958899 0.001895 0.018340 0.013395
20.960792 0.001894 0.018331 0.013387
20.962685 0.001893 0.018323 0.013378
20.964577 0.001892 0.018314 0.013370
20.966468 0.001891 0.018305 0.013361
20.968358 0.001890 0.018296 0.013351
20.970247 0.001889 0.018286 0.013342
20.972136 0.001889 0.018277 0.013332
20.974025 0.001889 0.018267 0.013323
20.975914 0.001888 0.018257 0.013313
20.977801 0.001887 0.018247 0.013303
20.979686 0.001886 0.018237 0.013293
20.981572 0.001885 0.018227 0.013283
20.983455 0.001884 0.018217 0.013272
20.985339 0.001883 0.018207 0.013262
20.987221 0.001883 0.018196 0.013252
20.989104 0.001882 0.018186 0.013242
20.990986 0.001882 0.018176 0.013232
20.992868 0.001882 0.018166 0.013221
20.994750 0.001882 0.018155 0.013211
20.996632 0.001881 0.018145 0.013201
20.998513 0.001881 0.018135 0.013190
21.000393 0.001880 0.018124 0.013180
21.002273 0.001880 0.018114 0.013170
21.004152 0.001880 0.018104 0.013159
21.006031 0.001878 0.018093 0.013149
21.007908 0.001877 0.018083 0.013139
21.009784 0.001876 0.018073 0.013128
21.011658 0.001875 0.018062 0.013118
21.013532 0.001874 0.018052 0.013108
21.015405 0.001873 0.018042 0.013097
21.017278 0.001873 0.018031 0.013087
21.019151 0.001873 0.018021 0.013077
21.021023 0.001872 0.018011 0.013066
21.022894 0.001871 0.018000 0.013056
21.024763 0.001869 0.017990 0.013046
21.026630 0.001868 0.017979 0.013035
21.028498 0.001867 0.017969 0.013025
21.030365 0.001867 0.017958 0.013014
21.032231 0.001867 0.017948 0.013003
21.034097 0.001866 0.017937 0.012993
21.035964 0.001866 0.017926 0.012982
21.037831 0.001867 0.017915 0.012971
21.039698 0.001867 0.017904 0.012960
21.041564 0.001867 0.017894 0.012949
21.043430 0.001866 0.017883 0.012938
21.045296 0.001866 0.017872 0.012927
21.047161 0.001865 0.017861 0.012916
21.049026 0.001865 0.017850 0.012905
21.050890 0.001864 0.017839 0.012894
21.052754 0.001864 0.017827 0.012883
21.054619 0.001864 0.017817 0.012872
21.056483 0.001864 0.017806 0.012861
21.058347 0.001864 0.017795 0.012850
21.060209 0.001862 0.017784 0.012839
21.062070 0.001861 0.017773 0.012829
21.063930 0.001860 0.017762 0.012818
21.065789 0.001859 0.017751 0.012807
21.067648 0.001859 0.017740 0.012796
21.069506 0.001858 0.017730 0.012786
21.071364 0.001858 0.017719 0.012775
21.073222 0.001857 0.017709 0.012764
21.075079 0.001857 0.017698 0.012754
21.076936 0.001857 0.017688 0.012743
21.078792 0.001857 0.017677 0.012733
21.080649 0.001856 0.017667 0.012722
21.082505 0.001856 0.017656 0.012712
21.084361 0.001856 0.017646 0.012702
21.086216 0.001855 0.017636 0.012692
21.088071 0.001855 0.017626 0.012681
21.089925 0.001854 0.017616 0.012671
21.091779 0.001854 0.017605 0.012661
21.093633 0.001854 0.017595 0.012651
21.095487 0.001854 0.017585 0.012641
21.097341 0.001853 0.017576 0.012631
21.099194 0.001853 0.017566 0.012621
21.101046 0.001853 0.017556 0.012612
21.102898 0.001852 0.017546 0.012602
21.104749 0.001851 0.017536 0.012592
21.106600 0.001851 0.017527 0.012583
21.108450 0.001850 0.017517 0.012573
21.110300 0.001850 0.017508 0.012563
21.112150 0.001850 0.017498 0.012554
21.114000 0.001850 0.017489 0.012545
21.115849 0.001849 0.017479 0.012535
21.117697 0.001848 0.017470 0.012526
21.119545 0.001848 0.017461 0.012517
21.121391 0.001847 0.017452 0.012507
21.123237 0.001846 0.017442 0.012498
21.125083 0.001846 0.017433 0.012489
21.126928 0.001845 0.017424 0.012480
21.128773 0.001845 0.017415 0.012471
21.130618 0.001844 0.017406 0.012462
21.132462 0.001844 0.017397 0.012453
21.134306 0.001844 0.017388 0.012444
21.136150 0.001844 0.017380 0.012435
21.137994 0.001844 0.017371 0.012426
21.139838 0.001844 0.017362 0.012418
21.141683 0.001844 0.017353 0.012409
21.143527 0.001844 0.017344 0.012400
21.145371 0.001844 0.017336 0.012391
21.147214 0.001844 0.017327 0.012383
21.149057 0.001843 0.017318 0.012374
21.150900 0.001843 0.017310 0.012365
21.152742 0.001842 0.017301 0.012357
21.154584 0.001842 0.017292 0.012348
21.156425 0.001841 0.017284 0.012340
21.158267 0.001841 0.017275 0.012331
21.160108 0.001841 0.017267 0.012323
21.161949 0.001841 0.017258 0.012314
21.163790 0.001841 0.017250 0.012306
21.165631 0.001841 0.017241 0.012297
21.167472 0.001841 0.017233 0.012289
21.169312 0.001841 0.017224 0.012280
21.171153 0.001840 0.017216 0.012271
21.172993 0.001841 0.017207 0.012263
21.174834 0.001841 0.017199 0.012254
21.176674 0.001841 0.017190 0.012246
21.178514 0.001840 0.017182 0.012237
21.180354 0.001839 0.017173 0.012229
21.182193 0.001839 0.017165 0.012220
21.184031 0.001839 0.017156 0.012212
21.185869 0.001838 0.017148 0.012203
21.187707 0.001837 0.017139 0.012195
21.189544 0.001837 0.017131 0.012186
21.191381 0.001837 0.017122 0.012178
21.193218 0.001837 0.017114 0.012169
21.195055 0.001837 0.017105 0.012161
21.196892 0.001837 0.017096 0.012152
21.198730 0.001838 0.017088 0.012144
21.200568 0.001838 0.017079 0.012135
21.202406 0.001838 0.017071 0.012126
21.204244 0.001838 0.017062 0.012118
21.206083 0.001839 0.017053 0.012109
21.207921 0.001839 0.017045 0.012100
21.209759 0.001838 0.017036 0.012092
21.211597 0.001838 0.017027 0.012083
21.213435 0.001838 0.017018 0.012074
21.215272 0.001838 0.017010 0.012065
21.217110 0.001837 0.017001 0.012057
21.218947 0.001837 0.016992 0.012048
21.220784 0.001837 0.016983 0.012039
21.222621 0.001837 0.016974 0.012030
21.224457 0.001837 0.016965 0.012021
21.226293 0.001836 0.016956 0.012012
21.228129 0.001836 0.016947 0.012003
21.229966 0.001836 0.016938 0.011994
21.231802 0.001837 0.016929 0.011985
21.233639 0.001837 0.016920 0.011976
21.235476 0.001837 0.016911 0.011967
21.237313 0.001837 0.016902 0.011958
21.239151 0.001838 0.016893 0.011949
21.240988 0.001837 0.016884 0.011939
21.242825 0.001837 0.016874 0.011930
21.244661 0.001836 0.016865 0.011921
21.246497 0.001836 0.016856 0.011911
21.248332 0.001835 0.016846 0.011902
21.250167 0.001835 0.016837 0.011893
21.252002 0.001835 0.016828 0.011883
21.253836 0.001834 0.016818 0.011874
21.255671 0.001834 0.016809 0.011864
21.257505 0.001834 0.016799 0.011855
21.259339 0.001834 0.016790 0.011845
21.261174 0.001835 0.016780 0.011836
21.263009 0.001835 0.016770 0.011826
21.264845 0.001836 0.016761 0.011817
21.266681 0.001836 0.016751 0.011807
21.268517 0.001836 0.016742 0.011797
21.270352 0.001836 0.016732 0.011788
21.272187 0.001835 0.016722 0.011778
21.274022 0.001835 0.016712 0.011768
21.275856 0.001834 0.016703 0.011758
21.277689 0.001833 0.016693 0.011749
21.279522 0.001833 0.016683 0.011739
21.281354 0.001832 0.016673 0.011729
21.283186 0.001832 0.016664 0.011719
21.285018 0.001832 0.016654 0.011710
21.286850 0.001832 0.016644 0.011700
21.288682 0.001832 0.016634 0.011690
21.290514 0.001832 0.016624 0.011680
21.292345 0.001832 0.016615 0.011670
21.294178 0.001832 0.016605 0.011661
21.296011 0.001833 0.016595 0.011651
21.297843 0.001832 0.016585 0.011641
21.299675 0.001832 0.016575 0.011631
21.301507 0.001832 0.016565 0.011621
21.303338 0.001831 0.016556 0.011611
21.305169 0.001831 0.016546 0.011602
21.307000 0.001831 0.016536 0.011592
21.308831 0.001831 0.016526 0.011582
21.310663 0.001832 0.016516 0.011572
21.312494 0.001832 0.016507 0.011562
21.314326 0.001831 0.016497 0.011553
21.316157 0.001831 0.016487 0.011543
21.317988 0.001831 0.016478 0.011533
21.319819 0.001831 0.016468 0.011524
21.321649 0.001831 0.016459 0.011514
21.323480 0.001831 0.016449 0.011505
21.325311 0.001831 0.016440 0.011496
21.327142 0.001831 0.016431 0.011486
21.328973 0.001831 0.016421 0.011477
21.330804 0.001831 0.016412 0.011468
21.332634 0.001830 0.016404 0.011459
21.334464 0.001830 0.016395 0.011451
21.336293 0.001829 0.016386 0.011442
21.338122 0.001829 0.016378 0.011434
21.339951 0.001829 0.016369 0.011425
21.341779 0.001828 0.016361 0.011417
21.343607 0.001828 0.016353 0.011409
21.345435 0.001828 0.016345 0.011401
21.347263 0.001828 0.016337 0.011393
21.349091 0.001828 0.016330 0.011385
21.350920 0.001829 0.016322 0.011378
21.352749 0.001829 0.016314 0.011370
21.354578 0.001829 0.016307 0.011363
21.356408 0.001830 0.016299 0.011355
21.358238 0.001830 0.016292 0.011348
21.360069 0.001830 0.016285 0.011341
21.361899 0.001830 0.016278 0.011334
21.363729 0.001830 0.016271 0.011326
21.365558 0.001830 0.016264 0.011320
21.367387 0.001829 0.016257 0.011313
21.369215 0.001828 0.016250 0.011306
21.371043 0.001828 0.016243 0.011299
21.372870 0.001827 0.016236 0.011292
21.374697 0.001827 0.016229 0.011285
21.376524 0.001826 0.016223 0.011279
21.378350 0.001826 0.016216 0.011272
21.380176 0.001826 0.016210 0.011265
21.382002 0.001826 0.016203 0.011259
21.383828 0.001826 0.016197 0.011253
21.385654 0.001826 0.016191 0.011246
21.387480 0.001826 0.016185 0.011240
21.389307 0.001827 0.016179 0.011234
21.391134 0.001827 0.016173 0.011229
21.392962 0.001828 0.016167 0.011223
21.394789 0.001827 0.016162 0.011218
21.396617 0.001828 0.016157 0.011213
21.398445 0.001828 0.016153 0.011208
21.400272 0.001827 0.016148 0.011204
21.402099 0.001827 0.016144 0.011200
21.403925 0.001826 0.016141 0.011197
21.405751 0.001826 0.016138 0.011193
21.407576 0.001825 0.016135 0.011191
21.409401 0.001825 0.016132 0.011188
21.411225 0.001824 0.016130 0.011186
21.413049 0.001824 0.016128 0.011184
21.414872 0.001824 0.016126 0.011182
21.416696 0.001823 0.016125 0.011181
21.418519 0.001823 0.016124 0.011180
21.420342 0.001823 0.016123 0.011179
21.422166 0.001824 0.016123 0.011178
21.423990 0.001824 0.016122 0.011178
21.425813 0.001824 0.016122 0.011178
21.427637 0.001824 0.016122 0.011178
21.429462 0.001824 0.016122 0.011178
21.431286 0.001824 0.016122 0.011178
21.433110 0.001824 0.016122 0.011178
21.434933 0.001824 0.016123 0.011178
21.436757 0.001824 0.016123 0.011179
21.438581 0.001824 0.016123 0.011179
21.440405 0.001823 0.016124 0.011179
21.442228 0.001823 0.016124 0.011180
21.444051 0.001823 0.016124 0.011180
21.445874 0.001823 0.016125 0.011181
21.447697 0.001823 0.016125 0.011181
21.449519 0.001823 0.016125 0.011181
21.451342 0.001822 0.016126 0.011181
21.453164 0.001822 0.016126 0.011181
21.454986 0.001822 0.016126 0.011181
21.456809 0.001822 0.016126 0.011181
21.458631 0.001822 0.016125 0.011181
21.460454 0.001823 0.016125 0.011181
21.462277 0.001823 0.016125 0.011181
21.464099 0.001822 0.016124 0.011180
21.465921 0.001822 0.016124 0.011179
21.467743 0.001822 0.016123 0.011178
21.469564 0.001821 0.016122 0.011177
21.471385 0.001821 0.016120 0.011176
21.473206 0.001821 0.016119 0.011175
21.475026 0.001820 0.016117 0.011173
21.476846 0.001820 0.016115 0.011171
21.478667 0.001820 0.016113 0.011169
21.480487 0.001820 0.016111 0.011166
21.482307 0.001820 0.016108 0.011164
21.484128 0.001821 0.016105 0.011161
21.485948 0.001821 0.016102 0.011158
21.487769 0.001821 0.016098 0.011154
21.489591 0.001821 0.016095 0.011150
21.491412 0.001822 0.016091 0.011146
21.493234 0.001822 0.016086 0.011142
21.495056 0.001822 0.016082 0.011138
21.496878 0.001822 0.016077 0.011133
21.498699 0.001821 0.016072 0.011128
21.500520 0.001821 0.016067 0.011123
21.502341 0.001821 0.016061 0.011117
21.504161 0.001820 0.016055 0.011111
21.505981 0.001820 0.016049 0.011105
21.507801 0.001820 0.016043 0.011099
21.509621 0.001820 0.016037 0.011092
21.511440 0.001820 0.016030 0.011086
21.513260 0.001820 0.016023 0.011079
21.515080 0.001820 0.016016 0.011072
21.516900 0.001820 0.016009 0.011065
21.518720 0.001820 0.016001 0.011057
21.520540 0.001820 0.015994 0.011050
21.522361 0.001821 0.015986 0.011042
21.524182 0.001821 0.015979 0.011035
21.526003 0.001821 0.015971 0.011027
21.527825 0.001822 0.015963 0.011019
21.529647 0.001822 0.015955 0.011011
21.531469 0.001823 0.015948 0.011003
21.533292 0.001822 0.015940 0.010995
21.535114 0.001822 0.015932 0.010987
21.536937 0.001822 0.015924 0.010979
21.538759 0.001823 0.015916 0.010972
21.540582 0.001822 0.015908 0.010964
21.542404 0.001822 0.015900 0.010956
21.544227 0.001823 0.015893 0.010948
21.546050 0.001823 0.015885 0.010941
21.547873 0.001823 0.015878 0.010933
21.549696 0.001823 0.015870 0.010926
21.551519 0.001823 0.015863 0.010919
21.553343 0.001824 0.015856 0.010912
21.555166 0.001824 0.015850 0.010906
21.556990 0.001824 0.015843 0.010899
21.558815 0.001824 0.015837 0.010893
21.560640 0.001825 0.015831 0.010887
21.562465 0.001825 0.015825 0.010881
21.564291 0.001826 0.015819 0.010875
21.566117 0.001826 0.015813 0.010869
21.567943 0.001826 0.015808 0.010863
21.569770 0.001827 0.015802 0.010858
21.571596 0.001827 0.015796 0.010852
21.573423 0.001827 0.015791 0.010847
21.575250 0.001827 0.015785 0.010841
21.577078 0.001827 0.015780 0.010836
21.578905 0.001827 0.015775 0.010831
21.580732 0.001827 0.015771 0.010827
21.582559 0.001827 0.015767 0.010822
21.584387 0.001828 0.015763 0.010819
21.586214 0.001827 0.015760 0.010815
21.588042 0.001827 0.015757 0.010813
21.589869 0.001827 0.015755 0.010811
21.591696 0.001827 0.015753 0.010809
21.593522 0.001826 0.015752 0.010808
21.595348 0.001826 0.015752 0.010808
21.597174 0.001826 0.015753 0.010808
21.599000 0.001826 0.015754 0.010810
21.600825 0.001825 0.015756 0.010812
21.602650 0.001825 0.015759 0.010815
21.604475 0.001825 0.015763 0.010819
21.606300 0.001825 0.015769 0.010824
21.608125 0.001825 0.015775 0.010831
21.609949 0.001825 0.015783 0.010839
21.611774 0.001824 0.015793 0.010849
21.613598 0.001824 0.015804 0.010859
21.615422 0.001824 0.015816 0.010872
21.617245 0.001823 0.015829 0.010885
21.619067 0.001823 0.015845 0.010900
21.620889 0.001822 0.015861 0.010917
21.622711 0.001822 0.015879 0.010935
21.624532 0.001821 0.015899 0.010955
21.626354 0.001821 0.015920 0.010976
21.628174 0.001821 0.015942 0.010998
21.629995 0.001821 0.015966 0.011022
21.631816 0.001820 0.015990 0.011046
21.633636 0.001820 0.016016 0.011072
21.635456 0.001820 0.016042 0.011098
21.637276 0.001820 0.016069 0.011125
21.639096 0.001820 0.016097 0.011153
21.640916 0.001820 0.016126 0.011181
21.642736 0.001820 0.016155 0.011211
21.644557 0.001821 0.016185 0.011241
21.646377 0.001820 0.016216 0.011271
21.648197 0.001820 0.016247 0.011303
21.650016 0.001819 0.016279 0.011335
21.651835 0.001819 0.016311 0.011367
21.653655 0.001819 0.016344 0.011399
21.655474 0.001819 0.016376 0.011432
21.657293 0.001819 0.016409 0.011464
21.659113 0.001820 0.016441 0.011497
21.660933 0.001820 0.016473 0.011528
21.662752 0.001819 0.016504 0.011560
21.664571 0.001819 0.016535 0.011591
21.666389 0.001819 0.016565 0.011621
21.668208 0.001818 0.016595 0.011651
21.670025 0.001818 0.016624 0.011680
21.671842 0.001817 0.016653 0.011708
21.673659 0.001817 0.016680 0.011736
21.675477 0.001817 0.016707 0.011763
21.677293 0.001817 0.016733 0.011789
21.679110 0.001817 0.016758 0.011814
21.680927 0.001817 0.016782 0.011838
21.682744 0.001817 0.016806 0.011861
21.684561 0.001817 0.016828 0.011884
21.686379 0.001817 0.016849 0.011905
21.688196 0.001818 0.016869 0.011925
21.690014 0.001818 0.016888 0.011944
21.691831 0.001817 0.016906 0.011962
21.693648 0.001817 0.016923 0.011979
21.695465 0.001817 0.016939 0.011994
21.697281 0.001816 0.016954 0.012009
21.699097 0.001816 0.016968 0.012023
21.700913 0.001816 0.016981 0.012037
21.702729 0.001816 0.016993 0.012049
21.704545 0.001816 0.017004 0.012060
21.706361 0.001816 0.017015 0.012071
21.708177 0.001816 0.017025 0.012081
21.709993 0.001816 0.017034 0.012090
21.711810 0.001817 0.017043 0.012099
21.713627 0.001817 0.017051 0.012106
21.715444 0.001817 0.017058 0.012113
21.717261 0.001817 0.017064 0.012120
21.719078 0.001817 0.017070 0.012126
21.720896 0.001817 0.017075 0.012131
21.722713 0.001817 0.017080 0.012136
21.724530 0.001817 0.017084 0.012140
21.726347 0.001817 0.017088 0.012144
21.728164 0.001817 0.017091 0.012147
21.729981 0.001817 0.017094 0.012150
21.731797 0.001817 0.017097 0.012153
21.733614 0.001816 0.017099 0.012155
21.735430 0.001817 0.017101 0.012157
21.737246 0.001816 0.017102 0.012158
21.739062 0.001816 0.017104 0.012159
21.740877 0.001815 0.017105 0.012160
21.742692 0.001815 0.017105 0.012161
21.744507 0.001815 0.017106 0.012161
21.746321 0.001814 0.017106 0.012161
21.748135 0.001814 0.017105 0.012161
21.749949 0.001814 0.017105 0.012161
21.751763 0.001814 0.017104 0.012160
21.753576 0.001813 0.017103 0.012159
21.755390 0.001814 0.017102 0.012158
21.757204 0.001814 0.017100 0.012156
21.759017 0.001814 0.017098 0.012154
21.760832 0.001814 0.017096 0.012152
21.762646 0.001815 0.017093 0.012149
21.764461 0.001815 0.017091 0.012147
21.766276 0.001815 0.017088 0.012144
21.768091 0.001815 0.017085 0.012141
21.769906 0.001815 0.017082 0.012138
21.771721 0.001815 0.017079 0.012134
21.773536 0.001815 0.017075 0.012131
21.775351 0.001815 0.017071 0.012127
21.777165 0.001815 0.017068 0.012123
21.778980 0.001815 0.017064 0.012119
21.780795 0.001815 0.017059 0.012115
21.782609 0.001815 0.017055 0.012111
21.784424 0.001815 0.017051 0.012107
21.786239 0.001815 0.017046 0.012102
21.788054 0.001815 0.017042 0.012097
21.789868 0.001815 0.017037 0.012093
21.791683 0.001815 0.017032 0.012088
21.793498 0.001815 0.017027 0.012083
21.795313 0.001815 0.017022 0.012077
21.797128 0.001815 0.017016 0.012072
21.798943 0.001815 0.017011 0.012067
21.800758 0.001815 0.017005 0.012061
21.802573 0.001815 0.016999 0.012055
21.804388 0.001815 0.016993 0.012049
21.806203 0.001815 0.016987 0.012043
21.808019 0.001815 0.016980 0.012036
21.809834 0.001816 0.016974 0.012029
21.811650 0.001816 0.016967 0.012022
21.813466 0.001815 0.016960 0.012015
21.815281 0.001815 0.016952 0.012008
21.817096 0.001815 0.016945 0.012000
21.818912 0.001815 0.016937 0.011992
21.820727 0.001815 0.016929 0.011984
21.822543 0.001816 0.016920 0.011976
21.824358 0.001816 0.016912 0.011968
21.826174 0.001816 0.016903 0.011959
21.827990 0.001816 0.016894 0.011950
21.829806 0.001816 0.016885 0.011941
21.831622 0.001816 0.016876 0.011931
21.833439 0.001816 0.016866 0.011922
21.835255 0.001816 0.016856 0.011912
21.837071 0.001816 0.016846 0.011902
21.838888 0.001817 0.016836 0.011892
21.840705 0.001817 0.016826 0.011882
21.842521 0.001817 0.016815 0.011871
21.844338 0.001817 0.016805 0.011860
21.846155 0.001817 0.016794 0.011849
21.847972 0.001817 0.016783 0.011838
21.849789 0.001817 0.016771 0.011827
21.851606 0.001817 0.016760 0.011816
21.853423 0.001817 0.016749 0.011805
21.855240 0.001817 0.016737 0.011793
21.857058 0.001817 0.016726 0.011781
21.858875 0.001818 0.016714 0.011769
21.860693 0.001818 0.016702 0.011758
21.862511 0.001818 0.016690 0.011746
21.864329 0.001818 0.016678 0.011733
21.866148 0.001818 0.016665 0.011721
21.867966 0.001819 0.016653 0.011709
21.869785 0.001819 0.016640 0.011696
21.871604 0.001819 0.016628 0.011683
21.873423 0.001819 0.016615 0.011671
21.875243 0.001819 0.016602 0.011658
21.877063 0.001820 0.016589 0.011645
21.878882 0.001820 0.016576 0.011632
21.880702 0.001820 0.016563 0.011619
21.882522 0.001820 0.016550 0.011606
21.884342 0.001820 0.016537 0.011593
21.886163 0.001820 0.016524 0.011580
21.887983 0.001820 0.016510 0.011566
21.889803 0.001820 0.016497 0.011553
21.891624 0.001821 0.016484 0.011540
21.893445 0.001821 0.016470 0.011526
21.895266 0.001821 0.016457 0.011513
21.897088 0.001821 0.016444 0.011499
21.898910 0.001822 0.016430 0.011486
21.900731 0.001821 0.016417 0.011473
21.902552 0.001821 0.016404 0.011460
21.904374 0.001821 0.016391 0.011447
21.906196 0.001822 0.016378 0.011434
21.908017 0.001822 0.016365 0.011421
21.909839 0.001822 0.016353 0.011408
21.911661 0.001822 0.016340 0.011396
21.913485 0.001823 0.016328 0.011384
21.915308 0.001823 0.016317 0.011373
21.917131 0.001823 0.016306 0.011362
21.918955 0.001824 0.016295 0.011351
21.920779 0.001825 0.016285 0.011340
21.922604 0.001825 0.016275 0.011330
21.924429 0.001825 0.016265 0.011321
21.926254 0.001825 0.016256 0.011311
21.928080 0.001826 0.016246 0.011302
21.929907 0.001826 0.016237 0.011293
21.931733 0.001827 0.016227 0.011283
21.933560 0.001826 0.016218 0.011274
21.935387 0.001827 0.016209 0.011265
21.937214 0.001827 0.016199 0.011255
21.939042 0.001827 0.016190 0.011246
21.940869 0.001827 0.016181 0.011237
21.942696 0.001828 0.016172 0.011228
21.944524 0.001828 0.016163 0.011219
21.946352 0.001828 0.016155 0.011211
21.948179 0.001828 0.016146 0.011202
21.950008 0.001828 0.016138 0.011194
21.951836 0.001828 0.016130 0.011186
21.953664 0.001828 0.016123 0.011179
21.955493 0.001828 0.016116 0.011172
21.957322 0.001829 0.016110 0.011166
21.959151 0.001829 0.016105 0.011160
21.960981 0.001830 0.016100 0.011156
21.962811 0.001830 0.016096 0.011151
21.964642 0.001831 0.016092 0.011148
21.966473 0.001831 0.016089 0.011145
21.968305 0.001831 0.016087 0.011143
21.970137 0.001832 0.016085 0.011141
21.971969 0.001833 0.016085 0.011140
21.973802 0.001833 0.016085 0.011141
21.975635 0.001833 0.016086 0.011141
21.977468 0.001833 0.016087 0.011143
21.979302 0.001834 0.016090 0.011146
21.981137 0.001835 0.016093 0.011149
21.982972 0.001835 0.016097 0.011153
21.984807 0.001835 0.016102 0.011158
21.986643 0.001836 0.016108 0.011164
21.988479 0.001837 0.016114 0.011170
21.990316 0.001837 0.016122 0.011178
21.992154 0.001837 0.016131 0.011186
21.993991 0.001838 0.016140 0.011196
21.995830 0.001838 0.016150 0.011206
21.997668 0.001838 0.016161 0.011217
21.999506 0.001838 0.016173 0.011228
22.001346 0.001839 0.016185 0.011241
22.003185 0.001840 0.016198 0.011253
22.005025 0.001840 0.016211 0.011267
22.006865 0.001840 0.016225 0.011281
22.008706 0.001841 0.016240 0.011295
22.010547 0.001841 0.016255 0.011311
22.012388 0.001841 0.016270 0.011326
22.014229 0.001841 0.016286 0.011342
22.016071 0.001842 0.016303 0.011358
22.017913 0.001842 0.016319 0.011375
22.019756 0.001843 0.016336 0.011392
22.021598 0.001843 0.016354 0.011410
22.023442 0.001844 0.016371 0.011427
22.025286 0.001844 0.016390 0.011445
22.027131 0.001844 0.016408 0.011464
22.028975 0.001844 0.016426 0.011482
22.030820 0.001845 0.016445 0.011501
22.032666 0.001846 0.016464 0.011519
22.034512 0.001846 0.016482 0.011538
22.036357 0.001846 0.016501 0.011557
22.038204 0.001847 0.016520 0.011576
22.040052 0.001847 0.016538 0.011594
22.041900 0.001848 0.016557 0.011613
22.043748 0.001848 0.016575 0.011631
22.045597 0.001849 0.016593 0.011649
22.047447 0.001850 0.016610 0.011666
22.049297 0.001850 0.016628 0.011684
22.051147 0.001850 0.016645 0.011701
22.052998 0.001851 0.016662 0.011718
22.054849 0.001852 0.016678 0.011734
22.056701 0.001852 0.016695 0.011750
22.058553 0.001852 0.016710 0.011766
22.060406 0.001853 0.016726 0.011782
22.062260 0.001854 0.016741 0.011797
22.064114 0.001854 0.016755 0.011811
22.065968 0.001854 0.016769 0.011825
22.067823 0.001855 0.016783 0.011839
22.069679 0.001856 0.016796 0.011852
22.071536 0.001857 0.016809 0.011865
22.073393 0.001857 0.016821 0.011877
22.075250 0.001857 0.016833 0.011889
22.077108 0.001858 0.016845 0.011901
22.078966 0.001858 0.016856 0.011911
22.080824 0.001858 0.016866 0.011922
22.082683 0.001859 0.016876 0.011932
22.084543 0.001860 0.016885 0.011941
22.086403 0.001861 0.016894 0.011950
22.088264 0.001861 0.016902 0.011958
22.090126 0.001862 0.016909 0.011965
22.091989 0.001863 0.016916 0.011972
22.093852 0.001863 0.016922 0.011978
22.095716 0.001863 0.016927 0.011983
22.097579 0.001864 0.016932 0.011988
22.099444 0.001865 0.016935 0.011991
22.101309 0.001865 0.016938 0.011994
22.103175 0.001865 0.016940 0.011996
22.105040 0.001866 0.016941 0.011997
22.106907 0.001867 0.016941 0.011997
22.108775 0.001868 0.016940 0.011996
22.110643 0.001868 0.016938 0.011994
22.112511 0.001868 0.016936 0.011992
22.114380 0.001869 0.016933 0.011989
22.116251 0.001870 0.016930 0.011985
22.118122 0.001871 0.016926 0.011981
22.119993 0.001872 0.016921 0.011977
22.121866 0.001873 0.016916 0.011972
22.123740 0.001874 0.016911 0.011967
22.125614 0.001874 0.016906 0.011961
22.127488 0.001874 0.016899 0.011955
22.129364 0.001875 0.016893 0.011949
22.131240 0.001876 0.016886 0.011942
22.133116 0.001876 0.016879 0.011935
22.134992 0.001877 0.016871 0.011927
22.136870 0.001877 0.016863 0.011919
22.138748 0.001878 0.016854 0.011910
22.140627 0.001879 0.016845 0.011901
22.142506 0.001879 0.016835 0.011891
22.144386 0.001880 0.016825 0.011881
22.146267 0.001881 0.016814 0.011870
22.148149 0.001882 0.016802 0.011858
22.150031 0.001882 0.016790 0.011846
22.151913 0.001883 0.016777 0.011833
22.153797 0.001883 0.016764 0.011820
22.155681 0.001884 0.016751 0.011807
22.157565 0.001885 0.016738 0.011794
22.159451 0.001885 0.016726 0.011782
22.161337 0.001886 0.016714 0.011770
22.163223 0.001887 0.016703 0.011759
22.165110 0.001887 0.016692 0.011748
22.166997 0.001887 0.016682 0.011738
22.168885 0.001888 0.016672 0.011728
22.170774 0.001888 0.016662 0.011718
22.172662 0.001888 0.016653 0.011709
22.174551 0.001889 0.016644 0.011700
22.176441 0.001889 0.016636 0.011691
22.178331 0.001890 0.016627 0.011683
22.180221 0.001890 0.016620 0.011675
22.182112 0.001891 0.016613 0.011669
22.184004 0.001892 0.016608 0.011664
22.185896 0.001892 0.016604 0.011660
22.187788 0.001892 0.016602 0.011658
22.189680 0.001892 0.016601 0.011656
22.191573 0.001892 0.016600 0.011656
22.193465 0.001893 0.016601 0.011657
22.195358 0.001892 0.016603 0.011659
22.197250 0.001892 0.016607 0.011662
22.199143 0.001892 0.016612 0.011667
22.201035 0.001892 0.016618 0.011673
22.202927 0.001892 0.016625 0.011681
22.204819 0.001892 0.016634 0.011690
22.206711 0.001892 0.016645 0.011700
22.208603 0.001892 0.016656 0.011712
22.210496 0.001892 0.016669 0.011725
22.212388 0.001892 0.016683 0.011739
22.214280 0.001893 0.016698 0.011754
22.216173 0.001893 0.016714 0.011769
22.218067 0.001893 0.016730 0.011786
22.219960 0.001893 0.016747 0.011803
22.221853 0.001893 0.016765 0.011821
22.223746 0.001893 0.016783 0.011839
22.225639 0.001893 0.016802 0.011858
22.227532 0.001893 0.016821 0.011876
22.229425 0.001893 0.016840 0.011895
22.231318 0.001893 0.016858 0.011914
22.233212 0.001894 0.016876 0.011932
22.235106 0.001894 0.016894 0.011950
22.237000 0.001894 0.016911 0.011966
22.238893 0.001894 0.016926 0.011982
22.240787 0.001894 0.016941 0.011997
22.242681 0.001894 0.016955 0.012011
22.244576 0.001894 0.016968 0.012023
22.246470 0.001894 0.016979 0.012034
22.248364 0.001894 0.016988 0.012044
22.250259 0.001895 0.016997 0.012052
22.252154 0.001895 0.017004 0.012059
22.254048 0.001894 0.017009 0.012065
22.255942 0.001894 0.017014 0.012070
22.257837 0.001894 0.017018 0.012073
22.259731 0.001895 0.017020 0.012076
22.261626 0.001895 0.017021 0.012077
22.263521 0.001895 0.017022 0.012078
22.265416 0.001895 0.017021 0.012077
22.267312 0.001895 0.017020 0.012076
22.269206 0.001895 0.017018 0.012073
22.271101 0.001895 0.017014 0.012070
22.272996 0.001895 0.017010 0.012066
22.274891 0.001895 0.017005 0.012061
22.276786 0.001895 0.017000 0.012056
22.278681 0.001895 0.016994 0.012049
22.280577 0.001896 0.016987 0.012043
22.282473 0.001896 0.016980 0.012036
22.284369 0.001896 0.016973 0.012028
22.286265 0.001896 0.016965 0.012021
22.288161 0.001896 0.016957 0.012013
22.290058 0.001897 0.016949 0.012005
22.291954 0.001897 0.016940 0.011996
22.293851 0.001897 0.016932 0.011988
22.295748 0.001897 0.016923 0.011979
22.297646 0.001898 0.016914 0.011970
22.299543 0.001898 0.016905 0.011960
22.301441 0.001898 0.016895 0.011950
22.303339 0.001898 0.016884 0.011940
22.305238 0.001898 0.016874 0.011929
22.307136 0.001898 0.016862 0.011918
22.309035 0.001899 0.016851 0.011907
22.310933 0.001899 0.016839 0.011895
22.312832 0.001899 0.016826 0.011882
22.314730 0.001898 0.016814 0.011869
22.316628 0.001898 0.016801 0.011856
22.318526 0.001898 0.016787 0.011843
22.320425 0.001898 0.016773 0.011829
22.322323 0.001898 0.016760 0.011815
22.324221 0.001898 0.016746 0.011802
22.326120 0.001899 0.016732 0.011788
22.328019 0.001899 0.016718 0.011774
22.329919 0.001900 0.016705 0.011761
22.331818 0.001900 0.016691 0.011747
22.333718 0.001900 0.016678 0.011734
22.335618 0.001900 0.016664 0.011720
22.337519 0.001900 0.016651 0.011707
22.339419 0.001901 0.016638 0.011693
22.341320 0.001901 0.016624 0.011680
22.343221 0.001901 0.016611 0.011667
22.345122 0.001901 0.016598 0.011653
22.347024 0.001901 0.016584 0.011640
22.348925 0.001901 0.016571 0.011627
22.350826 0.001901 0.016558 0.011614
22.352727 0.001901 0.016545 0.011601
22.354628 0.001901 0.016532 0.011588
22.356528 0.001900 0.016520 0.011575
22.358428 0.001900 0.016507 0.011563
22.360327 0.001900 0.016495 0.011550
22.362227 0.001899 0.016482 0.011538
22.364126 0.001899 0.016470 0.011526
22.366025 0.001899 0.016458 0.011514
22.367923 0.001899 0.016446 0.011502
22.369822 0.001898 0.016434 0.011490
22.371720 0.001898 0.016423 0.011478
22.373618 0.001898 0.016411 0.011467
22.375515 0.001897 0.016399 0.011455
22.377412 0.001897 0.016388 0.011444
22.379309 0.001897 0.016376 0.011432
22.381205 0.001896 0.016365 0.011421
22.383101 0.001896 0.016354 0.011410
22.384997 0.001896 0.016343 0.011398
22.386893 0.001896 0.016332 0.011387
22.388788 0.001895 0.016320 0.011376
22.390683 0.001895 0.016309 0.011365
22.392577 0.001894 0.016298 0.011354
22.394471 0.001894 0.016287 0.011343
22.396365 0.001894 0.016276 0.011332
22.398259 0.001894 0.016265 0.011321
22.400152 0.001893 0.016255 0.011310
22.402045 0.001893 0.016244 0.011300
22.403937 0.001892 0.016233 0.011289
22.405828 0.001892 0.016222 0.011278
22.407719 0.001891 0.016211 0.011267
22.409610 0.001891 0.016200 0.011256
22.411500 0.001890 0.016190 0.011245
22.413390 0.001890 0.016179 0.011235
22.415279 0.001889 0.016168 0.011224
22.417168 0.001888 0.016157 0.011213
22.419055 0.001887 0.016146 0.011202
22.420942 0.001887 0.016135 0.011191
22.422828 0.001886 0.016124 0.011180
22.424714 0.001886 0.016113 0.011169
22.426599 0.001885 0.016102 0.011158
22.428484 0.001885 0.016091 0.011146
22.430368 0.001884 0.016079 0.011135
22.432251 0.001883 0.016068 0.011124
22.434134 0.001883 0.016057 0.011113
22.436016 0.001882 0.016045 0.011101
22.437897 0.001881 0.016034 0.011090
22.439778 0.001881 0.016022 0.011078
22.441658 0.001880 0.016011 0.011067
22.443538 0.001880 0.015999 0.011055
22.445417 0.001879 0.015987 0.011043
22.447296 0.001879 0.015975 0.011031
22.449174 0.001878 0.015963 0.011019
22.451051 0.001877 0.015951 0.011007
22.452927 0.001877 0.015939 0.010995
22.454804 0.001876 0.015927 0.010983
22.456679 0.001876 0.015915 0.010971
22.458555 0.001875 0.015903 0.010958
22.460430 0.001875 0.015890 0.010946
22.462305 0.001875 0.015878 0.010934
22.464180 0.001875 0.015865 0.010921
22.466054 0.001874 0.015853 0.010909
22.467927 0.001873 0.015840 0.010896
22.469798 0.001871 0.015828 0.010884
22.471668 0.001869 0.015815 0.010871
22.473535 0.001868 0.015803 0.010859
22.475402 0.001866 0.015790 0.010846
22.477266 0.001865 0.015778 0.010834
22.479128 0.001862 0.015765 0.010821
22.480988 0.001860 0.015753 0.010809
22.482846 0.001858 0.015740 0.010796
22.484703 0.001857 0.015728 0.010784
22.486558 0.001855 0.015716 0.010771
22.488413 0.001854 0.015703 0.010759
22.490266 0.001854 0.015691 0.010747
22.492118 0.001852 0.015678 0.010734
22.493967 0.001850 0.015666 0.010722
22.495816 0.001848 0.015653 0.010709
22.497663 0.001847 0.015641 0.010697
22.499508 0.001846 0.015629 0.010684
22.501353 0.001845 0.015616 0.010672
22.503198 0.001844 0.015604 0.010659
22.505041 0.001844 0.015591 0.010647
22.506884 0.001843 0.015578 0.010634
22.508726 0.001842 0.015566 0.010621
22.510568 0.001842 0.015553 0.010609
22.512409 0.001841 0.015540 0.010596
22.514249 0.001840 0.015527 0.010583
22.516087 0.001839 0.015514 0.010570
22.517926 0.001838 0.015501 0.010557
22.519761 0.001835 0.015488 0.010544
22.521591 0.001830 0.015475 0.010531
22.523417 0.001826 0.015462 0.010518
22.525238 0.001821 0.015449 0.010504
22.527056 0.001817 0.015435 0.010491
22.528869 0.001813 0.015422 0.010478
22.530679 0.001810 0.015409 0.010464
22.532486 0.001807 0.015395 0.010451
22.534290 0.001804 0.015382 0.010437
22.536092 0.001802 0.015368 0.010424
22.537892 0.001800 0.015354 0.010410
22.539690 0.001798 0.015341 0.010396
22.541486 0.001796 0.015327 0.010383
22.543281 0.001795 0.015313 0.010369
22.545075 0.001794 0.015299 0.010355
22.546868 0.001793 0.015285 0.010341
22.548661 0.001793 0.015271 0.010327
22.550453 0.001793 0.015257 0.010313
22.552246 0.001793 0.015243 0.010299
22.554039 0.001793 0.015229 0.010285
22.555832 0.001793 0.015215 0.010270
22.557626 0.001794 0.015200 0.010256
22.559421 0.001795 0.015186 0.010242
22.561216 0.001796 0.015171 0.010227
22.563013 0.001797 0.015157 0.010212
22.564811 0.001798 0.015142 0.010198
22.566611 0.001799 0.015127 0.010183
22.568411 0.001800 0.015113 0.010168
22.570213 0.001802 0.015098 0.010153
22.572015 0.001803 0.015083 0.010139
22.573820 0.001804 0.015068 0.010124
22.575625 0.001805 0.015053 0.010109
22.577432 0.001807 0.015038 0.010094
22.579240 0.001808 0.015023 0.010079
22.581049 0.001810 0.015008 0.010064
22.582860 0.001811 0.014993 0.010049
22.584673 0.001812 0.014978 0.010034
22.586487 0.001814 0.014963 0.010019
22.588302 0.001816 0.014948 0.010004
22.590120 0.001817 0.014933 0.009989
22.591939 0.001819 0.014918 0.009974
22.593760 0.001821 0.014903 0.009959
22.595583 0.001823 0.014889 0.009944
22.597407 0.001824 0.014874 0.009930
22.599232 0.001825 0.014859 0.009915
22.601058 0.001826 0.014844 0.009900
22.602886 0.001827 0.014829 0.009885
22.604714 0.001828 0.014814 0.009870
22.606543 0.001829 0.014799 0.009855
22.608374 0.001830 0.014784 0.009839
22.610205 0.001831 0.014768 0.009824
22.612038 0.001833 0.014753 0.009809
22.613871 0.001834 0.014737 0.009793
22.615706 0.001835 0.014722 0.009778
22.617542 0.001836 0.014706 0.009762
22.619379 0.001837 0.014691 0.009746
22.621216 0.001838 0.014675 0.009731
22.623055 0.001839 0.014659 0.009715
22.624895 0.001840 0.014644 0.009699
22.626736 0.001841 0.014628 0.009684
22.628578 0.001842 0.014612 0.009668
22.630420 0.001843 0.014596 0.009652
22.632264 0.001844 0.014581 0.009637
22.634109 0.001845 0.014565 0.009621
22.635955 0.001846 0.014549 0.009605
22.637802 0.001847 0.014534 0.009589
22.639649 0.001848 0.014518 0.009574
22.641498 0.001848 0.014502 0.009558
22.643347 0.001849 0.014486 0.009542
22.645196 0.001850 0.014471 0.009526
22.647047 0.001850 0.014455 0.009511
22.648898 0.001851 0.014440 0.009495
22.650749 0.001852 0.014424 0.009480
22.652602 0.001852 0.014409 0.009465
22.654455 0.001853 0.014394 0.009450
22.656309 0.001854 0.014379 0.009434
22.658163 0.001854 0.014364 0.009420
22.660018 0.001855 0.014349 0.009405
22.661874 0.001856 0.014334 0.009390
22.663731 0.001857 0.014320 0.009376
22.665588 0.001857 0.014306 0.009361
22.667446 0.001858 0.014291 0.009347
22.669305 0.001859 0.014277 0.009333
22.671164 0.001859 0.014263 0.009319
22.673024 0.001860 0.014249 0.009305
22.674885 0.001861 0.014235 0.009291
22.676747 0.001862 0.014222 0.009277
22.678609 0.001862 0.014208 0.009264
22.680472 0.001863 0.014194 0.009250
22.682336 0.001864 0.014181 0.009237
22.684200 0.001864 0.014168 0.009224
22.686065 0.001865 0.014154 0.009210
22.687931 0.001865 0.014141 0.009197
22.689797 0.001866 0.014128 0.009184
22.691663 0.001866 0.014115 0.009171
22.693530 0.001867 0.014103 0.009158
22.695398 0.001868 0.014090 0.009146
22.697266 0.001868 0.014077 0.009133
22.699134 0.001869 0.014065 0.009121
22.701003 0.001869 0.014053 0.009108
22.702873 0.001870 0.014040 0.009096
22.704743 0.001870 0.014028 0.009084
22.706614 0.001871 0.014016 0.009071
22.708485 0.001871 0.014003 0.009059
22.710357 0.001872 0.013991 0.009047
22.712229 0.001872 0.013979 0.009035
22.714102 0.001873 0.013967 0.009023
22.715976 0.001873 0.013955 0.009011
22.717850 0.001874 0.013943 0.008998
22.719724 0.001874 0.013931 0.008986
22.721599 0.001875 0.013919 0.008974
22.723475 0.001876 0.013907 0.008962
22.725351 0.001876 0.013895 0.008950
22.727227 0.001876 0.013883 0.008938
22.729104 0.001877 0.013871 0.008926
22.730981 0.001877 0.013858 0.008914
22.732859 0.001878 0.013846 0.008902
22.734737 0.001878 0.013834 0.008890
22.736616 0.001879 0.013822 0.008878
22.738495 0.001879 0.013810 0.008866
22.740375 0.001879 0.013798 0.008854
22.742254 0.001880 0.013786 0.008842
22.744135 0.001880 0.013774 0.008830
22.746016 0.001881 0.013761 0.008817
22.747897 0.001881 0.013749 0.008805
22.749778 0.001882 0.013737 0.008793
22.751660 0.001882 0.013724 0.008780
22.753543 0.001883 0.013712 0.008768
22.755426 0.001883 0.013699 0.008755
22.757309 0.001883 0.013687 0.008743
22.759193 0.001884 0.013674 0.008730
22.761078 0.001884 0.013662 0.008717
22.762962 0.001885 0.013649 0.008705
22.764848 0.001885 0.013636 0.008692
22.766733 0.001886 0.013623 0.008679
22.768619 0.001886 0.013610 0.008666
22.770506 0.001886 0.013597 0.008653
22.772393 0.001887 0.013584 0.008640
22.774280 0.001887 0.013571 0.008627
22.776168 0.001888 0.013558 0.008614
22.778056 0.001888 0.013545 0.008601
22.779945 0.001889 0.013532 0.008587
22.781834 0.001889 0.013518 0.008574
22.783723 0.001889 0.013505 0.008561
22.785613 0.001890 0.013491 0.008547
22.787503 0.001890 0.013478 0.008534
22.789394 0.001891 0.013464 0.008520
22.791285 0.001891 0.013451 0.008506
22.793177 0.001892 0.013437 0.008493
22.795069 0.001892 0.013423 0.008479
22.796961 0.001892 0.013409 0.008465
22.798854 0.001893 0.013395 0.008451
22.800747 0.001893 0.013381 0.008437
22.802640 0.001893 0.013367 0.008423
22.804534 0.001894 0.013353 0.008409
22.806428 0.001894 0.013339 0.008395
22.808322 0.001894 0.013325 0.008381
22.810216 0.001894 0.013311 0.008367
22.812111 0.001894 0.013297 0.008352
22.814005 0.001895 0.013282 0.008338
22.815900 0.001895 0.013268 0.008324
22.817795 0.001895 0.013254 0.008309
22.819690 0.001895 0.013239 0.008295
22.821586 0.001896 0.013225 0.008281
22.823481 0.001896 0.013210 0.008266
22.825377 0.001896 0.013196 0.008252
22.827274 0.001896 0.013181 0.008237
22.829170 0.001897 0.013167 0.008223
22.831068 0.001897 0.013152 0.008208
22.832965 0.001898 0.013138 0.008194
22.834863 0.001898 0.013123 0.008179
22.836762 0.001898 0.013109 0.008165
22.838661 0.001899 0.013094 0.008150
22.840560 0.001900 0.013080 0.008136
22.842460 0.001900 0.013065 0.008121
22.844361 0.001900 0.013051 0.008107
22.846261 0.001900 0.013036 0.008092
22.848161 0.001900 0.013022 0.008078
22.850062 0.001900 0.013007 0.008063
22.851962 0.001900 0.012993 0.008049
22.853863 0.001900 0.012978 0.008034
22.855763 0.001900 0.012964 0.008020
22.857664 0.001901 0.012950 0.008005
22.859564 0.001901 0.012935 0.007991
22.861465 0.001901 0.012921 0.007977
22.863366 0.001901 0.012906 0.007962
22.865267 0.001901 0.012892 0.007948
22.867169 0.001901 0.012878 0.007934
22.869070 0.001902 0.012864 0.007919
22.870972 0.001902 0.012849 0.007905
22.872874 0.001902 0.012835 0.007891
22.874777 0.001902 0.012821 0.007877
22.876679 0.001903 0.012807 0.007862
22.878582 0.001903 0.012793 0.007848
22.880485 0.001903 0.012778 0.007834
22.882389 0.001903 0.012764 0.007820
22.884293 0.001904 0.012750 0.007806
22.886197 0.001904 0.012737 0.007792
22.888101 0.001904 0.012723 0.007779
22.890006 0.001905 0.012709 0.007765
22.891911 0.001905 0.012695 0.007751
22.893817 0.001906 0.012682 0.007738
22.895723 0.001906 0.012668 0.007724
22.897629 0.001906 0.012655 0.007711
22.899536 0.001907 0.012641 0.007697
22.901443 0.001907 0.012628 0.007684
22.903350 0.001908 0.012615 0.007671
22.905258 0.001908 0.012602 0.007658
22.907167 0.001909 0.012589 0.007645
22.909076 0.001909 0.012576 0.007632
22.910986 0.001910 0.012563 0.007619
22.912896 0.001910 0.012551 0.007606
22.914807 0.001911 0.012538 0.007594
22.916718 0.001911 0.012526 0.007581
22.918630 0.001912 0.012513 0.007569
22.920542 0.001912 0.012501 0.007557
22.922454 0.001912 0.012489 0.007545
22.924367 0.001913 0.012477 0.007532
22.926280 0.001913 0.012465 0.007520
22.928193 0.001913 0.012453 0.007508
22.930106 0.001914 0.012441 0.007497
22.932020 0.001914 0.012429 0.007485
22.933935 0.001914 0.012417 0.007473
22.935849 0.001915 0.012406 0.007462
22.937764 0.001915 0.012395 0.007450
22.939680 0.001915 0.012383 0.007439
22.941596 0.001916 0.012372 0.007428
22.943512 0.001916 0.012361 0.007417
22.945429 0.001917 0.012350 0.007406
22.947346 0.001917 0.012339 0.007395
22.949264 0.001918 0.012329 0.007384
22.951182 0.001918 0.012318 0.007374
22.953101 0.001919 0.012307 0.007363
22.955020 0.001919 0.012297 0.007353
22.956940 0.001920 0.012286 0.007342
22.958860 0.001920 0.012276 0.007332
22.960780 0.001921 0.012266 0.007322
22.962701 0.001921 0.012255 0.007311
22.964623 0.001921 0.012245 0.007301
22.966545 0.001922 0.012235 0.007291
22.968467 0.001922 0.012225 0.007281
22.970390 0.001923 0.012215 0.007271
22.972313 0.001923 0.012205 0.007261
22.974237 0.001924 0.012195 0.007251
22.976161 0.001924 0.012185 0.007241
22.978086 0.001925 0.012175 0.007231
22.980011 0.001925 0.012165 0.007221
22.981937 0.001926 0.012155 0.007211
22.983863 0.001926 0.012145 0.007201
22.985790 0.001927 0.012135 0.007191
22.987717 0.001927 0.012125 0.007181
22.989644 0.001927 0.012115 0.007171
22.991572 0.001928 0.012105 0.007161
22.993500 0.001928 0.012095 0.007151
22.995428 0.001928 0.012085 0.007141
22.997356 0.001928 0.012076 0.007131
22.999285 0.001929 0.012066 0.007121
23.001213 0.001929 0.012056 0.007111
23.003142 0.001929 0.012046 0.007102
23.005072 0.001929 0.012036 0.007092
23.007001 0.001929 0.012026 0.007082
23.008931 0.001930 0.012016 0.007072
23.010861 0.001930 0.012006 0.007062
23.012791 0.001930 0.011996 0.007052
23.014721 0.001930 0.011986 0.007042
23.016652 0.001931 0.011976 0.007032
23.018582 0.001931 0.011967 0.007022
23.020513 0.001931 0.011957 0.007012
23.022444 0.001931 0.011947 0.007003
23.024376 0.001931 0.011937 0.006993
23.026307 0.001932 0.011927 0.006983
23.028239 0.001932 0.011917 0.006973
23.030171 0.001932 0.011908 0.006964
23.032104 0.001932 0.011898 0.006954
23.034036 0.001932 0.011888 0.006944
23.035969 0.001933 0.011878 0.006934
23.037902 0.001933 0.011869 0.006924
23.039835 0.001933 0.011859 0.006915
23.041768 0.001933 0.011849 0.006905
23.043701 0.001934 0.011839 0.006895
23.045635 0.001934 0.011829 0.006885
23.047569 0.001934 0.011819 0.006875
23.049503 0.001934 0.011810 0.006865
23.051437 0.001934 0.011800 0.006855
23.053371 0.001934 0.011790 0.006846
23.055306 0.001934 0.011780 0.006836
23.057240 0.001935 0.011770 0.006826
23.059175 0.001935 0.011761 0.006816
23.061110 0.001935 0.011751 0.006807
23.063045 0.001935 0.011741 0.006797
23.064980 0.001935 0.011731 0.006787
23.066916 0.001935 0.011722 0.006778
23.068851 0.001935 0.011712 0.006768
23.070787 0.001936 0.011703 0.006758
23.072723 0.001936 0.011693 0.006749
23.074659 0.001936 0.011683 0.006739
23.076595 0.001936 0.011674 0.006730
23.078531 0.001936 0.011665 0.006721
23.080468 0.001936 0.011656 0.006711
23.082404 0.001937 0.011647 0.006702
23.084341 0.001937 0.011638 0.006693
23.086278 0.001937 0.011629 0.006684
23.088215 0.001937 0.011620 0.006676
23.090153 0.001938 0.011611 0.006667
23.092091 0.001938 0.011602 0.006658
23.094029 0.001938 0.011593 0.006649
23.095967 0.001938 0.011585 0.006640
23.097905 0.001938 0.011576 0.006632
23.099844 0.001939 0.011567 0.006623
23.101783 0.001939 0.011559 0.006614
23.103722 0.001939 0.011550 0.006606
23.105661 0.001939 0.011541 0.006597
23.107601 0.001940 0.011533 0.006589
23.109540 0.001940 0.011524 0.006580
23.111480 0.001940 0.011516 0.006572
23.113421 0.001940 0.011507 0.006563
23.115361 0.001941 0.011499 0.006555
23.117302 0.001941 0.011491 0.006546
23.119243 0.001941 0.011482 0.006538
23.121185 0.001941 0.011474 0.006530
23.123126 0.001942 0.011466 0.006522
23.125068 0.001942 0.011458 0.006514
23.127010 0.001942 0.011450 0.006506
23.128952 0.001942 0.011442 0.006498
23.130895 0.001943 0.011434 0.006490
23.132838 0.001943 0.011426 0.006482
23.134781 0.001943 0.011418 0.006474
23.136724 0.001943 0.011410 0.006466
23.138667 0.001943 0.011403 0.006459
23.140611 0.001944 0.011395 0.006451
23.142554 0.001944 0.011388 0.006444
23.144498 0.001944 0.011380 0.006436
23.146443 0.001944 0.011373 0.006429
23.148387 0.001944 0.011366 0.006421
23.150332 0.001945 0.011358 0.006414
23.152277 0.001945 0.011351 0.006407
23.154222 0.001945 0.011344 0.006400
23.156167 0.001945 0.011337 0.006393
23.158113 0.001946 0.011330 0.006386
23.160059 0.001946 0.011323 0.006379
23.162005 0.001946 0.011316 0.006372
23.163951 0.001946 0.011309 0.006365
23.165898 0.001947 0.011302 0.006358
23.167845 0.001947 0.011295 0.006351
23.169792 0.001947 0.011289 0.006344
23.171739 0.001947 0.011282 0.006338
23.173687 0.001948 0.011275 0.006331
23.175634 0.001948 0.011268 0.006324
23.177583 0.001948 0.011262 0.006317
23.179531 0.001948 0.011255 0.006311
23.181480 0.001949 0.011248 0.006304
23.183429 0.001949 0.011242 0.006298
23.185378 0.001949 0.011235 0.006291
23.187328 0.001950 0.011228 0.006284
23.189278 0.001950 0.011222 0.006278
23.191229 0.001950 0.011215 0.006271
23.193179 0.001951 0.011209 0.006264
23.195130 0.001951 0.011202 0.006258
23.197082 0.001951 0.011195 0.006251
23.199033 0.001952 0.011189 0.006245
23.200985 0.001952 0.011182 0.006238
23.202938 0.001952 0.011175 0.006231
23.204890 0.001953 0.011169 0.006225
23.206843 0.001953 0.011162 0.006218
23.208796 0.001953 0.011155 0.006211
23.210750 0.001954 0.011149 0.006205
23.212704 0.001954 0.011142 0.006198
23.214658 0.001954 0.011135 0.006191
23.216613 0.001955 0.011128 0.006184
23.218568 0.001955 0.011122 0.006177
23.220523 0.001955 0.011115 0.006170
23.222479 0.001956 0.011108 0.006164
23.224435 0.001956 0.011101 0.006157
23.226391 0.001956 0.011094 0.006150
23.228348 0.001957 0.011087 0.006143
23.230305 0.001957 0.011080 0.006135
23.232262 0.001957 0.011072 0.006128
23.234220 0.001958 0.011065 0.006121
23.236177 0.001958 0.011058 0.006114
23.238136 0.001958 0.011051 0.006107
23.240094 0.001959 0.011043 0.006099
23.242053 0.001959 0.011036 0.006092
23.244012 0.001959 0.011029 0.006084
23.245972 0.001960 0.011021 0.006077
23.247932 0.001960 0.011014 0.006069
23.249892 0.001960 0.011006 0.006062
23.251852 0.001960 0.010998 0.006054
23.253813 0.001961 0.010991 0.006047
23.255773 0.001961 0.010983 0.006039
23.257734 0.001961 0.010975 0.006031
23.259695 0.001961 0.010967 0.006023
23.261657 0.001961 0.010960 0.006015
23.263618 0.001961 0.010952 0.006007
23.265579 0.001961 0.010944 0.005999
23.267541 0.001962 0.010936 0.005991
23.269503 0.001962 0.010928 0.005983
23.271465 0.001962 0.010919 0.005975
23.273427 0.001962 0.010911 0.005967
23.275389 0.001962 0.010903 0.005959
23.277351 0.001962 0.010895 0.005951
23.279314 0.001963 0.010886 0.005942
23.281277 0.001963 0.010878 0.005934
23.283240 0.001963 0.010869 0.005925
23.285203 0.001963 0.010861 0.005917
23.287166 0.001963 0.010852 0.005908
23.289129 0.001963 0.010844 0.005899
23.291093 0.001964 0.010835 0.005891
23.293056 0.001964 0.010826 0.005882
23.295020 0.001964 0.010817 0.005873
23.296985 0.001964 0.010808 0.005864
23.298949 0.001964 0.010799 0.005855
23.300914 0.001965 0.010790 0.005846
23.302878 0.001965 0.010781 0.005836
23.304843 0.001965 0.010771 0.005827
23.306809 0.001965 0.010762 0.005818
23.308774 0.001965 0.010753 0.005808
23.310739 0.001966 0.010743 0.005799
23.312705 0.001966 0.010733 0.005789
23.314671 0.001966 0.010724 0.005780
23.316637 0.001966 0.010714 0.005770
23.318604 0.001966 0.010704 0.005760
23.320571 0.001967 0.010694 0.005750
23.322538 0.001967 0.010685 0.005740
23.324505 0.001967 0.010675 0.005730
23.326472 0.001967 0.010664 0.005720
23.328440 0.001968 0.010654 0.005710
23.330408 0.001968 0.010644 0.005700
23.332376 0.001968 0.010634 0.005690
23.334345 0.001969 0.010623 0.005679
23.336314 0.001969 0.010613 0.005669
23.338283 0.001969 0.010603 0.005658
23.340253 0.001969 0.010592 0.005648
23.342222 0.001970 0.010581 0.005637
23.344193 0.001970 0.010571 0.005627
23.346163 0.001970 0.010560 0.005616
23.348134 0.001971 0.010549 0.005605
23.350105 0.001971 0.010538 0.005594
23.352076 0.001971 0.010528 0.005583
23.354048 0.001972 0.010517 0.005572
23.356020 0.001972 0.010506 0.005561
23.357993 0.001972 0.010494 0.005550
23.359966 0.001973 0.010483 0.005539
23.361939 0.001973 0.010472 0.005528
23.363912 0.001974 0.010461 0.005517
23.365886 0.001974 0.010450 0.005505
23.367861 0.001974 0.010438 0.005494
23.369836 0.001975 0.010427 0.005483
23.371811 0.001975 0.010416 0.005471
23.373787 0.001976 0.010404 0.005460
23.375763 0.001976 0.010393 0.005448
23.377739 0.001976 0.010381 0.005437
23.379716 0.001977 0.010369 0.005425
23.381693 0.001977 0.010358 0.005413
23.383671 0.001978 0.010346 0.005402
23.385649 0.001978 0.010334 0.005390
23.387627 0.001978 0.010322 0.005378
23.389605 0.001978 0.010310 0.005366
23.391584 0.001979 0.010298 0.005354
23.393563 0.001979 0.010286 0.005342
23.395542 0.001979 0.010274 0.005330
23.397522 0.001979 0.010262 0.005318
23.399502 0.001980 0.010250 0.005306
23.401482 0.001980 0.010238 0.005294
23.403462 0.001980 0.010226 0.005282
23.405442 0.001981 0.010214 0.005269
23.407423 0.001981 0.010201 0.005257
23.409404 0.001981 0.010189 0.005245
23.411386 0.001981 0.010177 0.005232
23.413367 0.001982 0.010164 0.005220
23.415349 0.001982 0.010152 0.005208
23.417331 0.001982 0.010140 0.005195
23.419314 0.001982 0.010127 0.005183
23.421297 0.001983 0.010115 0.005171
23.423280 0.001983 0.010103 0.005158
23.425263 0.001983 0.010090 0.005146
23.427247 0.001984 0.010078 0.005134
23.429231 0.001984 0.010066 0.005121
23.431216 0.001985 0.010053 0.005109
23.433201 0.001985 0.010041 0.005097
23.435186 0.001985 0.010029 0.005085
23.437171 0.001986 0.010017 0.005073
23.439157 0.001986 0.010005 0.005061
23.441144 0.001986 0.009993 0.005048
23.443130 0.001987 0.009981 0.005037
23.445117 0.001987 0.009969 0.005025
23.447104 0.001987 0.009957 0.005013
23.449091 0.001987 0.009945 0.005001
23.451078 0.001987 0.009933 0.004989
23.453066 0.001988 0.009921 0.004977
23.455054 0.001988 0.009910 0.004965
23.457042 0.001988 0.009898 0.004954
23.459031 0.001988 0.009886 0.004942
23.461019 0.001989 0.009875 0.004930
23.463008 0.001989 0.009863 0.004919
23.464997 0.001989 0.009851 0.004907
23.466987 0.001989 0.009840 0.004896
23.468976 0.001990 0.009828 0.004884
23.470967 0.001990 0.009817 0.004873
23.472957 0.001990 0.009806 0.004861
23.474947 0.001991 0.009794 0.004850
23.476938 0.001991 0.009783 0.004839
23.478929 0.001991 0.009772 0.004828
23.480920 0.001991 0.009761 0.004816
23.482912 0.001991 0.009749 0.004805
23.484904 0.001992 0.009738 0.004794
23.486895 0.001992 0.009727 0.004783
23.488888 0.001992 0.009716 0.004772
23.490880 0.001992 0.009705 0.004761
23.492872 0.001992 0.009694 0.004749
23.494865 0.001993 0.009683 0.004738
23.496858 0.001993 0.009672 0.004727
23.498851 0.001993 0.009661 0.004716
23.500844 0.001993 0.009650 0.004705
23.502838 0.001993 0.009639 0.004695
23.504831 0.001994 0.009628 0.004684
23.506825 0.001994 0.009617 0.004673
23.508819 0.001994 0.009606 0.004662
23.510813 0.001994 0.009596 0.004651
23.512808 0.001994 0.009585 0.004641
23.514802 0.001995 0.009574 0.004630
23.516797 0.001995 0.009564 0.004619
23.518792 0.001995 0.009553 0.004609
23.520787 0.001995 0.009542 0.004598
23.522782 0.001995 0.009532 0.004588
23.524778 0.001996 0.009521 0.004577
23.526774 0.001996 0.009511 0.004567
23.528770 0.001996 0.009500 0.004556
23.530766 0.001996 0.009490 0.004546
23.532762 0.001996 0.009480 0.004535
23.534759 0.001997 0.009469 0.004525
23.536756 0.001997 0.009459 0.004514
23.538753 0.001997 0.009448 0.004504
23.540750 0.001997 0.009438 0.004494
23.542747 0.001997 0.009427 0.004483
23.544745 0.001998 0.009417 0.004473
23.546742 0.001998 0.009406 0.004462
23.548740 0.001998 0.009396 0.004452
23.550738 0.001998 0.009385 0.004441
23.552736 0.001998 0.009375 0.004430
23.554735 0.001998 0.009364 0.004420
23.556733 0.001998 0.009353 0.004409
23.558732 0.001999 0.009343 0.004399
23.560730 0.001999 0.009332 0.004388
23.562729 0.001998 0.009322 0.004377
23.564727 0.001998 0.009311 0.004367
23.566726 0.001998 0.009300 0.004356
23.568724 0.001998 0.009290 0.004345
23.570722 0.001998 0.009279 0.004335
23.572720 0.001998 0.009268 0.004324
23.574718 0.001998 0.009257 0.004313
23.576717 0.001998 0.009247 0.004303
23.578715 0.001998 0.009236 0.004292
23.580713 0.001998 0.009225 0.004281
23.582711 0.001998 0.009214 0.004270
23.584709 0.001998 0.009204 0.004259
23.586707 0.001998 0.009193 0.004249
23.588705 0.001998 0.009182 0.004238
23.590703 0.001998 0.009171 0.004227
23.592701 0.001998 0.009160 0.004216
23.594699 0.001998 0.009150 0.004205
23.596697 0.001998 0.009139 0.004195
23.598695 0.001998 0.009128 0.004184
23.600693 0.001998 0.009117 0.004173
23.602691 0.001998 0.009106 0.004162
23.604689 0.001998 0.009095 0.004151
23.606687 0.001998 0.009085 0.004140
23.608685 0.001998 0.009074 0.004130
23.610683 0.001998 0.009063 0.004119
23.612682 0.001998 0.009052 0.004108
23.614680 0.001998 0.009041 0.004097
23.616679 0.001998 0.009030 0.004086
23.618677 0.001999 0.009019 0.004075
23.620676 0.001999 0.009008 0.004064
23.622674 0.001999 0.008997 0.004053
23.624673 0.001999 0.008986 0.004042
23.626672 0.001999 0.008975 0.004031
23.628671 0.001999 0.008964 0.004020
23.630670 0.001999 0.008953 0.004009
23.632669 0.001999 0.008942 0.003998
23.634669 0.001999 0.008932 0.003987
23.636668 0.001999 0.008921 0.003976
23.638667 0.002000 0.008909 0.003965
23.640667 0.002000 0.008898 0.003954
23.642667 0.002000 0.008887 0.003943
23.644667 0.002000 0.008876 0.003932
23.646667 0.002000 0.008865 0.003921
23.648667 0.002000 0.008854 0.003910
23.650667 0.002000 0.008843 0.003899
23.652667 0.002000 0.008832 0.003888
23.654668 0.002001 0.008821 0.003877
23.656669 0.002001 0.008810 0.003866
23.658669 0.002001 0.008799 0.003855
23.660670 0.002001 0.008788 0.003844
23.662671 0.002001 0.008778 0.003833
23.664672 0.002001 0.008767 0.003822
23.666674 0.002001 0.008756 0.003812
23.668675 0.002001 0.008745 0.003801
23.670676 0.002001 0.008734 0.003790
23.672678 0.002002 0.008723 0.003779
23.674680 0.002002 0.008713 0.003768
23.676682 0.002002 0.008702 0.003758
23.678684 0.002002 0.008691 0.003747
23.680686 0.002002 0.008680 0.003736
23.682688 0.002002 0.008670 0.003726
23.684691 0.002002 0.008659 0.003715
23.686693 0.002003 0.008649 0.003704
23.688696 0.002003 0.008638 0.003694
23.690699 0.002003 0.008627 0.003683
23.692701 0.002003 0.008617 0.003673
23.694705 0.002003 0.008606 0.003662
23.696708 0.002003 0.008596 0.003651
23.698711 0.002003 0.008585 0.003641
23.700715 0.002003 0.008574 0.003630
23.702718 0.002004 0.008564 0.003620
23.704722 0.002004 0.008553 0.003609
23.706726 0.002004 0.008543 0.003599
23.708730 0.002004 0.008532 0.003588
23.710734 0.002004 0.008522 0.003578
23.712738 0.002004 0.008512 0.003567
23.714743 0.002004 0.008501 0.003557
23.716747 0.002005 0.008491 0.003546
23.718752 0.002005 0.008480 0.003536
23.720756 0.002005 0.008470 0.003526
23.722761 0.002005 0.008459 0.003515
23.724766 0.002005 0.008449 0.003505
23.726771 0.002005 0.008438 0.003494
23.728777 0.002005 0.008428 0.003484
23.730782 0.002005 0.008418 0.003473
23.732787 0.002005 0.008407 0.003463
23.734793 0.002006 0.008397 0.003453
23.736799 0.002006 0.008386 0.003442
23.738805 0.002006 0.008376 0.003432
23.740811 0.002006 0.008365 0.003421
23.742817 0.002006 0.008355 0.003411
23.744823 0.002006 0.008345 0.003400
23.746829 0.002006 0.008334 0.003390
23.748836 0.002006 0.008324 0.003379
23.750842 0.002007 0.008313 0.003369
23.752849 0.002007 0.008303 0.003358
23.754856 0.002007 0.008292 0.003348
23.756863 0.002007 0.008282 0.003337
23.758870 0.002007 0.008271 0.003327
23.760877 0.002007 0.008261 0.003316
23.762885 0.002007 0.008250 0.003306
23.764892 0.002008 0.008239 0.003295
23.766900 0.002008 0.008229 0.003285
23.768908 0.002008 0.008218 0.003274
23.770916 0.002008 0.008208 0.003263
23.772924 0.002008 0.008197 0.003253
23.774932 0.002008 0.008186 0.003242
23.776941 0.002008 0.008175 0.003231
23.778949 0.002009 0.008165 0.003220
23.780958 0.002009 0.008154 0.003210
23.782967 0.002009 0.008143 0.003199
23.784976 0.002009 0.008132 0.003188
23.786986 0.002009 0.008121 0.003177
23.788995 0.002010 0.008110 0.003166
23.791005 0.002010 0.008099 0.003155
23.793015 0.002010 0.008088 0.003144
23.795025 0.002010 0.008077 0.003132
23.797036 0.002011 0.008065 0.003121
23.799047 0.002011 0.008054 0.003110
23.801058 0.002011 0.008043 0.003099
23.803069 0.002011 0.008032 0.003087
23.805080 0.002011 0.008020 0.003076
23.807092 0.002012 0.008009 0.003064
23.809104 0.002012 0.007997 0.003053
23.811116 0.002012 0.007986 0.003041
23.813128 0.002012 0.007974 0.003030
23.815141 0.002013 0.007962 0.003018
23.817154 0.002013 0.007951 0.003006
23.819167 0.002013 0.007939 0.002995
23.821180 0.002013 0.007927 0.002983
23.823193 0.002013 0.007915 0.002971
23.825207 0.002014 0.007903 0.002959
23.827221 0.002014 0.007891 0.002947
23.829234 0.002014 0.007879 0.002935
23.831248 0.002014 0.007867 0.002923
23.833263 0.002014 0.007855 0.002911
23.835277 0.002014 0.007843 0.002899
23.837291 0.002014 0.007831 0.002887
23.839306 0.002015 0.007819 0.002874
23.841321 0.002015 0.007806 0.002862
23.843336 0.002015 0.007794 0.002850
23.845351 0.002015 0.007782 0.002837
23.847366 0.002015 0.007769 0.002825
23.849381 0.002015 0.007757 0.002812
23.851397 0.002016 0.007744 0.002800
23.853413 0.002016 0.007732 0.002787
23.855429 0.002016 0.007719 0.002775
23.857445 0.002016 0.007706 0.002762
23.859461 0.002016 0.007694 0.002750
23.861478 0.002016 0.007681 0.002737
23.863494 0.002016 0.007668 0.002724
23.865509 0.002015 0.007656 0.002711
23.867523 0.002014 0.007643 0.002699
23.869537 0.002014 0.007630 0.002686
23.871550 0.002013 0.007617 0.002673
23.873562 0.002012 0.007604 0.002660
23.875574 0.002012 0.007592 0.002647
23.877585 0.002011 0.007579 0.002635
23.879596 0.002011 0.007566 0.002622
23.881606 0.002010 0.007553 0.002609
23.883615 0.002010 0.007540 0.002596
23.885624 0.002009 0.007527 0.002583
23.887632 0.002008 0.007514 0.002570
23.889638 0.002006 0.007501 0.002557
23.891644 0.002005 0.007488 0.002544
23.893648 0.002004 0.007475 0.002531
23.895652 0.002003 0.007462 0.002518
23.897654 0.002003 0.007449 0.002505
23.899656 0.002002 0.007436 0.002492
23.901658 0.002001 0.007423 0.002478
23.903659 0.002001 0.007410 0.002465
23.905659 0.002000 0.007396 0.002452
23.907659 0.001999 0.007383 0.002439
23.909657 0.001998 0.007370 0.002426
23.911654 0.001997 0.007357 0.002413
23.913651 0.001996 0.007344 0.002400
23.915646 0.001996 0.007331 0.002387
23.917641 0.001995 0.007318 0.002373
23.919636 0.001994 0.007304 0.002360
23.921629 0.001994 0.007291 0.002347
23.923623 0.001993 0.007278 0.002334
23.925615 0.001993 0.007265 0.002321
23.927608 0.001993 0.007252 0.002308
23.929601 0.001993 0.007239 0.002294
23.931594 0.001993 0.007225 0.002281
23.933587 0.001993 0.007212 0.002268
23.935579 0.001992 0.007199 0.002255
23.937571 0.001992 0.007186 0.002241
23.939563 0.001992 0.007172 0.002228
23.941555 0.001992 0.007159 0.002215
23.943547 0.001992 0.007146 0.002202
23.945539 0.001992 0.007132 0.002188
23.947531 0.001992 0.007119 0.002175
23.949522 0.001992 0.007106 0.002162
23.951514 0.001992 0.007092 0.002148
23.953506 0.001992 0.007079 0.002135
23.955498 0.001992 0.007065 0.002121
23.957489 0.001992 0.007052 0.002108
23.959481 0.001992 0.007039 0.002094
23.961473 0.001992 0.007025 0.002081
23.963465 0.001992 0.007011 0.002067
23.965458 0.001993 0.006998 0.002054
23.967451 0.001993 0.006984 0.002040
23.969444 0.001993 0.006970 0.002026
23.971437 0.001993 0.006957 0.002012
23.973430 0.001993 0.006943 0.001999
23.975424 0.001993 0.006929 0.001985
23.977418 0.001994 0.006915 0.001971
23.979411 0.001994 0.006901 0.001957
23.981405 0.001994 0.006887 0.001943
23.983400 0.001994 0.006873 0.001929
23.985394 0.001994 0.006859 0.001915
23.987389 0.001995 0.006844 0.001900
23.989384 0.001995 0.006830 0.001886
23.991379 0.001995 0.006816 0.001872
23.993375 0.001996 0.006801 0.001857
23.995370 0.001996 0.006787 0.001843
23.997367 0.001996 0.006773 0.001828
23.999363 0.001996 0.006758 0.001814
24.001359 0.001997 0.006743 0.001799
24.003356 0.001997 0.006729 0.001784
24.005353 0.001997 0.006714 0.001770
24.007350 0.001997 0.006699 0.001755
24.009348 0.001997 0.006684 0.001740
24.011345 0.001998 0.006669 0.001725
24.013344 0.001998 0.006654 0.001710
24.015342 0.001998 0.006639 0.001695
24.017341 0.001999 0.006624 0.001680
24.019340 0.001999 0.006609 0.001665
24.021340 0.002000 0.006594 0.001650
24.023340 0.002000 0.006579 0.001635
24.025340 0.002000 0.006564 0.001620
24.027341 0.002001 0.006548 0.001604
24.029342 0.002001 0.006533 0.001589
24.031344 0.002002 0.006518 0.001573
24.033346 0.002002 0.006502 0.001558
24.035349 0.002003 0.006486 0.001542
24.037353 0.002003 0.006471 0.001527
24.039357 0.002004 0.006455 0.001511
24.041361 0.002005 0.006439 0.001495
24.043366 0.002005 0.006423 0.001479
24.045372 0.002006 0.006407 0.001463
24.047379 0.002007 0.006391 0.001447
24.049386 0.002007 0.006375 0.001431
24.051394 0.002008 0.006359 0.001415
24.053402 0.002009 0.006343 0.001399
24.055412 0.002009 0.006327 0.001383
24.057422 0.002010 0.006311 0.001367
24.059432 0.002010 0.006294 0.001350
24.061443 0.002011 0.006278 0.001334
24.063455 0.002012 0.006261 0.001317
24.065467 0.002012 0.006245 0.001301
24.067479 0.002013 0.006228 0.001284
24.069492 0.002013 0.006211 0.001267
24.071506 0.002014 0.006194 0.001250
24.073519 0.002013 0.006177 0.001233
24.075531 0.002012 0.006160 0.001216
24.077543 0.002012 0.006143 0.001199
24.079554 0.002011 0.006126 0.001182
24.081565 0.002010 0.006109 0.001164
24.083575 0.002010 0.006091 0.001147
24.085584 0.002010 0.006074 0.001130
24.087594 0.002010 0.006057 0.001112
24.089603 0.002009 0.006039 0.001095
24.091613 0.002009 0.006022 0.001078
24.093622 0.002009 0.006004 0.001060
24.095631 0.002009 0.005987 0.001043
24.097641 0.002010 0.005969 0.001025
24.099651 0.002010 0.005952 0.001007
24.101661 0.002010 0.005934 0.000990
24.103671 0.002010 0.005916 0.000972
24.105682 0.002011 0.005899 0.000954
24.107693 0.002011 0.005881 0.000937
24.109704 0.002011 0.005863 0.000919
24.111716 0.002012 0.005845 0.000901
24.113728 0.002012 0.005826 0.000882
24.115740 0.002013 0.005808 0.000864
24.117753 0.002013 0.005789 0.000845
24.119767 0.002013 0.005770 0.000826
24.121781 0.002014 0.005751 0.000807
24.123795 0.002014 0.005732 0.000788
24.125810 0.002015 0.005713 0.000769
24.127825 0.002015 0.005694 0.000750
24.129841 0.002016 0.005675 0.000730
24.131858 0.002017 0.005655 0.000711
24.133875 0.002017 0.005636 0.000692
24.135893 0.002018 0.005617 0.000672
24.137911 0.002018 0.005597 0.000653
24.139929 0.002019 0.005578 0.000634
24.141948 0.002019 0.005558 0.000614
24.143967 0.002019 0.005539 0.000595
24.145987 0.002020 0.005519 0.000575
24.148007 0.002020 0.005500 0.000555
24.150028 0.002021 0.005480 0.000536
24.152049 0.002021 0.005460 0.000516
24.154071 0.002022 0.005440 0.000496
24.156093 0.002022 0.005420 0.000476
24.158115 0.002022 0.005400 0.000456
24.160138 0.002023 0.005379 0.000435
24.162161 0.002023 0.005359 0.000415
24.164183 0.002023 0.005338 0.000394
24.166206 0.002023 0.005317 0.000373
24.168228 0.002023 0.005296 0.000352
24.170251 0.002022 0.005275 0.000330
24.172273 0.002022 0.005253 0.000309
24.174295 0.002022 0.005232 0.000287
24.176317 0.002022 0.005210 0.000266
24.178339 0.002022 0.005188 0.000244
24.180360 0.002021 0.005166 0.000222
24.182382 0.002021 0.005145 0.000200
24.184403 0.002021 0.005123 0.000179
24.186423 0.002021 0.005101 0.000157
24.188444 0.002021 0.005079 0.000135
24.190464 0.002020 0.005057 0.000113
24.192484 0.002020 0.005035 0.000091
24.194504 0.002020 0.005013 0.000069
24.196524 0.002020 0.004991 0.000046
24.198544 0.002020 0.004968 0.000024
24.200565 0.002020 0.004946 0.000002
24.202585 0.002020 0.004924 -0.000021
24.204605 0.002020 0.004901 -0.000043
24.206625 0.002020 0.004879 -0.000066
24.208645 0.002020 0.004856 -0.000088
24.210665 0.002020 0.004834 -0.000111
24.212685 0.002020 0.004811 -0.000134
24.214705 0.002020 0.004787 -0.000157
24.216724 0.002020 0.004764 -0.000180
24.218744 0.002020 0.004740 -0.000204
24.220764 0.002020 0.004717 -0.000228
24.222784 0.002020 0.004693 -0.000251
24.224804 0.002020 0.004669 -0.000275
24.226824 0.002020 0.004645 -0.000300
24.228843 0.002020 0.004620 -0.000324
24.230863 0.002020 0.004596 -0.000348
24.232884 0.002020 0.004571 -0.000373
24.234904 0.002020 0.004547 -0.000397
24.236924 0.002020 0.004522 -0.000422
24.238944 0.002020 0.004498 -0.000446
24.240965 0.002021 0.004473 -0.000471
24.242986 0.002021 0.004449 -0.000495
24.245006 0.002021 0.004425 -0.000520
24.247027 0.002021 0.004401 -0.000544
24.249048 0.002021 0.004376 -0.000568
24.251069 0.002021 0.004353 -0.000592
24.253091 0.002021 0.004329 -0.000615
24.255112 0.002021 0.004305 -0.000639
24.257134 0.002021 0.004282 -0.000663
24.259155 0.002022 0.004258 -0.000686
24.261177 0.002022 0.004235 -0.000709
24.263199 0.002022 0.004212 -0.000732
24.265221 0.002022 0.004189 -0.000755
24.267243 0.002022 0.004166 -0.000778
24.269266 0.002022 0.004143 -0.000801
24.271288 0.002022 0.004120 -0.000824
24.273310 0.002022 0.004097 -0.000847
24.275332 0.002022 0.004074 -0.000870
24.277353 0.002022 0.004051 -0.000893
24.279375 0.002021 0.004028 -0.000916
24.281396 0.002021 0.004005 -0.000940
24.283416 0.002021 0.003981 -0.000963
24.285437 0.002020 0.003957 -0.000987
24.287457 0.002020 0.003934 -0.001011
24.289477 0.002020 0.003910 -0.001034
24.291497 0.002020 0.003886 -0.001058
24.293516 0.002020 0.003863 -0.001081
24.295536 0.002019 0.003841 -0.001104
24.297555 0.002019 0.003818 -0.001126
24.299574 0.002019 0.003796 -0.001148
24.301593 0.002019 0.003774 -0.001170
24.303612 0.002019 0.003753 -0.001191
24.305631 0.002019 0.003732 -0.001213
24.307650 0.002019 0.003711 -0.001233
24.309668 0.002019 0.003690 -0.001254
24.311687 0.002019 0.003670 -0.001275
24.313706 0.002019 0.003649 -0.001295
24.315724 0.002018 0.003629 -0.001315
24.317742 0.002018 0.003609 -0.001335
24.319760 0.002018 0.003589 -0.001355
24.321777 0.002017 0.003570 -0.001375
24.323795 0.002017 0.003550 -0.001394
24.325812 0.002017 0.003530 -0.001414
24.327828 0.002017 0.003510 -0.001434
24.329845 0.002017 0.003490 -0.001454
24.331862 0.002017 0.003471 -0.001473
24.333878 0.002017 0.003451 -0.001493
24.335895 0.002016 0.003432 -0.001512
24.337911 0.002016 0.003413 -0.001531
24.339927 0.002016 0.003394 -0.001550
24.341943 0.002016 0.003376 -0.001568
24.343959 0.002016 0.003358 -0.001586
24.345975 0.002016 0.003340 -0.001604
24.347991 0.002016 0.003323 -0.001622
24.350006 0.002016 0.003306 -0.001639
24.352022 0.002016 0.003289 -0.001655
24.354038 0.002016 0.003273 -0.001671
24.356054 0.002016 0.003257 -0.001687
24.358070 0.002016 0.003242 -0.001703
24.360086 0.002016 0.003227 -0.001718
24.362102 0.002016 0.003212 -0.001732
24.364118 0.002016 0.003198 -0.001747
24.366135 0.002016 0.003184 -0.001761
24.368151 0.002017 0.003170 -0.001774
24.370168 0.002017 0.003156 -0.001788
24.372185 0.002017 0.003143 -0.001802
24.374202 0.002017 0.003129 -0.001815
24.376220 0.002018 0.003116 -0.001828
24.378238 0.002018 0.003103 -0.001841
24.380256 0.002018 0.003090 -0.001854
24.382274 0.002018 0.003077 -0.001867
24.384293 0.002019 0.003064 -0.001880
24.386312 0.002019 0.003052 -0.001892
24.388332 0.002020 0.003039 -0.001905
24.390352 0.002020 0.003027 -0.001917
24.392372 0.002021 0.003015 -0.001929
24.394394 0.002021 0.003004 -0.001940
24.396415 0.002022 0.002992 -0.001952
24.398437 0.002022 0.002981 -0.001963
24.400460 0.002023 0.002970 -0.001974
24.402484 0.002024 0.002959 -0.001985
24.404508 0.002024 0.002949 -0.001995
24.406533 0.002025 0.002939 -0.002005
24.408558 0.002025 0.002929 -0.002015
24.410583 0.002025 0.002919 -0.002025
24.412608 0.002025 0.002910 -0.002035
24.414634 0.002026 0.002900 -0.002044
24.416660 0.002026 0.002891 -0.002053
24.418686 0.002026 0.002882 -0.002062
24.420712 0.002026 0.002874 -0.002071
24.422739 0.002027 0.002865 -0.002079
24.424766 0.002027 0.002857 -0.002088
24.426794 0.002027 0.002848 -0.002096
24.428821 0.002028 0.002841 -0.002104
24.430849 0.002028 0.002833 -0.002112
24.432878 0.002028 0.002825 -0.002119
24.434906 0.002029 0.002818 -0.002127
24.436935 0.002029 0.002810 -0.002134
24.438965 0.002029 0.002803 -0.002141
24.440994 0.002030 0.002796 -0.002148
24.443024 0.002030 0.002789 -0.002155
24.445055 0.002030 0.002782 -0.002162
24.447086 0.002031 0.002775 -0.002169
24.449117 0.002031 0.002769 -0.002175
24.451148 0.002032 0.002762 -0.002182
24.453180 0.002032 0.002756 -0.002188
24.455212 0.002032 0.002750 -0.002194
24.457245 0.002033 0.002744 -0.002201
24.459278 0.002033 0.002738 -0.002207
24.461311 0.002033 0.002732 -0.002213
24.463345 0.002034 0.002726 -0.002219
24.465379 0.002034 0.002720 -0.002224
24.467414 0.002035 0.002714 -0.002230
24.469449 0.002035 0.002709 -0.002236
24.471484 0.002035 0.002703 -0.002241
24.473519 0.002035 0.002698 -0.002247
24.475555 0.002035 0.002692 -0.002252
24.477590 0.002035 0.002687 -0.002257
24.479624 0.002035 0.002682 -0.002262
24.481659 0.002034 0.002677 -0.002267
24.483693 0.002034 0.002672 -0.002272
24.485727 0.002034 0.002667 -0.002277
24.487762 0.002034 0.002662 -0.002282
24.489796 0.002034 0.002657 -0.002287
24.491831 0.002034 0.002652 -0.002292
24.493865 0.002035 0.002648 -0.002297
24.495900 0.002035 0.002643 -0.002301
24.497935 0.002035 0.002638 -0.002306
24.499970 0.002035 0.002634 -0.002311
24.502005 0.002035 0.002629 -0.002315
24.504041 0.002035 0.002624 -0.002320
24.506076 0.002035 0.002620 -0.002325
24.508111 0.002035 0.002615 -0.002329
24.510146 0.002035 0.002610 -0.002334
24.512182 0.002035 0.002606 -0.002339
24.514217 0.002035 0.002601 -0.002343
24.516252 0.002035 0.002596 -0.002348
24.518287 0.002035 0.002592 -0.002352
24.520322 0.002035 0.002587 -0.002357
24.522356 0.002035 0.002583 -0.002361
24.524391 0.002035 0.002578 -0.002366
24.526425 0.002035 0.002574 -0.002370
24.528460 0.002035 0.002570 -0.002374
24.530495 0.002035 0.002566 -0.002379
24.532529 0.002035 0.002562 -0.002383
24.534564 0.002035 0.002557 -0.002387
24.536599 0.002035 0.002553 -0.002391
24.538635 0.002035 0.002549 -0.002395
24.540670 0.002036 0.002545 -0.002399
24.542706 0.002036 0.002541 -0.002403
24.544742 0.002036 0.002537 -0.002407
24.546779 0.002037 0.002533 -0.002412
24.548816 0.002037 0.002528 -0.002416
24.550853 0.002037 0.002524 -0.002420
24.552891 0.002038 0.002520 -0.002425
24.554929 0.002038 0.002515 -0.002429
24.556967 0.002038 0.002511 -0.002434
24.559006 0.002039 0.002506 -0.002438
24.561046 0.002039 0.002502 -0.002443
24.563086 0.002040 0.002497 -0.002447
24.565126 0.002041 0.002493 -0.002452
24.567167 0.002041 0.002488 -0.002456
24.569209 0.002042 0.002483 -0.002461
24.571252 0.002043 0.002479 -0.002465
24.573295 0.002043 0.002474 -0.002470
24.575339 0.002044 0.002470 -0.002474
24.577383 0.002044 0.002465 -0.002479
24.579428 0.002045 0.002461 -0.002483
24.581473 0.002045 0.002457 -0.002488
24.583519 0.002046 0.002452 -0.002492
24.585565 0.002046 0.002448 -0.002496
24.587612 0.002047 0.002444 -0.002501
24.589659 0.002047 0.002439 -0.002505
24.591706 0.002047 0.002435 -0.002509
24.593754 0.002048 0.002431 -0.002513
24.595802 0.002048 0.002426 -0.002518
24.597851 0.002049 0.002422 -0.002522
24.599900 0.002049 0.002418 -0.002526
24.601949 0.002049 0.002414 -0.002530
24.603998 0.002049 0.002410 -0.002535
24.606048 0.002050 0.002405 -0.002539
24.608098 0.002050 0.002401 -0.002543
24.610148 0.002050 0.002397 -0.002547
24.612199 0.002050 0.002393 -0.002551
24.614249 0.002051 0.002389 -0.002555
24.616300 0.002051 0.002386 -0.002558
24.618352 0.002051 0.002383 -0.002561
24.620403 0.002051 0.002380 -0.002565
24.622454 0.002052 0.002376 -0.002568
24.624506 0.002052 0.002373 -0.002571
24.626558 0.002052 0.002370 -0.002574
24.628611 0.002052 0.002367 -0.002578
24.630663 0.002053 0.002363 -0.002581
24.632716 0.002053 0.002359 -0.002585
24.634769 0.002053 0.002356 -0.002589
24.636822 0.002053 0.002352 -0.002592
24.638876 0.002053 0.002348 -0.002596
24.640929 0.002053 0.002344 -0.002601
24.642982 0.002053 0.002339 -0.002605
24.645036 0.002054 0.002335 -0.002609
24.647090 0.002054 0.002331 -0.002613
24.649143 0.002054 0.002326 -0.002618
24.651197 0.002054 0.002322 -0.002622
24.653251 0.002054 0.002317 -0.002627
24.655304 0.002054 0.002313 -0.002632
24.657358 0.002054 0.002308 -0.002636
24.659412 0.002054 0.002303 -0.002641
24.661466 0.002054 0.002299 -0.002645
24.663520 0.002054 0.002294 -0.002650
24.665574 0.002054 0.002289 -0.002655
24.667628 0.002054 0.002285 -0.002660
24.669682 0.002054 0.002280 -0.002664
24.671736 0.002054 0.002275 -0.002669
24.673790 0.002054 0.002270 -0.002674
24.675844 0.002054 0.002265 -0.002679
24.677898 0.002054 0.002261 -0.002683
24.679952 0.002054 0.002256 -0.002688
24.682006 0.002054 0.002251 -0.002693
24.684060 0.002054 0.002247 -0.002698
24.686115 0.002054 0.002242 -0.002702
24.688169 0.002054 0.002237 -0.002707
24.690223 0.002054 0.002233 -0.002712
24.692277 0.002054 0.002228 -0.002716
24.694332 0.002054 0.002223 -0.002721
24.696386 0.002054 0.002219 -0.002725
24.698440 0.002054 0.002214 -0.002730
24.700495 0.002054 0.002210 -0.002735
24.702549 0.002055 0.002205 -0.002739
24.704604 0.002055 0.002200 -0.002744
24.706659 0.002055 0.002196 -0.002748
24.708713 0.002055 0.002191 -0.002753
24.710768 0.002054 0.002187 -0.002757
24.712822 0.002054 0.002182 -0.002762
24.714877 0.002055 0.002178 -0.002766
24.716931 0.002055 0.002174 -0.002771
24.718986 0.002055 0.002169 -0.002775
24.721041 0.002055 0.002165 -0.002780
24.723096 0.002055 0.002160 -0.002784
24.725150 0.002055 0.002156 -0.002788
24.727205 0.002055 0.002151 -0.002793
24.729260 0.002055 0.002147 -0.002797
24.731315 0.002055 0.002142 -0.002802
24.733370 0.002055 0.002138 -0.002806
24.735425 0.002055 0.002134 -0.002811
24.737480 0.002055 0.002129 -0.002815
24.739535 0.002055 0.002125 -0.002820
24.741591 0.002055 0.002120 -0.002824
24.743646 0.002055 0.002116 -0.002828
24.745702 0.002056 0.002111 -0.002833
24.747758 0.002056 0.002107 -0.002837
24.749814 0.002056 0.002102 -0.002842
24.751870 0.002056 0.002098 -0.002846
24.753927 0.002056 0.002093 -0.002851
24.755983 0.002057 0.002089 -0.002855
24.758040 0.002057 0.002084 -0.002860
24.760097 0.002057 0.002080 -0.002864
24.762154 0.002057 0.002075 -0.002869
24.764212 0.002057 0.002071 -0.002873
24.766269 0.002058 0.002066 -0.002878
24.768327 0.002058 0.002062 -0.002882
24.770386 0.002058 0.002057 -0.002887
24.772444 0.002058 0.002053 -0.002892
24.774503 0.002059 0.002048 -0.002896
24.776562 0.002059 0.002043 -0.002901
24.778621 0.002059 0.002039 -0.002905
24.780680 0.002059 0.002034 -0.002910
24.782740 0.002060 0.002029 -0.002915
24.784800 0.002060 0.002025 -0.002920
24.786860 0.002060 0.002020 -0.002924
24.788921 0.002061 0.002015 -0.002929
24.790982 0.002061 0.002010 -0.002934
24.793043 0.002061 0.002006 -0.002939
24.795104 0.002061 0.002001 -0.002943
24.797166 0.002062 0.001996 -0.002948
24.799228 0.002062 0.001991 -0.002953
24.801290 0.002062 0.001986 -0.002958
24.803352 0.002062 0.001981 -0.002963
24.805415 0.002063 0.001976 -0.002968
24.807478 0.002063 0.001971 -0.002973
24.809541 0.002063 0.001966 -0.002978
24.811604 0.002063 0.001961 -0.002983
24.813667 0.002063 0.001956 -0.002988
24.815731 0.002064 0.001951 -0.002993
24.817795 0.002064 0.001946 -0.002998
24.819859 0.002064 0.001941 -0.003003
24.821923 0.002064 0.001936 -0.003008
24.823987 0.002064 0.001931 -0.003013
24.826051 0.002065 0.001926 -0.003018
24.828116 0.002065 0.001921 -0.003023
24.830181 0.002065 0.001916 -0.003029
24.832246 0.002065 0.001910 -0.003034
24.834312 0.002065 0.001905 -0.003039
24.836377 0.002066 0.001900 -0.003044
24.838443 0.002066 0.001895 -0.003049
24.840509 0.002066 0.001890 -0.003055
24.842575 0.002066 0.001884 -0.003060
24.844642 0.002066 0.001879 -0.003065
24.846708 0.002067 0.001874 -0.003070
24.848775 0.002067 0.001869 -0.003076
24.850843 0.002067 0.001863 -0.003081
24.852910 0.002067 0.001858 -0.003086
24.854977 0.002067 0.001853 -0.003092
24.857045 0.002068 0.001847 -0.003097
24.859113 0.002068 0.001842 -0.003102
24.861181 0.002068 0.001837 -0.003107
24.863250 0.002068 0.001831 -0.003113
24.865318 0.002069 0.001826 -0.003118
24.867387 0.002069 0.001821 -0.003123
24.869456 0.002069 0.001815 -0.003129
24.871526 0.002069 0.001810 -0.003134
24.873595 0.002070 0.001805 -0.003139
24.875665 0.002070 0.001800 -0.003145
24.877735 0.002070 0.001794 -0.003150
24.879805 0.002070 0.001789 -0.003155
24.881875 0.002070 0.001784 -0.003161
24.883945 0.002070 0.001778 -0.003166
24.886016 0.002070 0.001773 -0.003171
24.888086 0.002070 0.001768 -0.003176
24.890157 0.002071 0.001762 -0.003182
24.892228 0.002071 0.001757 -0.003187
24.894299 0.002071 0.001752 -0.003192
24.896370 0.002071 0.001747 -0.003198
24.898442 0.002071 0.001741 -0.003203
24.900513 0.002072 0.001736 -0.003208
24.902585 0.002072 0.001731 -0.003213
24.904657 0.002072 0.001726 -0.003219
24.906729 0.002072 0.001720 -0.003224
24.908801 0.002072 0.001715 -0.003229
24.910873 0.002072 0.001710 -0.003234
24.912946 0.002073 0.001705 -0.003239
24.915019 0.002073 0.001700 -0.003244
24.917092 0.002073 0.001695 -0.003249
24.919164 0.002073 0.001690 -0.003254
24.921238 0.002073 0.001685 -0.003259
24.923311 0.002073 0.001680 -0.003264
24.925384 0.002073 0.001675 -0.003269
24.927458 0.002074 0.001670 -0.003274
24.929532 0.002074 0.001665 -0.003279
24.931606 0.002074 0.001660 -0.003284
24.933680 0.002074 0.001655 -0.003289
24.935754 0.002074 0.001650 -0.003294
24.937829 0.002074 0.001645 -0.003299
24.939903 0.002075 0.001640 -0.003304
24.941978 0.002075 0.001636 -0.003309
24.944053 0.002075 0.001631 -0.003313
24.946128 0.002075 0.001626 -0.003318
24.948204 0.002075 0.001621 -0.003323
24.950279 0.002076 0.001616 -0.003328
24.952355 0.002076 0.001612 -0.003333
24.954431 0.002076 0.001607 -0.003337
24.956507 0.002076 0.001602 -0.003342
24.958583 0.002076 0.001597 -0.003347
24.960659 0.002076 0.001593 -0.003351
24.962735 0.002076 0.001588 -0.003356
24.964811 0.002076 0.001583 -0.003361
24.966887 0.002076 0.001579 -0.003365
24.968964 0.002076 0.001574 -0.003370
24.971040 0.002076 0.001569 -0.003375
24.973117 0.002077 0.001565 -0.003379
24.975193 0.002077 0.001560 -0.003384
24.977270 0.002077 0.001555 -0.003389
24.979347 0.002077 0.001551 -0.003393
24.981424 0.002077 0.001546 -0.003398
24.983500 0.002076 0.001542 -0.003403
24.985576 0.002075 0.001537 -0.003407
24.987650 0.002074 0.001532 -0.003412
24.989723 0.002073 0.001528 -0.003416
24.991796 0.002072 0.001523 -0.003421
24.993867 0.002072 0.001519 -0.003426
24.995938 0.002071 0.001514 -0.003430
24.998008 0.002070 0.001509 -0.003435
25.000078 0.002070 0.001505 -0.003439
25.002147 0.002069 0.001500 -0.003444
25.004216 0.002069 0.001496 -0.003448
25.006284 0.002068 0.001491 -0.003453
25.008352 0.002068 0.001487 -0.003457
25.010420 0.002068 0.001482 -0.003462
25.012487 0.002067 0.001478 -0.003466
25.014553 0.002066 0.001473 -0.003471
25.016619 0.002065 0.001469 -0.003475
25.018683 0.002064 0.001465 -0.003480
25.020747 0.002064 0.001460 -0.003484
25.022809 0.002063 0.001456 -0.003489
25.024871 0.002062 0.001451 -0.003493
25.026932 0.002061 0.001447 -0.003497
25.028993 0.002060 0.001443 -0.003502
25.031053 0.002060 0.001438 -0.003506
25.033111 0.002059 0.001434 -0.003510
25.035170 0.002058 0.001429 -0.003515
25.037227 0.002058 0.001425 -0.003519
25.039284 0.002057 0.001421 -0.003523
25.041341 0.002056 0.001417 -0.003528
25.043397 0.002056 0.001412 -0.003532
25.045452 0.002055 0.001408 -0.003536
25.047507 0.002055 0.001404 -0.003540
25.049561 0.002054 0.001400 -0.003545
25.051615 0.002054 0.001395 -0.003549
25.053669 0.002054 0.001391 -0.003553
25.055723 0.002054 0.001387 -0.003557
25.057777 0.002054 0.001383 -0.003562
25.059830 0.002054 0.001378 -0.003566
25.061884 0.002053 0.001374 -0.003570
25.063936 0.002053 0.001370 -0.003574
25.065988 0.002052 0.001366 -0.003578
25.068039 0.002051 0.001362 -0.003582
25.070090 0.002050 0.001358 -0.003587
25.072139 0.002050 0.001353 -0.003591
25.074188 0.002049 0.001349 -0.003595
25.076237 0.002048 0.001345 -0.003599
25.078284 0.002048 0.001341 -0.003603
25.080331 0.002047 0.001337 -0.003607
25.082378 0.002046 0.001333 -0.003611
25.084424 0.002046 0.001329 -0.003615
25.086469 0.002045 0.001325 -0.003619
25.088513 0.002044 0.001321 -0.003623
25.090557 0.002044 0.001317 -0.003627
25.092600 0.002043 0.001313 -0.003631
25.094643 0.002043 0.001309 -0.003635
25.096685 0.002042 0.001305 -0.003639
25.098727 0.002042 0.001301 -0.003643
25.100768 0.002041 0.001297 -0.003647
25.102808 0.002040 0.001293 -0.003651
25.104848 0.002040 0.001289 -0.003655
25.106887 0.002039 0.001285 -0.003659
25.108926 0.002039 0.001281 -0.003663
25.110965 0.002039 0.001277 -0.003667
25.113003 0.002038 0.001273 -0.003671
25.115041 0.002038 0.001269 -0.003675
25.117080 0.002038 0.001266 -0.003679
25.119118 0.002038 0.001262 -0.003683
25.121156 0.002038 0.001258 -0.003686
25.123194 0.002038 0.001254 -0.003690
25.125232 0.002038 0.001250 -0.003694
25.127269 0.002037 0.001246 -0.003698
25.129306 0.002037 0.001242 -0.003702
25.131342 0.002036 0.001239 -0.003706
25.133377 0.002035 0.001235 -0.003709
25.135411 0.002035 0.001231 -0.003713
25.137446 0.002034 0.001227 -0.003717
25.139479 0.002034 0.001224 -0.003721
25.141512 0.002033 0.001220 -0.003724
25.143545 0.002033 0.001216 -0.003728
25.145577 0.002032 0.001212 -0.003732
25.147609 0.002032 0.001209 -0.003736
25.149641 0.002032 0.001205 -0.003739
25.151672 0.002031 0.001201 -0.003743
25.153704 0.002031 0.001198 -0.003747
25.155735 0.002031 0.001194 -0.003750
25.157765 0.002031 0.001190 -0.003754
25.159796 0.002031 0.001187 -0.003757
25.161827 0.002031 0.001183 -0.003761
25.163857 0.002031 0.001180 -0.003765
25.165889 0.002031 0.001176 -0.003768
25.167920 0.002031 0.001172 -0.003772
25.169952 0.002032 0.001169 -0.003775
25.171984 0.002032 0.001165 -0.003779
25.174016 0.002032 0.001162 -0.003783
25.176048 0.002032 0.001158 -0.003786
25.178080 0.002032 0.001155 -0.003790
25.180111 0.002032 0.001151 -0.003793
25.182143 0.002031 0.001147 -0.003797
25.184174 0.002031 0.001144 -0.003800
25.186204 0.002031 0.001140 -0.003804
25.188235 0.002031 0.001137 -0.003807
25.190266 0.002031 0.001133 -0.003811
25.192297 0.002031 0.001130 -0.003814
25.194327 0.002031 0.001126 -0.003818
25.196358 0.002031 0.001123 -0.003821
25.198389 0.002031 0.001119 -0.003825
25.200421 0.002032 0.001116 -0.003828
25.202453 0.002032 0.001112 -0.003832
25.204485 0.002033 0.001109 -0.003835
25.206519 0.002033 0.001106 -0.003839
25.208551 0.002033 0.001102 -0.003842
25.210584 0.002033 0.001099 -0.003846
25.212617 0.002033 0.001095 -0.003849
25.214650 0.002033 0.001092 -0.003852
25.216683 0.002033 0.001088 -0.003856
25.218716 0.002033 0.001085 -0.003859
25.220749 0.002033 0.001081 -0.003863
25.222782 0.002033 0.001078 -0.003866
25.224815 0.002034 0.001075 -0.003870
25.226850 0.002034 0.001071 -0.003873
25.228884 0.002035 0.001068 -0.003876
25.230919 0.002035 0.001065 -0.003880
25.232955 0.002036 0.001061 -0.003883
25.234991 0.002036 0.001058 -0.003886
25.237027 0.002036 0.001055 -0.003890
25.239063 0.002036 0.001051 -0.003893
25.241099 0.002036 0.001048 -0.003896
25.243135 0.002036 0.001045 -0.003900
25.245171 0.002036 0.001041 -0.003903
25.247207 0.002036 0.001038 -0.003906
25.249244 0.002036 0.001035 -0.003910
25.251281 0.002037 0.001031 -0.003913
25.253318 0.002037 0.001028 -0.003916
25.255355 0.002037 0.001025 -0.003919
25.257392 0.002038 0.001022 -0.003923
25.259430 0.002038 0.001018 -0.003926
25.261469 0.002039 0.001015 -0.003929
25.263509 0.002039 0.001012 -0.003932
25.265549 0.002040 0.001009 -0.003935
25.267589 0.002040 0.001006 -0.003939
25.269630 0.002041 0.001002 -0.003942
25.271671 0.002041 0.000999 -0.003945
25.273712 0.002041 0.000996 -0.003948
25.275754 0.002042 0.000993 -0.003951
25.277796 0.002042 0.000990 -0.003954
25.279838 0.002042 0.000987 -0.003958
25.281881 0.002042 0.000983 -0.003961
25.283923 0.002043 0.000980 -0.003964
25.285966 0.002043 0.000977 -0.003967
25.288009 0.002043 0.000974 -0.003970
25.290052 0.002043 0.000971 -0.003973
25.292095 0.002043 0.000968 -0.003976
25.294139 0.002044 0.000965 -0.003979
25.296183 0.002044 0.000962 -0.003982
25.298227 0.002044 0.000959 -0.003985
25.300272 0.002045 0.000956 -0.003989
25.302317 0.002045 0.000953 -0.003992
25.304363 0.002046 0.000950 -0.003995
25.306409 0.002046 0.000947 -0.003998
25.308456 0.002047 0.000944 -0.004001
25.310504 0.002048 0.000941 -0.004004
25.312552 0.002048 0.000938 -0.004007
25.314601 0.002049 0.000935 -0.004010
25.316650 0.002049 0.000932 -0.004013
25.318700 0.002050 0.000929 -0.004016
25.320750 0.002050 0.000926 -0.004019
25.322800 0.002050 0.000923 -0.004022
25.324851 0.002051 0.000920 -0.004025
25.326902 0.002051 0.000917 -0.004027
25.328953 0.002051 0.000914 -0.004030
25.331004 0.002052 0.000911 -0.004033
25.333056 0.002052 0.000908 -0.004036
25.335108 0.002052 0.000905 -0.004039
25.337161 0.002053 0.000902 -0.004042
25.339214 0.002053 0.000899 -0.004045
25.341267 0.002053 0.000896 -0.004048
25.343320 0.002053 0.000893 -0.004051
25.345374 0.002054 0.000891 -0.004054
25.347428 0.002054 0.000888 -0.004056
25.349482 0.002054 0.000885 -0.004059
25.351537 0.002055 0.000882 -0.004062
25.353593 0.002055 0.000879 -0.004065
25.355649 0.002056 0.000876 -0.004068
25.357706 0.002057 0.000874 -0.004071
25.359763 0.002058 0.000871 -0.004073
25.361822 0.002058 0.000868 -0.004076
25.363880 0.002059 0.000865 -0.004079
25.365939 0.002059 0.000862 -0.004082
25.367999 0.002060 0.000860 -0.004085
25.370059 0.002060 0.000857 -0.004087
25.372119 0.002060 0.000854 -0.004090
25.374180 0.002061 0.000851 -0.004093
25.376241 0.002061 0.000849 -0.004096
25.378303 0.002061 0.000846 -0.004098
25.380364 0.002062 0.000843 -0.004101
25.382426 0.002062 0.000840 -0.004104
25.384489 0.002062 0.000838 -0.004107
25.386551 0.002063 0.000835 -0.004109
25.388614 0.002063 0.000832 -0.004112
25.390678 0.002063 0.000830 -0.004115
25.392742 0.002064 0.000827 -0.004117
25.394806 0.002064 0.000824 -0.004120
25.396870 0.002064 0.000822 -0.004123
25.398935 0.002065 0.000819 -0.004125
25.401000 0.002065 0.000816 -0.004128
25.403065 0.002066 0.000814 -0.004131
25.405131 0.002066 0.000811 -0.004133
25.407198 0.002067 0.000808 -0.004136
25.409265 0.002067 0.000806 -0.004138
25.411333 0.002068 0.000803 -0.004141
25.413402 0.002068 0.000801 -0.004144
25.415471 0.002069 0.000798 -0.004146
25.417540 0.002069 0.000796 -0.004149
25.419609 0.002069 0.000793 -0.004151
25.421679 0.002070 0.000790 -0.004154
25.423749 0.002070 0.000788 -0.004156
25.425820 0.002071 0.000785 -0.004159
25.427891 0.002071 0.000783 -0.004161
25.429962 0.002071 0.000780 -0.004164
25.432034 0.002072 0.000778 -0.004166
25.434106 0.002072 0.000775 -0.004169
25.436178 0.002072 0.000773 -0.004171
25.438250 0.002072 0.000771 -0.004174
25.440323 0.002073 0.000768 -0.004176
25.442396 0.002073 0.000766 -0.004179
25.444469 0.002073 0.000763 -0.004181
25.446543 0.002074 0.000761 -0.004183
25.448617 0.002074 0.000758 -0.004186
25.450691 0.002074 0.000756 -0.004188
25.452765 0.002074 0.000754 -0.004191
25.454840 0.002075 0.000751 -0.004193
25.456915 0.002075 0.000749 -0.004195
25.458990 0.002076 0.000746 -0.004198
25.461066 0.002076 0.000744 -0.004200
25.463143 0.002076 0.000742 -0.004202
25.465220 0.002077 0.000739 -0.004205
25.467298 0.002078 0.000737 -0.004207
25.469376 0.002079 0.000735 -0.004209
25.471455 0.002079 0.000732 -0.004212
25.473535 0.002079 0.000730 -0.004214
25.475615 0.002080 0.000728 -0.004216
25.477695 0.002080 0.000726 -0.004219
25.479776 0.002081 0.000723 -0.004221
25.481857 0.002081 0.000721 -0.004223
25.483939 0.002082 0.000719 -0.004225
25.486021 0.002082 0.000717 -0.004228
25.488104 0.002083 0.000714 -0.004230
25.490187 0.002083 0.000712 -0.004232
25.492271 0.002084 0.000710 -0.004234
25.494355 0.002084 0.000708 -0.004237
25.496440 0.002085 0.000705 -0.004239
25.498526 0.002086 0.000703 -0.004241
25.500612 0.002086 0.000701 -0.004243
25.502699 0.002087 0.000699 -0.004245
25.504786 0.002087 0.000697 -0.004247
25.506874 0.002088 0.000695 -0.004250
25.508963 0.002089 0.000692 -0.004252
25.511052 0.002089 0.000690 -0.004254
25.513143 0.002090 0.000688 -0.004256
25.515233 0.002091 0.000686 -0.004258
25.517325 0.002092 0.000684 -0.004260
25.519418 0.002093 0.000682 -0.004262
25.521511 0.002093 0.000680 -0.004264
25.523605 0.002094 0.000678 -0.004267
25.525699 0.002094 0.000676 -0.004269
25.527793 0.002095 0.000674 -0.004271
25.529889 0.002095 0.000672 -0.004273
25.531985 0.002096 0.000669 -0.004275
25.534082 0.002097 0.000667 -0.004277
25.536179 0.002097 0.000665 -0.004279
25.538277 0.002098 0.000663 -0.004281
25.540375 0.002098 0.000661 -0.004283
25.542473 0.002098 0.000659 -0.004285
25.544572 0.002099 0.000657 -0.004287
25.546671 0.002099 0.000655 -0.004289
25.548771 0.002100 0.000654 -0.004291
25.550871 0.002100 0.000652 -0.004293
25.552972 0.002101 0.000650 -0.004295
25.555073 0.002101 0.000648 -0.004297
25.557175 0.002102 0.000646 -0.004298
25.559277 0.002103 0.000644 -0.004300
25.561381 0.002103 0.000642 -0.004302
25.563485 0.002104 0.000640 -0.004304
25.565590 0.002105 0.000638 -0.004306
25.567695 0.002105 0.000636 -0.004308
25.569800 0.002106 0.000634 -0.004310
25.571907 0.002106 0.000633 -0.004312
25.574013 0.002107 0.000631 -0.004314
25.576121 0.002107 0.000629 -0.004315
25.578228 0.002108 0.000627 -0.004317
25.580337 0.002108 0.000625 -0.004319
25.582445 0.002109 0.000623 -0.004321
25.584555 0.002109 0.000622 -0.004323
25.586664 0.002110 0.000620 -0.004324
25.588774 0.002110 0.000618 -0.004326
25.590884 0.002110 0.000616 -0.004328
25.592995 0.002111 0.000614 -0.004330
25.595106 0.002111 0.000613 -0.004332
25.597218 0.002111 0.000611 -0.004333
25.599330 0.002112 0.000609 -0.004335
25.601442 0.002112 0.000607 -0.004337
25.603554 0.002112 0.000606 -0.004339
25.605666 0.002112 0.000604 -0.004340
25.607779 0.002112 0.000602 -0.004342
25.609892 0.002113 0.000601 -0.004344
25.612004 0.002113 0.000599 -0.004345
25.614117 0.002113 0.000597 -0.004347
25.616230 0.002113 0.000595 -0.004349
25.618343 0.002113 0.000594 -0.004350
25.620456 0.002113 0.000592 -0.004352
25.622569 0.002113 0.000590 -0.004354
25.624682 0.002113 0.000589 -0.004355
25.626795 0.002113 0.000587 -0.004357
25.628909 0.002113 0.000585 -0.004359
25.631022 0.002113 0.000584 -0.004360
25.633136 0.002114 0.000582 -0.004362
25.635250 0.002114 0.000581 -0.004364
25.637363 0.002114 0.000579 -0.004365
25.639477 0.002114 0.000577 -0.004367
25.641591 0.002114 0.000576 -0.004368
25.643705 0.002114 0.000574 -0.004370
25.645819 0.002114 0.000573 -0.004372
25.647934 0.002114 0.000571 -0.004373
25.650048 0.002114 0.000570 -0.004375
25.652162 0.002114 0.000568 -0.004376
25.654277 0.002115 0.000566 -0.004378
25.656392 0.002115 0.000565 -0.004379
25.658506 0.002115 0.000563 -0.004381
25.660621 0.002115 0.000562 -0.004382
25.662736 0.002115 0.000560 -0.004384
25.664851 0.002115 0.000559 -0.004385
25.666966 0.002115 0.000557 -0.004387
25.669082 0.002115 0.000556 -0.004388
25.671197 0.002115 0.000554 -0.004390
25.673313 0.002115 0.000553 -0.004391
25.675428 0.002116 0.000551 -0.004393
25.677544 0.002116 0.000550 -0.004394
25.679660 0.002116 0.000548 -0.004396
25.681775 0.002116 0.000547 -0.004397
25.683891 0.002116 0.000546 -0.004399
25.686007 0.002116 0.000544 -0.004400
25.688123 0.002116 0.000543 -0.004402
25.690240 0.002116 0.000541 -0.004403
25.692356 0.002116 0.000540 -0.004404
25.694472 0.002116 0.000538 -0.004406
25.696589 0.002116 0.000537 -0.004407
25.698705 0.002117 0.000536 -0.004409
25.700822 0.002117 0.000534 -0.004410
25.702939 0.002117 0.000533 -0.004411
25.705056 0.002117 0.000531 -0.004413
25.707172 0.002117 0.000530 -0.004414
25.709289 0.002117 0.000529 -0.004415
25.711407 0.002117 0.000527 -0.004417
25.713524 0.002117 0.000526 -0.004418
25.715641 0.002117 0.000525 -0.004420
25.717758 0.002117 0.000523 -0.004421
25.719876 0.002117 0.000522 -0.004422
25.721993 0.002117 0.000521 -0.004423
25.724111 0.002118 0.000519 -0.004425
25.726228 0.002118 0.000518 -0.004426
25.728346 0.002118 0.000517 -0.004427
25.730464 0.002118 0.000516 -0.004429
25.732582 0.002118 0.000514 -0.004430
25.734700 0.002118 0.000513 -0.004431
25.736818 0.002118 0.000512 -0.004433
25.738936 0.002118 0.000510 -0.004434
25.741055 0.002118 0.000509 -0.004435
25.743173 0.002118 0.000508 -0.004436
25.745292 0.002119 0.000507 -0.004438
25.747410 0.002119 0.000505 -0.004439
25.749529 0.002119 0.000504 -0.004440
25.751648 0.002119 0.000503 -0.004441
25.753767 0.002119 0.000502 -0.004442
25.755886 0.002119 0.000501 -0.004444
25.758006 0.002119 0.000499 -0.004445
25.760125 0.002119 0.000498 -0.004446
25.762244 0.002119 0.000497 -0.004447
25.764364 0.002120 0.000496 -0.004448
25.766484 0.002120 0.000495 -0.004450
25.768604 0.002120 0.000493 -0.004451
25.770724 0.002120 0.000492 -0.004452
25.772844 0.002120 0.000491 -0.004453
25.774964 0.002120 0.000490 -0.004454
25.777084 0.002120 0.000489 -0.004456
25.779205 0.002121 0.000488 -0.004457
25.781326 0.002121 0.000486 -0.004458
25.783446 0.002121 0.000485 -0.004459
25.785567 0.002121 0.000484 -0.004460
25.787688 0.002121 0.000483 -0.004461
25.789809 0.002121 0.000482 -0.004462
25.791931 0.002121 0.000481 -0.004463
25.794052 0.002121 0.000480 -0.004465
25.796173 0.002121 0.000479 -0.004466
25.798295 0.002122 0.000477 -0.004467
25.800416 0.002122 0.000476 -0.004468
25.802538 0.002122 0.000475 -0.004469
25.804660 0.002122 0.000474 -0.004470
25.806782 0.002122 0.000473 -0.004471
25.808904 0.002122 0.000472 -0.004472
25.811026 0.002122 0.000471 -0.004473
25.813149 0.002122 0.000470 -0.004474
25.815271 0.002122 0.000469 -0.004475
25.817394 0.002123 0.000468 -0.004476
25.819516 0.002123 0.000467 -0.004477
25.821639 0.002123 0.000466 -0.004479
25.823762 0.002123 0.000465 -0.004480
25.825885 0.002123 0.000464 -0.004481
25.828008 0.002123 0.000463 -0.004482
25.830131 0.002123 0.000462 -0.004483
25.832255 0.002123 0.000461 -0.004484
25.834378 0.002123 0.000460 -0.004485
25.836502 0.002124 0.000459 -0.004486
25.838626 0.002124 0.000458 -0.004487
25.840749 0.002124 0.000457 -0.004488
25.842873 0.002124 0.000456 -0.004489
25.844997 0.002124 0.000455 -0.004490
25.847122 0.002124 0.000454 -0.004491
25.849246 0.002124 0.000453 -0.004492
25.851371 0.002125 0.000452 -0.004493
25.853495 0.002125 0.000451 -0.004494
25.855620 0.002125 0.000450 -0.004495
25.857745 0.002125 0.000449 -0.004496
25.859870 0.002125 0.000448 -0.004496
25.861995 0.002125 0.000447 -0.004497
25.864120 0.002125 0.000446 -0.004498
25.866246 0.002125 0.000445 -0.004499
25.868371 0.002126 0.000444 -0.004500
25.870497 0.002126 0.000443 -0.004501
25.872623 0.002126 0.000442 -0.004502
25.874749 0.002126 0.000441 -0.004503
25.876875 0.002126 0.000440 -0.004504
25.879001 0.002126 0.000439 -0.004505
25.881128 0.002126 0.000438 -0.004506
25.883254 0.002127 0.000438 -0.004507
25.885381 0.002127 0.000437 -0.004508
25.887508 0.002127 0.000436 -0.004508
25.889635 0.002127 0.000435 -0.004509
25.891762 0.002127 0.000434 -0.004510
25.893889 0.002127 0.000433 -0.004511
25.896016 0.002127 0.000432 -0.004512
25.898144 0.002128 0.000431 -0.004513
25.900272 0.002128 0.000430 -0.004514
25.902400 0.002128 0.000430 -0.004515
25.904528 0.002128 0.000429 -0.004516
25.906656 0.002128 0.000428 -0.004516
25.908784 0.002128 0.000427 -0.004517
25.910912 0.002128 0.000426 -0.004518
25.913041 0.002128 0.000425 -0.004519
25.915169 0.002129 0.000424 -0.004520
25.917298 0.002129 0.000424 -0.004521
25.919427 0.002129 0.000423 -0.004521
25.921556 0.002129 0.000422 -0.004522
25.923685 0.002129 0.000421 -0.004523
25.925814 0.002129 0.000420 -0.004524
25.927943 0.002129 0.000419 -0.004525
25.930072 0.002129 0.000419 -0.004526
25.932202 0.002129 0.000418 -0.004526
25.934331 0.002130 0.000417 -0.004527
25.936461 0.002130 0.000416 -0.004528
25.938591 0.002130 0.000415 -0.004529
25.940721 0.002130 0.000415 -0.004530
25.942851 0.002130 0.000414 -0.004530
25.944981 0.002130 0.000413 -0.004531
25.947112 0.002130 0.000412 -0.004532
25.949242 0.002131 0.000411 -0.004533
25.951373 0.002131 0.000411 -0.004534
25.953504 0.002131 0.000410 -0.004534
25.955635 0.002131 0.000409 -0.004535
25.957766 0.002131 0.000408 -0.004536
25.959897 0.002131 0.000408 -0.004537
25.962028 0.002131 0.000407 -0.004537
25.964160 0.002131 0.000406 -0.004538
25.966291 0.002132 0.000405 -0.004539
25.968423 0.002132 0.000404 -0.004540
25.970555 0.002132 0.000404 -0.004540
25.972687 0.002132 0.000403 -0.004541
25.974819 0.002132 0.000402 -0.004542
25.976951 0.002132 0.000401 -0.004543
25.979083 0.002132 0.000401 -0.004543
25.981216 0.002132 0.000400 -0.004544
25.983348 0.002132 0.000399 -0.004545
25.985480 0.002132 0.000399 -0.004546
25.987611 0.002132 0.000398 -0.004546
25.989743 0.002131 0.000397 -0.004547
25.991874 0.002131 0.000396 -0.004548
25.994005 0.002131 0.000396 -0.004549
25.996136 0.002131 0.000395 -0.004549
25.998267 0.002131 0.000394 -0.004550
26.000398 0.002131 0.000394 -0.004551
26.002528 0.002131 0.000393 -0.004551
26.004659 0.002131 0.000392 -0.004552
26.006790 0.002131 0.000391 -0.004553
26.008921 0.002131 0.000391 -0.004554
26.011051 0.002131 0.000390 -0.004554
26.013182 0.002131 0.000389 -0.004555
26.015313 0.002131 0.000389 -0.004556
26.017444 0.002131 0.000388 -0.004556
26.019575 0.002131 0.000387 -0.004557
26.021706 0.002131 0.000387 -0.004558
26.023837 0.002131 0.000386 -0.004558
26.025968 0.002131 0.000385 -0.004559
26.028099 0.002131 0.000385 -0.004560
26.030229 0.002131 0.000384 -0.004560
26.032360 0.002130 0.000383 -0.004561
26.034490 0.002130 0.000383 -0.004562
26.036620 0.002130 0.000382 -0.004562
26.038749 0.002130 0.000381 -0.004563
26.040879 0.002129 0.000381 -0.004564
26.043008 0.002129 0.000380 -0.004564
26.045137 0.002129 0.000379 -0.004565
26.047266 0.002129 0.000379 -0.004566
26.049395 0.002129 0.000378 -0.004566
26.051523 0.002129 0.000377 -0.004567
26.053652 0.002129 0.000377 -0.004568
26.055780 0.002128 0.000376 -0.004568
26.057908 0.002128 0.000375 -0.004569
26.060037 0.002128 0.000375 -0.004569
26.062165 0.002128 0.000374 -0.004570
26.064294 0.002129 0.000373 -0.004571
26.066423 0.002129 0.000373 -0.004571
26.068552 0.002129 0.000372 -0.004572
26.070681 0.002129 0.000372 -0.004573
26.072810 0.002129 0.000371 -0.004573
26.074940 0.002130 0.000370 -0.004574
26.077070 0.002130 0.000370 -0.004575
26.079201 0.002130 0.000369 -0.004575
26.081331 0.002131 0.000368 -0.004576
26.083462 0.002131 0.000368 -0.004576
26.085593 0.002131 0.000367 -0.004577
26.087724 0.002131 0.000367 -0.004578
26.089854 0.002131 0.000366 -0.004578
26.091985 0.002130 0.000365 -0.004579
26.094115 0.002130 0.000365 -0.004579
26.096246 0.002130 0.000364 -0.004580
26.098376 0.002130 0.000364 -0.004581
26.100506 0.002130 0.000363 -0.004581
26.102636 0.002130 0.000362 -0.004582
26.104767 0.002130 0.000362 -0.004582
26.106897 0.002130 0.000361 -0.004583
26.109027 0.002130 0.000361 -0.004584
26.111157 0.002130 0.000360 -0.004584
26.113288 0.002130 0.000359 -0.004585
26.115418 0.002130 0.000359 -0.004585
26.117548 0.002131 0.000358 -0.004586
26.119679 0.002131 0.000358 -0.004587
26.121810 0.002131 0.000357 -0.004587
26.123942 0.002131 0.000357 -0.004588
26.126073 0.002132 0.000356 -0.004588
26.128205 0.002132 0.000355 -0.004589
26.130338 0.002132 0.000355 -0.004589
26.132471 0.002133 0.000354 -0.004590
26.134604 0.002133 0.000354 -0.004591
26.136738 0.002134 0.000353 -0.004591
26.138872 0.002134 0.000353 -0.004592
26.141006 0.002134 0.000352 -0.004592
26.143140 0.002134 0.000351 -0.004593
26.145275 0.002134 0.000351 -0.004593
26.147409 0.002134 0.000350 -0.004594
26.149544 0.002135 0.000350 -0.004595
26.151678 0.002135 0.000349 -0.004595
26.153813 0.002135 0.000349 -0.004596
26.155948 0.002135 0.000348 -0.004596
26.158083 0.002135 0.000347 -0.004597
26.160218 0.002135 0.000347 -0.004597
26.162353 0.002135 0.000346 -0.004598
26.164488 0.002135 0.000346 -0.004598
26.166623 0.002135 0.000345 -0.004599
26.168758 0.002135 0.000345 -0.004600
26.170894 0.002136 0.000344 -0.004600
26.173030 0.002136 0.000344 -0.004601
26.175166 0.002136 0.000343 -0.004601
26.177302 0.002136 0.000343 -0.004602
26.179439 0.002137 0.000342 -0.004602
26.181575 0.002137 0.000341 -0.004603
26.183712 0.002137 0.000341 -0.004603
26.185848 0.002137 0.000340 -0.004604
26.187985 0.002137 0.000340 -0.004604
26.190122 0.002137 0.000339 -0.004605
26.192259 0.002137 0.000339 -0.004605
26.194396 0.002137 0.000338 -0.004606
26.196533 0.002137 0.000338 -0.004607
26.198670 0.002137 0.000337 -0.004607
26.200807 0.002137 0.000337 -0.004608
26.202944 0.002137 0.000336 -0.004608
26.205081 0.002137 0.000336 -0.004609
26.207219 0.002137 0.000335 -0.004609
26.209356 0.002137 0.000335 -0.004610
26.211494 0.002137 0.000334 -0.004610
26.213631 0.002138 0.000333 -0.004611
26.215769 0.002138 0.000333 -0.004611
26.217907 0.002138 0.000332 -0.004612
26.220044 0.002138 0.000332 -0.004612
26.222182 0.002138 0.000331 -0.004613
26.224320 0.002138 0.000331 -0.004613
26.226458 0.002138 0.000330 -0.004614
26.228596 0.002138 0.000330 -0.004614
26.230735 0.002138 0.000329 -0.004615
26.232873 0.002138 0.000329 -0.004615
26.235011 0.002138 0.000328 -0.004616
26.237149 0.002138 0.000328 -0.004616
26.239288 0.002138 0.000327 -0.004617
26.241426 0.002139 0.000327 -0.004617
26.243565 0.002139 0.000326 -0.004618
26.245704 0.002139 0.000326 -0.004618
26.247842 0.002139 0.000325 -0.004619
26.249981 0.002139 0.000325 -0.004619
26.252120 0.002139 0.000324 -0.004620
26.254259 0.002139 0.000324 -0.004620
26.256397 0.002139 0.000323 -0.004621
26.258536 0.002139 0.000323 -0.004621
26.260675 0.002139 0.000322 -0.004622
26.262814 0.002139 0.000322 -0.004622
26.264953 0.002139 0.000321 -0.004623
26.267092 0.002139 0.000321 -0.004623
26.269230 0.002139 0.000320 -0.004624
26.271369 0.002139 0.000320 -0.004624
26.273508 0.002139 0.000319 -0.004625
26.275647 0.002139 0.000319 -0.004625
26.277786 0.002139 0.000318 -0.004626
26.279925 0.002139 0.000318 -0.004626
26.282065 0.002139 0.000317 -0.004627
26.284204 0.002139 0.000317 -0.004627
26.286343 0.002139 0.000316 -0.004628
26.288482 0.002139 0.000316 -0.004628
26.290621 0.002139 0.000315 -0.004629
26.292760 0.002139 0.000315 -0.004629
26.294900 0.002139 0.000314 -0.004630
26.297039 0.002139 0.000314 -0.004630
26.299178 0.002139 0.000313 -0.004631
26.301317 0.002139 0.000313 -0.004631
26.303457 0.002139 0.000313 -0.004632
26.305596 0.002139 0.000312 -0.004632
26.307736 0.002139 0.000312 -0.004633
26.309875 0.002139 0.000311 -0.004633
26.312015 0.002140 0.000311 -0.004634
26.314154 0.002140 0.000310 -0.004634
26.316294 0.002140 0.000310 -0.004635
26.318434 0.002140 0.000309 -0.004635
26.320573 0.002140 0.000309 -0.004635
26.322713 0.002140 0.000308 -0.004636
26.324853 0.002140 0.000308 -0.004636
26.326993 0.002140 0.000307 -0.004637
26.329133 0.002140 0.000307 -0.004638
26.331273 0.002140 0.000306 -0.004638
26.333413 0.002140 0.000306 -0.004639
26.335554 0.002140 0.000305 -0.004639
26.337694 0.002140 0.000304 -0.004640
26.339834 0.002140 0.000304 -0.004640
26.341975 0.002140 0.000303 -0.004641
26.344115 0.002141 0.000303 -0.004641
26.346256 0.002141 0.000302 -0.004642
26.348397 0.002141 0.000302 -0.004643
26.350538 0.002141 0.000301 -0.004643
26.352678 0.002141 0.000301 -0.004644
26.354819 0.002141 0.000300 -0.004644
26.356961 0.002141 0.000300 -0.004645
26.359102 0.002141 0.000299 -0.004645
26.361243 0.002141 0.000299 -0.004646
26.363384 0.002141 0.000298 -0.004646
26.365526 0.002141 0.000297 -0.004647
26.367667 0.002141 0.000297 -0.004647
26.369809 0.002142 0.000296 -0.004648
26.371950 0.002142 0.000296 -0.004648
26.374092 0.002142 0.000295 -0.004649
26.376234 0.002142 0.000295 -0.004649
26.378376 0.002142 0.000294 -0.004650
26.380518 0.002142 0.000294 -0.004650
26.382660 0.002142 0.000293 -0.004651
26.384802 0.002142 0.000293 -0.004651
26.386944 0.002142 0.000292 -0.004652
26.389087 0.002142 0.000292 -0.004652
26.391229 0.002142 0.000292 -0.004653
26.393371 0.002142 0.000291 -0.004653
26.395514 0.002143 0.000291 -0.004654
26.397657 0.002143 0.000290 -0.004654
26.399799 0.002143 0.000290 -0.004654
26.401942 0.002143 0.000289 -0.004655
26.404085 0.002143 0.000289 -0.004655
26.406228 0.002143 0.000288 -0.004656
26.408371 0.002143 0.000288 -0.004656
26.410514 0.002143 0.000288 -0.004657
26.412658 0.002143 0.000287 -0.004657
26.414801 0.002143 0.000287 -0.004658
26.416944 0.002143 0.000286 -0.004658
26.419086 0.002143 0.000286 -0.004658
26.421229 0.002143 0.000285 -0.004659
26.423371 0.002142 0.000285 -0.004659
26.425513 0.002142 0.000284 -0.004660
26.427655 0.002142 0.000284 -0.004660
26.429797 0.002142 0.000283 -0.004661
26.431939 0.002142 0.000283 -0.004661
26.434081 0.002142 0.000283 -0.004662
26.436222 0.002141 0.000282 -0.004662
26.438364 0.002141 0.000282 -0.004662
26.440505 0.002141 0.000281 -0.004663
26.442646 0.002141 0.000281 -0.004663
26.444787 0.002141 0.000280 -0.004664
26.446928 0.002141 0.000280 -0.004664
26.449068 0.002141 0.000280 -0.004665
26.451209 0.002141 0.000279 -0.004665
26.453350 0.002140 0.000279 -0.004666
26.455490 0.002140 0.000278 -0.004666
26.457630 0.002140 0.000278 -0.004666
26.459770 0.002140 0.000277 -0.004667
26.461910 0.002140 0.000277 -0.004667
26.464050 0.002140 0.000277 -0.004668
26.466190 0.002140 0.000276 -0.004668
26.468330 0.002140 0.000276 -0.004668
26.470470 0.002140 0.000275 -0.004669
26.472609 0.002140 0.000275 -0.004669
26.474749 0.002140 0.000274 -0.004670
26.476888 0.002139 0.000274 -0.004670
26.479028 0.002139 0.000274 -0.004671
26.481167 0.002139 0.000273 -0.004671
26.483306 0.002139 0.000273 -0.004671
26.485446 0.002139 0.000272 -0.004672
26.487585 0.002139 0.000272 -0.004672
26.489724 0.002139 0.000272 -0.004673
26.491863 0.002139 0.000271 -0.004673
26.494002 0.002139 0.000271 -0.004673
26.496141 0.002139 0.000270 -0.004674
26.498280 0.002139 0.000270 -0.004674
26.500419 0.002139 0.000270 -0.004675
26.502558 0.002139 0.000269 -0.004675
26.504696 0.002139 0.000269 -0.004675
26.506835 0.002139 0.000268 -0.004676
26.508974 0.002139 0.000268 -0.004676
26.511113 0.002139 0.000268 -0.004677
26.513251 0.002139 0.000267 -0.004677
26.515390 0.002139 0.000267 -0.004677
26.517529 0.002139 0.000266 -0.004678
26.519667 0.002139 0.000266 -0.004678
26.521806 0.002139 0.000266 -0.004679
26.523945 0.002139 0.000265 -0.004679
26.526083 0.002139 0.000265 -0.004679
26.528222 0.002139 0.000264 -0.004680
26.530360 0.002138 0.000264 -0.004680
26.532498 0.002138 0.000264 -0.004681
26.534636 0.002137 0.000263 -0.004681
26.536773 0.002137 0.000263 -0.004681
26.538909 0.002137 0.000262 -0.004682
26.541046 0.002136 0.000262 -0.004682
26.543182 0.002136 0.000262 -0.004683
26.545317 0.002136 0.000261 -0.004683
26.547453 0.002135 0.000261 -0.004683
26.549588 0.002135 0.000261 -0.004684
26.551723 0.002135 0.000260 -0.004684
26.553858 0.002135 0.000260 -0.004684
26.555993 0.002135 0.000259 -0.004685
26.558128 0.002135 0.000259 -0.004685
26.560262 0.002135 0.000259 -0.004686
26.562397 0.002135 0.000258 -0.004686
26.564532 0.002135 0.000258 -0.004686
26.566666 0.002135 0.000257 -0.004687
26.568801 0.002135 0.000257 -0.004687
26.570936 0.002135 0.000257 -0.004687
26.573070 0.002135 0.000256 -0.004688
26.575205 0.002135 0.000256 -0.004688
26.577340 0.002135 0.000256 -0.004689
26.579476 0.002135 0.000255 -0.004689
26.581611 0.002135 0.000255 -0.004689
26.583747 0.002135 0.000255 -0.004690
26.585882 0.002136 0.000254 -0.004690
26.588018 0.002136 0.000254 -0.004690
26.590153 0.002136 0.000253 -0.004691
26.592289 0.002136 0.000253 -0.004691
26.594424 0.002135 0.000253 -0.004692
26.596560 0.002135 0.000252 -0.004692
26.598695 0.002135 0.000252 -0.004692
26.600830 0.002135 0.000252 -0.004693
26.602965 0.002135 0.000251 -0.004693
26.605100 0.002135 0.000251 -0.004693
26.607235 0.002135 0.000251 -0.004694
26.609370 0.002135 0.000250 -0.004694
26.611504 0.002135 0.000250 -0.004694
26.613639 0.002135 0.000249 -0.004695
26.615774 0.002135 0.000249 -0.004695
26.617908 0.002134 0.000249 -0.004695
26.620042 0.002134 0.000248 -0.004696
26.622177 0.002134 0.000248 -0.004696
26.624311 0.002134 0.000248 -0.004697
26.626445 0.002134 0.000247 -0.004697
26.628579 0.002134 0.000247 -0.004697
26.630714 0.002134 0.000247 -0.004698
26.632848 0.002134 0.000246 -0.004698
26.634982 0.002134 0.000246 -0.004698
26.637116 0.002134 0.000246 -0.004699
26.639250 0.002134 0.000245 -0.004699
26.641384 0.002134 0.000245 -0.004699
26.643518 0.002134 0.000245 -0.004700
26.645652 0.002134 0.000244 -0.004700
26.647785 0.002134 0.000244 -0.004700
26.649919 0.002134 0.000244 -0.004701
26.652053 0.002134 0.000243 -0.004701
26.654187 0.002134 0.000243 -0.004701
26.656320 0.002134 0.000242 -0.004702
26.658454 0.002134 0.000242 -0.004702
26.660587 0.002133 0.000242 -0.004702
26.662721 0.002133 0.000241 -0.004703
26.664854 0.002133 0.000241 -0.004703
26.666987 0.002133 0.000241 -0.004703
26.669120 0.002133 0.000240 -0.004704
26.671253 0.002133 0.000240 -0.004704
26.673386 0.002133 0.000240 -0.004704
26.675518 0.002133 0.000239 -0.004705
26.677651 0.002132 0.000239 -0.004705
26.679783 0.002132 0.000239 -0.004705
26.681915 0.002132 0.000238 -0.004706
26.684047 0.002132 0.000238 -0.004706
26.686179 0.002132 0.000238 -0.004706
26.688311 0.002132 0.000237 -0.004707
26.690442 0.002132 0.000237 -0.004707
26.692574 0.002131 0.000237 -0.004707
26.694705 0.002131 0.000237 -0.004708
26.696836 0.002131 0.000236 -0.004708
26.698967 0.002131 0.000236 -0.004708
26.701098 0.002131 0.000236 -0.004709
26.703229 0.002131 0.000235 -0.004709
26.705359 0.002131 0.000235 -0.004709
26.707490 0.002130 0.000235 -0.004710
26.709620 0.002130 0.000234 -0.004710
26.711750 0.002130 0.000234 -0.004710
26.713880 0.002130 0.000234 -0.004711
26.716010 0.002130 0.000233 -0.004711
26.718140 0.002130 0.000233 -0.004711
26.720270 0.002130 0.000233 -0.004712
26.722400 0.002130 0.000232 -0.004712
26.724529 0.002130 0.000232 -0.004712
26.726659 0.002129 0.000232 -0.004712
26.728788 0.002129 0.000231 -0.004713
26.730918 0.002129 0.000231 -0.004713
26.733047 0.002129 0.000231 -0.004713
26.735176 0.002129 0.000230 -0.004714
26.737305 0.002129 0.000230 -0.004714
26.739434 0.002129 0.000230 -0.004714
26.741563 0.002129 0.000230 -0.004715
26.743692 0.002129 0.000229 -0.004715
26.745821 0.002129 0.000229 -0.004715
26.747949 0.002129 0.000229 -0.004716
26.750078 0.002129 0.000228 -0.004716
26.752207 0.002129 0.000228 -0.004716
26.754335 0.002129 0.000228 -0.004717
26.756464 0.002129 0.000227 -0.004717
26.758593 0.002129 0.000227 -0.004717
26.760721 0.002129 0.000227 -0.004717
26.762850 0.002129 0.000226 -0.004718
26.764978 0.002129 0.000226 -0.004718
26.767107 0.002129 0.000226 -0.004718
26.769235 0.002129 0.000226 -0.004719
26.771364 0.002128 0.000225 -0.004719
26.773492 0.002128 0.000225 -0.004719
26.775621 0.002128 0.000225 -0.004720
26.777749 0.002128 0.000224 -0.004720
26.779878 0.002128 0.000224 -0.004720
26.782006 0.002128 0.000224 -0.004720
26.784134 0.002128 0.000223 -0.004721
26.786263 0.002128 0.000223 -0.004721
26.788391 0.002128 0.000223 -0.004721
26.790519 0.002128 0.000223 -0.004722
26.792647 0.002128 0.000222 -0.004722
26.794775 0.002128 0.000222 -0.004722
26.796903 0.002128 0.000222 -0.004722
26.799031 0.002128 0.000221 -0.004723
26.801158 0.002128 0.000221 -0.004723
26.803286 0.002127 0.000221 -0.004723
26.805413 0.002127 0.000221 -0.004724
26.807540 0.002127 0.000220 -0.004724
26.809667 0.002127 0.000220 -0.004724
26.811794 0.002127 0.000220 -0.004724
26.813921 0.002127 0.000219 -0.004725
26.816047 0.002127 0.000219 -0.004725
26.818174 0.002126 0.000219 -0.004725
26.820300 0.002126 0.000219 -0.004726
26.822426 0.002126 0.000218 -0.004726
26.824552 0.002126 0.000218 -0.004726
26.826678 0.002126 0.000218 -0.004726
26.828803 0.002126 0.000217 -0.004727
26.830929 0.002126 0.000217 -0.004727
26.833055 0.002125 0.000217 -0.004727
26.835180 0.002125 0.000217 -0.004728
26.837305 0.002125 0.000216 -0.004728
26.839430 0.002125 0.000216 -0.004728
26.841555 0.002125 0.000216 -0.004728
26.843680 0.002125 0.000215 -0.004729
26.845805 0.002125 0.000215 -0.004729
26.847930 0.002125 0.000215 -0.004729
26.850054 0.002125 0.000215 -0.004730
26.852179 0.002125 0.000214 -0.004730
26.854303 0.002124 0.000214 -0.004730
26.856427 0.002124 0.000214 -0.004730
26.858552 0.002124 0.000214 -0.004731
26.860676 0.002124 0.000213 -0.004731
26.862800 0.002124 0.000213 -0.004731
26.864924 0.002124 0.000213 -0.004731
26.867048 0.002124 0.000212 -0.004732
26.869172 0.002124 0.000212 -0.004732
26.871296 0.002124 0.000212 -0.004732
26.873420 0.002124 0.000212 -0.004733
26.875543 0.002124 0.000211 -0.004733
26.877667 0.002124 0.000211 -0.004733
26.879791 0.002124 0.000211 -0.004733
26.881914 0.002123 0.000211 -0.004734
26.884037 0.002123 0.000210 -0.004734
26.886160 0.002123 0.000210 -0.004734
26.888283 0.002123 0.000210 -0.004734
26.890406 0.002123 0.000209 -0.004735
26.892529 0.002123 0.000209 -0.004735
26.894651 0.002122 0.000209 -0.004735
26.896773 0.002122 0.000209 -0.004736
26.898895 0.002122 0.000208 -0.004736
26.901017 0.002122 0.000208 -0.004736
26.903139 0.002122 0.000208 -0.004736
26.905260 0.002121 0.000208 -0.004737
26.907382 0.002121 0.000207 -0.004737
26.909503 0.002121 0.000207 -0.004737
26.911624 0.002121 0.000207 -0.004737
26.913744 0.002121 0.000207 -0.004738
26.915865 0.002121 0.000206 -0.004738
26.917985 0.002120 0.000206 -0.004738
26.920106 0.002120 0.000206 -0.004738
26.922226 0.002120 0.000206 -0.004739
26.924345 0.002120 0.000205 -0.004739
26.926465 0.002120 0.000205 -0.004739
26.928585 0.002120 0.000205 -0.004739
26.930704 0.002119 0.000205 -0.004740
26.932823 0.002119 0.000204 -0.004740
26.934942 0.002119 0.000204 -0.004740
26.937061 0.002119 0.000204 -0.004740
26.939180 0.002119 0.000204 -0.004741
26.941299 0.002119 0.000203 -0.004741
26.943417 0.002118 0.000203 -0.004741
26.945536 0.002118 0.000203 -0.004741
26.947654 0.002118 0.000203 -0.004742
26.949772 0.002118 0.000202 -0.004742
26.951890 0.002118 0.000202 -0.004742
26.954008 0.002118 0.000202 -0.004742
26.956125 0.002118 0.000202 -0.004743
26.958243 0.002118 0.000201 -0.004743
26.960360 0.002117 0.000201 -0.004743
26.962478 0.002117 0.000201 -0.004743
26.964595 0.002117 0.000201 -0.004744
26.966712 0.002117 0.000200 -0.004744
26.968829 0.002117 0.000200 -0.004744
26.970946 0.002117 0.000200 -0.004744
26.973063 0.002117 0.000200 -0.004745
26.975179 0.002117 0.000199 -0.004745
26.977296 0.002117 0.000199 -0.004745
26.979412 0.002117 0.000199 -0.004745
26.981529 0.002116 0.000199 -0.004746
26.983645 0.002116 0.000198 -0.004746
26.985761 0.002116 0.000198 -0.004746
26.987878 0.002116 0.000198 -0.004746
26.989994 0.002116 0.000198 -0.004747
26.992110 0.002116 0.000197 -0.004747
26.994226 0.002116 0.000197 -0.004747
26.996342 0.002116 0.000197 -0.004747
26.998458 0.002116 0.000197 -0.004748
27.000573 0.002116 0.000196 -0.004748
27.002689 0.002116 0.000196 -0.004748
27.004805 0.002116 0.000196 -0.004748
27.006920 0.002116 0.000196 -0.004749
27.009036 0.002116 0.000195 -0.004749
27.011151 0.002116 0.000195 -0.004749
27.013267 0.002115 0.000195 -0.004749
27.015382 0.002115 0.000195 -0.004749
27.017498 0.002115 0.000194 -0.004750
27.019613 0.002115 0.000194 -0.004750
27.021729 0.002115 0.000194 -0.004750
27.023844 0.002115 0.000194 -0.004750
27.025959 0.002115 0.000194 -0.004751
27.028074 0.002115 0.000193 -0.004751
27.030190 0.002115 0.000193 -0.004751
27.032305 0.002115 0.000193 -0.004751
27.034420 0.002115 0.000193 -0.004752
27.036535 0.002115 0.000192 -0.004752
27.038650 0.002115 0.000192 -0.004752
27.040766 0.002115 0.000192 -0.004752
27.042881 0.002115 0.000192 -0.004753
27.044996 0.002115 0.000191 -0.004753
27.047111 0.002115 0.000191 -0.004753
27.049226 0.002115 0.000191 -0.004753
27.051341 0.002115 0.000191 -0.004753
27.053456 0.002115 0.000191 -0.004754
27.055572 0.002115 0.000190 -0.004754
27.057687 0.002115 0.000190 -0.004754
27.059802 0.002115 0.000190 -0.004754
27.061917 0.002115 0.000190 -0.004755
27.064032 0.002115 0.000189 -0.004755
27.066147 0.002115 0.000189 -0.004755
27.068262 0.002115 0.000189 -0.004755
27.070378 0.002115 0.000189 -0.004755
27.072493 0.002115 0.000189 -0.004756
27.074608 0.002115 0.000188 -0.004756
27.076723 0.002115 0.000188 -0.004756
27.078838 0.002115 0.000188 -0.004756
27.080953 0.002115 0.000188 -0.004757
27.083069 0.002115 0.000187 -0.004757
27.085184 0.002115 0.000187 -0.004757
27.087299 0.002115 0.000187 -0.004757
27.089414 0.002115 0.000187 -0.004757
27.091529 0.002115 0.000187 -0.004758
27.093644 0.002115 0.000186 -0.004758
27.095760 0.002115 0.000186 -0.004758
27.097875 0.002115 0.000186 -0.004758
27.099990 0.002115 0.000186 -0.004759
27.102105 0.002115 0.000185 -0.004759
27.104220 0.002115 0.000185 -0.004759
27.106335 0.002115 0.000185 -0.004759
27.108450 0.002115 0.000185 -0.004759
27.110565 0.002115 0.000185 -0.004760
27.112680 0.002115 0.000184 -0.004760
27.114795 0.002115 0.000184 -0.004760
27.116910 0.002115 0.000184 -0.004760
27.119025 0.002115 0.000184 -0.004760
27.121140 0.002115 0.000184 -0.004761
27.123255 0.002115 0.000183 -0.004761
27.125370 0.002115 0.000183 -0.004761
27.127484 0.002115 0.000183 -0.004761
27.129599 0.002115 0.000183 -0.004761
27.131714 0.002115 0.000183 -0.004762
27.133828 0.002115 0.000182 -0.004762
27.135943 0.002115 0.000182 -0.004762
27.138058 0.002115 0.000182 -0.004762
27.140172 0.002115 0.000182 -0.004762
27.142287 0.002115 0.000182 -0.004762
27.144402 0.002115 0.000182 -0.004763
27.146516 0.002115 0.000181 -0.004763
27.148631 0.002115 0.000181 -0.004763
27.150745 0.002115 0.000181 -0.004763
27.152860 0.002115 0.000181 -0.004763
27.154974 0.002115 0.000181 -0.004764
27.157089 0.002115 0.000180 -0.004764
27.159203 0.002115 0.000180 -0.004764
27.161318 0.002115 0.000180 -0.004764
27.163433 0.002115 0.000180 -0.004764
27.165547 0.002115 0.000180 -0.004764
27.167662 0.002115 0.000180 -0.004765
27.169776 0.002115 0.000179 -0.004765
27.171891 0.002115 0.000179 -0.004765
27.174006 0.002115 0.000179 -0.004765
27.176120 0.002115 0.000179 -0.004765
27.178235 0.002115 0.000179 -0.004765
27.180350 0.002115 0.000179 -0.004766
27.182465 0.002115 0.000178 -0.004766
27.184579 0.002115 0.000178 -0.004766
27.186694 0.002115 0.000178 -0.004766
27.188809 0.002115 0.000178 -0.004766
27.190924 0.002115 0.000178 -0.004766
27.193039 0.002115 0.000178 -0.004767
27.195154 0.002115 0.000177 -0.004767
27.197269 0.002115 0.000177 -0.004767
27.199384 0.002115 0.000177 -0.004767
27.201500 0.002115 0.000177 -0.004767
27.203615 0.002115 0.000177 -0.004767
27.205730 0.002115 0.000177 -0.004768
27.207845 0.002115 0.000176 -0.004768
27.209959 0.002114 0.000176 -0.004768
27.212073 0.002114 0.000176 -0.004768
27.214186 0.002113 0.000176 -0.004768
27.216299 0.002113 0.000176 -0.004768
27.218411 0.002112 0.000176 -0.004769
27.220523 0.002112 0.000175 -0.004769
27.222634 0.002111 0.000175 -0.004769
27.224744 0.002110 0.000175 -0.004769
27.226853 0.002109 0.000175 -0.004769
27.228962 0.002109 0.000175 -0.004769
27.231070 0.002108 0.000175 -0.004770
27.233177 0.002107 0.000174 -0.004770
27.235284 0.002107 0.000174 -0.004770
27.237390 0.002106 0.000174 -0.004770
27.239495 0.002105 0.000174 -0.004770
27.241599 0.002105 0.000174 -0.004770
27.243703 0.002104 0.000174 -0.004771
27.245806 0.002103 0.000173 -0.004771
27.247908 0.002102 0.000173 -0.004771
27.250010 0.002101 0.000173 -0.004771
27.252110 0.002101 0.000173 -0.004771
27.254210 0.002100 0.000173 -0.004771
27.256309 0.002099 0.000173 -0.004772
27.258408 0.002098 0.000172 -0.004772
27.260505 0.002098 0.000172 -0.004772
27.262602 0.002097 0.000172 -0.004772
27.264698 0.002096 0.000172 -0.004772
27.266793 0.002095 0.000172 -0.004772
27.268887 0.002094 0.000172 -0.004773
27.270980 0.002093 0.000171 -0.004773
27.273072 0.002092 0.000171 -0.004773
27.275163 0.002091 0.000171 -0.004773
27.277253 0.002090 0.000171 -0.004773
27.279341 0.002089 0.000171 -0.004773
27.281429 0.002088 0.000171 -0.004774
27.283517 0.002087 0.000170 -0.004774
27.285603 0.002086 0.000170 -0.004774
27.287689 0.002086 0.000170 -0.004774
27.289774 0.002085 0.000170 -0.004774
27.291858 0.002084 0.000170 -0.004774
27.293942 0.002084 0.000170 -0.004775
27.296024 0.002083 0.000169 -0.004775
27.298106 0.002081 0.000169 -0.004775
27.300186 0.002080 0.000169 -0.004775
27.302266 0.002079 0.000169 -0.004775
27.304344 0.002079 0.000169 -0.004776
27.306422 0.002078 0.000169 -0.004776
27.308499 0.002077 0.000168 -0.004776
27.310576 0.002076 0.000168 -0.004776
27.312651 0.002076 0.000168 -0.004776
27.314726 0.002075 0.000168 -0.004776
27.316801 0.002074 0.000168 -0.004777
27.318874 0.002074 0.000168 -0.004777
27.320947 0.002073 0.000167 -0.004777
27.323019 0.002072 0.000167 -0.004777
27.325090 0.002071 0.000167 -0.004777
27.327159 0.002070 0.000167 -0.004777
27.329228 0.002069 0.000167 -0.004778
27.331296 0.002068 0.000167 -0.004778
27.333363 0.002067 0.000166 -0.004778
27.335430 0.002067 0.000166 -0.004778
27.337496 0.002066 0.000166 -0.004778
27.339561 0.002066 0.000166 -0.004778
27.341627 0.002065 0.000166 -0.004779
27.343691 0.002065 0.000166 -0.004779
27.345755 0.002064 0.000165 -0.004779
27.347818 0.002063 0.000165 -0.004779
27.349881 0.002062 0.000165 -0.004779
27.351942 0.002061 0.000165 -0.004779
27.354003 0.002061 0.000165 -0.004780
27.356063 0.002060 0.000165 -0.004780
27.358123 0.002060 0.000164 -0.004780
27.360182 0.002060 0.000164 -0.004780
27.362241 0.002059 0.000164 -0.004780
27.364300 0.002059 0.000164 -0.004780
27.366359 0.002059 0.000164 -0.004781
27.368417 0.002058 0.000164 -0.004781
27.370474 0.002057 0.000163 -0.004781
27.372531 0.002057 0.000163 -0.004781
27.374587 0.002056 0.000163 -0.004781
27.376642 0.002055 0.000163 -0.004781
27.378696 0.002054 0.000163 -0.004782
27.380750 0.002054 0.000163 -0.004782
27.382803 0.002053 0.000162 -0.004782
27.384856 0.002053 0.000162 -0.004782
27.386909 0.002053 0.000162 -0.004782
27.388961 0.002052 0.000162 -0.004782
27.391013 0.002052 0.000162 -0.004783
27.393065 0.002052 0.000162 -0.004783
27.395117 0.002052 0.000161 -0.004783
27.397168 0.002051 0.000161 -0.004783
27.399218 0.002050 0.000161 -0.004783
27.401268 0.002050 0.000161 -0.004783
27.403317 0.002049 0.000161 -0.004784
27.405366 0.002049 0.000161 -0.004784
27.407414 0.002048 0.000160 -0.004784
27.409462 0.002048 0.000160 -0.004784
27.411509 0.002047 0.000160 -0.004784
27.413556 0.002047 0.000160 -0.004784
27.415602 0.002047 0.000160 -0.004784
27.417649 0.002046 0.000160 -0.004785
27.419695 0.002046 0.000159 -0.004785
27.421740 0.002046 0.000159 -0.004785
27.423786 0.002046 0.000159 -0.004785
27.425832 0.002046 0.000159 -0.004785
27.427878 0.002046 0.000159 -0.004785
27.429923 0.002046 0.000159 -0.004786
27.431968 0.002045 0.000158 -0.004786
27.434012 0.002044 0.000158 -0.004786
27.436056 0.002044 0.000158 -0.004786
27.438099 0.002043 0.000158 -0.004786
27.440142 0.002043 0.000158 -0.004786
27.442184 0.002042 0.000158 -0.004787
27.444226 0.002042 0.000157 -0.004787
27.446268 0.002041 0.000157 -0.004787
27.448309 0.002041 0.000157 -0.004787
27.450349 0.002041 0.000157 -0.004787
27.452389 0.002040 0.000157 -0.004787
27.454430 0.002040 0.000157 -0.004788
27.456470 0.002040 0.000156 -0.004788
27.458509 0.002040 0.000156 -0.004788
27.460549 0.002039 0.000156 -0.004788
27.462588 0.002039 0.000156 -0.004788
27.464627 0.002039 0.000156 -0.004788
27.466666 0.002039 0.000156 -0.004789
27.468705 0.002039 0.000156 -0.004789
27.470744 0.002039 0.000155 -0.004789
27.472783 0.002039 0.000155 -0.004789
27.474822 0.002038 0.000155 -0.004789
27.476859 0.002038 0.000155 -0.004789
27.478896 0.002037 0.000155 -0.004789
27.480932 0.002036 0.000155 -0.004790
27.482968 0.002036 0.000154 -0.004790
27.485004 0.002035 0.000154 -0.004790
27.487039 0.002035 0.000154 -0.004790
27.489074 0.002035 0.000154 -0.004790
27.491108 0.002035 0.000154 -0.004790
27.493143 0.002035 0.000154 -0.004791
27.495178 0.002035 0.000153 -0.004791
27.497212 0.002034 0.000153 -0.004791
27.499246 0.002034 0.000153 -0.004791
27.501280 0.002034 0.000153 -0.004791
27.503314 0.002034 0.000153 -0.004791
27.505348 0.002034 0.000153 -0.004792
27.507381 0.002034 0.000153 -0.004792
27.509415 0.002034 0.000152 -0.004792
27.511449 0.002034 0.000152 -0.004792
27.513483 0.002034 0.000152 -0.004792
27.515516 0.002033 0.000152 -0.004792
27.517550 0.002033 0.000152 -0.004792
27.519582 0.002033 0.000152 -0.004793
27.521615 0.002032 0.000151 -0.004793
27.523647 0.002032 0.000151 -0.004793
27.525678 0.002032 0.000151 -0.004793
27.527710 0.002031 0.000151 -0.004793
27.529741 0.002031 0.000151 -0.004793
27.531772 0.002031 0.000151 -0.004794
27.533803 0.002031 0.000151 -0.004794
27.535834 0.002031 0.000150 -0.004794
27.537864 0.002030 0.000150 -0.004794
27.539894 0.002030 0.000150 -0.004794
27.541924 0.002030 0.000150 -0.004794
27.543954 0.002030 0.000150 -0.004794
27.545984 0.002030 0.000150 -0.004795
27.548014 0.002030 0.000149 -0.004795
27.550043 0.002030 0.000149 -0.004795
27.552073 0.002030 0.000149 -0.004795
27.554103 0.002030 0.000149 -0.004795
27.556132 0.002029 0.000149 -0.004795
27.558162 0.002029 0.000149 -0.004795
27.560191 0.002029 0.000149 -0.004796
27.562219 0.002029 0.000148 -0.004796
27.564248 0.002029 0.000148 -0.004796
27.566276 0.002028 0.000148 -0.004796
27.568305 0.002028 0.000148 -0.004796
27.570333 0.002028 0.000148 -0.004796
27.572360 0.002028 0.000148 -0.004797
27.574388 0.002027 0.000148 -0.004797
27.576415 0.002027 0.000147 -0.004797
27.578442 0.002027 0.000147 -0.004797
27.580469 0.002027 0.000147 -0.004797
27.582496 0.002027 0.000147 -0.004797
27.584522 0.002027 0.000147 -0.004797
27.586549 0.002026 0.000147 -0.004798
27.588575 0.002026 0.000147 -0.004798
27.590601 0.002026 0.000146 -0.004798
27.592627 0.002026 0.000146 -0.004798
27.594653 0.002026 0.000146 -0.004798
27.596679 0.002026 0.000146 -0.004798
27.598705 0.002026 0.000146 -0.004798
27.600731 0.002026 0.000146 -0.004799
27.602756 0.002026 0.000145 -0.004799
27.604782 0.002025 0.000145 -0.004799
27.606807 0.002025 0.000145 -0.004799
27.608832 0.002025 0.000145 -0.004799
27.610856 0.002025 0.000145 -0.004799
27.612881 0.002025 0.000145 -0.004799
27.614905 0.002024 0.000145 -0.004800
27.616929 0.002024 0.000144 -0.004800
27.618953 0.002024 0.000144 -0.004800
27.620976 0.002024 0.000144 -0.004800
27.623000 0.002023 0.000144 -0.004800
27.625023 0.002023 0.000144 -0.004800
27.627046 0.002023 0.000144 -0.004800
27.629069 0.002023 0.000144 -0.004801
27.631092 0.002023 0.000143 -0.004801
27.633114 0.002022 0.000143 -0.004801
27.635137 0.002022 0.000143 -0.004801
27.637159 0.002022 0.000143 -0.004801
27.639181 0.002022 0.000143 -0.004801
27.641203 0.002022 0.000143 -0.004801
27.643226 0.002022 0.000143 -0.004802
27.645248 0.002022 0.000142 -0.004802
27.647270 0.002022 0.000142 -0.004802
27.649292 0.002022 0.000142 -0.004802
27.651314 0.002022 0.000142 -0.004802
27.653336 0.002022 0.000142 -0.004802
27.655357 0.002021 0.000142 -0.004802
27.657379 0.002021 0.000142 -0.004803
27.659400 0.002021 0.000142 -0.004803
27.661420 0.002021 0.000141 -0.004803
27.663441 0.002021 0.000141 -0.004803
27.665462 0.002021 0.000141 -0.004803
27.667482 0.002021 0.000141 -0.004803
27.669503 0.002021 0.000141 -0.004803
27.671524 0.002021 0.000141 -0.004804
27.673545 0.002021 0.000141 -0.004804
27.675565 0.002021 0.000140 -0.004804
27.677586 0.002021 0.000140 -0.004804
27.679606 0.002020 0.000140 -0.004804
27.681627 0.002020 0.000140 -0.004804
27.683647 0.002020 0.000140 -0.004804
27.685667 0.002020 0.000140 -0.004804
27.687686 0.002020 0.000140 -0.004805
27.689706 0.002020 0.000139 -0.004805
27.691725 0.002019 0.000139 -0.004805
27.693744 0.002019 0.000139 -0.004805
27.695764 0.002019 0.000139 -0.004805
27.697783 0.002019 0.000139 -0.004805
27.699802 0.002019 0.000139 -0.004805
27.701821 0.002019 0.000139 -0.004806
27.703840 0.002019 0.000139 -0.004806
27.705858 0.002019 0.000138 -0.004806
27.707877 0.002019 0.000138 -0.004806
27.709896 0.002019 0.000138 -0.004806
27.711915 0.002019 0.000138 -0.004806
27.713934 0.002019 0.000138 -0.004806
27.715953 0.002019 0.000138 -0.004806
27.717972 0.002019 0.000138 -0.004807
27.719991 0.002019 0.000137 -0.004807
27.722010 0.002019 0.000137 -0.004807
27.724028 0.002019 0.000137 -0.004807
27.726047 0.002019 0.000137 -0.004807
27.728066 0.002019 0.000137 -0.004807
27.730084 0.002019 0.000137 -0.004807
27.732103 0.002018 0.000137 -0.004808
27.734121 0.002019 0.000137 -0.004808
27.736140 0.002019 0.000136 -0.004808
27.738158 0.002019 0.000136 -0.004808
27.740177 0.002019 0.000136 -0.004808
27.742195 0.002018 0.000136 -0.004808
27.744214 0.002018 0.000136 -0.004808
27.746232 0.002019 0.000136 -0.004808
27.748251 0.002019 0.000136 -0.004809
27.750269 0.002019 0.000136 -0.004809
27.752288 0.002019 0.000135 -0.004809
27.754308 0.002019 0.000135 -0.004809
27.756327 0.002019 0.000135 -0.004809
27.758347 0.002020 0.000135 -0.004809
27.760366 0.002020 0.000135 -0.004809
27.762386 0.002020 0.000135 -0.004809
27.764406 0.002020 0.000135 -0.004810
27.766425 0.002020 0.000134 -0.004810
27.768445 0.002020 0.000134 -0.004810
27.770465 0.002020 0.000134 -0.004810
27.772485 0.002020 0.000134 -0.004810
27.774504 0.002020 0.000134 -0.004810
27.776524 0.002020 0.000134 -0.004810
27.778544 0.002020 0.000134 -0.004810
27.780564 0.002020 0.000134 -0.004811
27.782584 0.002020 0.000133 -0.004811
27.784605 0.002020 0.000133 -0.004811
27.786625 0.002020 0.000133 -0.004811
27.788646 0.002021 0.000133 -0.004811
27.790666 0.002021 0.000133 -0.004811
27.792687 0.002021 0.000133 -0.004811
27.794708 0.002021 0.000133 -0.004811
27.796730 0.002021 0.000133 -0.004812
27.798751 0.002021 0.000132 -0.004812
27.800773 0.002022 0.000132 -0.004812
27.802794 0.002022 0.000132 -0.004812
27.804816 0.002022 0.000132 -0.004812
27.806838 0.002022 0.000132 -0.004812
27.808860 0.002022 0.000132 -0.004812
27.810882 0.002022 0.000132 -0.004812
27.812904 0.002022 0.000132 -0.004813
27.814926 0.002022 0.000132 -0.004813
27.816948 0.002022 0.000131 -0.004813
27.818970 0.002022 0.000131 -0.004813
27.820992 0.002022 0.000131 -0.004813
27.823015 0.002022 0.000131 -0.004813
27.825037 0.002022 0.000131 -0.004813
27.827060 0.002022 0.000131 -0.004813
27.829082 0.002023 0.000131 -0.004814
27.831105 0.002023 0.000131 -0.004814
27.833128 0.002023 0.000130 -0.004814
27.835151 0.002023 0.000130 -0.004814
27.837174 0.002023 0.000130 -0.004814
27.839197 0.002023 0.000130 -0.004814
27.841221 0.002023 0.000130 -0.004814
27.843244 0.002024 0.000130 -0.004814
27.845268 0.002024 0.000130 -0.004815
27.847291 0.002024 0.000130 -0.004815
27.849315 0.002024 0.000129 -0.004815
27.851339 0.002024 0.000129 -0.004815
27.853363 0.002024 0.000129 -0.004815
27.855387 0.002024 0.000129 -0.004815
27.857412 0.002024 0.000129 -0.004815
27.859436 0.002024 0.000129 -0.004815
27.861460 0.002024 0.000129 -0.004815
27.863485 0.002025 0.000129 -0.004816
27.865510 0.002025 0.000129 -0.004816
27.867535 0.002025 0.000128 -0.004816
27.869560 0.002025 0.000128 -0.004816
27.871585 0.002025 0.000128 -0.004816
27.873611 0.002025 0.000128 -0.004816
27.875636 0.002025 0.000128 -0.004816
27.877661 0.002025 0.000128 -0.004816
27.879687 0.002026 0.000128 -0.004816
27.881713 0.002026 0.000128 -0.004817
27.883738 0.002026 0.000127 -0.004817
27.885764 0.002026 0.000127 -0.004817
27.887790 0.002026 0.000127 -0.004817
27.889816 0.002026 0.000127 -0.004817
27.891842 0.002026 0.000127 -0.004817
27.893869 0.002026 0.000127 -0.004817
27.895896 0.002027 0.000127 -0.004817
27.897923 0.002027 0.000127 -0.004818
27.899950 0.002027 0.000127 -0.004818
27.901977 0.002027 0.000126 -0.004818
27.904005 0.002028 0.000126 -0.004818
27.906033 0.002028 0.000126 -0.004818
27.908061 0.002028 0.000126 -0.004818
27.910089 0.002028 0.000126 -0.004818
27.912118 0.002029 0.000126 -0.004818
27.914147 0.002029 0.000126 -0.004818
27.916176 0.002029 0.000126 -0.004819
27.918206 0.002030 0.000126 -0.004819
27.920236 0.002030 0.000125 -0.004819
27.922266 0.002030 0.000125 -0.004819
27.924297 0.002030 0.000125 -0.004819
27.926327 0.002031 0.000125 -0.004819
27.928358 0.002031 0.000125 -0.004819
27.930389 0.002031 0.000125 -0.004819
27.932420 0.002031 0.000125 -0.004819
27.934451 0.002031 0.000125 -0.004820
27.936482 0.002031 0.000125 -0.004820
27.938514 0.002031 0.000124 -0.004820
27.940545 0.002032 0.000124 -0.004820
27.942577 0.002032 0.000124 -0.004820
27.944609 0.002032 0.000124 -0.004820
27.946642 0.002032 0.000124 -0.004820
27.948675 0.002033 0.000124 -0.004820
27.950708 0.002033 0.000124 -0.004820
27.952741 0.002033 0.000124 -0.004821
27.954775 0.002034 0.000124 -0.004821
27.956808 0.002034 0.000123 -0.004821
27.958843 0.002034 0.000123 -0.004821
27.960877 0.002035 0.000123 -0.004821
27.962912 0.002035 0.000123 -0.004821
27.964947 0.002035 0.000123 -0.004821
27.966983 0.002036 0.000123 -0.004821
27.969019 0.002036 0.000123 -0.004821
27.971055 0.002036 0.000123 -0.004822
27.973092 0.002037 0.000123 -0.004822
27.975129 0.002037 0.000122 -0.004822
27.977166 0.002037 0.000122 -0.004822
27.979203 0.002038 0.000122 -0.004822
27.981241 0.002038 0.000122 -0.004822
27.983279 0.002038 0.000122 -0.004822
27.985318 0.002038 0.000122 -0.004822
27.987356 0.002039 0.000122 -0.004822
27.989395 0.002039 0.000122 -0.004823
27.991434 0.002039 0.000122 -0.004823
27.993474 0.002039 0.000121 -0.004823
27.995514 0.002040 0.000121 -0.004823
27.997554 0.002040 0.000121 -0.004823
27.999594 0.002040 0.000121 -0.004823
28.001635 0.002041 0.000121 -0.004823
28.003675 0.002041 0.000121 -0.004823
28.005717 0.002041 0.000121 -0.004823
28.007758 0.002042 0.000121 -0.004824
28.009800 0.002042 0.000121 -0.004824
28.011842 0.002042 0.000120 -0.004824
28.013884 0.002042 0.000120 -0.004824
28.015927 0.002043 0.000120 -0.004824
28.017969 0.002043 0.000120 -0.004824
28.020012 0.002043 0.000120 -0.004824
28.022056 0.002043 0.000120 -0.004824
28.024099 0.002043 0.000120 -0.004824
28.026143 0.002044 0.000120 -0.004824
28.028187 0.002044 0.000120 -0.004825
28.030231 0.002044 0.000120 -0.004825
28.032276 0.002045 0.000119 -0.004825
28.034321 0.002045 0.000119 -0.004825
28.036366 0.002045 0.000119 -0.004825
28.038411 0.002045 0.000119 -0.004825
28.040457 0.002046 0.000119 -0.004825
28.042503 0.002046 0.000119 -0.004825
28.044549 0.002046 0.000119 -0.004825
28.046596 0.002047 0.000119 -0.004826
28.048643 0.002047 0.000119 -0.004826
28.050690 0.002047 0.000118 -0.004826
28.052738 0.002048 0.000118 -0.004826
28.054786 0.002048 0.000118 -0.004826
28.056834 0.002048 0.000118 -0.004826
28.058883 0.002049 0.000118 -0.004826
28.060932 0.002049 0.000118 -0.004826
28.062981 0.002049 0.000118 -0.004826
28.065030 0.002049 0.000118 -0.004826
28.067080 0.002050 0.000118 -0.004827
28.069130 0.002050 0.000118 -0.004827
28.071180 0.002050 0.000117 -0.004827
28.073231 0.002051 0.000117 -0.004827
28.075281 0.002051 0.000117 -0.004827
28.077333 0.002051 0.000117 -0.004827
28.079384 0.002052 0.000117 -0.004827
28.081436 0.002052 0.000117 -0.004827
28.083489 0.002052 0.000117 -0.004827
28.085541 0.002053 0.000117 -0.004827
28.087594 0.002053 0.000117 -0.004828
28.089647 0.002053 0.000117 -0.004828
28.091701 0.002054 0.000116 -0.004828
28.093755 0.002054 0.000116 -0.004828
28.095809 0.002054 0.000116 -0.004828
28.097863 0.002054 0.000116 -0.004828
28.099918 0.002055 0.000116 -0.004828
28.101973 0.002055 0.000116 -0.004828
28.104028 0.002055 0.000116 -0.004828
28.106083 0.002055 0.000116 -0.004828
28.108139 0.002056 0.000116 -0.004829
28.110195 0.002056 0.000116 -0.004829
28.112250 0.002056 0.000115 -0.004829
28.114307 0.002056 0.000115 -0.004829
28.116363 0.002056 0.000115 -0.004829
28.118419 0.002056 0.000115 -0.004829
28.120476 0.002057 0.000115 -0.004829
28.122532 0.002056 0.000115 -0.004829
28.124588 0.002056 0.000115 -0.004829
28.126644 0.002056 0.000115 -0.004829
28.128699 0.002055 0.000115 -0.004830
28.130755 0.002055 0.000115 -0.004830
28.132809 0.002055 0.000114 -0.004830
28.134863 0.002054 0.000114 -0.004830
28.136916 0.002053 0.000114 -0.004830
28.138968 0.002052 0.000114 -0.004830
28.141020 0.002052 0.000114 -0.004830
28.143071 0.002051 0.000114 -0.004830
28.145121 0.002050 0.000114 -0.004830
28.147171 0.002050 0.000114 -0.004830
28.149220 0.002049 0.000114 -0.004831
28.151268 0.002048 0.000114 -0.004831
28.153316 0.002048 0.000113 -0.004831
28.155363 0.002047 0.000113 -0.004831
28.157409 0.002046 0.000113 -0.004831
28.159455 0.002046 0.000113 -0.004831
28.161500 0.002045 0.000113 -0.004831
28.163544 0.002045 0.000113 -0.004831
28.165588 0.002044 0.000113 -0.004831
28.167632 0.002044 0.000113 -0.004831
28.169675 0.002043 0.000113 -0.004832
28.171717 0.002043 0.000113 -0.004832
28.173760 0.002042 0.000113 -0.004832
28.175801 0.002042 0.000112 -0.004832
28.177842 0.002041 0.000112 -0.004832
28.179883 0.002041 0.000112 -0.004832
28.181923 0.002040 0.000112 -0.004832
28.183963 0.002039 0.000112 -0.004832
28.186001 0.002039 0.000112 -0.004832
28.188040 0.002038 0.000112 -0.004832
28.190077 0.002037 0.000112 -0.004832
28.192114 0.002037 0.000112 -0.004833
28.194150 0.002036 0.000112 -0.004833
28.196185 0.002036 0.000111 -0.004833
28.198220 0.002035 0.000111 -0.004833
28.200254 0.002034 0.000111 -0.004833
28.202287 0.002033 0.000111 -0.004833
28.204320 0.002032 0.000111 -0.004833
28.206351 0.002032 0.000111 -0.004833
28.208382 0.002031 0.000111 -0.004833
28.210412 0.002030 0.000111 -0.004833
28.212442 0.002030 0.000111 -0.004833
28.214471 0.002029 0.000111 -0.004834
28.216499 0.002028 0.000111 -0.004834
28.218527 0.002028 0.000110 -0.004834
28.220554 0.002027 0.000110 -0.004834
28.222580 0.002026 0.000110 -0.004834
28.224606 0.002026 0.000110 -0.004834
28.226631 0.002025 0.000110 -0.004834
28.228655 0.002024 0.000110 -0.004834
28.230678 0.002023 0.000110 -0.004834
28.232700 0.002022 0.000110 -0.004834
28.234722 0.002021 0.000110 -0.004834
28.236742 0.002021 0.000110 -0.004835
28.238762 0.002020 0.000110 -0.004835
28.240780 0.002019 0.000109 -0.004835
28.242798 0.002018 0.000109 -0.004835
28.244815 0.002017 0.000109 -0.004835
28.246830 0.002016 0.000109 -0.004835
28.248845 0.002015 0.000109 -0.004835
28.250859 0.002014 0.000109 -0.004835
28.252872 0.002013 0.000109 -0.004835
28.254883 0.002012 0.000109 -0.004835
28.256894 0.002011 0.000109 -0.004835
28.258904 0.002010 0.000109 -0.004836
28.260913 0.002009 0.000109 -0.004836
28.262922 0.002008 0.000108 -0.004836
28.264929 0.002007 0.000108 -0.004836
28.266936 0.002007 0.000108 -0.004836
28.268942 0.002006 0.000108 -0.004836
28.270947 0.002005 0.000108 -0.004836
28.272952 0.002005 0.000108 -0.004836
28.274957 0.002004 0.000108 -0.004836
28.276960 0.002004 0.000108 -0.004836
28.278963 0.002003 0.000108 -0.004836
28.280965 0.002002 0.000108 -0.004837
28.282967 0.002001 0.000108 -0.004837
28.284968 0.002001 0.000108 -0.004837
28.286967 0.002000 0.000107 -0.004837
28.288967 0.001999 0.000107 -0.004837
28.290965 0.001998 0.000107 -0.004837
28.292962 0.001997 0.000107 -0.004837
28.294959 0.001997 0.000107 -0.004837
28.296955 0.001996 0.000107 -0.004837
28.298950 0.001995 0.000107 -0.004837
28.300944 0.001994 0.000107 -0.004837
28.302938 0.001994 0.000107 -0.004837
28.304931 0.001993 0.000107 -0.004838
28.306923 0.001992 0.000107 -0.004838
28.308914 0.001991 0.000107 -0.004838
28.310905 0.001991 0.000106 -0.004838
28.312895 0.001990 0.000106 -0.004838
28.314885 0.001990 0.000106 -0.004838
28.316874 0.001989 0.000106 -0.004838
28.318860 0.001987 0.000106 -0.004838
28.320846 0.001985 0.000106 -0.004838
28.322829 0.001984 0.000106 -0.004838
28.324812 0.001983 0.000106 -0.004838
28.326793 0.001981 0.000106 -0.004838
28.328773 0.001980 0.000106 -0.004839
28.330752 0.001978 0.000106 -0.004839
28.332728 0.001977 0.000106 -0.004839
28.334704 0.001975 0.000105 -0.004839
28.336677 0.001974 0.000105 -0.004839
28.338650 0.001973 0.000105 -0.004839
28.340622 0.001972 0.000105 -0.004839
28.342593 0.001971 0.000105 -0.004839
28.344564 0.001970 0.000105 -0.004839
28.346533 0.001969 0.000105 -0.004839
28.348501 0.001968 0.000105 -0.004839
28.350469 0.001968 0.000105 -0.004839
28.352436 0.001967 0.000105 -0.004840
28.354402 0.001966 0.000105 -0.004840
28.356367 0.001965 0.000105 -0.004840
28.358332 0.001965 0.000104 -0.004840
28.360297 0.001965 0.000104 -0.004840
28.362261 0.001964 0.000104 -0.004840
28.364225 0.001964 0.000104 -0.004840
28.366189 0.001964 0.000104 -0.004840
28.368152 0.001963 0.000104 -0.004840
28.370115 0.001963 0.000104 -0.004840
28.372077 0.001962 0.000104 -0.004840
28.374039 0.001962 0.000104 -0.004840
28.376001 0.001962 0.000104 -0.004840
28.377963 0.001962 0.000104 -0.004841
28.379925 0.001962 0.000104 -0.004841
28.381887 0.001962 0.000104 -0.004841
28.383849 0.001962 0.000103 -0.004841
28.385811 0.001962 0.000103 -0.004841
28.387774 0.001963 0.000103 -0.004841
28.389737 0.001963 0.000103 -0.004841
28.391700 0.001963 0.000103 -0.004841
28.393664 0.001964 0.000103 -0.004841
28.395628 0.001964 0.000103 -0.004841
28.397592 0.001964 0.000103 -0.004841
28.399556 0.001964 0.000103 -0.004841
28.401520 0.001964 0.000103 -0.004841
28.403484 0.001964 0.000103 -0.004842
28.405448 0.001964 0.000103 -0.004842
28.407412 0.001964 0.000103 -0.004842
28.409376 0.001964 0.000102 -0.004842
28.411341 0.001965 0.000102 -0.004842
28.413306 0.001965 0.000102 -0.004842
28.415271 0.001965 0.000102 -0.004842
28.417237 0.001966 0.000102 -0.004842
28.419204 0.001967 0.000102 -0.004842
28.421172 0.001967 0.000102 -0.004842
28.423140 0.001969 0.000102 -0.004842
28.425110 0.001970 0.000102 -0.004842
28.427082 0.001972 0.000102 -0.004842
28.429056 0.001975 0.000102 -0.004842
28.431033 0.001976 0.000102 -0.004843
28.433010 0.001977 0.000102 -0.004843
28.434986 0.001977 0.000102 -0.004843
28.436963 0.001977 0.000101 -0.004843
28.438940 0.001977 0.000101 -0.004843
28.440917 0.001977 0.000101 -0.004843
28.442894 0.001977 0.000101 -0.004843
28.444872 0.001977 0.000101 -0.004843
28.446850 0.001978 0.000101 -0.004843
28.448828 0.001979 0.000101 -0.004843
28.450808 0.001980 0.000101 -0.004843
28.452791 0.001982 0.000101 -0.004843
28.454777 0.001986 0.000101 -0.004843
28.456768 0.001991 0.000101 -0.004843
28.458761 0.001993 0.000101 -0.004844
28.460755 0.001994 0.000101 -0.004844
28.462750 0.001995 0.000101 -0.004844
28.464745 0.001995 0.000100 -0.004844
28.466741 0.001996 0.000100 -0.004844
28.468740 0.001998 0.000100 -0.004844
28.470740 0.002000 0.000100 -0.004844
28.472739 0.002000 0.000100 -0.004844
28.474738 0.001999 0.000100 -0.004844
28.476732 0.001994 0.000100 -0.004844
28.478722 0.001990 0.000100 -0.004844
28.480711 0.001989 0.000100 -0.004844
28.482697 0.001986 0.000100 -0.004844
28.484679 0.001983 0.000100 -0.004844
28.486660 0.001981 0.000100 -0.004845
28.488640 0.001980 0.000100 -0.004845
28.490619 0.001979 0.000100 -0.004845
28.492598 0.001979 0.000099 -0.004845
28.494576 0.001979 0.000099 -0.004845
28.496555 0.001979 0.000099 -0.004845
28.498533 0.001978 0.000099 -0.004845
28.500511 0.001978 0.000099 -0.004845
28.502488 0.001977 0.000099 -0.004845
28.504464 0.001976 0.000099 -0.004845
28.506438 0.001974 0.000099 -0.004845
28.508411 0.001973 0.000099 -0.004845
28.510382 0.001971 0.000099 -0.004845
28.512352 0.001970 0.000099 -0.004845
28.514321 0.001969 0.000099 -0.004845
28.516288 0.001968 0.000099 -0.004846
28.518255 0.001967 0.000099 -0.004846
28.520222 0.001966 0.000099 -0.004846
28.522187 0.001965 0.000098 -0.004846
28.524152 0.001965 0.000098 -0.004846
28.526116 0.001964 0.000098 -0.004846
28.528080 0.001964 0.000098 -0.004846
28.530044 0.001964 0.000098 -0.004846
28.532008 0.001964 0.000098 -0.004846
28.533972 0.001964 0.000098 -0.004846
28.535935 0.001964 0.000098 -0.004846
28.537899 0.001964 0.000098 -0.004846
28.539863 0.001964 0.000098 -0.004846
28.541826 0.001964 0.000098 -0.004846
28.543790 0.001964 0.000098 -0.004847
28.545753 0.001963 0.000098 -0.004847
28.547717 0.001963 0.000098 -0.004847
28.549680 0.001963 0.000097 -0.004847
28.551644 0.001963 0.000097 -0.004847
28.553607 0.001963 0.000097 -0.004847
28.555570 0.001963 0.000097 -0.004847
28.557534 0.001963 0.000097 -0.004847
28.559497 0.001963 0.000097 -0.004847
28.561460 0.001963 0.000097 -0.004847
28.563423 0.001963 0.000097 -0.004847
28.565386 0.001962 0.000097 -0.004847
28.567347 0.001962 0.000097 -0.004847
28.569309 0.001961 0.000097 -0.004847
28.571270 0.001961 0.000097 -0.004847
28.573230 0.001960 0.000097 -0.004848
28.575190 0.001960 0.000097 -0.004848
28.577149 0.001959 0.000097 -0.004848
28.579107 0.001958 0.000097 -0.004848
28.581065 0.001958 0.000096 -0.004848
28.583022 0.001957 0.000096 -0.004848
28.584978 0.001956 0.000096 -0.004848
28.586933 0.001956 0.000096 -0.004848
28.588888 0.001955 0.000096 -0.004848
28.590842 0.001954 0.000096 -0.004848
28.592796 0.001953 0.000096 -0.004848
28.594748 0.001953 0.000096 -0.004848
28.596700 0.001952 0.000096 -0.004848
28.598652 0.001952 0.000096 -0.004848
28.600603 0.001951 0.000096 -0.004848
28.602553 0.001950 0.000096 -0.004848
28.604503 0.001950 0.000096 -0.004849
28.606453 0.001950 0.000096 -0.004849
28.608402 0.001949 0.000096 -0.004849
28.610351 0.001949 0.000095 -0.004849
28.612300 0.001949 0.000095 -0.004849
28.614248 0.001949 0.000095 -0.004849
28.616197 0.001949 0.000095 -0.004849
28.618146 0.001949 0.000095 -0.004849
28.620095 0.001949 0.000095 -0.004849
28.622043 0.001949 0.000095 -0.004849
28.623992 0.001948 0.000095 -0.004849
28.625940 0.001948 0.000095 -0.004849
28.627888 0.001948 0.000095 -0.004849
28.629835 0.001948 0.000095 -0.004849
28.631782 0.001947 0.000095 -0.004849
28.633729 0.001946 0.000095 -0.004850
28.635674 0.001946 0.000095 -0.004850
28.637619 0.001945 0.000095 -0.004850
28.639563 0.001944 0.000095 -0.004850
28.641507 0.001944 0.000094 -0.004850
28.643450 0.001943 0.000094 -0.004850
28.645392 0.001942 0.000094 -0.004850
28.647334 0.001942 0.000094 -0.004850
28.649275 0.001941 0.000094 -0.004850
28.651216 0.001941 0.000094 -0.004850
28.653157 0.001941 0.000094 -0.004850
28.655098 0.001940 0.000094 -0.004850
28.657038 0.001940 0.000094 -0.004850
28.658977 0.001940 0.000094 -0.004850
28.660917 0.001939 0.000094 -0.004850
28.662856 0.001939 0.000094 -0.004850
28.664795 0.001939 0.000094 -0.004851
28.666733 0.001938 0.000094 -0.004851
28.668671 0.001938 0.000094 -0.004851
28.670608 0.001937 0.000094 -0.004851
28.672545 0.001937 0.000093 -0.004851
28.674482 0.001937 0.000093 -0.004851
28.676419 0.001936 0.000093 -0.004851
28.678354 0.001936 0.000093 -0.004851
28.680290 0.001935 0.000093 -0.004851
28.682225 0.001935 0.000093 -0.004851
28.684159 0.001935 0.000093 -0.004851
28.686094 0.001934 0.000093 -0.004851
28.688027 0.001934 0.000093 -0.004851
28.689961 0.001934 0.000093 -0.004851
28.691894 0.001933 0.000093 -0.004851
28.693827 0.001933 0.000093 -0.004851
28.695760 0.001932 0.000093 -0.004851
28.697692 0.001932 0.000093 -0.004852
28.699623 0.001932 0.000093 -0.004852
28.701555 0.001931 0.000093 -0.004852
28.703485 0.001931 0.000092 -0.004852
28.705415 0.001930 0.000092 -0.004852
28.707345 0.001930 0.000092 -0.004852
28.709274 0.001929 0.000092 -0.004852
28.711203 0.001929 0.000092 -0.004852
28.713132 0.001928 0.000092 -0.004852
28.715060 0.001928 0.000092 -0.004852
28.716987 0.001927 0.000092 -0.004852
28.718913 0.001926 0.000092 -0.004852
28.720839 0.001926 0.000092 -0.004852
28.722765 0.001926 0.000092 -0.004852
28.724690 0.001926 0.000092 -0.004852
28.726615 0.001925 0.000092 -0.004852
28.728539 0.001924 0.000092 -0.004853
28.730462 0.001923 0.000092 -0.004853
28.732385 0.001922 0.000092 -0.004853
28.734307 0.001922 0.000092 -0.004853
28.736228 0.001921 0.000091 -0.004853
28.738148 0.001921 0.000091 -0.004853
28.740069 0.001920 0.000091 -0.004853
28.741989 0.001920 0.000091 -0.004853
28.743909 0.001920 0.000091 -0.004853
28.745828 0.001919 0.000091 -0.004853
28.747745 0.001918 0.000091 -0.004853
28.749662 0.001917 0.000091 -0.004853
28.751579 0.001916 0.000091 -0.004853
28.753494 0.001915 0.000091 -0.004853
28.755409 0.001915 0.000091 -0.004853
28.757323 0.001914 0.000091 -0.004853
28.759236 0.001913 0.000091 -0.004853
28.761149 0.001913 0.000091 -0.004854
28.763061 0.001912 0.000091 -0.004854
28.764973 0.001912 0.000091 -0.004854
28.766885 0.001912 0.000091 -0.004854
28.768797 0.001912 0.000090 -0.004854
28.770707 0.001911 0.000090 -0.004854
28.772617 0.001910 0.000090 -0.004854
28.774525 0.001909 0.000090 -0.004854
28.776433 0.001908 0.000090 -0.004854
28.778340 0.001907 0.000090 -0.004854
28.780246 0.001906 0.000090 -0.004854
28.782151 0.001905 0.000090 -0.004854
28.784055 0.001904 0.000090 -0.004854
28.785959 0.001904 0.000090 -0.004854
28.787862 0.001903 0.000090 -0.004854
28.789765 0.001903 0.000090 -0.004854
28.791667 0.001903 0.000090 -0.004854
28.793570 0.001903 0.000090 -0.004854
28.795472 0.001902 0.000090 -0.004855
28.797372 0.001901 0.000090 -0.004855
28.799272 0.001900 0.000090 -0.004855
28.801171 0.001899 0.000090 -0.004855
28.803069 0.001898 0.000089 -0.004855
28.804966 0.001897 0.000089 -0.004855
28.806863 0.001896 0.000089 -0.004855
28.808759 0.001896 0.000089 -0.004855
28.810654 0.001895 0.000089 -0.004855
28.812548 0.001895 0.000089 -0.004855
28.814443 0.001895 0.000089 -0.004855
28.816337 0.001894 0.000089 -0.004855
28.818231 0.001894 0.000089 -0.004855
28.820124 0.001893 0.000089 -0.004855
28.822016 0.001892 0.000089 -0.004855
28.823907 0.001891 0.000089 -0.004855
28.825798 0.001890 0.000089 -0.004855
28.827687 0.001890 0.000089 -0.004855
28.829576 0.001889 0.000089 -0.004856
28.831464 0.001888 0.000089 -0.004856
28.833352 0.001888 0.000089 -0.004856
28.835239 0.001887 0.000089 -0.004856
28.837127 0.001887 0.000088 -0.004856
28.839014 0.001887 0.000088 -0.004856
28.840900 0.001886 0.000088 -0.004856
28.842785 0.001885 0.000088 -0.004856
28.844670 0.001884 0.000088 -0.004856
28.846553 0.001884 0.000088 -0.004856
28.848436 0.001883 0.000088 -0.004856
28.850318 0.001882 0.000088 -0.004856
28.852199 0.001881 0.000088 -0.004856
28.854081 0.001881 0.000088 -0.004856
28.855961 0.001881 0.000088 -0.004856
28.857842 0.001881 0.000088 -0.004856
28.859723 0.001881 0.000088 -0.004856
28.861602 0.001880 0.000088 -0.004856
28.863481 0.001879 0.000088 -0.004857
28.865359 0.001878 0.000088 -0.004857
28.867236 0.001877 0.000088 -0.004857
28.869112 0.001876 0.000088 -0.004857
28.870987 0.001875 0.000087 -0.004857
28.872862 0.001875 0.000087 -0.004857
28.874736 0.001874 0.000087 -0.004857
28.876610 0.001874 0.000087 -0.004857
28.878484 0.001874 0.000087 -0.004857
28.880358 0.001874 0.000087 -0.004857
28.882231 0.001873 0.000087 -0.004857
28.884103 0.001872 0.000087 -0.004857
28.885974 0.001871 0.000087 -0.004857
28.887845 0.001870 0.000087 -0.004857
28.889714 0.001870 0.000087 -0.004857
28.891583 0.001869 0.000087 -0.004857
28.893451 0.001868 0.000087 -0.004857
28.895319 0.001867 0.000087 -0.004857
28.897185 0.001867 0.000087 -0.004857
28.899052 0.001867 0.000087 -0.004858
28.900919 0.001867 0.000087 -0.004858
28.902786 0.001867 0.000087 -0.004858
28.904652 0.001866 0.000087 -0.004858
28.906517 0.001865 0.000086 -0.004858
28.908381 0.001864 0.000086 -0.004858
28.910244 0.001863 0.000086 -0.004858
28.912107 0.001862 0.000086 -0.004858
28.913968 0.001862 0.000086 -0.004858
28.915829 0.001861 0.000086 -0.004858
28.917689 0.001860 0.000086 -0.004858
28.919549 0.001860 0.000086 -0.004858
28.921408 0.001859 0.000086 -0.004858
28.923267 0.001859 0.000086 -0.004858
28.925126 0.001859 0.000086 -0.004858
28.926985 0.001859 0.000086 -0.004858
28.928843 0.001859 0.000086 -0.004858
28.930701 0.001858 0.000086 -0.004858
28.932559 0.001857 0.000086 -0.004858
28.934415 0.001856 0.000086 -0.004859
28.936270 0.001855 0.000086 -0.004859
28.938124 0.001854 0.000086 -0.004859
28.939978 0.001854 0.000086 -0.004859
28.941831 0.001853 0.000085 -0.004859
28.943683 0.001852 0.000085 -0.004859
28.945535 0.001852 0.000085 -0.004859
28.947386 0.001851 0.000085 -0.004859
28.949238 0.001851 0.000085 -0.004859
28.951089 0.001851 0.000085 -0.004859
28.952941 0.001851 0.000085 -0.004859
28.954792 0.001851 0.000085 -0.004859
28.956642 0.001851 0.000085 -0.004859
28.958492 0.001850 0.000085 -0.004859
28.960342 0.001850 0.000085 -0.004859
28.962192 0.001850 0.000085 -0.004859
28.964041 0.001849 0.000085 -0.004859
28.965889 0.001848 0.000085 -0.004859
28.967736 0.001847 0.000085 -0.004859
28.969583 0.001847 0.000085 -0.004860
28.971429 0.001846 0.000085 -0.004860
28.973275 0.001846 0.000085 -0.004860
28.975120 0.001845 0.000085 -0.004860
28.976965 0.001845 0.000085 -0.004860
28.978811 0.001845 0.000084 -0.004860
28.980656 0.001845 0.000084 -0.004860
28.982501 0.001845 0.000084 -0.004860
28.984346 0.001845 0.000084 -0.004860
28.986191 0.001845 0.000084 -0.004860
28.988035 0.001845 0.000084 -0.004860
28.989880 0.001844 0.000084 -0.004860
28.991724 0.001844 0.000084 -0.004860
28.993567 0.001844 0.000084 -0.004860
28.995411 0.001843 0.000084 -0.004860
28.997254 0.001843 0.000084 -0.004860
28.999097 0.001843 0.000084 -0.004860
29.000940 0.001843 0.000084 -0.004860
29.002782 0.001842 0.000084 -0.004860
29.004624 0.001842 0.000084 -0.004860
29.006466 0.001842 0.000084 -0.004861
29.008308 0.001842 0.000084 -0.004861
29.010150 0.001842 0.000084 -0.004861
29.011991 0.001841 0.000084 -0.004861
29.013832 0.001841 0.000084 -0.004861
29.015673 0.001841 0.000083 -0.004861
29.017513 0.001840 0.000083 -0.004861
29.019353 0.001840 0.000083 -0.004861
29.021193 0.001840 0.000083 -0.004861
29.023033 0.001840 0.000083 -0.004861
29.024872 0.001839 0.000083 -0.004861
29.026711 0.001839 0.000083 -0.004861
29.028550 0.001839 0.000083 -0.004861
29.030388 0.001838 0.000083 -0.004861
29.032226 0.001838 0.000083 -0.004861
29.034064 0.001838 0.000083 -0.004861
29.035902 0.001838 0.000083 -0.004861
29.037739 0.001837 0.000083 -0.004861
29.039576 0.001837 0.000083 -0.004861
29.041413 0.001837 0.000083 -0.004861
29.043249 0.001836 0.000083 -0.004861
29.045084 0.001835 0.000083 -0.004862
29.046919 0.001835 0.000083 -0.004862
29.048752 0.001834 0.000083 -0.004862
29.050586 0.001833 0.000083 -0.004862
29.052418 0.001832 0.000082 -0.004862
29.054250 0.001832 0.000082 -0.004862
29.056082 0.001832 0.000082 -0.004862
29.057913 0.001831 0.000082 -0.004862
29.059743 0.001831 0.000082 -0.004862
29.061573 0.001830 0.000082 -0.004862
29.063402 0.001829 0.000082 -0.004862
29.065231 0.001828 0.000082 -0.004862
29.067058 0.001827 0.000082 -0.004862
29.068884 0.001826 0.000082 -0.004862
29.070710 0.001826 0.000082 -0.004862
29.072535 0.001825 0.000082 -0.004862
29.074360 0.001825 0.000082 -0.004862
29.076184 0.001824 0.000082 -0.004862
29.078008 0.001824 0.000082 -0.004862
29.079832 0.001824 0.000082 -0.004862
29.081656 0.001824 0.000082 -0.004862
29.083480 0.001824 0.000082 -0.004863
29.085303 0.001823 0.000082 -0.004863
29.087126 0.001823 0.000082 -0.004863
29.088948 0.001823 0.000082 -0.004863
29.090770 0.001822 0.000081 -0.004863
29.092591 0.001821 0.000081 -0.004863
29.094411 0.001820 0.000081 -0.004863
29.096230 0.001819 0.000081 -0.004863
29.098048 0.001819 0.000081 -0.004863
29.099867 0.001818 0.000081 -0.004863
29.101685 0.001818 0.000081 -0.004863
29.103503 0.001818 0.000081 -0.004863
29.105322 0.001819 0.000081 -0.004863
29.107141 0.001819 0.000081 -0.004863
29.108959 0.001819 0.000081 -0.004863
29.110778 0.001819 0.000081 -0.004863
29.112596 0.001818 0.000081 -0.004863
29.114415 0.001818 0.000081 -0.004863
29.116233 0.001818 0.000081 -0.004863
29.118051 0.001818 0.000081 -0.004863
29.119869 0.001818 0.000081 -0.004863
29.121687 0.001818 0.000081 -0.004864
29.123505 0.001818 0.000081 -0.004864
29.125322 0.001817 0.000081 -0.004864
29.127140 0.001817 0.000081 -0.004864
29.128957 0.001817 0.000080 -0.004864
29.130774 0.001817 0.000080 -0.004864
29.132591 0.001817 0.000080 -0.004864
29.134408 0.001817 0.000080 -0.004864
29.136224 0.001817 0.000080 -0.004864
29.138041 0.001817 0.000080 -0.004864
29.139858 0.001816 0.000080 -0.004864
29.141674 0.001816 0.000080 -0.004864
29.143490 0.001816 0.000080 -0.004864
29.145306 0.001816 0.000080 -0.004864
29.147122 0.001816 0.000080 -0.004864
29.148939 0.001816 0.000080 -0.004864
29.150755 0.001816 0.000080 -0.004864
29.152571 0.001817 0.000080 -0.004864
29.154388 0.001817 0.000080 -0.004864
29.156205 0.001817 0.000080 -0.004864
29.158023 0.001817 0.000080 -0.004864
29.159840 0.001817 0.000080 -0.004864
29.161658 0.001818 0.000080 -0.004865
29.163475 0.001818 0.000080 -0.004865
29.165293 0.001818 0.000080 -0.004865
29.167111 0.001818 0.000080 -0.004865
29.168929 0.001818 0.000079 -0.004865
29.170747 0.001818 0.000079 -0.004865
29.172566 0.001818 0.000079 -0.004865
29.174384 0.001818 0.000079 -0.004865
29.176202 0.001818 0.000079 -0.004865
29.178020 0.001818 0.000079 -0.004865
29.179838 0.001818 0.000079 -0.004865
29.181656 0.001818 0.000079 -0.004865
29.183474 0.001818 0.000079 -0.004865
29.185293 0.001819 0.000079 -0.004865
29.187111 0.001819 0.000079 -0.004865
29.188931 0.001820 0.000079 -0.004865
29.190751 0.001820 0.000079 -0.004865
29.192572 0.001821 0.000079 -0.004865
29.194393 0.001821 0.000079 -0.004865
29.196215 0.001822 0.000079 -0.004865
29.198038 0.001823 0.000079 -0.004865
29.199860 0.001822 0.000079 -0.004865
29.201683 0.001822 0.000079 -0.004866
29.203504 0.001822 0.000079 -0.004866
29.205325 0.001821 0.000079 -0.004866
29.207146 0.001821 0.000079 -0.004866
29.208967 0.001820 0.000078 -0.004866
29.210787 0.001820 0.000078 -0.004866
29.212607 0.001820 0.000078 -0.004866
29.214426 0.001819 0.000078 -0.004866
29.216244 0.001818 0.000078 -0.004866
29.218062 0.001818 0.000078 -0.004866
29.219879 0.001817 0.000078 -0.004866
29.221696 0.001817 0.000078 -0.004866
29.223512 0.001816 0.000078 -0.004866
29.225328 0.001816 0.000078 -0.004866
29.227144 0.001816 0.000078 -0.004866
29.228959 0.001815 0.000078 -0.004866
29.230774 0.001815 0.000078 -0.004866
29.232589 0.001815 0.000078 -0.004866
29.234403 0.001814 0.000078 -0.004866
29.236218 0.001814 0.000078 -0.004866
29.238031 0.001814 0.000078 -0.004866
29.239845 0.001813 0.000078 -0.004866
29.241658 0.001813 0.000078 -0.004867
29.243470 0.001812 0.000078 -0.004867
29.245282 0.001812 0.000078 -0.004867
29.247094 0.001812 0.000078 -0.004867
29.248905 0.001811 0.000078 -0.004867
29.250716 0.001811 0.000077 -0.004867
29.252526 0.001810 0.000077 -0.004867
29.254336 0.001810 0.000077 -0.004867
29.256145 0.001809 0.000077 -0.004867
29.257954 0.001809 0.000077 -0.004867
29.259762 0.001808 0.000077 -0.004867
29.261570 0.001808 0.000077 -0.004867
29.263377 0.001808 0.000077 -0.004867
29.265185 0.001808 0.000077 -0.004867
29.266992 0.001807 0.000077 -0.004867
29.268800 0.001807 0.000077 -0.004867
29.270607 0.001807 0.000077 -0.004867
29.272414 0.001807 0.000077 -0.004867
29.274221 0.001807 0.000077 -0.004867
29.276027 0.001806 0.000077 -0.004867
29.277833 0.001806 0.000077 -0.004867
29.279639 0.001806 0.000077 -0.004867
29.281445 0.001806 0.000077 -0.004867
29.283251 0.001806 0.000077 -0.004868
29.285058 0.001807 0.000077 -0.004868
29.286865 0.001807 0.000077 -0.004868
29.288673 0.001807 0.000077 -0.004868
29.290481 0.001808 0.000077 -0.004868
29.292289 0.001809 0.000076 -0.004868
29.294099 0.001809 0.000076 -0.004868
29.295908 0.001810 0.000076 -0.004868
29.297718 0.001810 0.000076 -0.004868
29.299528 0.001810 0.000076 -0.004868
29.301338 0.001810 0.000076 -0.004868
29.303147 0.001809 0.000076 -0.004868
29.304956 0.001809 0.000076 -0.004868
29.306766 0.001809 0.000076 -0.004868
29.308575 0.001809 0.000076 -0.004868
29.310384 0.001809 0.000076 -0.004868
29.312193 0.001809 0.000076 -0.004868
29.314002 0.001809 0.000076 -0.004868
29.315810 0.001809 0.000076 -0.004868
29.317618 0.001808 0.000076 -0.004868
29.319427 0.001808 0.000076 -0.004868
29.321235 0.001808 0.000076 -0.004868
29.323044 0.001809 0.000076 -0.004868
29.324853 0.001809 0.000076 -0.004868
29.326663 0.001810 0.000076 -0.004869
29.328474 0.001811 0.000076 -0.004869
29.330285 0.001812 0.000076 -0.004869
29.332098 0.001812 0.000076 -0.004869
29.333911 0.001813 0.000076 -0.004869
29.335724 0.001813 0.000075 -0.004869
29.337537 0.001814 0.000075 -0.004869
29.339351 0.001814 0.000075 -0.004869
29.341166 0.001815 0.000075 -0.004869
29.342981 0.001815 0.000075 -0.004869
29.344797 0.001816 0.000075 -0.004869
29.346615 0.001817 0.000075 -0.004869
29.348433 0.001818 0.000075 -0.004869
29.350251 0.001818 0.000075 -0.004869
29.352070 0.001819 0.000075 -0.004869
29.353890 0.001820 0.000075 -0.004869
29.355710 0.001820 0.000075 -0.004869
29.357531 0.001821 0.000075 -0.004869
29.359351 0.001821 0.000075 -0.004869
29.361172 0.001821 0.000075 -0.004869
29.362993 0.001821 0.000075 -0.004869
29.364815 0.001821 0.000075 -0.004869
29.366636 0.001821 0.000075 -0.004869
29.368458 0.001822 0.000075 -0.004869
29.370279 0.001822 0.000075 -0.004870
29.372101 0.001822 0.000075 -0.004870
29.373924 0.001822 0.000075 -0.004870
29.375746 0.001823 0.000075 -0.004870
29.377570 0.001823 0.000075 -0.004870
29.379393 0.001824 0.000074 -0.004870
29.381217 0.001824 0.000074 -0.004870
29.383042 0.001825 0.000074 -0.004870
29.384867 0.001825 0.000074 -0.004870
29.386693 0.001826 0.000074 -0.004870
29.388519 0.001826 0.000074 -0.004870
29.390345 0.001826 0.000074 -0.004870
29.392172 0.001827 0.000074 -0.004870
29.393999 0.001827 0.000074 -0.004870
29.395826 0.001827 0.000074 -0.004870
29.397654 0.001828 0.000074 -0.004870
29.399483 0.001828 0.000074 -0.004870
29.401312 0.001829 0.000074 -0.004870
29.403141 0.001830 0.000074 -0.004870
29.404971 0.001830 0.000074 -0.004870
29.406802 0.001831 0.000074 -0.004870
29.408633 0.001831 0.000074 -0.004870
29.410466 0.001832 0.000074 -0.004870
29.412298 0.001833 0.000074 -0.004870
29.414131 0.001833 0.000074 -0.004870
29.415965 0.001833 0.000074 -0.004871
29.417798 0.001834 0.000074 -0.004871
29.419632 0.001834 0.000074 -0.004871
29.421466 0.001834 0.000074 -0.004871
29.423301 0.001835 0.000074 -0.004871
29.425136 0.001835 0.000073 -0.004871
29.426972 0.001836 0.000073 -0.004871
29.428809 0.001837 0.000073 -0.004871
29.430646 0.001837 0.000073 -0.004871
29.432485 0.001838 0.000073 -0.004871
29.434324 0.001839 0.000073 -0.004871
29.436163 0.001839 0.000073 -0.004871
29.438002 0.001839 0.000073 -0.004871
29.439841 0.001839 0.000073 -0.004871
29.441681 0.001840 0.000073 -0.004871
29.443521 0.001840 0.000073 -0.004871
29.445361 0.001840 0.000073 -0.004871
29.447202 0.001840 0.000073 -0.004871
29.449043 0.001841 0.000073 -0.004871
29.450884 0.001841 0.000073 -0.004871
29.452726 0.001842 0.000073 -0.004871
29.454568 0.001842 0.000073 -0.004871
29.456410 0.001842 0.000073 -0.004871
29.458253 0.001843 0.000073 -0.004871
29.460095 0.001843 0.000073 -0.004871
29.461939 0.001843 0.000073 -0.004872
29.463782 0.001843 0.000073 -0.004872
29.465625 0.001843 0.000073 -0.004872
29.467468 0.001843 0.000073 -0.004872
29.469312 0.001844 0.000073 -0.004872
29.471156 0.001844 0.000072 -0.004872
29.473000 0.001844 0.000072 -0.004872
29.474844 0.001844 0.000072 -0.004872
29.476688 0.001844 0.000072 -0.004872
29.478533 0.001845 0.000072 -0.004872
29.480378 0.001845 0.000072 -0.004872
29.482223 0.001845 0.000072 -0.004872
29.484069 0.001846 0.000072 -0.004872
29.485916 0.001846 0.000072 -0.004872
29.487763 0.001847 0.000072 -0.004872
29.489610 0.001847 0.000072 -0.004872
29.491458 0.001848 0.000072 -0.004872
29.493306 0.001848 0.000072 -0.004872
29.495155 0.001849 0.000072 -0.004872
29.497004 0.001849 0.000072 -0.004872
29.498853 0.001849 0.000072 -0.004872
29.500702 0.001849 0.000072 -0.004872
29.502552 0.001850 0.000072 -0.004872
29.504402 0.001850 0.000072 -0.004872
29.506253 0.001851 0.000072 -0.004872
29.508104 0.001851 0.000072 -0.004873
29.509955 0.001851 0.000072 -0.004873
29.511806 0.001852 0.000072 -0.004873
29.513659 0.001852 0.000072 -0.004873
29.515511 0.001853 0.000072 -0.004873
29.517364 0.001853 0.000071 -0.004873
29.519218 0.001853 0.000071 -0.004873
29.521071 0.001854 0.000071 -0.004873
29.522925 0.001854 0.000071 -0.004873
29.524780 0.001854 0.000071 -0.004873
29.526634 0.001855 0.000071 -0.004873
29.528489 0.001855 0.000071 -0.004873
29.530344 0.001855 0.000071 -0.004873
29.532200 0.001856 0.000071 -0.004873
29.534057 0.001856 0.000071 -0.004873
29.535913 0.001857 0.000071 -0.004873
29.537771 0.001857 0.000071 -0.004873
29.539629 0.001858 0.000071 -0.004873
29.541487 0.001858 0.000071 -0.004873
29.543346 0.001858 0.000071 -0.004873
29.545204 0.001859 0.000071 -0.004873
29.547063 0.001859 0.000071 -0.004873
29.548923 0.001859 0.000071 -0.004873
29.550782 0.001860 0.000071 -0.004873
29.552643 0.001860 0.000071 -0.004873
29.554503 0.001861 0.000071 -0.004873
29.556364 0.001861 0.000071 -0.004874
29.558225 0.001861 0.000071 -0.004874
29.560087 0.001862 0.000071 -0.004874
29.561950 0.001862 0.000071 -0.004874
29.563812 0.001863 0.000071 -0.004874
29.565676 0.001863 0.000070 -0.004874
29.567540 0.001864 0.000070 -0.004874
29.569404 0.001865 0.000070 -0.004874
29.571269 0.001865 0.000070 -0.004874
29.573134 0.001865 0.000070 -0.004874
29.575000 0.001866 0.000070 -0.004874
29.576866 0.001866 0.000070 -0.004874
29.578733 0.001866 0.000070 -0.004874
29.580599 0.001867 0.000070 -0.004874
29.582467 0.001867 0.000070 -0.004874
29.584335 0.001868 0.000070 -0.004874
29.586203 0.001868 0.000070 -0.004874
29.588072 0.001869 0.000070 -0.004874
29.589941 0.001869 0.000070 -0.004874
29.591811 0.001870 0.000070 -0.004874
29.593682 0.001871 0.000070 -0.004874
29.595553 0.001871 0.000070 -0.004874
29.597425 0.001872 0.000070 -0.004874
29.599297 0.001872 0.000070 -0.004874
29.601170 0.001873 0.000070 -0.004874
29.603044 0.001874 0.000070 -0.004874
29.604918 0.001874 0.000070 -0.004875
29.606793 0.001875 0.000070 -0.004875
29.608669 0.001876 0.000070 -0.004875
29.610546 0.001876 0.000070 -0.004875
29.612423 0.001877 0.000070 -0.004875
29.614300 0.001878 0.000070 -0.004875
29.616179 0.001878 0.000069 -0.004875
29.618057 0.001879 0.000069 -0.004875
29.619937 0.001879 0.000069 -0.004875
29.621817 0.001880 0.000069 -0.004875
29.623698 0.001881 0.000069 -0.004875
29.625579 0.001881 0.000069 -0.004875
29.627461 0.001882 0.000069 -0.004875
29.629344 0.001883 0.000069 -0.004875
29.631227 0.001883 0.000069 -0.004875
29.633112 0.001884 0.000069 -0.004875
29.634996 0.001885 0.000069 -0.004875
29.636882 0.001886 0.000069 -0.004875
29.638768 0.001886 0.000069 -0.004875
29.640655 0.001887 0.000069 -0.004875
29.642543 0.001888 0.000069 -0.004875
29.644431 0.001888 0.000069 -0.004875
29.646320 0.001889 0.000069 -0.004875
29.648210 0.001890 0.000069 -0.004875
29.650100 0.001890 0.000069 -0.004875
29.651991 0.001891 0.000069 -0.004875
29.653882 0.001891 0.000069 -0.004875
29.655774 0.001892 0.000069 -0.004876
29.657667 0.001893 0.000069 -0.004876
29.659560 0.001893 0.000069 -0.004876
29.661454 0.001894 0.000069 -0.004876
29.663349 0.001894 0.000069 -0.004876
29.665244 0.001895 0.000069 -0.004876
29.667140 0.001896 0.000068 -0.004876
29.669036 0.001896 0.000068 -0.004876
29.670933 0.001897 0.000068 -0.004876
29.672830 0.001897 0.000068 -0.004876
29.674728 0.001898 0.000068 -0.004876
29.676627 0.001898 0.000068 -0.004876
29.678526 0.001899 0.000068 -0.004876
29.680425 0.001900 0.000068 -0.004876
29.682325 0.001900 0.000068 -0.004876
29.684226 0.001901 0.000068 -0.004876
29.686127 0.001901 0.000068 -0.004876
29.688029 0.001902 0.000068 -0.004876
29.689931 0.001902 0.000068 -0.004876
29.691834 0.001903 0.000068 -0.004876
29.693737 0.001903 0.000068 -0.004876
29.695641 0.001904 0.000068 -0.004876
29.697546 0.001905 0.000068 -0.004876
29.699451 0.001905 0.000068 -0.004876
29.701357 0.001906 0.000068 -0.004876
29.703263 0.001906 0.000068 -0.004876
29.705170 0.001907 0.000068 -0.004876
29.707078 0.001907 0.000068 -0.004877
29.708986 0.001908 0.000068 -0.004877
29.710894 0.001908 0.000068 -0.004877
29.712803 0.001909 0.000068 -0.004877
29.714712 0.001909 0.000068 -0.004877
29.716622 0.001910 0.000068 -0.004877
29.718533 0.001910 0.000067 -0.004877
29.720444 0.001911 0.000067 -0.004877
29.722355 0.001911 0.000067 -0.004877
29.724267 0.001912 0.000067 -0.004877
29.726180 0.001912 0.000067 -0.004877
29.728093 0.001913 0.000067 -0.004877
29.730006 0.001913 0.000067 -0.004877
29.731920 0.001914 0.000067 -0.004877
29.733834 0.001914 0.000067 -0.004877
29.735749 0.001915 0.000067 -0.004877
29.737665 0.001915 0.000067 -0.004877
29.739580 0.001916 0.000067 -0.004877
29.741497 0.001916 0.000067 -0.004877
29.743414 0.001917 0.000067 -0.004877
29.745331 0.001917 0.000067 -0.004877
29.747249 0.001918 0.000067 -0.004877
29.749167 0.001918 0.000067 -0.004877
29.751086 0.001919 0.000067 -0.004877
29.753006 0.001919 0.000067 -0.004877
29.754926 0.001920 0.000067 -0.004877
29.756846 0.001920 0.000067 -0.004877
29.758767 0.001921 0.000067 -0.004877
29.760688 0.001921 0.000067 -0.004878
29.762610 0.001922 0.000067 -0.004878
29.764533 0.001922 0.000067 -0.004878
29.766456 0.001923 0.000067 -0.004878
29.768379 0.001923 0.000067 -0.004878
29.770303 0.001924 0.000067 -0.004878
29.772227 0.001924 0.000066 -0.004878
29.774152 0.001925 0.000066 -0.004878
29.776077 0.001925 0.000066 -0.004878
29.778003 0.001926 0.000066 -0.004878
29.779929 0.001926 0.000066 -0.004878
29.781855 0.001927 0.000066 -0.004878
29.783782 0.001927 0.000066 -0.004878
29.785710 0.001927 0.000066 -0.004878
29.787638 0.001928 0.000066 -0.004878
29.789566 0.001928 0.000066 -0.004878
29.791495 0.001929 0.000066 -0.004878
29.793424 0.001929 0.000066 -0.004878
29.795354 0.001930 0.000066 -0.004878
29.797284 0.001930 0.000066 -0.004878
29.799214 0.001930 0.000066 -0.004878
29.801145 0.001931 0.000066 -0.004878
29.803076 0.001931 0.000066 -0.004878
29.805007 0.001931 0.000066 -0.004878
29.806939 0.001932 0.000066 -0.004878
29.808871 0.001932 0.000066 -0.004878
29.810804 0.001933 0.000066 -0.004878
29.812736 0.001933 0.000066 -0.004878
29.814670 0.001933 0.000066 -0.004879
29.816603 0.001934 0.000066 -0.004879
29.818537 0.001934 0.000066 -0.004879
29.820471 0.001934 0.000066 -0.004879
29.822406 0.001935 0.000066 -0.004879
29.824341 0.001935 0.000066 -0.004879
29.826276 0.001935 0.000065 -0.004879
29.828212 0.001936 0.000065 -0.004879
29.830148 0.001936 0.000065 -0.004879
29.832084 0.001936 0.000065 -0.004879
29.834021 0.001937 0.000065 -0.004879
29.835958 0.001937 0.000065 -0.004879
29.837895 0.001937 0.000065 -0.004879
29.839832 0.001937 0.000065 -0.004879
29.841770 0.001938 0.000065 -0.004879
29.843708 0.001938 0.000065 -0.004879
29.845646 0.001938 0.000065 -0.004879
29.847585 0.001939 0.000065 -0.004879
29.849524 0.001939 0.000065 -0.004879
29.851463 0.001939 0.000065 -0.004879
29.853402 0.001939 0.000065 -0.004879
29.855342 0.001940 0.000065 -0.004879
29.857282 0.001940 0.000065 -0.004879
29.859222 0.001940 0.000065 -0.004879
29.861162 0.001940 0.000065 -0.004879
29.863102 0.001941 0.000065 -0.004879
29.865043 0.001941 0.000065 -0.004879
29.866984 0.001941 0.000065 -0.004879
29.868925 0.001941 0.000065 -0.004879
29.870867 0.001941 0.000065 -0.004880
29.872809 0.001942 0.000065 -0.004880
29.874751 0.001942 0.000065 -0.004880
29.876693 0.001942 0.000065 -0.004880
29.878635 0.001942 0.000065 -0.004880
29.880577 0.001942 0.000065 -0.004880
29.882519 0.001942 0.000064 -0.004880
29.884460 0.001941 0.000064 -0.004880
29.886401 0.001941 0.000064 -0.004880
29.888341 0.001940 0.000064 -0.004880
29.890281 0.001940 0.000064 -0.004880
29.892220 0.001939 0.000064 -0.004880
29.894158 0.001939 0.000064 -0.004880
29.896096 0.001938 0.000064 -0.004880
29.898034 0.001937 0.000064 -0.004880
29.899971 0.001937 0.000064 -0.004880
29.901907 0.001936 0.000064 -0.004880
29.903843 0.001936 0.000064 -0.004880
29.905778 0.001935 0.000064 -0.004880
29.907713 0.001935 0.000064 -0.004880
29.909647 0.001934 0.000064 -0.004880
29.911581 0.001934 0.000064 -0.004880
29.913515 0.001933 0.000064 -0.004880
29.915447 0.001933 0.000064 -0.004880
29.917380 0.001932 0.000064 -0.004880
29.919311 0.001932 0.000064 -0.004880
29.921242 0.001931 0.000064 -0.004880
29.923173 0.001931 0.000064 -0.004880
29.925103 0.001930 0.000064 -0.004880
29.927033 0.001930 0.000064 -0.004880
29.928962 0.001929 0.000064 -0.004881
29.930890 0.001928 0.000064 -0.004881
29.932818 0.001928 0.000064 -0.004881
29.934745 0.001927 0.000064 -0.004881
29.936672 0.001927 0.000064 -0.004881
29.938599 0.001926 0.000064 -0.004881
29.940524 0.001926 0.000063 -0.004881
29.942450 0.001925 0.000063 -0.004881
29.944375 0.001925 0.000063 -0.004881
29.946299 0.001924 0.000063 -0.004881
29.948223 0.001924 0.000063 -0.004881
29.950147 0.001924 0.000063 -0.004881
29.952070 0.001923 0.000063 -0.004881
29.953993 0.001923 0.000063 -0.004881
29.955916 0.001923 0.000063 -0.004881
29.957838 0.001922 0.000063 -0.004881
29.959760 0.001922 0.000063 -0.004881
29.961681 0.001921 0.000063 -0.004881
29.963602 0.001921 0.000063 -0.004881
29.965523 0.001921 0.000063 -0.004881
29.967443 0.001920 0.000063 -0.004881
29.969364 0.001920 0.000063 -0.004881
29.971284 0.001920 0.000063 -0.004881
29.973203 0.001920 0.000063 -0.004881
29.975123 0.001919 0.000063 -0.004881
29.977042 0.001919 0.000063 -0.004881
29.978961 0.001919 0.000063 -0.004881
29.980880 0.001919 0.000063 -0.004881
29.982799 0.001919 0.000063 -0.004881
29.984717 0.001919 0.000063 -0.004881
29.986635 0.001918 0.000063 -0.004882
29.988554 0.001918 0.000063 -0.004882
29.990472 0.001918 0.000063 -0.004882
29.992390 0.001918 0.000063 -0.004882
29.994308 0.001918 0.000063 -0.004882
29.996226 0.001918 0.000063 -0.004882
29.998144 0.001918 0.000063 -0.004882
30.000000 0.001856 0.000062 -0.004882
