Gauge gauge_1 Location: X=4.521, Y=1.696
Time(s) dt(s) Depth(m) Elevation(m)
0.002172 0.002172 0.003371 0.000000
0.004343 0.002172 0.003371 0.000000
0.006515 0.002172 0.003371 0.000000
0.008686 0.002172 0.003371 0.000000
0.010858 0.002172 0.003371 0.000000
0.013029 0.002172 0.003371 0.000000
0.015201 0.002172 0.003371 0.000000
0.017373 0.002172 0.003371 0.000000
0.019544 0.002172 0.003371 0.000000
0.021716 0.002172 0.003371 0.000000
0.023887 0.002172 0.003371 0.000000
0.026059 0.002172 0.003371 0.000000
0.028231 0.002172 0.003371 0.000000
0.030402 0.002172 0.003371 0.000000
0.032574 0.002172 0.003371 0.000000
0.034745 0.002172 0.003371 0.000000
0.036917 0.002172 0.003371 0.000000
0.039088 0.002172 0.003371 0.000000
0.041260 0.002172 0.003371 0.000000
0.043432 0.002172 0.003371 0.000000
0.045603 0.002172 0.003371 0.000000
0.047775 0.002172 0.003371 0.000000
0.049946 0.002172 0.003371 0.000000
0.052118 0.002172 0.003371 0.000000
0.054290 0.002172 0.003371 0.000000
0.056461 0.002172 0.003371 0.000000
0.058633 0.002172 0.003371 0.000000
0.060804 0.002172 0.003371 0.000000
0.062976 0.002172 0.003371 0.000000
0.065147 0.002172 0.003371 0.000000
0.067319 0.002172 0.003371 0.000000
0.069491 0.002172 0.003371 0.000000
0.071662 0.002172 0.003371 0.000000
0.073834 0.002172 0.003371 0.000000
0.076005 0.002172 0.003371 0.000000
0.078177 0.002172 0.003371 0.000000
0.080348 0.002172 0.003371 0.000000
0.082520 0.002172 0.003371 0.000000
0.084692 0.002172 0.003371 0.000000
0.086863 0.002172 0.003371 0.000000
0.089035 0.002172 0.003371 0.000000
0.091206 0.002172 0.003371 0.000000
0.093378 0.002172 0.003371 0.000000
0.095549 0.002172 0.003371 0.000000
0.097721 0.002172 0.003371 0.000000
0.099892 0.002172 0.003371 0.000000
0.102064 0.002171 0.003371 0.000000
0.104235 0.002171 0.003371 0.000000
0.106407 0.002171 0.003371 0.000000
0.108578 0.002171 0.003371 0.000000
0.110750 0.002171 0.003371 0.000000
0.112921 0.002171 0.003371 0.000000
0.115093 0.002171 0.003371 0.000000
0.117264 0.002171 0.003371 0.000000
0.119435 0.002171 0.003371 0.000000
0.121607 0.002171 0.003371 0.000000
0.123778 0.002171 0.003371 0.000000
0.125950 0.002171 0.003371 0.000000
0.128121 0.002171 0.003371 0.000000
0.130293 0.002171 0.003371 0.000000
0.132464 0.002171 0.003371 0.000000
0.134635 0.002171 0.003371 0.000000
0.136807 0.002171 0.003371 0.000000
0.138978 0.002171 0.003371 0.000000
0.141150 0.002171 0.003371 0.000000
0.143321 0.002171 0.003371 0.000000
0.145492 0.002171 0.003371 0.000000
0.147664 0.002171 0.003371 0.000000
0.149835 0.002171 0.003371 0.000000
0.152007 0.002171 0.003371 0.000000
0.154178 0.002171 0.003371 0.000000
0.156349 0.002171 0.003371 0.000000
0.158521 0.002171 0.003371 0.000000
0.160692 0.002171 0.003371 0.000000
0.162863 0.002171 0.003371 0.000000
0.165035 0.002171 0.003371 0.000000
0.167206 0.002171 0.003371 0.000000
0.169377 0.002171 0.003371 0.000000
0.171549 0.002171 0.003371 0.000000
0.173720 0.002171 0.003371 0.000000
0.175891 0.002171 0.003371 0.000000
0.178062 0.002171 0.003371 0.000000
0.180234 0.002171 0.003371 0.000000
0.182405 0.002171 0.003371 0.000000
0.184576 0.002171 0.003371 0.000000
0.186748 0.002171 0.003371 0.000000
0.188919 0.002171 0.003371 0.000000
0.191090 0.002171 0.003371 0.000000
0.193261 0.002171 0.003371 0.000000
0.195433 0.002171 0.003371 0.000000
0.197604 0.002171 0.003371 0.000000
0.199775 0.002171 0.003371 0.000000
0.201946 0.002171 0.003371 0.000000
0.204118 0.002171 0.003371 0.000000
0.206289 0.002171 0.003371 0.000000
0.208460 0.002171 0.003371 0.000000
0.210631 0.002171 0.003371 0.000000
0.212803 0.002171 0.003371 0.000000
0.214974 0.002171 0.003371 0.000000
0.217145 0.002171 0.003371 0.000000
0.219316 0.002171 0.003371 -0.000000
0.221487 0.002171 0.003371 -0.000000
0.223659 0.002171 0.003371 -0.000000
0.225830 0.002171 0.003371 -0.000000
0.228001 0.002171 0.003371 -0.000000
0.230172 0.002171 0.003371 -0.000000
0.232343 0.002171 0.003371 -0.000000
0.234515 0.002171 0.003371 -0.000000
0.236686 0.002171 0.003371 -0.000000
0.238857 0.002171 0.003371 -0.000000
0.241028 0.002171 0.003371 -0.000000
0.243199 0.002171 0.003371 -0.000000
0.245370 0.002171 0.003371 -0.000000
0.247542 0.002171 0.003371 -0.000000
0.249713 0.002171 0.003371 -0.000000
0.251884 0.002171 0.003371 -0.000000
0.254055 0.002171 0.003371 -0.000000
0.256226 0.002171 0.003371 -0.000000
0.258397 0.002171 0.003371 -0.000000
0.260568 0.002171 0.003371 -0.000000
0.262740 0.002171 0.003371 -0.000000
0.264911 0.002171 0.003371 -0.000000
0.267082 0.002171 0.003371 -0.000000
0.269253 0.002171 0.003371 -0.000000
0.271424 0.002171 0.003371 -0.000000
0.273595 0.002171 0.003371 -0.000000
0.275766 0.002171 0.003371 -0.000000
0.277937 0.002171 0.003371 -0.000000
0.280108 0.002171 0.003371 -0.000000
0.282280 0.002171 0.003371 -0.000000
0.284451 0.002171 0.003371 -0.000000
0.286622 0.002171 0.003371 -0.000000
0.288793 0.002171 0.003371 -0.000000
0.290964 0.002171 0.003371 -0.000000
0.293135 0.002171 0.003371 -0.000000
0.295306 0.002171 0.003371 -0.000000
0.297477 0.002171 0.003371 -0.000000
0.299648 0.002171 0.003371 -0.000000
0.301819 0.002171 0.003371 -0.000000
0.303990 0.002171 0.003371 -0.000000
0.306161 0.002171 0.003371 -0.000000
0.308332 0.002171 0.003371 -0.000000
0.310504 0.002171 0.003371 -0.000000
0.312675 0.002171 0.003371 -0.000000
0.314846 0.002171 0.003371 -0.000000
0.317017 0.002171 0.003371 -0.000000
0.319188 0.002171 0.003371 -0.000000
0.321359 0.002171 0.003371 -0.000000
0.323530 0.002171 0.003371 -0.000000
0.325701 0.002171 0.003371 -0.000000
0.327872 0.002171 0.003371 -0.000000
0.330043 0.002171 0.003371 -0.000000
0.332214 0.002171 0.003371 -0.000000
0.334385 0.002171 0.003371 -0.000000
0.336556 0.002171 0.003371 -0.000000
0.338727 0.002171 0.003371 -0.000000
0.340898 0.002171 0.003371 -0.000000
0.343069 0.002171 0.003371 -0.000000
0.345240 0.002171 0.003371 -0.000000
0.347411 0.002171 0.003371 -0.000000
0.349582 0.002171 0.003371 -0.000000
0.351753 0.002171 0.003371 -0.000000
0.353924 0.002171 0.003371 -0.000000
0.356095 0.002171 0.003371 -0.000000
0.358266 0.002171 0.003371 -0.000000
0.360437 0.002171 0.003371 -0.000000
0.362608 0.002171 0.003371 -0.000000
0.364779 0.002171 0.003371 -0.000000
0.366950 0.002171 0.003371 -0.000000
0.369121 0.002171 0.003371 -0.000000
0.371292 0.002171 0.003371 -0.000000
0.373463 0.002171 0.003371 -0.000000
0.375634 0.002171 0.003371 -0.000000
0.377805 0.002171 0.003371 -0.000000
0.379976 0.002171 0.003371 -0.000000
0.382147 0.002171 0.003371 -0.000000
0.384318 0.002171 0.003371 -0.000000
0.386489 0.002171 0.003371 -0.000000
0.388660 0.002171 0.003371 -0.000000
0.390831 0.002171 0.003371 -0.000000
0.393002 0.002171 0.003371 -0.000000
0.395173 0.002171 0.003371 -0.000000
0.397344 0.002171 0.003371 -0.000000
0.399515 0.002171 0.003371 -0.000000
0.401686 0.002171 0.003371 -0.000000
0.403857 0.002171 0.003371 -0.000000
0.406028 0.002171 0.003371 -0.000000
0.408199 0.002171 0.003371 -0.000000
0.410370 0.002171 0.003371 -0.000000
0.412541 0.002171 0.003371 -0.000000
0.414712 0.002171 0.003371 -0.000000
0.416883 0.002171 0.003371 -0.000000
0.419054 0.002171 0.003371 -0.000000
0.421225 0.002171 0.003371 -0.000000
0.423396 0.002171 0.003371 -0.000000
0.425567 0.002171 0.003371 -0.000000
0.427738 0.002171 0.003371 -0.000000
0.429909 0.002171 0.003371 -0.000000
0.432080 0.002171 0.003371 -0.000000
0.434251 0.002171 0.003371 -0.000000
0.436422 0.002171 0.003371 -0.000000
0.438593 0.002171 0.003371 -0.000000
0.440764 0.002171 0.003371 -0.000000
0.442935 0.002171 0.003371 -0.000000
0.445106 0.002171 0.003371 -0.000000
0.447277 0.002171 0.003371 -0.000000
0.449448 0.002171 0.003371 -0.000000
0.451619 0.002171 0.003371 -0.000000
0.453790 0.002171 0.003371 -0.000000
0.455961 0.002171 0.003371 -0.000000
0.458132 0.002171 0.003371 -0.000000
0.460303 0.002171 0.003371 -0.000000
0.462474 0.002171 0.003371 -0.000000
0.464644 0.002171 0.003371 -0.000000
0.466815 0.002171 0.003371 -0.000000
0.468986 0.002171 0.003371 -0.000000
0.471157 0.002171 0.003371 -0.000000
0.473328 0.002171 0.003371 -0.000000
0.475499 0.002171 0.003371 -0.000000
0.477670 0.002171 0.003371 -0.000000
0.479841 0.002171 0.003371 -0.000000
0.482012 0.002171 0.003371 -0.000000
0.484183 0.002171 0.003371 -0.000000
0.486354 0.002171 0.003371 -0.000000
0.488525 0.002171 0.003371 -0.000000
0.490696 0.002171 0.003371 -0.000000
0.492867 0.002171 0.003371 -0.000000
0.495038 0.002171 0.003371 -0.000000
0.497209 0.002171 0.003371 -0.000000
0.499380 0.002171 0.003371 -0.000000
0.501551 0.002171 0.003371 -0.000000
0.503722 0.002171 0.003371 -0.000000
0.505893 0.002171 0.003371 -0.000000
0.508064 0.002171 0.003371 -0.000000
0.510235 0.002171 0.003371 -0.000000
0.512406 0.002171 0.003371 -0.000000
0.514577 0.002171 0.003371 -0.000000
0.516748 0.002171 0.003371 -0.000000
0.518919 0.002171 0.003371 -0.000000
0.521090 0.002171 0.003371 -0.000000
0.523261 0.002171 0.003371 -0.000000
0.525432 0.002171 0.003371 -0.000000
0.527603 0.002171 0.003371 -0.000000
0.529774 0.002171 0.003371 -0.000000
0.531944 0.002171 0.003371 -0.000000
0.534115 0.002171 0.003371 -0.000000
0.536286 0.002171 0.003371 -0.000000
0.538457 0.002171 0.003371 -0.000000
0.540628 0.002171 0.003371 -0.000000
0.542799 0.002171 0.003371 -0.000000
0.544970 0.002171 0.003371 -0.000000
0.547141 0.002171 0.003371 -0.000000
0.549312 0.002171 0.003371 -0.000000
0.551483 0.002171 0.003371 -0.000000
0.553654 0.002171 0.003371 -0.000000
0.555825 0.002171 0.003371 -0.000000
0.557996 0.002171 0.003371 -0.000000
0.560167 0.002171 0.003371 -0.000000
0.562338 0.002171 0.003371 -0.000000
0.564509 0.002171 0.003371 -0.000000
0.566680 0.002171 0.003371 -0.000000
0.568851 0.002171 0.003371 -0.000000
0.571022 0.002171 0.003371 -0.000000
0.573193 0.002171 0.003371 -0.000000
0.575364 0.002171 0.003371 -0.000000
0.577535 0.002171 0.003371 -0.000000
0.579706 0.002171 0.003371 -0.000000
0.581877 0.002171 0.003371 -0.000000
0.584048 0.002171 0.003371 -0.000000
0.586219 0.002171 0.003371 -0.000000
0.588390 0.002171 0.003371 -0.000000
0.590561 0.002171 0.003371 -0.000000
0.592732 0.002171 0.003371 -0.000000
0.594903 0.002171 0.003371 -0.000000
0.597074 0.002171 0.003371 -0.000000
0.599245 0.002171 0.003371 -0.000000
0.601416 0.002171 0.003371 -0.000000
0.603587 0.002171 0.003371 -0.000000
0.605758 0.002171 0.003371 -0.000000
0.607929 0.002171 0.003371 -0.000000
0.610100 0.002171 0.003371 -0.000000
0.612271 0.002171 0.003371 -0.000000
0.614442 0.002171 0.003371 -0.000000
0.616613 0.002171 0.003371 -0.000000
0.618784 0.002171 0.003371 -0.000000
0.620955 0.002171 0.003371 -0.000000
0.623126 0.002171 0.003371 -0.000000
0.625297 0.002171 0.003371 -0.000000
0.627468 0.002171 0.003371 -0.000000
0.629639 0.002171 0.003371 -0.000000
0.631810 0.002171 0.003371 -0.000000
0.633981 0.002171 0.003371 -0.000000
0.636152 0.002171 0.003371 -0.000000
0.638323 0.002171 0.003371 -0.000000
0.640494 0.002171 0.003371 -0.000000
0.642665 0.002171 0.003371 -0.000000
0.644836 0.002171 0.003371 -0.000000
0.647007 0.002171 0.003371 -0.000000
0.649178 0.002171 0.003371 -0.000000
0.651349 0.002171 0.003371 -0.000000
0.653520 0.002171 0.003371 -0.000000
0.655691 0.002171 0.003371 -0.000000
0.657862 0.002171 0.003371 -0.000000
0.660033 0.002171 0.003371 -0.000000
0.662204 0.002171 0.003371 -0.000000
0.664375 0.002171 0.003371 -0.000000
0.666546 0.002171 0.003371 -0.000000
0.668718 0.002171 0.003371 -0.000000
0.670889 0.002171 0.003371 -0.000000
0.673060 0.002171 0.003371 -0.000000
0.675231 0.002171 0.003371 -0.000000
0.677402 0.002171 0.003371 -0.000000
0.679573 0.002171 0.003371 -0.000000
0.681744 0.002171 0.003371 -0.000000
0.683915 0.002171 0.003371 -0.000000
0.686086 0.002171 0.003371 -0.000000
0.688257 0.002171 0.003371 -0.000000
0.690428 0.002171 0.003371 -0.000000
0.692599 0.002171 0.003371 -0.000000
0.694770 0.002171 0.003371 -0.000000
0.696941 0.002171 0.003371 -0.000000
0.699112 0.002171 0.003371 -0.000000
0.701283 0.002171 0.003371 -0.000000
0.703454 0.002171 0.003371 -0.000000
0.705625 0.002171 0.003371 -0.000000
0.707796 0.002171 0.003371 -0.000000
0.709967 0.002171 0.003371 -0.000000
0.712139 0.002171 0.003371 -0.000000
0.714310 0.002171 0.003371 -0.000000
0.716481 0.002171 0.003371 -0.000000
0.718652 0.002171 0.003371 -0.000000
0.720823 0.002171 0.003371 -0.000000
0.722994 0.002171 0.003371 -0.000000
0.725165 0.002171 0.003371 -0.000000
0.727336 0.002171 0.003371 -0.000000
0.729507 0.002171 0.003371 -0.000000
0.731678 0.002171 0.003371 -0.000000
0.733849 0.002171 0.003371 -0.000000
0.736020 0.002171 0.003371 -0.000000
0.738191 0.002171 0.003371 -0.000000
0.740362 0.002171 0.003371 -0.000000
0.742534 0.002171 0.003371 -0.000000
0.744705 0.002171 0.003371 -0.000000
0.746876 0.002171 0.003371 -0.000000
0.749047 0.002171 0.003371 -0.000000
0.751218 0.002171 0.003371 -0.000000
0.753389 0.002171 0.003371 -0.000000
0.755560 0.002171 0.003371 -0.000000
0.757731 0.002171 0.003371 -0.000000
0.759902 0.002171 0.003371 -0.000000
0.762073 0.002171 0.003371 -0.000000
0.764244 0.002171 0.003371 -0.000000
0.766415 0.002171 0.003371 -0.000000
0.768587 0.002171 0.003371 -0.000000
0.770758 0.002171 0.003371 -0.000000
0.772929 0.002171 0.003371 -0.000000
0.775100 0.002171 0.003371 -0.000000
0.777271 0.002171 0.003371 -0.000000
0.779442 0.002171 0.003371 -0.000000
0.781613 0.002171 0.003371 -0.000000
0.783784 0.002171 0.003371 -0.000000
0.785955 0.002171 0.003371 -0.000000
0.788126 0.002171 0.003371 -0.000000
0.790298 0.002171 0.003371 -0.000000
0.792469 0.002171 0.003371 -0.000000
0.794640 0.002171 0.003371 -0.000000
0.796811 0.002171 0.003371 -0.000000
0.798982 0.002171 0.003371 -0.000000
0.801153 0.002171 0.003371 -0.000000
0.803324 0.002171 0.003371 -0.000000
0.805495 0.002171 0.003371 -0.000000
0.807667 0.002171 0.003371 -0.000000
0.809838 0.002171 0.003371 -0.000000
0.812009 0.002171 0.003371 -0.000000
0.814180 0.002171 0.003371 -0.000000
0.816351 0.002171 0.003371 -0.000000
0.818522 0.002171 0.003371 -0.000000
0.820693 0.002171 0.003371 -0.000000
0.822864 0.002171 0.003371 -0.000000
0.825035 0.002171 0.003371 -0.000000
0.827207 0.002171 0.003371 -0.000000
0.829378 0.002171 0.003371 -0.000000
0.831549 0.002171 0.003371 -0.000000
0.833720 0.002171 0.003371 -0.000000
0.835891 0.002171 0.003371 -0.000000
0.838062 0.002171 0.003371 -0.000000
0.840233 0.002171 0.003371 -0.000000
0.842405 0.002171 0.003371 -0.000000
0.844576 0.002171 0.003371 -0.000000
0.846747 0.002171 0.003371 -0.000000
0.848918 0.002171 0.003371 -0.000000
0.851089 0.002171 0.003371 -0.000000
0.853260 0.002171 0.003371 -0.000000
0.855431 0.002171 0.003371 -0.000000
0.857602 0.002171 0.003371 -0.000000
0.859774 0.002171 0.003371 -0.000000
0.861945 0.002171 0.003371 -0.000000
0.864116 0.002171 0.003371 -0.000000
0.866287 0.002171 0.003371 -0.000000
0.868458 0.002171 0.003371 -0.000000
0.870629 0.002171 0.003371 -0.000000
0.872800 0.002171 0.003371 -0.000000
0.874972 0.002171 0.003371 -0.000000
0.877143 0.002171 0.003371 -0.000000
0.879314 0.002171 0.003371 -0.000000
0.881485 0.002171 0.003370 -0.000000
0.883656 0.002171 0.003370 -0.000000
0.885827 0.002171 0.003370 -0.000000
0.887999 0.002171 0.003370 -0.000000
0.890170 0.002171 0.003370 -0.000000
0.892341 0.002171 0.003370 -0.000000
0.894512 0.002171 0.003370 -0.000000
0.896683 0.002171 0.003370 -0.000000
0.898854 0.002171 0.003370 -0.000000
0.901025 0.002171 0.003370 -0.000000
0.903197 0.002171 0.003370 -0.000000
0.905368 0.002171 0.003370 -0.000000
0.907539 0.002171 0.003370 -0.000000
0.909710 0.002171 0.003370 -0.000000
0.911881 0.002171 0.003370 -0.000000
0.914052 0.002171 0.003370 -0.000000
0.916224 0.002171 0.003370 -0.000000
0.918395 0.002171 0.003370 -0.000000
0.920566 0.002171 0.003370 -0.000000
0.922737 0.002171 0.003370 -0.000000
0.924908 0.002171 0.003370 -0.000000
0.927079 0.002171 0.003370 -0.000001
0.929251 0.002171 0.003370 -0.000001
0.931422 0.002171 0.003370 -0.000001
0.933593 0.002171 0.003370 -0.000001
0.935764 0.002171 0.003370 -0.000001
0.937935 0.002171 0.003370 -0.000001
0.940106 0.002171 0.003370 -0.000001
0.942278 0.002171 0.003370 -0.000001
0.944449 0.002171 0.003370 -0.000001
0.946620 0.002171 0.003370 -0.000001
0.948791 0.002171 0.003370 -0.000001
0.950962 0.002171 0.003370 -0.000001
0.953133 0.002171 0.003370 -0.000001
0.955305 0.002171 0.003370 -0.000001
0.957476 0.002171 0.003370 -0.000001
0.959647 0.002171 0.003370 -0.000001
0.961818 0.002171 0.003370 -0.000001
0.963989 0.002171 0.003370 -0.000001
0.966160 0.002171 0.003370 -0.000001
0.968332 0.002171 0.003370 -0.000001
0.970503 0.002171 0.003369 -0.000001
0.972674 0.002171 0.003369 -0.000001
0.974845 0.002171 0.003369 -0.000001
0.977016 0.002171 0.003369 -0.000001
0.979187 0.002171 0.003369 -0.000001
0.981359 0.002171 0.003369 -0.000002
0.983530 0.002171 0.003369 -0.000002
0.985701 0.002171 0.003369 -0.000002
0.987872 0.002171 0.003369 -0.000002
0.990043 0.002171 0.003369 -0.000002
0.992214 0.002171 0.003369 -0.000002
0.994386 0.002171 0.003369 -0.000002
0.996557 0.002171 0.003369 -0.000002
0.998728 0.002171 0.003369 -0.000002
1.000899 0.002171 0.003369 -0.000002
1.003070 0.002171 0.003368 -0.000002
1.005241 0.002171 0.003368 -0.000002
1.007413 0.002171 0.003368 -0.000002
1.009584 0.002171 0.003368 -0.000002
1.011755 0.002171 0.003368 -0.000003
1.013926 0.002171 0.003368 -0.000003
1.016097 0.002171 0.003368 -0.000003
1.018269 0.002171 0.003368 -0.000003
1.020440 0.002171 0.003368 -0.000003
1.022611 0.002171 0.003368 -0.000003
1.024782 0.002171 0.003368 -0.000003
1.026953 0.002171 0.003368 -0.000003
1.029124 0.002171 0.003367 -0.000003
1.031296 0.002171 0.003367 -0.000003
1.033467 0.002171 0.003367 -0.000003
1.035638 0.002171 0.003367 -0.000003
1.037809 0.002171 0.003367 -0.000004
1.039980 0.002171 0.003367 -0.000004
1.042151 0.002171 0.003367 -0.000004
1.044323 0.002171 0.003367 -0.000004
1.046494 0.002171 0.003367 -0.000004
1.048665 0.002171 0.003367 -0.000004
1.050836 0.002171 0.003367 -0.000004
1.053007 0.002171 0.003367 -0.000004
1.055179 0.002171 0.003367 -0.000004
1.057350 0.002171 0.003366 -0.000004
1.059521 0.002171 0.003366 -0.000004
1.061692 0.002171 0.003366 -0.000004
1.063863 0.002171 0.003366 -0.000005
1.066034 0.002171 0.003366 -0.000005
1.068206 0.002171 0.003366 -0.000005
1.070377 0.002171 0.003366 -0.000005
1.072548 0.002171 0.003366 -0.000005
1.074719 0.002171 0.003366 -0.000005
1.076890 0.002171 0.003366 -0.000005
1.079061 0.002171 0.003366 -0.000005
1.081233 0.002171 0.003366 -0.000005
1.083404 0.002171 0.003366 -0.000005
1.085575 0.002171 0.003365 -0.000005
1.087746 0.002171 0.003365 -0.000005
1.089917 0.002171 0.003365 -0.000005
1.092088 0.002171 0.003365 -0.000005
1.094260 0.002171 0.003365 -0.000005
1.096431 0.002171 0.003365 -0.000006
1.098602 0.002171 0.003365 -0.000006
1.100773 0.002171 0.003365 -0.000006
1.102944 0.002171 0.003365 -0.000006
1.105116 0.002171 0.003365 -0.000006
1.107287 0.002171 0.003365 -0.000006
1.109458 0.002171 0.003365 -0.000006
1.111629 0.002171 0.003365 -0.000006
1.113800 0.002171 0.003365 -0.000006
1.115971 0.002171 0.003365 -0.000006
1.118143 0.002171 0.003365 -0.000006
1.120314 0.002171 0.003365 -0.000006
1.122485 0.002171 0.003364 -0.000006
1.124656 0.002171 0.003364 -0.000006
1.126827 0.002171 0.003364 -0.000006
1.128998 0.002171 0.003364 -0.000006
1.131170 0.002171 0.003364 -0.000006
1.133341 0.002171 0.003364 -0.000006
1.135512 0.002171 0.003364 -0.000006
1.137683 0.002171 0.003364 -0.000006
1.139854 0.002171 0.003364 -0.000007
1.142025 0.002171 0.003364 -0.000007
1.144196 0.002171 0.003364 -0.000007
1.146368 0.002171 0.003364 -0.000007
1.148539 0.002171 0.003364 -0.000007
1.150710 0.002171 0.003364 -0.000007
1.152881 0.002171 0.003364 -0.000007
1.155052 0.002171 0.003364 -0.000007
1.157223 0.002171 0.003364 -0.000007
1.159395 0.002171 0.003364 -0.000007
1.161566 0.002171 0.003364 -0.000007
1.163737 0.002171 0.003364 -0.000007
1.165908 0.002171 0.003364 -0.000007
1.168079 0.002171 0.003364 -0.000007
1.170250 0.002171 0.003364 -0.000007
1.172422 0.002171 0.003364 -0.000007
1.174593 0.002171 0.003364 -0.000007
1.176764 0.002171 0.003364 -0.000007
1.178935 0.002171 0.003364 -0.000007
1.181106 0.002171 0.003364 -0.000007
1.183277 0.002171 0.003364 -0.000007
1.185448 0.002171 0.003364 -0.000007
1.187620 0.002171 0.003364 -0.000007
1.189791 0.002171 0.003364 -0.000007
1.191962 0.002171 0.003364 -0.000007
1.194133 0.002171 0.003364 -0.000007
1.196304 0.002171 0.003364 -0.000007
1.198475 0.002171 0.003364 -0.000007
1.200646 0.002171 0.003364 -0.000007
1.202818 0.002171 0.003364 -0.000007
1.204989 0.002171 0.003364 -0.000007
1.207160 0.002171 0.003364 -0.000007
1.209331 0.002171 0.003364 -0.000007
1.211502 0.002171 0.003364 -0.000007
1.213673 0.002171 0.003364 -0.000007
1.215844 0.002171 0.003364 -0.000007
1.218016 0.002171 0.003364 -0.000007
1.220187 0.002171 0.003364 -0.000007
1.222358 0.002171 0.003364 -0.000007
1.224529 0.002171 0.003364 -0.000007
1.226700 0.002171 0.003364 -0.000007
1.228871 0.002171 0.003364 -0.000007
1.231042 0.002171 0.003364 -0.000007
1.233214 0.002171 0.003364 -0.000007
1.235385 0.002171 0.003364 -0.000007
1.237556 0.002171 0.003364 -0.000007
1.239727 0.002171 0.003364 -0.000007
1.241898 0.002171 0.003364 -0.000007
1.244069 0.002171 0.003364 -0.000007
1.246240 0.002171 0.003364 -0.000007
1.248411 0.002171 0.003364 -0.000007
1.250583 0.002171 0.003364 -0.000007
1.252754 0.002171 0.003364 -0.000007
1.254925 0.002171 0.003364 -0.000007
1.257096 0.002171 0.003364 -0.000007
1.259267 0.002171 0.003364 -0.000007
1.261438 0.002171 0.003364 -0.000007
1.263609 0.002171 0.003364 -0.000007
1.265780 0.002171 0.003364 -0.000007
1.267952 0.002171 0.003364 -0.000007
1.270123 0.002171 0.003364 -0.000007
1.272294 0.002171 0.003364 -0.000007
1.274465 0.002171 0.003364 -0.000007
1.276636 0.002171 0.003364 -0.000007
1.278807 0.002171 0.003364 -0.000007
1.280978 0.002171 0.003364 -0.000007
1.283149 0.002171 0.003364 -0.000007
1.285321 0.002171 0.003364 -0.000007
1.287492 0.002171 0.003364 -0.000007
1.289663 0.002171 0.003364 -0.000007
1.291834 0.002171 0.003364 -0.000007
1.294005 0.002171 0.003364 -0.000007
1.296176 0.002171 0.003364 -0.000007
1.298347 0.002171 0.003364 -0.000007
1.300518 0.002171 0.003364 -0.000007
1.302689 0.002171 0.003364 -0.000007
1.304861 0.002171 0.003364 -0.000007
1.307032 0.002171 0.003364 -0.000007
1.309203 0.002171 0.003364 -0.000007
1.311374 0.002171 0.003364 -0.000007
1.313545 0.002171 0.003364 -0.000007
1.315716 0.002171 0.003364 -0.000006
1.317887 0.002171 0.003364 -0.000006
1.320058 0.002171 0.003364 -0.000006
1.322229 0.002171 0.003364 -0.000006
1.324400 0.002171 0.003364 -0.000006
1.326572 0.002171 0.003364 -0.000006
1.328743 0.002171 0.003364 -0.000006
1.330914 0.002171 0.003364 -0.000006
1.333085 0.002171 0.003364 -0.000006
1.335256 0.002171 0.003364 -0.000006
1.337427 0.002171 0.003364 -0.000006
1.339598 0.002171 0.003364 -0.000006
1.341769 0.002171 0.003364 -0.000006
1.343940 0.002171 0.003365 -0.000006
1.346111 0.002171 0.003365 -0.000006
1.348282 0.002171 0.003365 -0.000006
1.350454 0.002171 0.003365 -0.000006
1.352625 0.002171 0.003365 -0.000006
1.354796 0.002171 0.003365 -0.000006
1.356967 0.002171 0.003365 -0.000006
1.359138 0.002171 0.003365 -0.000006
1.361309 0.002171 0.003365 -0.000006
1.363480 0.002171 0.003365 -0.000006
1.365651 0.002171 0.003365 -0.000006
1.367822 0.002171 0.003365 -0.000006
1.369993 0.002171 0.003365 -0.000006
1.372164 0.002171 0.003365 -0.000006
1.374335 0.002171 0.003365 -0.000006
1.376507 0.002171 0.003365 -0.000006
1.378678 0.002171 0.003365 -0.000006
1.380849 0.002171 0.003365 -0.000006
1.383020 0.002171 0.003365 -0.000006
1.385191 0.002171 0.003365 -0.000005
1.387362 0.002171 0.003365 -0.000005
1.389533 0.002171 0.003365 -0.000005
1.391704 0.002171 0.003365 -0.000005
1.393875 0.002171 0.003365 -0.000005
1.396046 0.002171 0.003365 -0.000005
1.398217 0.002171 0.003366 -0.000005
1.400388 0.002171 0.003366 -0.000005
1.402559 0.002171 0.003366 -0.000005
1.404730 0.002171 0.003366 -0.000005
1.406902 0.002171 0.003366 -0.000005
1.409073 0.002171 0.003366 -0.000005
1.411244 0.002171 0.003366 -0.000005
1.413415 0.002171 0.003366 -0.000005
1.415586 0.002171 0.003366 -0.000005
1.417757 0.002171 0.003366 -0.000005
1.419928 0.002171 0.003366 -0.000005
1.422099 0.002171 0.003366 -0.000004
1.424270 0.002171 0.003366 -0.000004
1.426441 0.002171 0.003366 -0.000004
1.428612 0.002171 0.003366 -0.000004
1.430783 0.002171 0.003367 -0.000004
1.432954 0.002171 0.003367 -0.000004
1.435125 0.002171 0.003367 -0.000004
1.437296 0.002171 0.003367 -0.000004
1.439467 0.002171 0.003367 -0.000004
1.441638 0.002171 0.003367 -0.000004
1.443809 0.002171 0.003367 -0.000004
1.445980 0.002171 0.003367 -0.000004
1.448151 0.002171 0.003367 -0.000004
1.450323 0.002171 0.003367 -0.000003
1.452494 0.002171 0.003367 -0.000003
1.454665 0.002171 0.003367 -0.000003
1.456836 0.002171 0.003367 -0.000003
1.459007 0.002171 0.003368 -0.000003
1.461178 0.002171 0.003368 -0.000003
1.463349 0.002171 0.003368 -0.000003
1.465520 0.002171 0.003368 -0.000003
1.467691 0.002171 0.003368 -0.000003
1.469862 0.002171 0.003368 -0.000003
1.472033 0.002171 0.003368 -0.000003
1.474204 0.002171 0.003368 -0.000003
1.476375 0.002171 0.003368 -0.000002
1.478546 0.002171 0.003368 -0.000002
1.480717 0.002171 0.003368 -0.000002
1.482888 0.002171 0.003368 -0.000002
1.485059 0.002171 0.003369 -0.000002
1.487230 0.002171 0.003369 -0.000002
1.489401 0.002171 0.003369 -0.000002
1.491572 0.002171 0.003369 -0.000002
1.493743 0.002171 0.003369 -0.000002
1.495914 0.002171 0.003369 -0.000002
1.498085 0.002171 0.003369 -0.000002
1.500256 0.002171 0.003369 -0.000002
1.502427 0.002171 0.003369 -0.000001
1.504598 0.002171 0.003369 -0.000001
1.506769 0.002171 0.003369 -0.000001
1.508940 0.002171 0.003369 -0.000001
1.511111 0.002171 0.003370 -0.000001
1.513282 0.002171 0.003370 -0.000001
1.515453 0.002171 0.003370 -0.000001
1.517624 0.002171 0.003370 -0.000001
1.519795 0.002171 0.003370 -0.000001
1.521966 0.002171 0.003370 -0.000001
1.524137 0.002171 0.003370 -0.000001
1.526308 0.002171 0.003370 -0.000001
1.528479 0.002171 0.003370 -0.000001
1.530650 0.002171 0.003370 -0.000001
1.532821 0.002171 0.003370 -0.000000
1.534992 0.002171 0.003370 -0.000000
1.537163 0.002171 0.003370 -0.000000
1.539334 0.002171 0.003370 -0.000000
1.541505 0.002171 0.003371 -0.000000
1.543676 0.002171 0.003371 -0.000000
1.545847 0.002171 0.003371 -0.000000
1.548018 0.002171 0.003371 0.000000
1.550189 0.002171 0.003371 0.000000
1.552360 0.002171 0.003371 0.000000
1.554531 0.002171 0.003371 0.000000
1.556702 0.002171 0.003371 0.000000
1.558873 0.002171 0.003371 0.000000
1.561044 0.002171 0.003371 0.000000
1.563215 0.002171 0.003371 0.000000
1.565386 0.002171 0.003371 0.000001
1.567557 0.002171 0.003371 0.000001
1.569728 0.002171 0.003371 0.000001
1.571899 0.002171 0.003371 0.000001
1.574070 0.002171 0.003371 0.000001
1.576241 0.002171 0.003372 0.000001
1.578412 0.002171 0.003372 0.000001
1.580583 0.002171 0.003372 0.000001
1.582754 0.002171 0.003372 0.000001
1.584925 0.002171 0.003372 0.000001
1.587096 0.002171 0.003372 0.000001
1.589267 0.002171 0.003372 0.000001
1.591438 0.002171 0.003372 0.000001
1.593609 0.002171 0.003372 0.000001
1.595780 0.002171 0.003372 0.000001
1.597951 0.002171 0.003372 0.000001
1.600121 0.002171 0.003372 0.000001
1.602292 0.002171 0.003372 0.000001
1.604463 0.002171 0.003372 0.000002
1.606634 0.002171 0.003372 0.000002
1.608805 0.002171 0.003372 0.000002
1.610976 0.002171 0.003372 0.000002
1.613147 0.002171 0.003372 0.000002
1.615318 0.002171 0.003372 0.000002
1.617489 0.002171 0.003373 0.000002
1.619660 0.002171 0.003373 0.000002
1.621831 0.002171 0.003373 0.000002
1.624002 0.002171 0.003373 0.000002
1.626173 0.002171 0.003373 0.000002
1.628344 0.002171 0.003373 0.000002
1.630515 0.002171 0.003373 0.000002
1.632686 0.002171 0.003373 0.000002
1.634857 0.002171 0.003373 0.000002
1.637028 0.002171 0.003373 0.000002
1.639199 0.002171 0.003373 0.000002
1.641369 0.002171 0.003373 0.000002
1.643540 0.002171 0.003373 0.000002
1.645711 0.002171 0.003373 0.000002
1.647882 0.002171 0.003373 0.000002
1.650053 0.002171 0.003373 0.000002
1.652224 0.002171 0.003373 0.000002
1.654395 0.002171 0.003373 0.000002
1.656566 0.002171 0.003373 0.000002
1.658737 0.002171 0.003373 0.000002
1.660908 0.002171 0.003373 0.000003
1.663079 0.002171 0.003373 0.000003
1.665250 0.002171 0.003373 0.000003
1.667421 0.002171 0.003373 0.000003
1.669591 0.002171 0.003373 0.000003
1.671762 0.002171 0.003373 0.000003
1.673933 0.002171 0.003373 0.000003
1.676104 0.002171 0.003373 0.000003
1.678275 0.002171 0.003373 0.000003
1.680446 0.002171 0.003373 0.000003
1.682617 0.002171 0.003373 0.000003
1.684788 0.002171 0.003373 0.000003
1.686959 0.002171 0.003373 0.000003
1.689130 0.002171 0.003374 0.000003
1.691300 0.002171 0.003374 0.000003
1.693471 0.002171 0.003374 0.000003
1.695642 0.002171 0.003374 0.000003
1.697813 0.002171 0.003374 0.000003
1.699984 0.002171 0.003374 0.000003
1.702155 0.002171 0.003374 0.000003
1.704326 0.002171 0.003374 0.000003
1.706497 0.002171 0.003374 0.000003
1.708668 0.002171 0.003374 0.000003
1.710839 0.002171 0.003374 0.000003
1.713009 0.002171 0.003374 0.000003
1.715180 0.002171 0.003374 0.000003
1.717351 0.002171 0.003374 0.000003
1.719522 0.002171 0.003374 0.000003
1.721693 0.002171 0.003374 0.000003
1.723864 0.002171 0.003374 0.000003
1.726035 0.002171 0.003374 0.000003
1.728206 0.002171 0.003374 0.000003
1.730376 0.002171 0.003374 0.000003
1.732547 0.002171 0.003374 0.000003
1.734718 0.002171 0.003374 0.000003
1.736889 0.002171 0.003374 0.000003
1.739060 0.002171 0.003374 0.000003
1.741231 0.002171 0.003374 0.000003
1.743402 0.002171 0.003374 0.000003
1.745573 0.002171 0.003374 0.000003
1.747743 0.002171 0.003374 0.000003
1.749914 0.002171 0.003374 0.000003
1.752085 0.002171 0.003374 0.000003
1.754256 0.002171 0.003374 0.000003
1.756427 0.002171 0.003374 0.000003
1.758598 0.002171 0.003374 0.000003
1.760769 0.002171 0.003374 0.000003
1.762939 0.002171 0.003374 0.000003
1.765110 0.002171 0.003374 0.000003
1.767281 0.002171 0.003374 0.000003
1.769452 0.002171 0.003374 0.000003
1.771623 0.002171 0.003374 0.000003
1.773794 0.002171 0.003374 0.000003
1.775964 0.002171 0.003374 0.000003
1.778135 0.002171 0.003374 0.000003
1.780306 0.002171 0.003374 0.000003
1.782477 0.002171 0.003374 0.000003
1.784648 0.002171 0.003374 0.000003
1.786819 0.002171 0.003374 0.000003
1.788990 0.002171 0.003374 0.000003
1.791160 0.002171 0.003374 0.000003
1.793331 0.002171 0.003374 0.000003
1.795502 0.002171 0.003374 0.000003
1.797673 0.002171 0.003374 0.000003
1.799844 0.002171 0.003374 0.000003
1.802014 0.002171 0.003374 0.000003
1.804185 0.002171 0.003374 0.000003
1.806356 0.002171 0.003374 0.000003
1.808527 0.002171 0.003374 0.000003
1.810698 0.002171 0.003374 0.000003
1.812869 0.002171 0.003374 0.000003
1.815039 0.002171 0.003374 0.000003
1.817210 0.002171 0.003374 0.000003
1.819381 0.002171 0.003374 0.000003
1.821552 0.002171 0.003374 0.000003
1.823723 0.002171 0.003374 0.000003
1.825894 0.002171 0.003374 0.000003
1.828064 0.002171 0.003374 0.000003
1.830235 0.002171 0.003374 0.000003
1.832406 0.002171 0.003374 0.000003
1.834577 0.002171 0.003374 0.000003
1.836748 0.002171 0.003374 0.000003
1.838918 0.002171 0.003374 0.000003
1.841089 0.002171 0.003374 0.000003
1.843260 0.002171 0.003374 0.000003
1.845431 0.002171 0.003374 0.000003
1.847602 0.002171 0.003374 0.000003
1.849772 0.002171 0.003374 0.000003
1.851943 0.002171 0.003374 0.000003
1.854114 0.002171 0.003374 0.000003
1.856285 0.002171 0.003374 0.000003
1.858456 0.002171 0.003374 0.000003
1.860626 0.002171 0.003374 0.000003
1.862797 0.002171 0.003374 0.000003
1.864968 0.002171 0.003374 0.000003
1.867139 0.002171 0.003374 0.000003
1.869309 0.002171 0.003374 0.000003
1.871480 0.002171 0.003374 0.000003
1.873651 0.002171 0.003374 0.000003
1.875822 0.002171 0.003374 0.000003
1.877993 0.002171 0.003374 0.000003
1.880163 0.002171 0.003374 0.000003
1.882334 0.002171 0.003374 0.000003
1.884505 0.002171 0.003374 0.000003
1.886676 0.002171 0.003374 0.000003
1.888847 0.002171 0.003374 0.000003
1.891017 0.002171 0.003374 0.000003
1.893188 0.002171 0.003374 0.000003
1.895359 0.002171 0.003374 0.000003
1.897530 0.002171 0.003374 0.000003
1.899700 0.002171 0.003374 0.000003
1.901871 0.002171 0.003374 0.000003
1.904042 0.002171 0.003374 0.000003
1.906213 0.002171 0.003374 0.000003
1.908383 0.002171 0.003374 0.000003
1.910554 0.002171 0.003374 0.000003
1.912725 0.002171 0.003374 0.000003
1.914896 0.002171 0.003374 0.000003
1.917067 0.002171 0.003374 0.000003
1.919237 0.002171 0.003374 0.000003
1.921408 0.002171 0.003373 0.000003
1.923579 0.002171 0.003373 0.000003
1.925750 0.002171 0.003373 0.000003
1.927920 0.002171 0.003373 0.000003
1.930091 0.002171 0.003373 0.000003
1.932262 0.002171 0.003373 0.000003
1.934433 0.002171 0.003373 0.000003
1.936603 0.002171 0.003373 0.000003
1.938774 0.002171 0.003373 0.000003
1.940945 0.002171 0.003373 0.000003
1.943116 0.002171 0.003373 0.000003
1.945286 0.002171 0.003373 0.000003
1.947457 0.002171 0.003373 0.000003
1.949628 0.002171 0.003373 0.000003
1.951799 0.002171 0.003373 0.000003
1.953969 0.002171 0.003373 0.000003
1.956140 0.002171 0.003373 0.000003
1.958311 0.002171 0.003373 0.000003
1.960482 0.002171 0.003373 0.000003
1.962652 0.002171 0.003373 0.000002
1.964823 0.002171 0.003373 0.000002
1.966994 0.002171 0.003373 0.000002
1.969165 0.002171 0.003373 0.000002
1.971335 0.002171 0.003373 0.000002
1.973506 0.002171 0.003373 0.000002
1.975677 0.002171 0.003373 0.000002
1.977848 0.002171 0.003373 0.000002
1.980018 0.002171 0.003373 0.000002
1.982189 0.002171 0.003373 0.000002
1.984360 0.002171 0.003373 0.000002
1.986530 0.002171 0.003373 0.000002
1.988701 0.002171 0.003373 0.000002
1.990872 0.002171 0.003373 0.000002
1.993043 0.002171 0.003373 0.000002
1.995213 0.002171 0.003373 0.000002
1.997384 0.002171 0.003373 0.000002
1.999555 0.002171 0.003373 0.000002
2.001726 0.002171 0.003373 0.000002
2.003896 0.002171 0.003373 0.000002
2.006067 0.002171 0.003373 0.000002
2.008238 0.002171 0.003373 0.000002
2.010409 0.002171 0.003373 0.000002
2.012579 0.002171 0.003373 0.000002
2.014750 0.002171 0.003373 0.000002
2.016921 0.002171 0.003373 0.000002
2.019092 0.002171 0.003373 0.000002
2.021262 0.002171 0.003373 0.000002
2.023433 0.002171 0.003373 0.000002
2.025604 0.002171 0.003373 0.000002
2.027774 0.002171 0.003373 0.000002
2.029945 0.002171 0.003373 0.000002
2.032116 0.002171 0.003373 0.000002
2.034287 0.002171 0.003373 0.000002
2.036457 0.002171 0.003372 0.000002
2.038628 0.002171 0.003372 0.000002
2.040799 0.002171 0.003372 0.000002
2.042970 0.002171 0.003372 0.000002
2.045140 0.002171 0.003372 0.000002
2.047311 0.002171 0.003372 0.000002
2.049482 0.002171 0.003372 0.000002
2.051653 0.002171 0.003372 0.000002
2.053823 0.002171 0.003372 0.000002
2.055994 0.002171 0.003372 0.000002
2.058165 0.002171 0.003372 0.000002
2.060335 0.002171 0.003372 0.000002
2.062506 0.002171 0.003372 0.000002
2.064677 0.002171 0.003372 0.000002
2.066848 0.002171 0.003372 0.000001
2.069018 0.002171 0.003372 0.000001
2.071189 0.002171 0.003372 0.000001
2.073360 0.002171 0.003372 0.000001
2.075531 0.002171 0.003372 0.000001
2.077701 0.002171 0.003372 0.000001
2.079872 0.002171 0.003372 0.000001
2.082043 0.002171 0.003372 0.000001
2.084214 0.002171 0.003372 0.000001
2.086384 0.002171 0.003372 0.000001
2.088555 0.002171 0.003372 0.000001
2.090726 0.002171 0.003372 0.000001
2.092897 0.002171 0.003372 0.000001
2.095067 0.002171 0.003372 0.000001
2.097238 0.002171 0.003372 0.000001
2.099409 0.002171 0.003372 0.000001
2.101580 0.002171 0.003372 0.000001
2.103750 0.002171 0.003372 0.000001
2.105921 0.002171 0.003372 0.000001
2.108092 0.002171 0.003372 0.000001
2.110263 0.002171 0.003372 0.000001
2.112433 0.002171 0.003372 0.000001
2.114604 0.002171 0.003372 0.000001
2.116775 0.002171 0.003372 0.000001
2.118946 0.002171 0.003372 0.000001
2.121116 0.002171 0.003372 0.000001
2.123287 0.002171 0.003372 0.000001
2.125458 0.002171 0.003372 0.000001
2.127629 0.002171 0.003372 0.000001
2.129799 0.002171 0.003372 0.000001
2.131970 0.002171 0.003372 0.000001
2.134141 0.002171 0.003372 0.000001
2.136312 0.002171 0.003372 0.000001
2.138483 0.002171 0.003372 0.000001
2.140653 0.002171 0.003372 0.000001
2.142824 0.002171 0.003372 0.000001
2.144995 0.002171 0.003372 0.000001
2.147166 0.002171 0.003372 0.000001
2.149336 0.002171 0.003372 0.000001
2.151507 0.002171 0.003372 0.000001
2.153678 0.002171 0.003372 0.000001
2.155849 0.002171 0.003372 0.000001
2.158020 0.002171 0.003371 0.000001
2.160190 0.002171 0.003371 0.000001
2.162361 0.002171 0.003371 0.000001
2.164532 0.002171 0.003371 0.000001
2.166703 0.002171 0.003371 0.000001
2.168874 0.002171 0.003371 0.000001
2.171044 0.002171 0.003371 0.000001
2.173215 0.002171 0.003371 0.000001
2.175386 0.002171 0.003371 0.000001
2.177557 0.002171 0.003371 0.000001
2.179728 0.002171 0.003371 0.000001
2.181898 0.002171 0.003371 0.000001
2.184069 0.002171 0.003371 0.000001
2.186240 0.002171 0.003371 0.000001
2.188411 0.002171 0.003371 0.000001
2.190582 0.002171 0.003371 0.000001
2.192753 0.002171 0.003371 0.000001
2.194923 0.002171 0.003371 0.000000
2.197094 0.002171 0.003371 0.000000
2.199265 0.002171 0.003371 0.000000
2.201436 0.002171 0.003371 0.000000
2.203607 0.002171 0.003371 0.000000
2.205778 0.002171 0.003371 0.000000
2.207948 0.002171 0.003371 0.000000
2.210119 0.002171 0.003371 0.000000
2.212290 0.002171 0.003371 0.000000
2.214461 0.002171 0.003371 0.000000
2.216632 0.002171 0.003371 0.000000
2.218803 0.002171 0.003371 0.000000
2.220974 0.002171 0.003371 0.000000
2.223144 0.002171 0.003371 0.000000
2.225315 0.002171 0.003371 0.000000
2.227486 0.002171 0.003371 0.000000
2.229657 0.002171 0.003371 0.000000
2.231828 0.002171 0.003371 0.000000
2.233999 0.002171 0.003371 0.000000
2.236170 0.002171 0.003371 0.000000
2.238341 0.002171 0.003371 0.000000
2.240512 0.002171 0.003371 0.000000
2.242683 0.002171 0.003371 -0.000000
2.244853 0.002171 0.003371 -0.000000
2.247024 0.002171 0.003371 -0.000000
2.249195 0.002171 0.003371 -0.000000
2.251366 0.002171 0.003371 -0.000000
2.253537 0.002171 0.003371 -0.000000
2.255708 0.002171 0.003371 -0.000000
2.257879 0.002171 0.003370 -0.000000
2.260050 0.002171 0.003370 -0.000000
2.262221 0.002171 0.003370 -0.000000
2.264392 0.002171 0.003370 -0.000000
2.266563 0.002171 0.003370 -0.000000
2.268734 0.002171 0.003370 -0.000000
2.270905 0.002171 0.003370 -0.000000
2.273076 0.002171 0.003370 -0.000000
2.275247 0.002171 0.003370 -0.000000
2.277418 0.002171 0.003370 -0.000000
2.279589 0.002171 0.003370 -0.000000
2.281760 0.002171 0.003370 -0.000001
2.283931 0.002171 0.003370 -0.000001
2.286102 0.002171 0.003370 -0.000001
2.288273 0.002171 0.003370 -0.000001
2.290444 0.002171 0.003370 -0.000001
2.292615 0.002171 0.003370 -0.000001
2.294786 0.002171 0.003370 -0.000001
2.296957 0.002171 0.003370 -0.000001
2.299128 0.002171 0.003370 -0.000001
2.301299 0.002171 0.003370 -0.000001
2.303470 0.002171 0.003370 -0.000001
2.305641 0.002171 0.003370 -0.000001
2.307812 0.002171 0.003370 -0.000001
2.309983 0.002171 0.003370 -0.000001
2.312154 0.002171 0.003370 -0.000001
2.314325 0.002171 0.003370 -0.000001
2.316496 0.002171 0.003370 -0.000001
2.318667 0.002171 0.003370 -0.000001
2.320838 0.002171 0.003370 -0.000001
2.323009 0.002171 0.003370 -0.000001
2.325180 0.002171 0.003370 -0.000001
2.327352 0.002171 0.003370 -0.000001
2.329523 0.002171 0.003370 -0.000001
2.331694 0.002171 0.003370 -0.000001
2.333865 0.002171 0.003369 -0.000001
2.336036 0.002171 0.003369 -0.000001
2.338207 0.002171 0.003369 -0.000001
2.340378 0.002171 0.003369 -0.000001
2.342549 0.002171 0.003369 -0.000001
2.344721 0.002171 0.003369 -0.000001
2.346892 0.002171 0.003369 -0.000001
2.349063 0.002171 0.003369 -0.000001
2.351234 0.002171 0.003369 -0.000001
2.353405 0.002171 0.003369 -0.000001
2.355576 0.002171 0.003369 -0.000001
2.357748 0.002171 0.003369 -0.000001
2.359919 0.002171 0.003369 -0.000001
2.362090 0.002171 0.003369 -0.000001
2.364261 0.002171 0.003369 -0.000002
2.366432 0.002171 0.003369 -0.000002
2.368604 0.002171 0.003369 -0.000002
2.370775 0.002171 0.003369 -0.000002
2.372946 0.002171 0.003369 -0.000002
2.375117 0.002171 0.003369 -0.000002
2.377289 0.002171 0.003369 -0.000002
2.379460 0.002171 0.003369 -0.000002
2.381631 0.002171 0.003369 -0.000002
2.383803 0.002171 0.003369 -0.000002
2.385974 0.002171 0.003369 -0.000002
2.388145 0.002171 0.003369 -0.000002
2.390316 0.002171 0.003369 -0.000002
2.392488 0.002171 0.003369 -0.000002
2.394659 0.002171 0.003369 -0.000002
2.396830 0.002171 0.003369 -0.000002
2.399002 0.002171 0.003369 -0.000002
2.401173 0.002171 0.003369 -0.000002
2.403344 0.002171 0.003369 -0.000002
2.405516 0.002171 0.003369 -0.000002
2.407687 0.002171 0.003369 -0.000002
2.409859 0.002171 0.003369 -0.000002
2.412030 0.002171 0.003369 -0.000002
2.414201 0.002171 0.003369 -0.000002
2.416373 0.002171 0.003369 -0.000002
2.418544 0.002171 0.003369 -0.000002
2.420716 0.002171 0.003369 -0.000002
2.422887 0.002171 0.003369 -0.000002
2.425058 0.002171 0.003369 -0.000002
2.427230 0.002171 0.003369 -0.000002
2.429401 0.002171 0.003369 -0.000002
2.431573 0.002171 0.003369 -0.000002
2.433744 0.002171 0.003369 -0.000002
2.435916 0.002171 0.003369 -0.000002
2.438087 0.002171 0.003369 -0.000002
2.440259 0.002172 0.003369 -0.000002
2.442430 0.002172 0.003369 -0.000002
2.444602 0.002172 0.003369 -0.000002
2.446773 0.002172 0.003369 -0.000002
2.448945 0.002172 0.003369 -0.000002
2.451116 0.002172 0.003369 -0.000002
2.453288 0.002172 0.003369 -0.000002
2.455459 0.002172 0.003369 -0.000002
2.457631 0.002172 0.003369 -0.000002
2.459803 0.002172 0.003369 -0.000002
2.461974 0.002172 0.003369 -0.000002
2.464146 0.002172 0.003369 -0.000002
2.466317 0.002172 0.003369 -0.000002
2.468489 0.002172 0.003369 -0.000002
2.470660 0.002172 0.003369 -0.000002
2.472832 0.002172 0.003369 -0.000002
2.475003 0.002172 0.003369 -0.000002
2.477175 0.002172 0.003369 -0.000002
2.479346 0.002172 0.003369 -0.000002
2.481518 0.002172 0.003369 -0.000002
2.483689 0.002172 0.003369 -0.000002
2.485861 0.002172 0.003369 -0.000002
2.488032 0.002172 0.003369 -0.000002
2.490204 0.002172 0.003369 -0.000002
2.492376 0.002172 0.003369 -0.000002
2.494547 0.002172 0.003369 -0.000002
2.496719 0.002172 0.003369 -0.000002
2.498890 0.002172 0.003369 -0.000002
2.501062 0.002172 0.003369 -0.000002
2.503233 0.002172 0.003369 -0.000002
2.505405 0.002172 0.003369 -0.000002
2.507576 0.002172 0.003369 -0.000002
2.509748 0.002172 0.003369 -0.000002
2.511919 0.002172 0.003369 -0.000002
2.514091 0.002172 0.003369 -0.000002
2.516262 0.002172 0.003369 -0.000002
2.518434 0.002172 0.003369 -0.000002
2.520605 0.002172 0.003369 -0.000002
2.522777 0.002172 0.003369 -0.000002
2.524948 0.002172 0.003369 -0.000002
2.527120 0.002172 0.003369 -0.000002
2.529292 0.002172 0.003369 -0.000002
2.531463 0.002172 0.003369 -0.000002
2.533635 0.002172 0.003369 -0.000002
2.535806 0.002172 0.003369 -0.000002
2.537978 0.002172 0.003369 -0.000002
2.540149 0.002172 0.003369 -0.000002
2.542321 0.002172 0.003369 -0.000002
2.544492 0.002172 0.003369 -0.000002
2.546664 0.002172 0.003369 -0.000002
2.548835 0.002172 0.003369 -0.000001
2.551007 0.002172 0.003369 -0.000001
2.553178 0.002172 0.003369 -0.000001
2.555350 0.002172 0.003369 -0.000001
2.557521 0.002172 0.003369 -0.000001
2.559693 0.002172 0.003369 -0.000001
2.561865 0.002172 0.003369 -0.000001
2.564036 0.002172 0.003369 -0.000001
2.566208 0.002172 0.003369 -0.000001
2.568379 0.002172 0.003369 -0.000001
2.570551 0.002172 0.003369 -0.000001
2.572722 0.002172 0.003370 -0.000001
2.574894 0.002172 0.003370 -0.000001
2.577065 0.002172 0.003370 -0.000001
2.579237 0.002172 0.003370 -0.000001
2.581408 0.002172 0.003370 -0.000001
2.583580 0.002172 0.003370 -0.000001
2.585751 0.002172 0.003370 -0.000001
2.587923 0.002172 0.003370 -0.000001
2.590094 0.002172 0.003370 -0.000001
2.592266 0.002172 0.003370 -0.000001
2.594438 0.002172 0.003370 -0.000001
2.596609 0.002172 0.003370 -0.000001
2.598781 0.002172 0.003370 -0.000001
2.600952 0.002172 0.003370 -0.000001
2.603124 0.002172 0.003370 -0.000001
2.605295 0.002172 0.003370 -0.000001
2.607467 0.002172 0.003370 -0.000001
2.609638 0.002172 0.003370 -0.000000
2.611810 0.002172 0.003370 -0.000000
2.613981 0.002172 0.003370 -0.000000
2.616153 0.002172 0.003370 -0.000000
2.618324 0.002172 0.003370 -0.000000
2.620496 0.002172 0.003370 -0.000000
2.622667 0.002172 0.003370 -0.000000
2.624839 0.002172 0.003371 -0.000000
2.627011 0.002172 0.003371 -0.000000
2.629182 0.002172 0.003371 -0.000000
2.631354 0.002172 0.003371 -0.000000
2.633525 0.002172 0.003371 0.000000
2.635697 0.002172 0.003371 0.000000
2.637868 0.002172 0.003371 0.000000
2.640040 0.002172 0.003371 0.000000
2.642211 0.002172 0.003371 0.000000
2.644383 0.002172 0.003371 0.000000
2.646554 0.002172 0.003371 0.000000
2.648726 0.002172 0.003371 0.000000
2.650897 0.002172 0.003371 0.000000
2.653069 0.002172 0.003371 0.000000
2.655240 0.002172 0.003371 0.000000
2.657412 0.002172 0.003371 0.000000
2.659584 0.002172 0.003371 0.000001
2.661755 0.002172 0.003371 0.000001
2.663927 0.002172 0.003371 0.000001
2.666098 0.002172 0.003371 0.000001
2.668270 0.002172 0.003371 0.000001
2.670441 0.002172 0.003371 0.000001
2.672613 0.002172 0.003371 0.000001
2.674784 0.002172 0.003372 0.000001
2.676956 0.002172 0.003372 0.000001
2.679127 0.002172 0.003372 0.000001
2.681299 0.002172 0.003372 0.000001
2.683470 0.002172 0.003372 0.000001
2.685642 0.002172 0.003372 0.000001
2.687814 0.002172 0.003372 0.000001
2.689985 0.002172 0.003372 0.000001
2.692157 0.002172 0.003372 0.000001
2.694328 0.002172 0.003372 0.000001
2.696500 0.002172 0.003372 0.000001
2.698671 0.002172 0.003372 0.000001
2.700843 0.002172 0.003372 0.000001
2.703014 0.002172 0.003372 0.000001
2.705186 0.002172 0.003372 0.000001
2.707357 0.002172 0.003372 0.000001
2.709529 0.002172 0.003372 0.000001
2.711700 0.002172 0.003372 0.000001
2.713872 0.002172 0.003372 0.000001
2.716044 0.002172 0.003372 0.000001
2.718215 0.002172 0.003372 0.000001
2.720387 0.002172 0.003372 0.000001
2.722558 0.002172 0.003372 0.000001
2.724730 0.002172 0.003372 0.000001
2.726901 0.002172 0.003372 0.000001
2.729073 0.002172 0.003372 0.000002
2.731244 0.002172 0.003372 0.000002
2.733416 0.002172 0.003372 0.000002
2.735587 0.002172 0.003372 0.000002
2.737759 0.002172 0.003372 0.000002
2.739930 0.002172 0.003372 0.000002
2.742102 0.002172 0.003372 0.000002
2.744274 0.002172 0.003372 0.000002
2.746445 0.002172 0.003372 0.000002
2.748617 0.002172 0.003372 0.000002
2.750788 0.002172 0.003372 0.000002
2.752960 0.002172 0.003372 0.000002
2.755131 0.002172 0.003372 0.000002
2.757303 0.002172 0.003372 0.000002
2.759474 0.002172 0.003372 0.000002
2.761646 0.002172 0.003372 0.000002
2.763817 0.002172 0.003372 0.000002
2.765989 0.002172 0.003372 0.000002
2.768161 0.002172 0.003372 0.000002
2.770332 0.002172 0.003372 0.000002
2.772504 0.002172 0.003372 0.000002
2.774675 0.002172 0.003372 0.000002
2.776847 0.002172 0.003372 0.000002
2.779018 0.002172 0.003372 0.000002
2.781190 0.002172 0.003372 0.000002
2.783361 0.002172 0.003372 0.000002
2.785533 0.002172 0.003372 0.000002
2.787704 0.002172 0.003372 0.000002
2.789876 0.002172 0.003372 0.000002
2.792047 0.002172 0.003372 0.000002
2.794219 0.002172 0.003372 0.000002
2.796391 0.002172 0.003372 0.000002
2.798562 0.002172 0.003372 0.000002
2.800734 0.002172 0.003372 0.000002
2.802905 0.002172 0.003372 0.000002
2.805077 0.002172 0.003373 0.000002
2.807248 0.002172 0.003373 0.000002
2.809420 0.002172 0.003373 0.000002
2.811591 0.002172 0.003372 0.000002
2.813763 0.002172 0.003372 0.000002
2.815935 0.002172 0.003372 0.000002
2.818106 0.002172 0.003372 0.000002
2.820278 0.002172 0.003372 0.000002
2.822449 0.002172 0.003372 0.000002
2.824621 0.002172 0.003372 0.000002
2.826792 0.002172 0.003372 0.000002
2.828964 0.002172 0.003372 0.000002
2.831135 0.002172 0.003372 0.000002
2.833307 0.002172 0.003372 0.000002
2.835478 0.002172 0.003372 0.000002
2.837650 0.002172 0.003372 0.000002
2.839822 0.002172 0.003372 0.000002
2.841993 0.002172 0.003372 0.000002
2.844165 0.002172 0.003372 0.000002
2.846336 0.002172 0.003372 0.000002
2.848508 0.002172 0.003372 0.000002
2.850679 0.002172 0.003372 0.000002
2.852851 0.002172 0.003372 0.000002
2.855022 0.002172 0.003372 0.000002
2.857194 0.002172 0.003372 0.000002
2.859366 0.002172 0.003372 0.000002
2.861537 0.002172 0.003372 0.000002
2.863709 0.002172 0.003372 0.000002
2.865880 0.002172 0.003372 0.000002
2.868052 0.002172 0.003372 0.000002
2.870223 0.002172 0.003372 0.000002
2.872395 0.002172 0.003372 0.000002
2.874566 0.002172 0.003372 0.000002
2.876738 0.002172 0.003372 0.000002
2.878910 0.002172 0.003372 0.000002
2.881081 0.002172 0.003372 0.000002
2.883253 0.002172 0.003372 0.000002
2.885424 0.002172 0.003372 0.000002
2.887596 0.002172 0.003372 0.000002
2.889767 0.002172 0.003372 0.000002
2.891939 0.002172 0.003372 0.000002
2.894110 0.002172 0.003372 0.000002
2.896282 0.002172 0.003372 0.000002
2.898454 0.002172 0.003372 0.000002
2.900625 0.002172 0.003372 0.000002
2.902797 0.002172 0.003372 0.000002
2.904968 0.002172 0.003372 0.000002
2.907140 0.002172 0.003372 0.000002
2.909311 0.002172 0.003372 0.000002
2.911483 0.002172 0.003372 0.000002
2.913654 0.002172 0.003372 0.000002
2.915826 0.002172 0.003372 0.000002
2.917998 0.002172 0.003372 0.000002
2.920169 0.002172 0.003372 0.000002
2.922341 0.002172 0.003372 0.000002
2.924512 0.002172 0.003372 0.000002
2.926684 0.002172 0.003372 0.000002
2.928855 0.002172 0.003372 0.000002
2.931027 0.002172 0.003372 0.000002
2.933199 0.002172 0.003372 0.000002
2.935370 0.002172 0.003372 0.000002
2.937542 0.002172 0.003372 0.000002
2.939713 0.002172 0.003372 0.000002
2.941885 0.002172 0.003372 0.000002
2.944056 0.002172 0.003372 0.000002
2.946228 0.002172 0.003372 0.000002
2.948399 0.002172 0.003372 0.000002
2.950571 0.002172 0.003372 0.000002
2.952743 0.002172 0.003372 0.000002
2.954914 0.002172 0.003372 0.000002
2.957086 0.002172 0.003372 0.000002
2.959257 0.002172 0.003372 0.000002
2.961429 0.002172 0.003372 0.000002
2.963600 0.002172 0.003372 0.000002
2.965772 0.002172 0.003372 0.000002
2.967944 0.002172 0.003372 0.000001
2.970115 0.002172 0.003372 0.000001
2.972287 0.002172 0.003372 0.000001
2.974458 0.002172 0.003372 0.000001
2.976630 0.002172 0.003372 0.000001
2.978801 0.002172 0.003372 0.000001
2.980973 0.002172 0.003372 0.000001
2.983145 0.002172 0.003372 0.000001
2.985316 0.002172 0.003372 0.000001
2.987488 0.002172 0.003372 0.000001
2.989659 0.002172 0.003372 0.000001
2.991831 0.002172 0.003372 0.000001
2.994002 0.002172 0.003372 0.000001
2.996174 0.002172 0.003372 0.000001
2.998346 0.002172 0.003372 0.000001
3.000517 0.002172 0.003372 0.000001
3.002689 0.002172 0.003372 0.000001
3.004860 0.002172 0.003372 0.000001
3.007032 0.002172 0.003372 0.000001
3.009203 0.002172 0.003372 0.000001
3.011375 0.002172 0.003372 0.000001
3.013547 0.002172 0.003372 0.000001
3.015718 0.002172 0.003372 0.000001
3.017890 0.002172 0.003372 0.000001
3.020061 0.002172 0.003372 0.000001
3.022233 0.002172 0.003372 0.000001
3.024405 0.002172 0.003372 0.000001
3.026576 0.002172 0.003372 0.000001
3.028748 0.002172 0.003372 0.000001
3.030919 0.002172 0.003372 0.000001
3.033091 0.002172 0.003372 0.000001
3.035262 0.002172 0.003372 0.000001
3.037434 0.002172 0.003372 0.000001
3.039606 0.002172 0.003372 0.000001
3.041777 0.002172 0.003372 0.000001
3.043949 0.002172 0.003372 0.000001
3.046120 0.002172 0.003372 0.000001
3.048292 0.002172 0.003372 0.000001
3.050463 0.002172 0.003372 0.000001
3.052635 0.002172 0.003372 0.000001
3.054807 0.002172 0.003372 0.000001
3.056978 0.002172 0.003372 0.000001
3.059150 0.002172 0.003372 0.000001
3.061321 0.002172 0.003372 0.000001
3.063493 0.002172 0.003372 0.000001
3.065665 0.002172 0.003372 0.000001
3.067836 0.002172 0.003372 0.000001
3.070008 0.002172 0.003372 0.000001
3.072179 0.002172 0.003372 0.000001
3.074351 0.002172 0.003372 0.000001
3.076523 0.002172 0.003372 0.000001
3.078694 0.002172 0.003372 0.000001
3.080866 0.002172 0.003372 0.000001
3.083037 0.002172 0.003372 0.000001
3.085209 0.002172 0.003372 0.000001
3.087380 0.002172 0.003372 0.000001
3.089552 0.002172 0.003372 0.000001
3.091724 0.002172 0.003372 0.000001
3.093895 0.002172 0.003372 0.000001
3.096067 0.002172 0.003372 0.000001
3.098238 0.002172 0.003372 0.000001
3.100410 0.002172 0.003372 0.000001
3.102582 0.002172 0.003372 0.000001
3.104753 0.002172 0.003372 0.000001
3.106925 0.002172 0.003372 0.000001
3.109096 0.002172 0.003372 0.000001
3.111268 0.002172 0.003372 0.000001
3.113440 0.002172 0.003372 0.000001
3.115611 0.002172 0.003372 0.000001
3.117783 0.002172 0.003372 0.000001
3.119954 0.002172 0.003372 0.000001
3.122126 0.002172 0.003372 0.000001
3.124298 0.002172 0.003372 0.000001
3.126469 0.002172 0.003372 0.000001
3.128641 0.002172 0.003372 0.000001
3.130812 0.002172 0.003372 0.000001
3.132984 0.002172 0.003372 0.000001
3.135156 0.002172 0.003372 0.000001
3.137327 0.002172 0.003372 0.000001
3.139499 0.002172 0.003372 0.000001
3.141670 0.002172 0.003372 0.000001
3.143842 0.002172 0.003372 0.000001
3.146014 0.002172 0.003372 0.000001
3.148185 0.002172 0.003372 0.000001
3.150357 0.002172 0.003372 0.000001
3.152528 0.002172 0.003372 0.000001
3.154700 0.002172 0.003372 0.000001
3.156872 0.002172 0.003372 0.000001
3.159043 0.002172 0.003372 0.000001
3.161215 0.002172 0.003372 0.000001
3.163386 0.002172 0.003372 0.000001
3.165558 0.002172 0.003372 0.000001
3.167730 0.002172 0.003372 0.000001
3.169901 0.002172 0.003372 0.000001
3.172073 0.002172 0.003372 0.000001
3.174244 0.002172 0.003372 0.000001
3.176416 0.002172 0.003372 0.000001
3.178588 0.002172 0.003372 0.000001
3.180759 0.002172 0.003372 0.000001
3.182931 0.002172 0.003372 0.000001
3.185102 0.002172 0.003372 0.000001
3.187274 0.002172 0.003372 0.000001
3.189446 0.002172 0.003372 0.000001
3.191617 0.002172 0.003372 0.000001
3.193789 0.002172 0.003372 0.000001
3.195961 0.002172 0.003372 0.000001
3.198132 0.002172 0.003372 0.000001
3.200304 0.002172 0.003372 0.000001
3.202475 0.002172 0.003372 0.000001
3.204647 0.002172 0.003372 0.000001
3.206819 0.002172 0.003372 0.000001
3.208990 0.002172 0.003372 0.000001
3.211162 0.002172 0.003372 0.000001
3.213333 0.002172 0.003372 0.000001
3.215505 0.002172 0.003372 0.000001
3.217677 0.002172 0.003372 0.000001
3.219848 0.002172 0.003372 0.000001
3.222020 0.002172 0.003372 0.000001
3.224192 0.002172 0.003372 0.000001
3.226363 0.002172 0.003372 0.000001
3.228535 0.002172 0.003372 0.000001
3.230706 0.002172 0.003372 0.000001
3.232878 0.002172 0.003372 0.000001
3.235050 0.002172 0.003372 0.000001
3.237221 0.002172 0.003372 0.000001
3.239393 0.002172 0.003372 0.000001
3.241565 0.002172 0.003372 0.000001
3.243736 0.002172 0.003372 0.000001
3.245908 0.002172 0.003372 0.000001
3.248079 0.002172 0.003372 0.000001
3.250251 0.002172 0.003372 0.000001
3.252423 0.002172 0.003372 0.000001
3.254594 0.002172 0.003372 0.000001
3.256766 0.002172 0.003372 0.000001
3.258938 0.002172 0.003372 0.000001
3.261109 0.002172 0.003372 0.000001
3.263281 0.002172 0.003372 0.000001
3.265452 0.002172 0.003372 0.000001
3.267624 0.002172 0.003371 0.000001
3.269796 0.002172 0.003371 0.000001
3.271967 0.002172 0.003371 0.000001
3.274139 0.002172 0.003371 0.000001
3.276311 0.002172 0.003371 0.000001
3.278482 0.002172 0.003371 0.000001
3.280654 0.002172 0.003371 0.000001
3.282825 0.002172 0.003371 0.000001
3.284997 0.002172 0.003371 0.000001
3.287169 0.002172 0.003371 0.000001
3.289340 0.002172 0.003371 0.000001
3.291512 0.002172 0.003371 0.000001
3.293684 0.002172 0.003371 0.000001
3.295855 0.002172 0.003371 0.000000
3.298027 0.002172 0.003371 0.000000
3.300198 0.002172 0.003371 0.000000
3.302370 0.002172 0.003371 0.000000
3.304542 0.002172 0.003371 0.000000
3.306713 0.002172 0.003371 0.000000
3.308885 0.002172 0.003371 0.000000
3.311057 0.002172 0.003371 0.000000
3.313228 0.002172 0.003371 0.000000
3.315400 0.002172 0.003371 0.000000
3.317572 0.002172 0.003371 0.000000
3.319743 0.002172 0.003371 0.000000
3.321915 0.002172 0.003371 0.000000
3.324087 0.002172 0.003371 -0.000000
3.326258 0.002172 0.003371 -0.000000
3.328430 0.002172 0.003371 -0.000000
3.330601 0.002172 0.003371 -0.000000
3.332773 0.002172 0.003370 -0.000000
3.334945 0.002172 0.003370 -0.000000
3.337116 0.002172 0.003370 -0.000000
3.339288 0.002172 0.003370 -0.000000
3.341460 0.002172 0.003370 -0.000000
3.343631 0.002172 0.003370 -0.000001
3.345803 0.002172 0.003370 -0.000001
3.347975 0.002172 0.003370 -0.000001
3.350146 0.002172 0.003370 -0.000001
3.352318 0.002172 0.003370 -0.000001
3.354490 0.002172 0.003370 -0.000001
3.356661 0.002172 0.003370 -0.000001
3.358833 0.002172 0.003370 -0.000001
3.361004 0.002172 0.003370 -0.000001
3.363176 0.002172 0.003369 -0.000001
3.365348 0.002172 0.003369 -0.000001
3.367519 0.002172 0.003369 -0.000001
3.369691 0.002172 0.003369 -0.000001
3.371863 0.002172 0.003369 -0.000002
3.374034 0.002172 0.003369 -0.000002
3.376206 0.002172 0.003369 -0.000002
3.378378 0.002172 0.003369 -0.000002
3.380549 0.002172 0.003369 -0.000002
3.382721 0.002172 0.003369 -0.000002
3.384893 0.002172 0.003369 -0.000002
3.387064 0.002172 0.003369 -0.000002
3.389236 0.002172 0.003368 -0.000002
3.391408 0.002172 0.003368 -0.000002
3.393579 0.002172 0.003368 -0.000002
3.395751 0.002172 0.003368 -0.000003
3.397923 0.002172 0.003368 -0.000003
3.400094 0.002172 0.003368 -0.000003
3.402266 0.002172 0.003368 -0.000003
3.404438 0.002172 0.003368 -0.000003
3.406609 0.002172 0.003368 -0.000003
3.408781 0.002172 0.003368 -0.000003
3.410953 0.002172 0.003368 -0.000003
3.413124 0.002172 0.003367 -0.000003
3.415296 0.002172 0.003367 -0.000003
3.417468 0.002172 0.003367 -0.000003
3.419639 0.002172 0.003367 -0.000003
3.421811 0.002172 0.003367 -0.000004
3.423983 0.002172 0.003367 -0.000004
3.426154 0.002172 0.003367 -0.000004
3.428326 0.002172 0.003367 -0.000004
3.430498 0.002172 0.003367 -0.000004
3.432669 0.002172 0.003367 -0.000004
3.434841 0.002172 0.003367 -0.000004
3.437013 0.002172 0.003367 -0.000004
3.439184 0.002172 0.003367 -0.000004
3.441356 0.002172 0.003367 -0.000004
3.443528 0.002172 0.003366 -0.000004
3.445699 0.002172 0.003366 -0.000004
3.447871 0.002172 0.003366 -0.000004
3.450043 0.002172 0.003366 -0.000004
3.452214 0.002172 0.003366 -0.000004
3.454386 0.002172 0.003366 -0.000005
3.456558 0.002172 0.003366 -0.000005
3.458729 0.002172 0.003366 -0.000005
3.460901 0.002172 0.003366 -0.000005
3.463073 0.002172 0.003366 -0.000005
3.465244 0.002172 0.003366 -0.000005
3.467416 0.002172 0.003366 -0.000005
3.469588 0.002172 0.003366 -0.000005
3.471759 0.002172 0.003366 -0.000005
3.473931 0.002172 0.003366 -0.000005
3.476103 0.002172 0.003366 -0.000005
3.478274 0.002172 0.003366 -0.000005
3.480446 0.002172 0.003366 -0.000005
3.482618 0.002172 0.003366 -0.000005
3.484789 0.002172 0.003366 -0.000005
3.486961 0.002172 0.003366 -0.000005
3.489133 0.002172 0.003366 -0.000005
3.491304 0.002172 0.003366 -0.000005
3.493476 0.002172 0.003366 -0.000005
3.495648 0.002172 0.003366 -0.000005
3.497819 0.002172 0.003366 -0.000005
3.499991 0.002172 0.003366 -0.000005
3.502163 0.002172 0.003365 -0.000005
3.504334 0.002172 0.003365 -0.000005
3.506506 0.002172 0.003365 -0.000005
3.508678 0.002172 0.003365 -0.000005
3.510850 0.002172 0.003365 -0.000005
3.513021 0.002172 0.003365 -0.000005
3.515193 0.002172 0.003365 -0.000005
3.517365 0.002172 0.003365 -0.000005
3.519536 0.002172 0.003365 -0.000005
3.521708 0.002172 0.003365 -0.000005
3.523880 0.002172 0.003365 -0.000005
3.526051 0.002172 0.003365 -0.000005
3.528223 0.002172 0.003365 -0.000005
3.530395 0.002172 0.003365 -0.000005
3.532566 0.002172 0.003365 -0.000005
3.534738 0.002172 0.003365 -0.000005
3.536910 0.002172 0.003365 -0.000005
3.539081 0.002172 0.003365 -0.000005
3.541253 0.002172 0.003365 -0.000005
3.543425 0.002172 0.003365 -0.000005
3.545597 0.002172 0.003365 -0.000005
3.547768 0.002172 0.003365 -0.000005
3.549940 0.002172 0.003365 -0.000005
3.552112 0.002172 0.003365 -0.000005
3.554283 0.002172 0.003365 -0.000005
3.556455 0.002172 0.003365 -0.000005
3.558627 0.002172 0.003365 -0.000005
3.560798 0.002172 0.003365 -0.000005
3.562970 0.002172 0.003365 -0.000005
3.565142 0.002172 0.003365 -0.000005
3.567314 0.002172 0.003365 -0.000005
3.569485 0.002172 0.003365 -0.000005
3.571657 0.002172 0.003365 -0.000005
3.573829 0.002172 0.003366 -0.000005
3.576000 0.002172 0.003366 -0.000005
3.578172 0.002172 0.003366 -0.000005
3.580344 0.002172 0.003366 -0.000005
3.582515 0.002172 0.003366 -0.000005
3.584687 0.002172 0.003366 -0.000005
3.586859 0.002172 0.003366 -0.000005
3.589031 0.002172 0.003366 -0.000005
3.591202 0.002172 0.003366 -0.000005
3.593374 0.002172 0.003366 -0.000005
3.595546 0.002172 0.003366 -0.000005
3.597717 0.002172 0.003366 -0.000005
3.599889 0.002172 0.003366 -0.000005
3.602061 0.002172 0.003366 -0.000005
3.604233 0.002172 0.003366 -0.000005
3.606404 0.002172 0.003366 -0.000005
3.608576 0.002172 0.003366 -0.000004
3.610748 0.002172 0.003366 -0.000004
3.612919 0.002172 0.003366 -0.000004
3.615091 0.002172 0.003366 -0.000004
3.617263 0.002172 0.003367 -0.000004
3.619435 0.002172 0.003367 -0.000004
3.621606 0.002172 0.003367 -0.000004
3.623778 0.002172 0.003367 -0.000004
3.625950 0.002172 0.003367 -0.000004
3.628121 0.002172 0.003367 -0.000004
3.630293 0.002172 0.003367 -0.000004
3.632465 0.002172 0.003367 -0.000004
3.634637 0.002172 0.003367 -0.000003
3.636808 0.002172 0.003367 -0.000003
3.638980 0.002172 0.003367 -0.000003
3.641152 0.002172 0.003367 -0.000003
3.643323 0.002172 0.003368 -0.000003
3.645495 0.002172 0.003368 -0.000003
3.647667 0.002172 0.003368 -0.000003
3.649839 0.002172 0.003368 -0.000003
3.652010 0.002172 0.003368 -0.000003
3.654182 0.002172 0.003368 -0.000003
3.656354 0.002172 0.003368 -0.000003
3.658526 0.002172 0.003368 -0.000002
3.660697 0.002172 0.003368 -0.000002
3.662869 0.002172 0.003368 -0.000002
3.665041 0.002172 0.003369 -0.000002
3.667212 0.002172 0.003369 -0.000002
3.669384 0.002172 0.003369 -0.000002
3.671556 0.002172 0.003369 -0.000002
3.673728 0.002172 0.003369 -0.000002
3.675899 0.002172 0.003369 -0.000002
3.678071 0.002172 0.003369 -0.000002
3.680243 0.002172 0.003369 -0.000001
3.682415 0.002172 0.003369 -0.000001
3.684586 0.002172 0.003369 -0.000001
3.686758 0.002172 0.003369 -0.000001
3.688930 0.002172 0.003370 -0.000001
3.691101 0.002172 0.003370 -0.000001
3.693273 0.002172 0.003370 -0.000001
3.695445 0.002172 0.003370 -0.000001
3.697617 0.002172 0.003370 -0.000001
3.699788 0.002172 0.003370 -0.000001
3.701960 0.002172 0.003370 -0.000001
3.704132 0.002172 0.003370 -0.000001
3.706304 0.002172 0.003370 -0.000001
3.708475 0.002172 0.003370 -0.000001
3.710647 0.002172 0.003370 -0.000000
3.712819 0.002172 0.003370 -0.000000
3.714991 0.002172 0.003370 -0.000000
3.717162 0.002172 0.003370 -0.000000
3.719334 0.002172 0.003370 -0.000000
3.721506 0.002172 0.003371 -0.000000
3.723678 0.002172 0.003371 -0.000000
3.725849 0.002172 0.003371 -0.000000
3.728021 0.002172 0.003371 0.000000
3.730193 0.002172 0.003371 0.000000
3.732365 0.002172 0.003371 0.000000
3.734536 0.002172 0.003371 0.000000
3.736708 0.002172 0.003371 0.000000
3.738880 0.002172 0.003371 0.000000
3.741052 0.002172 0.003371 0.000000
3.743223 0.002172 0.003371 0.000000
3.745395 0.002172 0.003371 0.000000
3.747567 0.002172 0.003371 0.000000
3.749739 0.002172 0.003371 0.000000
3.751910 0.002172 0.003371 0.000000
3.754082 0.002172 0.003371 0.000000
3.756254 0.002172 0.003371 0.000001
3.758426 0.002172 0.003371 0.000001
3.760597 0.002172 0.003371 0.000001
3.762769 0.002172 0.003371 0.000001
3.764941 0.002172 0.003371 0.000001
3.767113 0.002172 0.003371 0.000001
3.769284 0.002172 0.003371 0.000001
3.771456 0.002172 0.003371 0.000001
3.773628 0.002172 0.003371 0.000001
3.775800 0.002172 0.003371 0.000001
3.777971 0.002172 0.003371 0.000001
3.780143 0.002172 0.003372 0.000001
3.782315 0.002172 0.003372 0.000001
3.784487 0.002172 0.003372 0.000001
3.786659 0.002172 0.003372 0.000001
3.788830 0.002172 0.003372 0.000001
3.791002 0.002172 0.003372 0.000001
3.793174 0.002172 0.003372 0.000001
3.795346 0.002172 0.003372 0.000001
3.797517 0.002172 0.003372 0.000001
3.799689 0.002172 0.003372 0.000001
3.801861 0.002172 0.003372 0.000001
3.804033 0.002172 0.003372 0.000001
3.806205 0.002172 0.003372 0.000001
3.808376 0.002172 0.003372 0.000001
3.810548 0.002172 0.003372 0.000001
3.812720 0.002172 0.003372 0.000001
3.814892 0.002172 0.003372 0.000001
3.817063 0.002172 0.003372 0.000001
3.819235 0.002172 0.003372 0.000001
3.821407 0.002172 0.003372 0.000001
3.823579 0.002172 0.003372 0.000001
3.825751 0.002172 0.003372 0.000001
3.827922 0.002172 0.003372 0.000001
3.830094 0.002172 0.003372 0.000001
3.832266 0.002172 0.003372 0.000001
3.834438 0.002172 0.003372 0.000001
3.836609 0.002172 0.003372 0.000001
3.838781 0.002172 0.003372 0.000001
3.840953 0.002172 0.003372 0.000001
3.843125 0.002172 0.003372 0.000001
3.845297 0.002172 0.003372 0.000001
3.847468 0.002172 0.003372 0.000001
3.849640 0.002172 0.003372 0.000001
3.851812 0.002172 0.003372 0.000001
3.853984 0.002172 0.003372 0.000001
3.856156 0.002172 0.003372 0.000001
3.858327 0.002172 0.003372 0.000001
3.860499 0.002172 0.003372 0.000001
3.862671 0.002172 0.003372 0.000001
3.864843 0.002172 0.003372 0.000001
3.867015 0.002172 0.003372 0.000001
3.869186 0.002172 0.003372 0.000001
3.871358 0.002172 0.003372 0.000001
3.873530 0.002172 0.003372 0.000001
3.875702 0.002172 0.003372 0.000001
3.877874 0.002172 0.003372 0.000001
3.880046 0.002172 0.003372 0.000001
3.882217 0.002172 0.003372 0.000001
3.884389 0.002172 0.003372 0.000001
3.886561 0.002172 0.003372 0.000001
3.888733 0.002172 0.003372 0.000001
3.890905 0.002172 0.003372 0.000001
3.893076 0.002172 0.003372 0.000001
3.895248 0.002172 0.003372 0.000001
3.897420 0.002172 0.003372 0.000001
3.899592 0.002172 0.003372 0.000001
3.901764 0.002172 0.003372 0.000001
3.903935 0.002172 0.003372 0.000001
3.906107 0.002172 0.003372 0.000001
3.908279 0.002172 0.003372 0.000001
3.910451 0.002172 0.003372 0.000001
3.912623 0.002172 0.003372 0.000001
3.914795 0.002172 0.003372 0.000001
3.916966 0.002172 0.003372 0.000001
3.919138 0.002172 0.003372 0.000001
3.921310 0.002172 0.003372 0.000001
3.923482 0.002172 0.003372 0.000001
3.925654 0.002172 0.003372 0.000001
3.927826 0.002172 0.003372 0.000001
3.929997 0.002172 0.003372 0.000001
3.932169 0.002172 0.003372 0.000001
3.934341 0.002172 0.003372 0.000001
3.936513 0.002172 0.003372 0.000001
3.938685 0.002172 0.003372 0.000001
3.940857 0.002172 0.003372 0.000001
3.943028 0.002172 0.003372 0.000001
3.945200 0.002172 0.003372 0.000001
3.947372 0.002172 0.003372 0.000001
3.949544 0.002172 0.003372 0.000001
3.951716 0.002172 0.003372 0.000001
3.953888 0.002172 0.003372 0.000001
3.956060 0.002172 0.003372 0.000002
3.958231 0.002172 0.003372 0.000002
3.960403 0.002172 0.003372 0.000002
3.962575 0.002172 0.003372 0.000002
3.964747 0.002172 0.003372 0.000002
3.966919 0.002172 0.003372 0.000002
3.969091 0.002172 0.003372 0.000002
3.971262 0.002172 0.003372 0.000002
3.973434 0.002172 0.003372 0.000002
3.975606 0.002172 0.003372 0.000002
3.977778 0.002172 0.003372 0.000002
3.979950 0.002172 0.003372 0.000002
3.982122 0.002172 0.003372 0.000002
3.984294 0.002172 0.003372 0.000002
3.986465 0.002172 0.003372 0.000002
3.988637 0.002172 0.003372 0.000002
3.990809 0.002172 0.003372 0.000002
3.992981 0.002172 0.003372 0.000002
3.995153 0.002172 0.003372 0.000002
3.997325 0.002172 0.003372 0.000002
3.999496 0.002172 0.003372 0.000002
4.001668 0.002172 0.003372 0.000002
4.003840 0.002172 0.003372 0.000002
4.006012 0.002172 0.003372 0.000002
4.008184 0.002172 0.003372 0.000002
4.010356 0.002172 0.003372 0.000002
4.012528 0.002172 0.003372 0.000002
4.014699 0.002172 0.003372 0.000002
4.016871 0.002172 0.003372 0.000002
4.019043 0.002172 0.003372 0.000002
4.021215 0.002172 0.003372 0.000002
4.023387 0.002172 0.003373 0.000002
4.025559 0.002172 0.003373 0.000002
4.027730 0.002172 0.003373 0.000002
4.029902 0.002172 0.003373 0.000002
4.032074 0.002172 0.003373 0.000002
4.034246 0.002172 0.003373 0.000002
4.036418 0.002172 0.003373 0.000002
4.038590 0.002172 0.003373 0.000002
4.040762 0.002172 0.003373 0.000002
4.042933 0.002172 0.003373 0.000002
4.045105 0.002172 0.003373 0.000002
4.047277 0.002172 0.003373 0.000002
4.049449 0.002172 0.003373 0.000002
4.051621 0.002172 0.003373 0.000002
4.053793 0.002172 0.003373 0.000002
4.055965 0.002172 0.003373 0.000002
4.058137 0.002172 0.003373 0.000002
4.060308 0.002172 0.003373 0.000002
4.062480 0.002172 0.003373 0.000002
4.064652 0.002172 0.003373 0.000002
4.066824 0.002172 0.003373 0.000002
4.068996 0.002172 0.003373 0.000002
4.071168 0.002172 0.003373 0.000002
4.073340 0.002172 0.003373 0.000002
4.075512 0.002172 0.003373 0.000002
4.077683 0.002172 0.003373 0.000002
4.079855 0.002172 0.003373 0.000002
4.082027 0.002172 0.003373 0.000002
4.084199 0.002172 0.003373 0.000002
4.086371 0.002172 0.003373 0.000002
4.088543 0.002172 0.003373 0.000002
4.090715 0.002172 0.003373 0.000002
4.092887 0.002172 0.003373 0.000002
4.095058 0.002172 0.003373 0.000002
4.097230 0.002172 0.003373 0.000002
4.099402 0.002172 0.003373 0.000002
4.101574 0.002172 0.003373 0.000002
4.103746 0.002172 0.003373 0.000002
4.105918 0.002172 0.003373 0.000002
4.108090 0.002172 0.003373 0.000002
4.110262 0.002172 0.003373 0.000002
4.112434 0.002172 0.003373 0.000002
4.114606 0.002172 0.003373 0.000002
4.116777 0.002172 0.003373 0.000002
4.118949 0.002172 0.003373 0.000002
4.121121 0.002172 0.003373 0.000002
4.123293 0.002172 0.003373 0.000002
4.125465 0.002172 0.003373 0.000002
4.127637 0.002172 0.003373 0.000002
4.129809 0.002172 0.003373 0.000002
4.131981 0.002172 0.003373 0.000002
4.134153 0.002172 0.003373 0.000002
4.136325 0.002172 0.003373 0.000002
4.138497 0.002172 0.003373 0.000002
4.140668 0.002172 0.003373 0.000002
4.142840 0.002172 0.003373 0.000002
4.145012 0.002172 0.003373 0.000002
4.147184 0.002172 0.003373 0.000002
4.149356 0.002172 0.003373 0.000002
4.151528 0.002172 0.003373 0.000002
4.153700 0.002172 0.003373 0.000002
4.155872 0.002172 0.003373 0.000002
4.158044 0.002172 0.003373 0.000002
4.160216 0.002172 0.003373 0.000002
4.162388 0.002172 0.003373 0.000002
4.164560 0.002172 0.003373 0.000002
4.166732 0.002172 0.003373 0.000002
4.168904 0.002172 0.003373 0.000002
4.171075 0.002172 0.003373 0.000002
4.173247 0.002172 0.003373 0.000002
4.175419 0.002172 0.003373 0.000002
4.177591 0.002172 0.003373 0.000002
4.179763 0.002172 0.003373 0.000002
4.181935 0.002172 0.003373 0.000002
4.184107 0.002172 0.003373 0.000002
4.186279 0.002172 0.003373 0.000002
4.188451 0.002172 0.003373 0.000002
4.190623 0.002172 0.003373 0.000002
4.192795 0.002172 0.003373 0.000002
4.194967 0.002172 0.003373 0.000002
4.197139 0.002172 0.003373 0.000002
4.199311 0.002172 0.003373 0.000002
4.201483 0.002172 0.003373 0.000002
4.203655 0.002172 0.003373 0.000002
4.205827 0.002172 0.003373 0.000002
4.207999 0.002172 0.003373 0.000002
4.210171 0.002172 0.003373 0.000002
4.212343 0.002172 0.003373 0.000003
4.214515 0.002172 0.003373 0.000003
4.216687 0.002172 0.003373 0.000003
4.218859 0.002172 0.003373 0.000003
4.221031 0.002172 0.003373 0.000003
4.223203 0.002172 0.003373 0.000003
4.225375 0.002172 0.003373 0.000003
4.227547 0.002172 0.003373 0.000003
4.229719 0.002172 0.003373 0.000003
4.231891 0.002172 0.003373 0.000003
4.234063 0.002172 0.003373 0.000003
4.236235 0.002172 0.003373 0.000002
4.238407 0.002172 0.003373 0.000002
4.240579 0.002172 0.003373 0.000002
4.242751 0.002172 0.003373 0.000002
4.244923 0.002172 0.003373 0.000002
4.247095 0.002172 0.003373 0.000002
4.249267 0.002172 0.003373 0.000002
4.251439 0.002172 0.003373 0.000002
4.253611 0.002172 0.003373 0.000002
4.255783 0.002172 0.003373 0.000002
4.257955 0.002172 0.003373 0.000002
4.260127 0.002172 0.003373 0.000002
4.262299 0.002172 0.003373 0.000002
4.264471 0.002172 0.003373 0.000002
4.266643 0.002172 0.003373 0.000002
4.268815 0.002172 0.003373 0.000002
4.270987 0.002172 0.003373 0.000002
4.273159 0.002172 0.003373 0.000002
4.275331 0.002172 0.003373 0.000002
4.277503 0.002172 0.003373 0.000002
4.279675 0.002172 0.003373 0.000002
4.281847 0.002172 0.003373 0.000002
4.284019 0.002172 0.003373 0.000002
4.286191 0.002172 0.003373 0.000002
4.288363 0.002172 0.003373 0.000002
4.290535 0.002172 0.003373 0.000002
4.292707 0.002172 0.003373 0.000002
4.294879 0.002172 0.003373 0.000002
4.297051 0.002172 0.003373 0.000002
4.299223 0.002172 0.003373 0.000002
4.301395 0.002172 0.003373 0.000002
4.303567 0.002172 0.003373 0.000002
4.305739 0.002172 0.003373 0.000002
4.307912 0.002172 0.003373 0.000002
4.310084 0.002172 0.003373 0.000002
4.312256 0.002172 0.003373 0.000002
4.314428 0.002172 0.003373 0.000002
4.316600 0.002172 0.003373 0.000002
4.318772 0.002172 0.003373 0.000002
4.320944 0.002172 0.003373 0.000002
4.323116 0.002172 0.003373 0.000002
4.325288 0.002172 0.003373 0.000002
4.327460 0.002172 0.003373 0.000002
4.329632 0.002172 0.003373 0.000002
4.331804 0.002172 0.003373 0.000002
4.333976 0.002172 0.003373 0.000002
4.336149 0.002172 0.003373 0.000002
4.338321 0.002172 0.003373 0.000002
4.340493 0.002172 0.003373 0.000002
4.342665 0.002172 0.003373 0.000002
4.344837 0.002172 0.003373 0.000002
4.347009 0.002172 0.003373 0.000002
4.349181 0.002172 0.003373 0.000002
4.351353 0.002172 0.003373 0.000002
4.353525 0.002172 0.003373 0.000002
4.355697 0.002172 0.003373 0.000002
4.357870 0.002172 0.003373 0.000002
4.360042 0.002172 0.003373 0.000002
4.362214 0.002172 0.003373 0.000002
4.364386 0.002172 0.003373 0.000002
4.366558 0.002172 0.003373 0.000002
4.368730 0.002172 0.003373 0.000002
4.370902 0.002172 0.003373 0.000002
4.373074 0.002172 0.003373 0.000002
4.375247 0.002172 0.003373 0.000002
4.377419 0.002172 0.003373 0.000002
4.379591 0.002172 0.003373 0.000002
4.381763 0.002172 0.003373 0.000002
4.383935 0.002172 0.003373 0.000002
4.386107 0.002172 0.003373 0.000002
4.388279 0.002172 0.003373 0.000002
4.390452 0.002172 0.003373 0.000002
4.392624 0.002172 0.003373 0.000002
4.394796 0.002172 0.003372 0.000002
4.396968 0.002172 0.003372 0.000002
4.399140 0.002172 0.003372 0.000002
4.401312 0.002172 0.003372 0.000002
4.403484 0.002172 0.003372 0.000002
4.405657 0.002172 0.003372 0.000002
4.407829 0.002172 0.003372 0.000002
4.410001 0.002172 0.003372 0.000002
4.412173 0.002172 0.003372 0.000002
4.414345 0.002172 0.003372 0.000002
4.416517 0.002172 0.003372 0.000002
4.418690 0.002172 0.003372 0.000002
4.420862 0.002172 0.003372 0.000002
4.423034 0.002172 0.003372 0.000001
4.425206 0.002172 0.003372 0.000001
4.427378 0.002172 0.003372 0.000001
4.429550 0.002172 0.003372 0.000001
4.431723 0.002172 0.003372 0.000001
4.433895 0.002172 0.003372 0.000001
4.436067 0.002172 0.003372 0.000001
4.438239 0.002172 0.003372 0.000001
4.440411 0.002172 0.003372 0.000001
4.442583 0.002172 0.003372 0.000001
4.444756 0.002172 0.003372 0.000001
4.446928 0.002172 0.003372 0.000001
4.449100 0.002172 0.003372 0.000001
4.451272 0.002172 0.003372 0.000001
4.453444 0.002172 0.003372 0.000001
4.455617 0.002172 0.003372 0.000001
4.457789 0.002172 0.003372 0.000001
4.459961 0.002172 0.003372 0.000001
4.462133 0.002172 0.003372 0.000001
4.464305 0.002172 0.003372 0.000001
4.466477 0.002172 0.003372 0.000001
4.468650 0.002172 0.003372 0.000001
4.470822 0.002172 0.003371 0.000001
4.472994 0.002172 0.003371 0.000001
4.475166 0.002172 0.003371 0.000001
4.477338 0.002172 0.003371 0.000001
4.479511 0.002172 0.003371 0.000001
4.481683 0.002172 0.003371 0.000001
4.483855 0.002172 0.003371 0.000000
4.486027 0.002172 0.003371 0.000000
4.488200 0.002172 0.003371 0.000000
4.490372 0.002172 0.003371 0.000000
4.492544 0.002172 0.003371 0.000000
4.494716 0.002172 0.003371 0.000000
4.496888 0.002172 0.003371 0.000000
4.499061 0.002172 0.003371 0.000000
4.501233 0.002172 0.003371 0.000000
4.503405 0.002172 0.003371 -0.000000
4.505577 0.002172 0.003371 -0.000000
4.507750 0.002172 0.003371 -0.000000
4.509922 0.002172 0.003371 -0.000000
4.512094 0.002172 0.003370 -0.000000
4.514266 0.002172 0.003370 -0.000000
4.516439 0.002172 0.003370 -0.000000
4.518611 0.002172 0.003370 -0.000000
4.520783 0.002172 0.003370 -0.000001
4.522955 0.002172 0.003370 -0.000001
4.525128 0.002172 0.003370 -0.000001
4.527300 0.002172 0.003370 -0.000001
4.529472 0.002172 0.003370 -0.000001
4.531644 0.002172 0.003370 -0.000001
4.533817 0.002172 0.003370 -0.000001
4.535989 0.002172 0.003370 -0.000001
4.538161 0.002172 0.003370 -0.000001
4.540334 0.002172 0.003370 -0.000001
4.542506 0.002172 0.003370 -0.000001
4.544678 0.002172 0.003369 -0.000001
4.546850 0.002172 0.003369 -0.000001
4.549023 0.002172 0.003369 -0.000001
4.551195 0.002172 0.003369 -0.000001
4.553367 0.002172 0.003369 -0.000002
4.555540 0.002172 0.003369 -0.000002
4.557712 0.002172 0.003369 -0.000002
4.559884 0.002172 0.003369 -0.000002
4.562057 0.002172 0.003369 -0.000002
4.564229 0.002172 0.003369 -0.000002
4.566401 0.002172 0.003369 -0.000002
4.568573 0.002172 0.003369 -0.000002
4.570746 0.002172 0.003369 -0.000002
4.572918 0.002172 0.003369 -0.000002
4.575090 0.002172 0.003368 -0.000002
4.577263 0.002172 0.003368 -0.000002
4.579435 0.002172 0.003368 -0.000002
4.581607 0.002172 0.003368 -0.000002
4.583780 0.002172 0.003368 -0.000003
4.585952 0.002172 0.003368 -0.000003
4.588124 0.002172 0.003368 -0.000003
4.590297 0.002172 0.003368 -0.000003
4.592469 0.002172 0.003368 -0.000003
4.594641 0.002172 0.003368 -0.000003
4.596814 0.002172 0.003368 -0.000003
4.598986 0.002172 0.003368 -0.000003
4.601158 0.002172 0.003368 -0.000003
4.603330 0.002172 0.003368 -0.000003
4.605503 0.002172 0.003367 -0.000003
4.607675 0.002172 0.003367 -0.000003
4.609848 0.002172 0.003367 -0.000003
4.612020 0.002172 0.003367 -0.000003
4.614192 0.002172 0.003367 -0.000004
4.616365 0.002172 0.003367 -0.000004
4.618537 0.002172 0.003367 -0.000004
4.620709 0.002172 0.003367 -0.000004
4.622882 0.002172 0.003367 -0.000004
4.625054 0.002172 0.003367 -0.000004
4.627226 0.002172 0.003367 -0.000004
4.629399 0.002172 0.003367 -0.000004
4.631571 0.002172 0.003367 -0.000004
4.633743 0.002172 0.003367 -0.000004
4.635916 0.002172 0.003366 -0.000004
4.638088 0.002172 0.003366 -0.000004
4.640261 0.002172 0.003366 -0.000004
4.642433 0.002172 0.003366 -0.000004
4.644605 0.002172 0.003366 -0.000004
4.646778 0.002172 0.003366 -0.000005
4.648950 0.002172 0.003366 -0.000005
4.651122 0.002172 0.003366 -0.000005
4.653295 0.002172 0.003366 -0.000005
4.655467 0.002172 0.003366 -0.000005
4.657640 0.002172 0.003366 -0.000005
4.659812 0.002172 0.003366 -0.000005
4.661984 0.002172 0.003366 -0.000005
4.664157 0.002172 0.003366 -0.000005
4.666329 0.002172 0.003366 -0.000005
4.668502 0.002172 0.003366 -0.000005
4.670674 0.002172 0.003366 -0.000005
4.672847 0.002172 0.003366 -0.000005
4.675019 0.002172 0.003366 -0.000005
4.677191 0.002172 0.003365 -0.000005
4.679364 0.002172 0.003365 -0.000005
4.681536 0.002172 0.003365 -0.000005
4.683709 0.002172 0.003365 -0.000005
4.685881 0.002172 0.003365 -0.000005
4.688054 0.002172 0.003365 -0.000005
4.690226 0.002172 0.003365 -0.000005
4.692399 0.002172 0.003365 -0.000006
4.694571 0.002172 0.003365 -0.000006
4.696744 0.002172 0.003365 -0.000006
4.698916 0.002172 0.003365 -0.000006
4.701089 0.002172 0.003365 -0.000006
4.703261 0.002172 0.003365 -0.000006
4.705433 0.002172 0.003365 -0.000006
4.707606 0.002172 0.003365 -0.000006
4.709778 0.002172 0.003365 -0.000006
4.711951 0.002172 0.003365 -0.000006
4.714123 0.002172 0.003365 -0.000006
4.716296 0.002172 0.003365 -0.000006
4.718468 0.002173 0.003365 -0.000006
4.720641 0.002173 0.003365 -0.000006
4.722813 0.002173 0.003365 -0.000006
4.724986 0.002173 0.003365 -0.000006
4.727158 0.002173 0.003365 -0.000006
4.729331 0.002173 0.003365 -0.000006
4.731503 0.002173 0.003365 -0.000006
4.733676 0.002173 0.003365 -0.000006
4.735849 0.002173 0.003365 -0.000006
4.738021 0.002173 0.003365 -0.000006
4.740194 0.002173 0.003365 -0.000006
4.742366 0.002173 0.003365 -0.000006
4.744539 0.002173 0.003365 -0.000006
4.746711 0.002173 0.003365 -0.000006
4.748884 0.002173 0.003365 -0.000006
4.751056 0.002173 0.003365 -0.000006
4.753229 0.002173 0.003365 -0.000006
4.755401 0.002173 0.003365 -0.000006
4.757574 0.002173 0.003365 -0.000006
4.759746 0.002173 0.003365 -0.000006
4.761919 0.002173 0.003365 -0.000006
4.764092 0.002173 0.003364 -0.000006
4.766264 0.002173 0.003364 -0.000006
4.768437 0.002173 0.003364 -0.000006
4.770609 0.002173 0.003364 -0.000006
4.772782 0.002173 0.003364 -0.000006
4.774954 0.002173 0.003364 -0.000006
4.777127 0.002173 0.003364 -0.000006
4.779300 0.002173 0.003364 -0.000006
4.781472 0.002173 0.003364 -0.000006
4.783645 0.002173 0.003364 -0.000006
4.785817 0.002173 0.003364 -0.000006
4.787990 0.002173 0.003364 -0.000006
4.790162 0.002173 0.003364 -0.000006
4.792335 0.002173 0.003364 -0.000006
4.794508 0.002173 0.003364 -0.000006
4.796680 0.002173 0.003364 -0.000006
4.798853 0.002173 0.003364 -0.000006
4.801025 0.002173 0.003364 -0.000006
4.803198 0.002173 0.003364 -0.000006
4.805371 0.002173 0.003364 -0.000006
4.807543 0.002173 0.003364 -0.000006
4.809716 0.002173 0.003364 -0.000006
4.811889 0.002173 0.003364 -0.000006
4.814061 0.002173 0.003364 -0.000006
4.816234 0.002173 0.003364 -0.000006
4.818406 0.002173 0.003364 -0.000006
4.820579 0.002173 0.003365 -0.000006
4.822752 0.002173 0.003365 -0.000006
4.824924 0.002173 0.003365 -0.000006
4.827097 0.002173 0.003365 -0.000006
4.829270 0.002173 0.003365 -0.000006
4.831442 0.002173 0.003365 -0.000006
4.833615 0.002173 0.003365 -0.000006
4.835788 0.002173 0.003365 -0.000006
4.837960 0.002173 0.003365 -0.000006
4.840133 0.002173 0.003365 -0.000006
4.842306 0.002173 0.003365 -0.000006
4.844478 0.002173 0.003365 -0.000006
4.846651 0.002173 0.003365 -0.000006
4.848824 0.002173 0.003365 -0.000006
4.850996 0.002173 0.003365 -0.000006
4.853169 0.002173 0.003365 -0.000006
4.855342 0.002173 0.003365 -0.000006
4.857514 0.002173 0.003365 -0.000006
4.859687 0.002173 0.003365 -0.000006
4.861860 0.002173 0.003365 -0.000006
4.864032 0.002173 0.003365 -0.000006
4.866205 0.002173 0.003365 -0.000006
4.868378 0.002173 0.003365 -0.000006
4.870550 0.002173 0.003365 -0.000006
4.872723 0.002173 0.003365 -0.000006
4.874896 0.002173 0.003365 -0.000006
4.877068 0.002173 0.003365 -0.000006
4.879241 0.002173 0.003365 -0.000006
4.881414 0.002173 0.003365 -0.000006
4.883587 0.002173 0.003365 -0.000006
4.885759 0.002173 0.003365 -0.000006
4.887932 0.002173 0.003365 -0.000006
4.890105 0.002173 0.003365 -0.000005
4.892277 0.002173 0.003365 -0.000005
4.894450 0.002173 0.003365 -0.000005
4.896623 0.002173 0.003365 -0.000005
4.898796 0.002173 0.003365 -0.000005
4.900968 0.002173 0.003365 -0.000005
4.903141 0.002173 0.003365 -0.000005
4.905314 0.002173 0.003366 -0.000005
4.907487 0.002173 0.003366 -0.000005
4.909659 0.002173 0.003366 -0.000005
4.911832 0.002173 0.003366 -0.000005
4.914005 0.002173 0.003366 -0.000005
4.916178 0.002173 0.003366 -0.000005
4.918350 0.002173 0.003366 -0.000005
4.920523 0.002173 0.003366 -0.000005
4.922696 0.002173 0.003366 -0.000005
4.924869 0.002173 0.003366 -0.000005
4.927041 0.002173 0.003366 -0.000005
4.929214 0.002173 0.003366 -0.000005
4.931387 0.002173 0.003366 -0.000004
4.933560 0.002173 0.003366 -0.000004
4.935732 0.002173 0.003366 -0.000004
4.937905 0.002173 0.003366 -0.000004
4.940078 0.002173 0.003367 -0.000004
4.942251 0.002173 0.003367 -0.000004
4.944424 0.002173 0.003367 -0.000004
4.946596 0.002173 0.003367 -0.000004
4.948769 0.002173 0.003367 -0.000004
4.950942 0.002173 0.003367 -0.000004
4.953115 0.002173 0.003367 -0.000004
4.955287 0.002173 0.003367 -0.000004
4.957460 0.002173 0.003367 -0.000004
4.959633 0.002173 0.003367 -0.000004
4.961806 0.002173 0.003367 -0.000003
4.963979 0.002173 0.003367 -0.000003
4.966151 0.002173 0.003367 -0.000003
4.968324 0.002173 0.003367 -0.000003
4.970497 0.002173 0.003368 -0.000003
4.972670 0.002173 0.003368 -0.000003
4.974843 0.002173 0.003368 -0.000003
4.977016 0.002173 0.003368 -0.000003
4.979188 0.002173 0.003368 -0.000003
4.981361 0.002173 0.003368 -0.000003
4.983534 0.002173 0.003368 -0.000003
4.985707 0.002173 0.003368 -0.000003
4.987880 0.002173 0.003368 -0.000002
4.990053 0.002173 0.003368 -0.000002
4.992225 0.002173 0.003368 -0.000002
4.994398 0.002173 0.003368 -0.000002
4.996571 0.002173 0.003369 -0.000002
4.998744 0.002173 0.003369 -0.000002
5.000917 0.002173 0.003369 -0.000002
5.003090 0.002173 0.003369 -0.000002
5.005262 0.002173 0.003369 -0.000002
5.007435 0.002173 0.003369 -0.000002
5.009608 0.002173 0.003369 -0.000002
5.011781 0.002173 0.003369 -0.000002
5.013954 0.002173 0.003369 -0.000002
5.016127 0.002173 0.003369 -0.000001
5.018300 0.002173 0.003369 -0.000001
5.020472 0.002173 0.003369 -0.000001
5.022645 0.002173 0.003369 -0.000001
5.024818 0.002173 0.003370 -0.000001
5.026991 0.002173 0.003370 -0.000001
5.029164 0.002173 0.003370 -0.000001
5.031337 0.002173 0.003370 -0.000001
5.033510 0.002173 0.003370 -0.000001
5.035683 0.002173 0.003370 -0.000001
5.037856 0.002173 0.003370 -0.000001
5.040028 0.002173 0.003370 -0.000001
5.042201 0.002173 0.003370 -0.000001
5.044374 0.002173 0.003370 -0.000001
5.046547 0.002173 0.003370 -0.000000
5.048720 0.002173 0.003370 -0.000000
5.050893 0.002173 0.003370 -0.000000
5.053066 0.002173 0.003370 -0.000000
5.055239 0.002173 0.003370 -0.000000
5.057412 0.002173 0.003371 -0.000000
5.059585 0.002173 0.003371 -0.000000
5.061757 0.002173 0.003371 -0.000000
5.063930 0.002173 0.003371 -0.000000
5.066103 0.002173 0.003371 0.000000
5.068276 0.002173 0.003371 0.000000
5.070449 0.002173 0.003371 0.000000
5.072622 0.002173 0.003371 0.000000
5.074795 0.002173 0.003371 0.000000
5.076968 0.002173 0.003371 0.000000
5.079141 0.002173 0.003371 0.000000
5.081314 0.002173 0.003371 0.000000
5.083487 0.002173 0.003371 0.000000
5.085660 0.002173 0.003371 0.000001
5.087833 0.002173 0.003371 0.000001
5.090006 0.002173 0.003371 0.000001
5.092179 0.002173 0.003371 0.000001
5.094352 0.002173 0.003371 0.000001
5.096524 0.002173 0.003371 0.000001
5.098697 0.002173 0.003372 0.000001
5.100870 0.002173 0.003372 0.000001
5.103043 0.002173 0.003372 0.000001
5.105216 0.002173 0.003372 0.000001
5.107389 0.002173 0.003372 0.000001
5.109562 0.002173 0.003372 0.000001
5.111735 0.002173 0.003372 0.000001
5.113908 0.002173 0.003372 0.000001
5.116081 0.002173 0.003372 0.000001
5.118254 0.002173 0.003372 0.000001
5.120427 0.002173 0.003372 0.000001
5.122600 0.002173 0.003372 0.000001
5.124773 0.002173 0.003372 0.000001
5.126946 0.002173 0.003372 0.000001
5.129119 0.002173 0.003372 0.000001
5.131292 0.002173 0.003372 0.000001
5.133465 0.002173 0.003372 0.000002
5.135638 0.002173 0.003372 0.000002
5.137811 0.002173 0.003372 0.000002
5.139984 0.002173 0.003372 0.000002
5.142157 0.002173 0.003372 0.000002
5.144330 0.002173 0.003372 0.000002
5.146503 0.002173 0.003372 0.000002
5.148676 0.002173 0.003372 0.000002
5.150849 0.002173 0.003373 0.000002
5.153022 0.002173 0.003373 0.000002
5.155195 0.002173 0.003373 0.000002
5.157368 0.002173 0.003373 0.000002
5.159541 0.002173 0.003373 0.000002
5.161714 0.002173 0.003373 0.000002
5.163887 0.002173 0.003373 0.000002
5.166060 0.002173 0.003373 0.000002
5.168233 0.002173 0.003373 0.000002
5.170407 0.002173 0.003373 0.000002
5.172580 0.002173 0.003373 0.000002
5.174753 0.002173 0.003373 0.000002
5.176926 0.002173 0.003373 0.000002
5.179099 0.002173 0.003373 0.000002
5.181272 0.002173 0.003373 0.000002
5.183445 0.002173 0.003373 0.000002
5.185618 0.002173 0.003373 0.000002
5.187791 0.002173 0.003373 0.000002
5.189964 0.002173 0.003373 0.000002
5.192137 0.002173 0.003373 0.000003
5.194310 0.002173 0.003373 0.000003
5.196483 0.002173 0.003373 0.000003
5.198656 0.002173 0.003373 0.000003
5.200829 0.002173 0.003373 0.000003
5.203003 0.002173 0.003373 0.000003
5.205176 0.002173 0.003373 0.000003
5.207349 0.002173 0.003374 0.000003
5.209522 0.002173 0.003374 0.000003
5.211695 0.002173 0.003374 0.000003
5.213868 0.002173 0.003374 0.000003
5.216041 0.002173 0.003374 0.000003
5.218214 0.002173 0.003374 0.000003
5.220387 0.002173 0.003374 0.000003
5.222560 0.002173 0.003374 0.000003
5.224734 0.002173 0.003374 0.000003
5.226907 0.002173 0.003374 0.000003
5.229080 0.002173 0.003374 0.000003
5.231253 0.002173 0.003374 0.000003
5.233426 0.002173 0.003374 0.000003
5.235599 0.002173 0.003374 0.000003
5.237772 0.002173 0.003374 0.000003
5.239945 0.002173 0.003374 0.000004
5.242119 0.002173 0.003374 0.000004
5.244292 0.002173 0.003374 0.000004
5.246465 0.002173 0.003374 0.000004
5.248638 0.002173 0.003374 0.000004
5.250811 0.002173 0.003374 0.000004
5.252984 0.002173 0.003374 0.000004
5.255157 0.002173 0.003375 0.000004
5.257331 0.002173 0.003375 0.000004
5.259504 0.002173 0.003375 0.000004
5.261677 0.002173 0.003375 0.000004
5.263850 0.002173 0.003375 0.000004
5.266023 0.002173 0.003375 0.000004
5.268196 0.002173 0.003375 0.000004
5.270369 0.002173 0.003375 0.000004
5.272543 0.002173 0.003375 0.000004
5.274716 0.002173 0.003375 0.000004
5.276889 0.002173 0.003375 0.000004
5.279062 0.002173 0.003375 0.000004
5.281235 0.002173 0.003375 0.000004
5.283409 0.002173 0.003375 0.000004
5.285582 0.002173 0.003375 0.000004
5.287755 0.002173 0.003375 0.000005
5.289928 0.002173 0.003375 0.000005
5.292101 0.002173 0.003375 0.000005
5.294275 0.002173 0.003375 0.000005
5.296448 0.002173 0.003375 0.000005
5.298621 0.002173 0.003375 0.000005
5.300794 0.002173 0.003376 0.000005
5.302967 0.002173 0.003376 0.000005
5.305141 0.002173 0.003376 0.000005
5.307314 0.002173 0.003376 0.000005
5.309487 0.002173 0.003376 0.000005
5.311660 0.002173 0.003376 0.000005
5.313833 0.002173 0.003376 0.000005
5.316007 0.002173 0.003376 0.000005
5.318180 0.002173 0.003376 0.000005
5.320353 0.002173 0.003376 0.000005
5.322526 0.002173 0.003376 0.000005
5.324700 0.002173 0.003376 0.000005
5.326873 0.002173 0.003376 0.000005
5.329046 0.002173 0.003376 0.000005
5.331219 0.002173 0.003376 0.000005
5.333393 0.002173 0.003376 0.000005
5.335566 0.002173 0.003376 0.000005
5.337739 0.002173 0.003376 0.000006
5.339912 0.002173 0.003376 0.000006
5.342086 0.002173 0.003376 0.000006
5.344259 0.002173 0.003376 0.000006
5.346432 0.002173 0.003376 0.000006
5.348605 0.002173 0.003376 0.000006
5.350779 0.002173 0.003376 0.000006
5.352952 0.002173 0.003377 0.000006
5.355125 0.002173 0.003377 0.000006
5.357298 0.002173 0.003377 0.000006
5.359472 0.002173 0.003377 0.000006
5.361645 0.002173 0.003377 0.000006
5.363818 0.002173 0.003377 0.000006
5.365992 0.002173 0.003377 0.000006
5.368165 0.002173 0.003377 0.000006
5.370338 0.002173 0.003377 0.000006
5.372511 0.002173 0.003377 0.000006
5.374685 0.002173 0.003377 0.000006
5.376858 0.002173 0.003377 0.000006
5.379031 0.002173 0.003377 0.000006
5.381205 0.002173 0.003377 0.000006
5.383378 0.002173 0.003377 0.000006
5.385551 0.002173 0.003377 0.000006
5.387725 0.002173 0.003377 0.000006
5.389898 0.002173 0.003377 0.000006
5.392071 0.002173 0.003377 0.000006
5.394245 0.002173 0.003377 0.000006
5.396418 0.002173 0.003377 0.000006
5.398591 0.002173 0.003377 0.000006
5.400765 0.002173 0.003377 0.000006
5.402938 0.002173 0.003377 0.000006
5.405111 0.002173 0.003377 0.000006
5.407285 0.002173 0.003377 0.000007
5.409458 0.002173 0.003377 0.000007
5.411631 0.002173 0.003377 0.000007
5.413805 0.002173 0.003377 0.000007
5.415978 0.002173 0.003377 0.000007
5.418151 0.002173 0.003377 0.000007
5.420325 0.002173 0.003377 0.000007
5.422498 0.002173 0.003377 0.000007
5.424671 0.002173 0.003377 0.000007
5.426845 0.002173 0.003377 0.000007
5.429018 0.002173 0.003377 0.000007
5.431192 0.002173 0.003377 0.000007
5.433365 0.002173 0.003377 0.000007
5.435538 0.002173 0.003377 0.000007
5.437712 0.002173 0.003377 0.000007
5.439885 0.002173 0.003377 0.000007
5.442058 0.002173 0.003377 0.000007
5.444232 0.002173 0.003377 0.000007
5.446405 0.002173 0.003377 0.000007
5.448579 0.002173 0.003377 0.000007
5.450752 0.002173 0.003377 0.000007
5.452925 0.002173 0.003377 0.000007
5.455099 0.002173 0.003377 0.000007
5.457272 0.002173 0.003377 0.000007
5.459446 0.002173 0.003377 0.000007
5.461619 0.002173 0.003377 0.000007
5.463792 0.002173 0.003377 0.000007
5.465966 0.002173 0.003377 0.000007
5.468139 0.002173 0.003377 0.000007
5.470313 0.002173 0.003378 0.000007
5.472486 0.002173 0.003378 0.000007
5.474660 0.002173 0.003378 0.000007
5.476833 0.002173 0.003378 0.000007
5.479006 0.002173 0.003378 0.000007
5.481180 0.002173 0.003378 0.000007
5.483353 0.002173 0.003378 0.000007
5.485527 0.002173 0.003378 0.000007
5.487700 0.002173 0.003378 0.000007
5.489874 0.002173 0.003378 0.000007
5.492047 0.002173 0.003378 0.000007
5.494221 0.002173 0.003378 0.000007
5.496394 0.002173 0.003378 0.000007
5.498567 0.002173 0.003378 0.000007
5.500741 0.002173 0.003378 0.000007
5.502914 0.002173 0.003378 0.000007
5.505088 0.002173 0.003378 0.000007
5.507261 0.002173 0.003378 0.000007
5.509435 0.002173 0.003378 0.000007
5.511608 0.002173 0.003378 0.000007
5.513782 0.002173 0.003378 0.000007
5.515955 0.002173 0.003378 0.000007
5.518129 0.002173 0.003378 0.000007
5.520302 0.002173 0.003378 0.000007
5.522476 0.002173 0.003378 0.000007
5.524649 0.002173 0.003378 0.000007
5.526823 0.002173 0.003378 0.000007
5.528996 0.002174 0.003378 0.000007
5.531170 0.002174 0.003378 0.000007
5.533343 0.002174 0.003378 0.000007
5.535517 0.002174 0.003378 0.000007
5.537690 0.002174 0.003378 0.000007
5.539864 0.002174 0.003378 0.000007
5.542037 0.002174 0.003378 0.000007
5.544211 0.002174 0.003378 0.000007
5.546384 0.002174 0.003378 0.000007
5.548558 0.002174 0.003378 0.000007
5.550731 0.002174 0.003378 0.000007
5.552905 0.002174 0.003378 0.000007
5.555078 0.002174 0.003378 0.000007
5.557252 0.002174 0.003378 0.000007
5.559426 0.002174 0.003378 0.000007
5.561599 0.002174 0.003378 0.000007
5.563773 0.002174 0.003378 0.000007
5.565946 0.002174 0.003378 0.000007
5.568120 0.002174 0.003378 0.000007
5.570293 0.002174 0.003377 0.000007
5.572467 0.002174 0.003377 0.000007
5.574641 0.002174 0.003377 0.000007
5.576814 0.002174 0.003377 0.000007
5.578988 0.002174 0.003377 0.000007
5.581161 0.002174 0.003377 0.000007
5.583335 0.002174 0.003377 0.000007
5.585508 0.002174 0.003377 0.000007
5.587682 0.002174 0.003377 0.000007
5.589856 0.002174 0.003377 0.000007
5.592029 0.002174 0.003377 0.000007
5.594203 0.002174 0.003377 0.000007
5.596376 0.002174 0.003377 0.000007
5.598550 0.002174 0.003377 0.000007
5.600724 0.002174 0.003377 0.000007
5.602897 0.002174 0.003377 0.000007
5.605071 0.002174 0.003377 0.000007
5.607245 0.002174 0.003377 0.000007
5.609418 0.002174 0.003377 0.000007
5.611592 0.002174 0.003377 0.000007
5.613765 0.002174 0.003377 0.000007
5.615939 0.002174 0.003377 0.000007
5.618113 0.002174 0.003377 0.000007
5.620286 0.002174 0.003377 0.000007
5.622460 0.002174 0.003377 0.000006
5.624633 0.002174 0.003377 0.000006
5.626807 0.002174 0.003377 0.000006
5.628981 0.002174 0.003377 0.000006
5.631154 0.002174 0.003377 0.000006
5.633328 0.002174 0.003377 0.000006
5.635502 0.002174 0.003377 0.000006
5.637675 0.002174 0.003377 0.000006
5.639849 0.002174 0.003377 0.000006
5.642023 0.002174 0.003377 0.000006
5.644196 0.002174 0.003377 0.000006
5.646370 0.002174 0.003377 0.000006
5.648543 0.002174 0.003377 0.000006
5.650717 0.002174 0.003377 0.000006
5.652891 0.002174 0.003377 0.000006
5.655064 0.002174 0.003377 0.000006
5.657238 0.002174 0.003377 0.000006
5.659412 0.002174 0.003376 0.000006
5.661585 0.002174 0.003376 0.000006
5.663759 0.002174 0.003376 0.000006
5.665933 0.002174 0.003376 0.000006
5.668106 0.002174 0.003376 0.000005
5.670280 0.002174 0.003376 0.000005
5.672454 0.002174 0.003376 0.000005
5.674627 0.002174 0.003376 0.000005
5.676801 0.002174 0.003376 0.000005
5.678975 0.002174 0.003376 0.000005
5.681149 0.002174 0.003376 0.000005
5.683322 0.002174 0.003376 0.000005
5.685496 0.002174 0.003376 0.000005
5.687670 0.002174 0.003376 0.000005
5.689843 0.002174 0.003375 0.000005
5.692017 0.002174 0.003375 0.000005
5.694191 0.002174 0.003375 0.000005
5.696364 0.002174 0.003375 0.000005
5.698538 0.002174 0.003375 0.000004
5.700712 0.002174 0.003375 0.000004
5.702886 0.002174 0.003375 0.000004
5.705059 0.002174 0.003375 0.000004
5.707233 0.002174 0.003375 0.000004
5.709407 0.002174 0.003375 0.000004
5.711581 0.002174 0.003375 0.000004
5.713754 0.002174 0.003375 0.000004
5.715928 0.002174 0.003375 0.000004
5.718102 0.002174 0.003374 0.000004
5.720275 0.002174 0.003374 0.000004
5.722449 0.002174 0.003374 0.000004
5.724623 0.002174 0.003374 0.000004
5.726797 0.002174 0.003374 0.000003
5.728971 0.002174 0.003374 0.000003
5.731144 0.002174 0.003374 0.000003
5.733318 0.002174 0.003374 0.000003
5.735492 0.002174 0.003374 0.000003
5.737666 0.002174 0.003374 0.000003
5.739839 0.002174 0.003374 0.000003
5.742013 0.002174 0.003374 0.000003
5.744187 0.002174 0.003374 0.000003
5.746361 0.002174 0.003374 0.000003
5.748535 0.002174 0.003373 0.000003
5.750708 0.002174 0.003373 0.000003
5.752882 0.002174 0.003373 0.000003
5.755056 0.002174 0.003373 0.000003
5.757230 0.002174 0.003373 0.000002
5.759404 0.002174 0.003373 0.000002
5.761577 0.002174 0.003373 0.000002
5.763751 0.002174 0.003373 0.000002
5.765925 0.002174 0.003373 0.000002
5.768099 0.002174 0.003373 0.000002
5.770273 0.002174 0.003373 0.000002
5.772447 0.002174 0.003373 0.000002
5.774620 0.002174 0.003373 0.000002
5.776794 0.002174 0.003373 0.000002
5.778968 0.002174 0.003373 0.000002
5.781142 0.002174 0.003372 0.000002
5.783316 0.002174 0.003372 0.000002
5.785490 0.002174 0.003372 0.000002
5.787664 0.002174 0.003372 0.000002
5.789837 0.002174 0.003372 0.000002
5.792011 0.002174 0.003372 0.000001
5.794185 0.002174 0.003372 0.000001
5.796359 0.002174 0.003372 0.000001
5.798533 0.002174 0.003372 0.000001
5.800707 0.002174 0.003372 0.000001
5.802881 0.002174 0.003372 0.000001
5.805055 0.002174 0.003372 0.000001
5.807228 0.002174 0.003372 0.000001
5.809402 0.002174 0.003372 0.000001
5.811576 0.002174 0.003372 0.000001
5.813750 0.002174 0.003372 0.000001
5.815924 0.002174 0.003372 0.000001
5.818098 0.002174 0.003371 0.000001
5.820272 0.002174 0.003371 0.000001
5.822446 0.002174 0.003371 0.000001
5.824620 0.002174 0.003371 0.000001
5.826794 0.002174 0.003371 0.000001
5.828968 0.002174 0.003371 0.000000
5.831141 0.002174 0.003371 0.000000
5.833315 0.002174 0.003371 0.000000
5.835489 0.002174 0.003371 0.000000
5.837663 0.002174 0.003371 0.000000
5.839837 0.002174 0.003371 0.000000
5.842011 0.002174 0.003371 0.000000
5.844185 0.002174 0.003371 0.000000
5.846359 0.002174 0.003371 0.000000
5.848533 0.002174 0.003371 -0.000000
5.850707 0.002174 0.003371 -0.000000
5.852881 0.002174 0.003371 -0.000000
5.855055 0.002174 0.003371 -0.000000
5.857229 0.002174 0.003370 -0.000000
5.859403 0.002174 0.003370 -0.000000
5.861577 0.002174 0.003370 -0.000000
5.863751 0.002174 0.003370 -0.000000
5.865925 0.002174 0.003370 -0.000000
5.868099 0.002174 0.003370 -0.000000
5.870273 0.002174 0.003370 -0.000001
5.872447 0.002174 0.003370 -0.000001
5.874621 0.002174 0.003370 -0.000001
5.876795 0.002174 0.003370 -0.000001
5.878969 0.002174 0.003370 -0.000001
5.881143 0.002174 0.003370 -0.000001
5.883317 0.002174 0.003370 -0.000001
5.885491 0.002174 0.003370 -0.000001
5.887665 0.002174 0.003370 -0.000001
5.889839 0.002174 0.003370 -0.000001
5.892013 0.002174 0.003370 -0.000001
5.894187 0.002174 0.003370 -0.000001
5.896361 0.002174 0.003370 -0.000001
5.898535 0.002174 0.003370 -0.000001
5.900709 0.002174 0.003370 -0.000001
5.902883 0.002174 0.003369 -0.000001
5.905057 0.002174 0.003369 -0.000001
5.907231 0.002174 0.003369 -0.000001
5.909405 0.002174 0.003369 -0.000001
5.911579 0.002174 0.003369 -0.000001
5.913753 0.002174 0.003369 -0.000001
5.915927 0.002174 0.003369 -0.000001
5.918101 0.002174 0.003369 -0.000001
5.920275 0.002174 0.003369 -0.000002
5.922449 0.002174 0.003369 -0.000002
5.924623 0.002174 0.003369 -0.000002
5.926797 0.002174 0.003369 -0.000002
5.928971 0.002174 0.003369 -0.000002
5.931146 0.002174 0.003369 -0.000002
5.933320 0.002174 0.003369 -0.000002
5.935494 0.002174 0.003369 -0.000002
5.937668 0.002174 0.003369 -0.000002
5.939842 0.002174 0.003369 -0.000002
5.942016 0.002174 0.003369 -0.000002
5.944190 0.002174 0.003369 -0.000002
5.946364 0.002174 0.003369 -0.000002
5.948538 0.002174 0.003369 -0.000002
5.950712 0.002174 0.003369 -0.000002
5.952887 0.002174 0.003369 -0.000002
5.955061 0.002174 0.003369 -0.000002
5.957235 0.002174 0.003369 -0.000002
5.959409 0.002174 0.003369 -0.000002
5.961583 0.002174 0.003369 -0.000002
5.963757 0.002174 0.003369 -0.000002
5.965931 0.002174 0.003369 -0.000002
5.968105 0.002174 0.003369 -0.000002
5.970279 0.002174 0.003369 -0.000002
5.972454 0.002174 0.003369 -0.000002
5.974628 0.002174 0.003369 -0.000002
5.976802 0.002174 0.003369 -0.000002
5.978976 0.002174 0.003368 -0.000002
5.981150 0.002174 0.003368 -0.000002
5.983324 0.002174 0.003368 -0.000002
5.985499 0.002174 0.003368 -0.000002
5.987673 0.002174 0.003368 -0.000002
5.989847 0.002174 0.003368 -0.000002
5.992021 0.002174 0.003368 -0.000002
5.994195 0.002174 0.003368 -0.000002
5.996369 0.002174 0.003368 -0.000002
5.998544 0.002174 0.003368 -0.000002
6.000718 0.002174 0.003368 -0.000002
6.002892 0.002174 0.003368 -0.000002
6.005066 0.002174 0.003368 -0.000002
6.007240 0.002174 0.003368 -0.000002
6.009414 0.002174 0.003368 -0.000002
6.011589 0.002174 0.003368 -0.000002
6.013763 0.002174 0.003368 -0.000002
6.015937 0.002174 0.003368 -0.000002
6.018111 0.002174 0.003368 -0.000002
6.020286 0.002174 0.003368 -0.000002
6.022460 0.002174 0.003368 -0.000002
6.024634 0.002174 0.003368 -0.000002
6.026808 0.002174 0.003368 -0.000002
6.028982 0.002174 0.003368 -0.000002
6.031157 0.002174 0.003368 -0.000002
6.033331 0.002174 0.003368 -0.000002
6.035505 0.002174 0.003368 -0.000002
6.037679 0.002174 0.003368 -0.000002
6.039854 0.002174 0.003368 -0.000002
6.042028 0.002174 0.003368 -0.000002
6.044202 0.002174 0.003368 -0.000002
6.046376 0.002174 0.003368 -0.000002
6.048551 0.002174 0.003368 -0.000002
6.050725 0.002174 0.003368 -0.000002
6.052899 0.002174 0.003368 -0.000002
6.055073 0.002174 0.003368 -0.000002
6.057248 0.002174 0.003368 -0.000002
6.059422 0.002174 0.003368 -0.000002
6.061596 0.002174 0.003368 -0.000002
6.063770 0.002174 0.003368 -0.000002
6.065945 0.002174 0.003368 -0.000002
6.068119 0.002174 0.003368 -0.000002
6.070293 0.002174 0.003368 -0.000002
6.072468 0.002174 0.003368 -0.000002
6.074642 0.002174 0.003368 -0.000002
6.076816 0.002174 0.003368 -0.000002
6.078991 0.002174 0.003368 -0.000002
6.081165 0.002174 0.003368 -0.000002
6.083339 0.002174 0.003368 -0.000002
6.085513 0.002174 0.003368 -0.000002
6.087688 0.002174 0.003368 -0.000002
6.089862 0.002174 0.003368 -0.000002
6.092036 0.002174 0.003368 -0.000002
6.094211 0.002174 0.003368 -0.000002
6.096385 0.002174 0.003368 -0.000002
6.098559 0.002174 0.003368 -0.000002
6.100734 0.002174 0.003368 -0.000002
6.102908 0.002174 0.003369 -0.000002
6.105082 0.002174 0.003369 -0.000002
6.107257 0.002174 0.003369 -0.000002
6.109431 0.002174 0.003369 -0.000002
6.111606 0.002174 0.003369 -0.000002
6.113780 0.002174 0.003369 -0.000002
6.115954 0.002174 0.003369 -0.000002
6.118129 0.002174 0.003369 -0.000002
6.120303 0.002174 0.003369 -0.000002
6.122477 0.002174 0.003369 -0.000002
6.124652 0.002174 0.003369 -0.000002
6.126826 0.002174 0.003369 -0.000002
6.129001 0.002174 0.003369 -0.000002
6.131175 0.002174 0.003369 -0.000002
6.133349 0.002174 0.003369 -0.000002
6.135524 0.002174 0.003369 -0.000002
6.137698 0.002174 0.003369 -0.000002
6.139872 0.002174 0.003369 -0.000002
6.142047 0.002174 0.003369 -0.000002
6.144221 0.002174 0.003369 -0.000002
6.146396 0.002174 0.003369 -0.000002
6.148570 0.002174 0.003369 -0.000002
6.150745 0.002174 0.003369 -0.000002
6.152919 0.002174 0.003369 -0.000002
6.155093 0.002174 0.003369 -0.000002
6.157268 0.002174 0.003369 -0.000002
6.159442 0.002174 0.003369 -0.000002
6.161617 0.002174 0.003369 -0.000002
6.163791 0.002174 0.003369 -0.000002
6.165966 0.002174 0.003369 -0.000002
6.168140 0.002174 0.003369 -0.000002
6.170314 0.002174 0.003369 -0.000002
6.172489 0.002174 0.003369 -0.000002
6.174663 0.002174 0.003369 -0.000002
6.176838 0.002174 0.003369 -0.000002
6.179012 0.002174 0.003369 -0.000002
6.181187 0.002174 0.003369 -0.000002
6.183361 0.002174 0.003369 -0.000002
6.185536 0.002174 0.003369 -0.000002
6.187710 0.002174 0.003369 -0.000002
6.189885 0.002174 0.003369 -0.000002
6.192059 0.002174 0.003369 -0.000002
6.194234 0.002174 0.003369 -0.000002
6.196408 0.002174 0.003369 -0.000002
6.198583 0.002174 0.003369 -0.000002
6.200757 0.002174 0.003369 -0.000002
6.202932 0.002174 0.003369 -0.000002
6.205106 0.002174 0.003369 -0.000002
6.207281 0.002175 0.003369 -0.000002
6.209455 0.002175 0.003369 -0.000002
6.211630 0.002175 0.003369 -0.000002
6.213804 0.002175 0.003369 -0.000002
6.215979 0.002175 0.003369 -0.000002
6.218153 0.002175 0.003369 -0.000001
6.220328 0.002175 0.003369 -0.000001
6.222502 0.002175 0.003369 -0.000001
6.224677 0.002175 0.003369 -0.000001
6.226851 0.002175 0.003369 -0.000001
6.229026 0.002175 0.003369 -0.000001
6.231200 0.002175 0.003369 -0.000001
6.233375 0.002175 0.003369 -0.000001
6.235549 0.002175 0.003369 -0.000001
6.237724 0.002175 0.003369 -0.000001
6.239898 0.002175 0.003369 -0.000001
6.242073 0.002175 0.003369 -0.000001
6.244248 0.002175 0.003369 -0.000001
6.246422 0.002175 0.003369 -0.000001
6.248597 0.002175 0.003369 -0.000001
6.250771 0.002175 0.003369 -0.000001
6.252946 0.002175 0.003369 -0.000001
6.255120 0.002175 0.003370 -0.000001
6.257295 0.002175 0.003370 -0.000001
6.259470 0.002175 0.003370 -0.000001
6.261644 0.002175 0.003370 -0.000001
6.263819 0.002175 0.003370 -0.000001
6.265993 0.002175 0.003370 -0.000001
6.268168 0.002175 0.003370 -0.000001
6.270342 0.002175 0.003370 -0.000001
6.272517 0.002175 0.003370 -0.000001
6.274692 0.002175 0.003370 -0.000001
6.276866 0.002175 0.003370 -0.000001
6.279041 0.002175 0.003370 -0.000001
6.281216 0.002175 0.003370 -0.000001
6.283390 0.002175 0.003370 -0.000001
6.285565 0.002175 0.003370 -0.000001
6.287739 0.002175 0.003370 -0.000001
6.289914 0.002175 0.003370 -0.000001
6.292089 0.002175 0.003370 -0.000001
6.294263 0.002175 0.003370 -0.000001
6.296438 0.002175 0.003370 -0.000001
6.298613 0.002175 0.003370 -0.000001
6.300787 0.002175 0.003370 -0.000001
6.302962 0.002175 0.003370 -0.000001
6.305136 0.002175 0.003370 -0.000001
6.307311 0.002175 0.003370 -0.000001
6.309486 0.002175 0.003370 -0.000001
6.311660 0.002175 0.003370 -0.000001
6.313835 0.002175 0.003370 -0.000001
6.316010 0.002175 0.003370 -0.000001
6.318184 0.002175 0.003370 -0.000001
6.320359 0.002175 0.003370 -0.000001
6.322534 0.002175 0.003370 -0.000001
6.324708 0.002175 0.003370 -0.000001
6.326883 0.002175 0.003370 -0.000001
6.329058 0.002175 0.003370 -0.000001
6.331232 0.002175 0.003370 -0.000001
6.333407 0.002175 0.003370 -0.000001
6.335582 0.002175 0.003370 -0.000001
6.337757 0.002175 0.003370 -0.000001
6.339931 0.002175 0.003370 -0.000001
6.342106 0.002175 0.003370 -0.000001
6.344281 0.002175 0.003370 -0.000001
6.346455 0.002175 0.003370 -0.000001
6.348630 0.002175 0.003370 -0.000001
6.350805 0.002175 0.003370 -0.000001
6.352980 0.002175 0.003370 -0.000001
6.355154 0.002175 0.003370 -0.000001
6.357329 0.002175 0.003370 -0.000001
6.359504 0.002175 0.003370 -0.000001
6.361678 0.002175 0.003370 -0.000001
6.363853 0.002175 0.003370 -0.000001
6.366028 0.002175 0.003370 -0.000001
6.368203 0.002175 0.003370 -0.000001
6.370377 0.002175 0.003370 -0.000001
6.372552 0.002175 0.003370 -0.000001
6.374727 0.002175 0.003370 -0.000001
6.376902 0.002175 0.003370 -0.000001
6.379076 0.002175 0.003370 -0.000001
6.381251 0.002175 0.003370 -0.000001
6.383426 0.002175 0.003370 -0.000001
6.385601 0.002175 0.003370 -0.000001
6.387775 0.002175 0.003370 -0.000001
6.389950 0.002175 0.003370 -0.000001
6.392125 0.002175 0.003370 -0.000001
6.394300 0.002175 0.003370 -0.000001
6.396475 0.002175 0.003370 -0.000001
6.398649 0.002175 0.003370 -0.000001
6.400824 0.002175 0.003370 -0.000001
6.402999 0.002175 0.003370 -0.000001
6.405174 0.002175 0.003370 -0.000001
6.407349 0.002175 0.003370 -0.000001
6.409523 0.002175 0.003370 -0.000001
6.411698 0.002175 0.003370 -0.000001
6.413873 0.002175 0.003370 -0.000001
6.416048 0.002175 0.003370 -0.000001
6.418223 0.002175 0.003370 -0.000001
6.420397 0.002175 0.003370 -0.000001
6.422572 0.002175 0.003370 -0.000001
6.424747 0.002175 0.003370 -0.000001
6.426922 0.002175 0.003370 -0.000001
6.429097 0.002175 0.003370 -0.000001
6.431272 0.002175 0.003370 -0.000001
6.433446 0.002175 0.003370 -0.000001
6.435621 0.002175 0.003370 -0.000001
6.437796 0.002175 0.003370 -0.000001
6.439971 0.002175 0.003370 -0.000001
6.442146 0.002175 0.003370 -0.000001
6.444321 0.002175 0.003370 -0.000001
6.446496 0.002175 0.003370 -0.000001
6.448670 0.002175 0.003370 -0.000001
6.450845 0.002175 0.003370 -0.000001
6.453020 0.002175 0.003370 -0.000001
6.455195 0.002175 0.003370 -0.000001
6.457370 0.002175 0.003370 -0.000001
6.459545 0.002175 0.003370 -0.000001
6.461720 0.002175 0.003370 -0.000001
6.463895 0.002175 0.003370 -0.000001
6.466069 0.002175 0.003370 -0.000001
6.468244 0.002175 0.003370 -0.000001
6.470419 0.002175 0.003370 -0.000001
6.472594 0.002175 0.003370 -0.000001
6.474769 0.002175 0.003370 -0.000001
6.476944 0.002175 0.003370 -0.000001
6.479119 0.002175 0.003370 -0.000001
6.481294 0.002175 0.003370 -0.000001
6.483469 0.002175 0.003370 -0.000001
6.485644 0.002175 0.003370 -0.000001
6.487819 0.002175 0.003370 -0.000001
6.489993 0.002175 0.003370 -0.000001
6.492168 0.002175 0.003370 -0.000001
6.494343 0.002175 0.003370 -0.000001
6.496518 0.002175 0.003370 -0.000001
6.498693 0.002175 0.003370 -0.000001
6.500868 0.002175 0.003370 -0.000001
6.503043 0.002175 0.003370 -0.000001
6.505218 0.002175 0.003370 -0.000001
6.507393 0.002175 0.003370 -0.000001
6.509568 0.002175 0.003370 -0.000001
6.511743 0.002175 0.003370 -0.000001
6.513918 0.002175 0.003370 -0.000001
6.516093 0.002175 0.003370 -0.000001
6.518268 0.002175 0.003370 -0.000001
6.520443 0.002175 0.003370 -0.000001
6.522618 0.002175 0.003370 -0.000001
6.524793 0.002175 0.003370 -0.000001
6.526968 0.002175 0.003370 -0.000001
6.529143 0.002175 0.003370 -0.000001
6.531318 0.002175 0.003370 -0.000001
6.533493 0.002175 0.003370 -0.000001
6.535668 0.002175 0.003370 -0.000001
6.537843 0.002175 0.003370 -0.000001
6.540018 0.002175 0.003370 -0.000001
6.542193 0.002175 0.003370 -0.000001
6.544368 0.002175 0.003370 -0.000001
6.546543 0.002175 0.003370 -0.000001
6.548718 0.002175 0.003370 -0.000001
6.550893 0.002175 0.003370 -0.000001
6.553068 0.002175 0.003370 -0.000001
6.555243 0.002175 0.003370 -0.000001
6.557418 0.002175 0.003370 -0.000001
6.559593 0.002175 0.003370 -0.000001
6.561768 0.002175 0.003370 -0.000001
6.563943 0.002175 0.003370 -0.000001
6.566118 0.002175 0.003370 -0.000001
6.568293 0.002175 0.003370 -0.000001
6.570468 0.002175 0.003370 -0.000001
6.572643 0.002175 0.003370 -0.000001
6.574818 0.002175 0.003370 -0.000001
6.576993 0.002175 0.003370 -0.000001
6.579168 0.002175 0.003370 -0.000001
6.581343 0.002175 0.003370 -0.000001
6.583518 0.002175 0.003370 -0.000001
6.585693 0.002175 0.003370 -0.000001
6.587869 0.002175 0.003370 -0.000001
6.590044 0.002175 0.003370 -0.000001
6.592219 0.002175 0.003370 -0.000001
6.594394 0.002175 0.003370 -0.000001
6.596569 0.002175 0.003370 -0.000001
6.598744 0.002175 0.003370 -0.000001
6.600919 0.002175 0.003370 -0.000001
6.603094 0.002175 0.003370 -0.000001
6.605269 0.002175 0.003370 -0.000001
6.607444 0.002175 0.003370 -0.000001
6.609619 0.002175 0.003370 -0.000001
6.611795 0.002175 0.003370 -0.000001
6.613970 0.002175 0.003370 -0.000001
6.616145 0.002175 0.003370 -0.000001
6.618320 0.002175 0.003370 -0.000001
6.620495 0.002175 0.003370 -0.000001
6.622670 0.002175 0.003370 -0.000001
6.624845 0.002175 0.003370 -0.000001
6.627020 0.002175 0.003370 -0.000001
6.629196 0.002175 0.003370 -0.000001
6.631371 0.002175 0.003370 -0.000001
6.633546 0.002175 0.003370 -0.000001
6.635721 0.002175 0.003370 -0.000001
6.637896 0.002175 0.003370 -0.000001
6.640071 0.002175 0.003370 -0.000001
6.642246 0.002175 0.003370 -0.000001
6.644422 0.002175 0.003370 -0.000001
6.646597 0.002175 0.003370 -0.000001
6.648772 0.002175 0.003370 -0.000001
6.650947 0.002175 0.003370 -0.000001
6.653122 0.002175 0.003370 -0.000001
6.655297 0.002175 0.003370 -0.000001
6.657473 0.002175 0.003370 -0.000001
6.659648 0.002175 0.003370 -0.000001
6.661823 0.002175 0.003370 -0.000001
6.663998 0.002175 0.003370 -0.000001
6.666173 0.002175 0.003370 -0.000001
6.668349 0.002175 0.003370 -0.000001
6.670524 0.002175 0.003370 -0.000001
6.672699 0.002175 0.003370 -0.000001
6.674874 0.002175 0.003370 -0.000001
6.677049 0.002175 0.003370 -0.000001
6.679225 0.002175 0.003370 -0.000001
6.681400 0.002175 0.003370 -0.000001
6.683575 0.002175 0.003370 -0.000001
6.685750 0.002175 0.003370 -0.000001
6.687925 0.002175 0.003370 -0.000001
6.690101 0.002175 0.003370 -0.000001
6.692276 0.002175 0.003370 -0.000001
6.694451 0.002175 0.003370 -0.000001
6.696626 0.002175 0.003370 -0.000001
6.698802 0.002175 0.003370 -0.000001
6.700977 0.002175 0.003370 -0.000001
6.703152 0.002175 0.003370 -0.000001
6.705327 0.002175 0.003370 -0.000001
6.707503 0.002175 0.003370 -0.000001
6.709678 0.002175 0.003370 -0.000001
6.711853 0.002175 0.003370 -0.000001
6.714028 0.002175 0.003370 -0.000001
6.716204 0.002175 0.003370 -0.000001
6.718379 0.002175 0.003370 -0.000001
6.720554 0.002175 0.003370 -0.000001
6.722730 0.002175 0.003370 -0.000001
6.724905 0.002175 0.003370 -0.000001
6.727080 0.002175 0.003370 -0.000001
6.729255 0.002175 0.003370 -0.000001
6.731431 0.002175 0.003370 -0.000001
6.733606 0.002175 0.003370 -0.000001
6.735781 0.002175 0.003370 -0.000001
6.737957 0.002175 0.003370 -0.000001
6.740132 0.002175 0.003370 -0.000001
6.742307 0.002175 0.003370 -0.000001
6.744482 0.002175 0.003370 -0.000001
6.746658 0.002175 0.003370 -0.000001
6.748833 0.002175 0.003370 -0.000001
6.751008 0.002175 0.003370 -0.000001
6.753184 0.002175 0.003370 -0.000001
6.755359 0.002175 0.003370 -0.000001
6.757534 0.002175 0.003370 -0.000001
6.759710 0.002175 0.003370 -0.000001
6.761885 0.002175 0.003370 -0.000001
6.764060 0.002175 0.003370 -0.000001
6.766236 0.002175 0.003370 -0.000001
6.768411 0.002175 0.003370 -0.000001
6.770586 0.002175 0.003370 -0.000001
6.772762 0.002175 0.003370 -0.000001
6.774937 0.002175 0.003370 -0.000001
6.777113 0.002175 0.003370 -0.000001
6.779288 0.002175 0.003370 -0.000001
6.781463 0.002175 0.003370 -0.000001
6.783639 0.002175 0.003370 -0.000001
6.785814 0.002175 0.003370 -0.000001
6.787989 0.002175 0.003370 -0.000001
6.790165 0.002175 0.003370 -0.000001
6.792340 0.002175 0.003370 -0.000001
6.794515 0.002175 0.003370 -0.000001
6.796691 0.002175 0.003370 -0.000001
6.798866 0.002175 0.003370 -0.000001
6.801042 0.002175 0.003370 -0.000001
6.803217 0.002175 0.003370 -0.000001
6.805392 0.002175 0.003370 -0.000001
6.807568 0.002175 0.003370 -0.000001
6.809743 0.002175 0.003370 -0.000001
6.811919 0.002175 0.003370 -0.000001
6.814094 0.002175 0.003370 -0.000001
6.816270 0.002175 0.003370 -0.000001
6.818445 0.002175 0.003370 -0.000001
6.820620 0.002175 0.003370 -0.000001
6.822796 0.002175 0.003370 -0.000001
6.824971 0.002175 0.003370 -0.000001
6.827147 0.002175 0.003370 -0.000001
6.829322 0.002175 0.003370 -0.000001
6.831498 0.002175 0.003370 -0.000001
6.833673 0.002175 0.003370 -0.000001
6.835848 0.002175 0.003370 -0.000001
6.838024 0.002175 0.003370 -0.000001
6.840199 0.002175 0.003370 -0.000001
6.842375 0.002175 0.003370 -0.000001
6.844550 0.002175 0.003370 -0.000001
6.846726 0.002175 0.003370 -0.000001
6.848901 0.002175 0.003370 -0.000000
6.851077 0.002175 0.003370 -0.000000
6.853252 0.002175 0.003370 -0.000000
6.855428 0.002175 0.003370 -0.000000
6.857603 0.002175 0.003370 -0.000000
6.859779 0.002175 0.003370 -0.000000
6.861954 0.002175 0.003370 -0.000000
6.864129 0.002175 0.003370 -0.000000
6.866305 0.002175 0.003370 -0.000000
6.868480 0.002175 0.003370 -0.000000
6.870656 0.002175 0.003370 -0.000000
6.872831 0.002175 0.003370 -0.000000
6.875007 0.002176 0.003370 -0.000000
6.877182 0.002176 0.003370 -0.000000
6.879358 0.002176 0.003370 -0.000000
6.881533 0.002176 0.003370 -0.000000
6.883709 0.002176 0.003370 -0.000000
6.885885 0.002176 0.003370 -0.000000
6.888060 0.002176 0.003370 -0.000000
6.890236 0.002176 0.003370 -0.000000
6.892411 0.002176 0.003370 -0.000000
6.894587 0.002176 0.003370 -0.000000
6.896762 0.002176 0.003370 -0.000000
6.898938 0.002176 0.003370 -0.000000
6.901113 0.002176 0.003370 -0.000000
6.903289 0.002176 0.003370 -0.000000
6.905464 0.002176 0.003370 -0.000000
6.907640 0.002176 0.003371 -0.000000
6.909815 0.002176 0.003371 -0.000000
6.911991 0.002176 0.003371 -0.000000
6.914167 0.002176 0.003371 -0.000000
6.916342 0.002176 0.003371 -0.000000
6.918518 0.002176 0.003371 -0.000000
6.920693 0.002176 0.003371 -0.000000
6.922869 0.002176 0.003371 -0.000000
6.925044 0.002176 0.003371 -0.000000
6.927220 0.002176 0.003371 -0.000000
6.929396 0.002176 0.003371 -0.000000
6.931571 0.002176 0.003371 -0.000000
6.933747 0.002176 0.003371 -0.000000
6.935922 0.002176 0.003371 -0.000000
6.938098 0.002176 0.003371 -0.000000
6.940273 0.002176 0.003371 -0.000000
6.942449 0.002176 0.003371 -0.000000
6.944625 0.002176 0.003371 -0.000000
6.946800 0.002176 0.003371 -0.000000
6.948976 0.002176 0.003371 -0.000000
6.951151 0.002176 0.003371 -0.000000
6.953327 0.002176 0.003371 -0.000000
6.955503 0.002176 0.003371 -0.000000
6.957678 0.002176 0.003371 -0.000000
6.959854 0.002176 0.003371 -0.000000
6.962030 0.002176 0.003371 -0.000000
6.964205 0.002176 0.003371 -0.000000
6.966381 0.002176 0.003371 -0.000000
6.968556 0.002176 0.003371 -0.000000
6.970732 0.002176 0.003371 -0.000000
6.972908 0.002176 0.003371 -0.000000
6.975083 0.002176 0.003371 -0.000000
6.977259 0.002176 0.003371 -0.000000
6.979435 0.002176 0.003371 -0.000000
6.981610 0.002176 0.003370 -0.000000
6.983786 0.002176 0.003370 -0.000000
6.985962 0.002176 0.003370 -0.000000
6.988137 0.002176 0.003370 -0.000000
6.990313 0.002176 0.003370 -0.000000
6.992489 0.002176 0.003370 -0.000000
6.994664 0.002176 0.003370 -0.000000
6.996840 0.002176 0.003370 -0.000000
6.999016 0.002176 0.003370 -0.000000
7.001191 0.002176 0.003370 -0.000000
7.003367 0.002176 0.003370 -0.000000
7.005543 0.002176 0.003370 -0.000000
7.007718 0.002176 0.003370 -0.000000
7.009894 0.002176 0.003370 -0.000001
7.012070 0.002176 0.003370 -0.000001
7.014246 0.002176 0.003370 -0.000001
7.016421 0.002176 0.003370 -0.000001
7.018597 0.002176 0.003370 -0.000001
7.020773 0.002176 0.003370 -0.000001
7.022948 0.002176 0.003370 -0.000001
7.025124 0.002176 0.003370 -0.000001
7.027300 0.002176 0.003370 -0.000001
7.029476 0.002176 0.003370 -0.000001
7.031651 0.002176 0.003370 -0.000001
7.033827 0.002176 0.003370 -0.000001
7.036003 0.002176 0.003370 -0.000001
7.038179 0.002176 0.003369 -0.000001
7.040354 0.002176 0.003369 -0.000001
7.042530 0.002176 0.003369 -0.000001
7.044706 0.002176 0.003369 -0.000001
7.046882 0.002176 0.003369 -0.000002
7.049057 0.002176 0.003369 -0.000002
7.051233 0.002176 0.003369 -0.000002
7.053409 0.002176 0.003369 -0.000002
7.055585 0.002176 0.003369 -0.000002
7.057760 0.002176 0.003369 -0.000002
7.059936 0.002176 0.003369 -0.000002
7.062112 0.002176 0.003369 -0.000002
7.064288 0.002176 0.003368 -0.000002
7.066463 0.002176 0.003368 -0.000002
7.068639 0.002176 0.003368 -0.000002
7.070815 0.002176 0.003368 -0.000003
7.072991 0.002176 0.003368 -0.000003
7.075167 0.002176 0.003368 -0.000003
7.077342 0.002176 0.003368 -0.000003
7.079518 0.002176 0.003368 -0.000003
7.081694 0.002176 0.003368 -0.000003
7.083870 0.002176 0.003368 -0.000003
7.086046 0.002176 0.003367 -0.000003
7.088221 0.002176 0.003367 -0.000003
7.090397 0.002176 0.003367 -0.000003
7.092573 0.002176 0.003367 -0.000004
7.094749 0.002176 0.003367 -0.000004
7.096925 0.002176 0.003367 -0.000004
7.099101 0.002176 0.003367 -0.000004
7.101276 0.002176 0.003367 -0.000004
7.103452 0.002176 0.003367 -0.000004
7.105628 0.002176 0.003367 -0.000004
7.107804 0.002176 0.003366 -0.000004
7.109980 0.002176 0.003366 -0.000004
7.112156 0.002176 0.003366 -0.000004
7.114332 0.002176 0.003366 -0.000004
7.116507 0.002176 0.003366 -0.000005
7.118683 0.002176 0.003366 -0.000005
7.120859 0.002176 0.003366 -0.000005
7.123035 0.002176 0.003366 -0.000005
7.125211 0.002176 0.003366 -0.000005
7.127387 0.002176 0.003366 -0.000005
7.129563 0.002176 0.003366 -0.000005
7.131738 0.002176 0.003366 -0.000005
7.133914 0.002176 0.003366 -0.000005
7.136090 0.002176 0.003365 -0.000005
7.138266 0.002176 0.003365 -0.000005
7.140442 0.002176 0.003365 -0.000005
7.142618 0.002176 0.003365 -0.000005
7.144794 0.002176 0.003365 -0.000005
7.146970 0.002176 0.003365 -0.000005
7.149146 0.002176 0.003365 -0.000006
7.151321 0.002176 0.003365 -0.000006
7.153497 0.002176 0.003365 -0.000006
7.155673 0.002176 0.003365 -0.000006
7.157849 0.002176 0.003365 -0.000006
7.160025 0.002176 0.003365 -0.000006
7.162201 0.002176 0.003365 -0.000006
7.164377 0.002176 0.003365 -0.000006
7.166553 0.002176 0.003365 -0.000006
7.168729 0.002176 0.003365 -0.000006
7.170905 0.002176 0.003365 -0.000006
7.173081 0.002176 0.003365 -0.000006
7.175256 0.002176 0.003365 -0.000006
7.177432 0.002176 0.003365 -0.000006
7.179608 0.002176 0.003365 -0.000006
7.181784 0.002176 0.003365 -0.000006
7.183960 0.002176 0.003365 -0.000006
7.186136 0.002176 0.003365 -0.000006
7.188312 0.002176 0.003365 -0.000006
7.190488 0.002176 0.003365 -0.000006
7.192664 0.002176 0.003365 -0.000006
7.194840 0.002176 0.003365 -0.000006
7.197016 0.002176 0.003365 -0.000006
7.199192 0.002176 0.003365 -0.000006
7.201368 0.002176 0.003365 -0.000006
7.203544 0.002176 0.003365 -0.000006
7.205720 0.002176 0.003365 -0.000006
7.207896 0.002176 0.003365 -0.000006
7.210072 0.002176 0.003365 -0.000006
7.212248 0.002176 0.003365 -0.000006
7.214424 0.002176 0.003365 -0.000006
7.216600 0.002176 0.003365 -0.000006
7.218776 0.002176 0.003365 -0.000006
7.220952 0.002176 0.003365 -0.000006
7.223128 0.002176 0.003365 -0.000006
7.225304 0.002176 0.003365 -0.000006
7.227480 0.002176 0.003365 -0.000005
7.229656 0.002176 0.003365 -0.000005
7.231832 0.002176 0.003365 -0.000005
7.234008 0.002176 0.003365 -0.000005
7.236184 0.002176 0.003365 -0.000005
7.238360 0.002176 0.003365 -0.000005
7.240536 0.002176 0.003366 -0.000005
7.242712 0.002176 0.003366 -0.000005
7.244888 0.002176 0.003366 -0.000005
7.247064 0.002176 0.003366 -0.000005
7.249240 0.002176 0.003366 -0.000005
7.251416 0.002176 0.003366 -0.000005
7.253592 0.002176 0.003366 -0.000005
7.255768 0.002176 0.003366 -0.000005
7.257944 0.002176 0.003366 -0.000005
7.260120 0.002176 0.003366 -0.000005
7.262296 0.002176 0.003366 -0.000005
7.264472 0.002176 0.003366 -0.000004
7.266648 0.002176 0.003366 -0.000004
7.268824 0.002176 0.003366 -0.000004
7.271000 0.002176 0.003367 -0.000004
7.273176 0.002176 0.003367 -0.000004
7.275352 0.002176 0.003367 -0.000004
7.277528 0.002176 0.003367 -0.000004
7.279704 0.002176 0.003367 -0.000004
7.281880 0.002176 0.003367 -0.000004
7.284056 0.002176 0.003367 -0.000004
7.286233 0.002176 0.003367 -0.000004
7.288409 0.002176 0.003367 -0.000004
7.290585 0.002176 0.003367 -0.000003
7.292761 0.002176 0.003367 -0.000003
7.294937 0.002176 0.003367 -0.000003
7.297113 0.002176 0.003367 -0.000003
7.299289 0.002176 0.003368 -0.000003
7.301465 0.002176 0.003368 -0.000003
7.303641 0.002176 0.003368 -0.000003
7.305817 0.002176 0.003368 -0.000003
7.307993 0.002176 0.003368 -0.000003
7.310170 0.002176 0.003368 -0.000003
7.312346 0.002176 0.003368 -0.000003
7.314522 0.002176 0.003368 -0.000003
7.316698 0.002176 0.003368 -0.000003
7.318874 0.002176 0.003368 -0.000002
7.321050 0.002176 0.003368 -0.000002
7.323226 0.002176 0.003368 -0.000002
7.325402 0.002176 0.003368 -0.000002
7.327579 0.002176 0.003369 -0.000002
7.329755 0.002176 0.003369 -0.000002
7.331931 0.002176 0.003369 -0.000002
7.334107 0.002176 0.003369 -0.000002
7.336283 0.002176 0.003369 -0.000002
7.338459 0.002176 0.003369 -0.000002
7.340635 0.002176 0.003369 -0.000002
7.342812 0.002176 0.003369 -0.000002
7.344988 0.002176 0.003369 -0.000002
7.347164 0.002176 0.003369 -0.000002
7.349340 0.002176 0.003369 -0.000002
7.351516 0.002176 0.003369 -0.000001
7.353692 0.002176 0.003369 -0.000001
7.355869 0.002176 0.003369 -0.000001
7.358045 0.002176 0.003369 -0.000001
7.360221 0.002176 0.003369 -0.000001
7.362397 0.002176 0.003370 -0.000001
7.364573 0.002176 0.003370 -0.000001
7.366749 0.002176 0.003370 -0.000001
7.368926 0.002176 0.003370 -0.000001
7.371102 0.002176 0.003370 -0.000001
7.373278 0.002176 0.003370 -0.000001
7.375454 0.002176 0.003370 -0.000001
7.377630 0.002176 0.003370 -0.000001
7.379807 0.002176 0.003370 -0.000001
7.381983 0.002176 0.003370 -0.000001
7.384159 0.002176 0.003370 -0.000001
7.386335 0.002176 0.003370 -0.000001
7.388511 0.002176 0.003370 -0.000001
7.390688 0.002176 0.003370 -0.000001
7.392864 0.002176 0.003370 -0.000001
7.395040 0.002176 0.003370 -0.000001
7.397216 0.002176 0.003370 -0.000001
7.399393 0.002176 0.003370 -0.000000
7.401569 0.002176 0.003370 -0.000000
7.403745 0.002176 0.003370 -0.000000
7.405921 0.002176 0.003370 -0.000000
7.408098 0.002176 0.003370 -0.000000
7.410274 0.002176 0.003370 -0.000000
7.412450 0.002176 0.003370 -0.000000
7.414626 0.002176 0.003370 -0.000000
7.416802 0.002176 0.003370 -0.000000
7.418979 0.002176 0.003370 -0.000000
7.421155 0.002176 0.003371 -0.000000
7.423331 0.002176 0.003371 -0.000000
7.425507 0.002176 0.003371 -0.000000
7.427684 0.002176 0.003371 -0.000000
7.429860 0.002176 0.003371 -0.000000
7.432036 0.002176 0.003371 -0.000000
7.434213 0.002176 0.003371 0.000000
7.436389 0.002176 0.003371 0.000000
7.438565 0.002176 0.003371 0.000000
7.440741 0.002176 0.003371 0.000000
7.442918 0.002176 0.003371 0.000000
7.445094 0.002176 0.003371 0.000000
7.447270 0.002176 0.003371 0.000000
7.449447 0.002176 0.003371 0.000000
7.451623 0.002176 0.003371 0.000000
7.453799 0.002176 0.003371 0.000000
7.455975 0.002176 0.003371 0.000000
7.458152 0.002176 0.003371 0.000000
7.460328 0.002176 0.003371 0.000001
7.462504 0.002176 0.003371 0.000001
7.464681 0.002176 0.003371 0.000001
7.466857 0.002176 0.003371 0.000001
7.469033 0.002176 0.003371 0.000001
7.471209 0.002176 0.003371 0.000001
7.473386 0.002176 0.003372 0.000001
7.475562 0.002176 0.003372 0.000001
7.477738 0.002176 0.003372 0.000001
7.479915 0.002176 0.003372 0.000001
7.482091 0.002176 0.003372 0.000001
7.484267 0.002176 0.003372 0.000001
7.486444 0.002176 0.003372 0.000001
7.488620 0.002176 0.003372 0.000001
7.490796 0.002176 0.003372 0.000002
7.492973 0.002176 0.003372 0.000002
7.495149 0.002176 0.003373 0.000002
7.497325 0.002176 0.003373 0.000002
7.499502 0.002176 0.003373 0.000002
7.501678 0.002176 0.003373 0.000002
7.503854 0.002176 0.003373 0.000003
7.506031 0.002176 0.003373 0.000003
7.508207 0.002176 0.003374 0.000003
7.510383 0.002176 0.003374 0.000003
7.512560 0.002176 0.003374 0.000004
7.514736 0.002176 0.003374 0.000004
7.516913 0.002176 0.003375 0.000004
7.519089 0.002176 0.003375 0.000004
7.521265 0.002176 0.003375 0.000005
7.523442 0.002176 0.003376 0.000005
7.525618 0.002176 0.003376 0.000005
7.527794 0.002176 0.003377 0.000006
7.529971 0.002176 0.003377 0.000006
7.532147 0.002176 0.003377 0.000007
7.534324 0.002176 0.003378 0.000007
7.536500 0.002176 0.003378 0.000008
7.538676 0.002176 0.003379 0.000008
7.540853 0.002176 0.003379 0.000009
7.543029 0.002176 0.003380 0.000009
7.545205 0.002176 0.003380 0.000010
7.547382 0.002176 0.003381 0.000010
7.549558 0.002176 0.003381 0.000011
7.551735 0.002176 0.003382 0.000011
7.553911 0.002176 0.003383 0.000012
7.556087 0.002176 0.003383 0.000013
7.558264 0.002176 0.003384 0.000013
7.560440 0.002176 0.003384 0.000014
7.562617 0.002176 0.003385 0.000014
7.564793 0.002176 0.003386 0.000015
7.566969 0.002176 0.003386 0.000016
7.569146 0.002176 0.003387 0.000016
7.571322 0.002176 0.003388 0.000017
7.573499 0.002176 0.003388 0.000018
7.575675 0.002176 0.003389 0.000018
7.577852 0.002176 0.003390 0.000019
7.580028 0.002176 0.003390 0.000020
7.582204 0.002176 0.003391 0.000020
7.584381 0.002176 0.003392 0.000021
7.586557 0.002176 0.003392 0.000022
7.588734 0.002176 0.003393 0.000022
7.590910 0.002176 0.003394 0.000023
7.593087 0.002176 0.003394 0.000024
7.595263 0.002176 0.003395 0.000024
7.597439 0.002176 0.003396 0.000025
7.599616 0.002176 0.003397 0.000026
7.601792 0.002176 0.003397 0.000026
7.603969 0.002176 0.003398 0.000027
7.606145 0.002176 0.003399 0.000028
7.608322 0.002176 0.003399 0.000029
7.610498 0.002176 0.003400 0.000029
7.612675 0.002176 0.003401 0.000030
7.614851 0.002176 0.003401 0.000031
7.617027 0.002176 0.003402 0.000031
7.619204 0.002176 0.003403 0.000032
7.621380 0.002176 0.003403 0.000032
7.623557 0.002176 0.003404 0.000033
7.625733 0.002176 0.003404 0.000034
7.627910 0.002176 0.003405 0.000034
7.630086 0.002176 0.003406 0.000035
7.632263 0.002176 0.003406 0.000036
7.634439 0.002176 0.003407 0.000036
7.636616 0.002176 0.003407 0.000037
7.638792 0.002176 0.003408 0.000037
7.640969 0.002176 0.003409 0.000038
7.643145 0.002176 0.003409 0.000039
7.645322 0.002176 0.003410 0.000039
7.647498 0.002176 0.003410 0.000040
7.649674 0.002176 0.003411 0.000040
7.651851 0.002176 0.003411 0.000041
7.654027 0.002176 0.003412 0.000041
7.656204 0.002176 0.003413 0.000042
7.658380 0.002176 0.003413 0.000042
7.660557 0.002176 0.003414 0.000043
7.662733 0.002176 0.003414 0.000043
7.664910 0.002176 0.003415 0.000044
7.667086 0.002176 0.003415 0.000044
7.669263 0.002176 0.003415 0.000045
7.671439 0.002177 0.003416 0.000045
7.673616 0.002177 0.003416 0.000046
7.675792 0.002177 0.003417 0.000046
7.677969 0.002177 0.003417 0.000047
7.680145 0.002177 0.003418 0.000047
7.682322 0.002177 0.003418 0.000047
7.684498 0.002177 0.003418 0.000048
7.686675 0.002177 0.003419 0.000048
7.688851 0.002177 0.003419 0.000049
7.691028 0.002177 0.003420 0.000049
7.693205 0.002177 0.003420 0.000049
7.695381 0.002177 0.003420 0.000050
7.697558 0.002177 0.003421 0.000050
7.699734 0.002177 0.003421 0.000050
7.701911 0.002177 0.003421 0.000051
7.704087 0.002177 0.003422 0.000051
7.706264 0.002177 0.003422 0.000051
7.708440 0.002177 0.003422 0.000052
7.710617 0.002177 0.003423 0.000052
7.712793 0.002177 0.003423 0.000052
7.714970 0.002177 0.003423 0.000052
7.717146 0.002177 0.003423 0.000053
7.719323 0.002177 0.003424 0.000053
7.721499 0.002177 0.003424 0.000053
7.723676 0.002177 0.003424 0.000054
7.725853 0.002177 0.003425 0.000054
7.728029 0.002177 0.003425 0.000054
7.730206 0.002177 0.003425 0.000054
7.732382 0.002177 0.003425 0.000055
7.734559 0.002177 0.003426 0.000055
7.736735 0.002177 0.003426 0.000055
7.738912 0.002177 0.003426 0.000055
7.741088 0.002177 0.003426 0.000056
7.743265 0.002177 0.003427 0.000056
7.745441 0.002177 0.003427 0.000056
7.747618 0.002177 0.003427 0.000056
7.749795 0.002177 0.003427 0.000056
7.751971 0.002177 0.003427 0.000057
7.754148 0.002177 0.003428 0.000057
7.756324 0.002177 0.003428 0.000057
7.758501 0.002177 0.003428 0.000057
7.760677 0.002177 0.003428 0.000058
7.762854 0.002177 0.003428 0.000058
7.765031 0.002177 0.003429 0.000058
7.767207 0.002177 0.003429 0.000058
7.769384 0.002177 0.003429 0.000058
7.771560 0.002177 0.003429 0.000058
7.773737 0.002177 0.003429 0.000059
7.775913 0.002177 0.003430 0.000059
7.778090 0.002177 0.003430 0.000059
7.780267 0.002177 0.003430 0.000059
7.782443 0.002177 0.003430 0.000059
7.784620 0.002177 0.003430 0.000059
7.786796 0.002177 0.003430 0.000060
7.788973 0.002177 0.003430 0.000060
7.791150 0.002177 0.003431 0.000060
7.793326 0.002177 0.003431 0.000060
7.795503 0.002177 0.003431 0.000060
7.797679 0.002177 0.003431 0.000060
7.799856 0.002177 0.003431 0.000060
7.802032 0.002177 0.003431 0.000061
7.804209 0.002177 0.003431 0.000061
7.806386 0.002177 0.003432 0.000061
7.808562 0.002177 0.003432 0.000061
7.810739 0.002177 0.003432 0.000061
7.812915 0.002177 0.003432 0.000061
7.815092 0.002177 0.003432 0.000061
7.817269 0.002177 0.003432 0.000061
7.819445 0.002177 0.003432 0.000062
7.821622 0.002177 0.003432 0.000062
7.823798 0.002177 0.003432 0.000062
7.825975 0.002177 0.003433 0.000062
7.828152 0.002177 0.003433 0.000062
7.830328 0.002177 0.003433 0.000062
7.832505 0.002177 0.003433 0.000062
7.834682 0.002177 0.003433 0.000062
7.836858 0.002177 0.003433 0.000062
7.839035 0.002177 0.003433 0.000062
7.841211 0.002177 0.003433 0.000062
7.843388 0.002177 0.003433 0.000063
7.845565 0.002177 0.003433 0.000063
7.847741 0.002177 0.003433 0.000063
7.849918 0.002177 0.003433 0.000063
7.852094 0.002177 0.003434 0.000063
7.854271 0.002177 0.003434 0.000063
7.856448 0.002177 0.003434 0.000063
7.858624 0.002177 0.003434 0.000063
7.860801 0.002177 0.003434 0.000063
7.862978 0.002177 0.003434 0.000063
7.865154 0.002177 0.003434 0.000063
7.867331 0.002177 0.003434 0.000063
7.869507 0.002177 0.003434 0.000063
7.871684 0.002177 0.003434 0.000063
7.873861 0.002177 0.003434 0.000063
7.876037 0.002177 0.003434 0.000063
7.878214 0.002177 0.003434 0.000063
7.880391 0.002177 0.003434 0.000063
7.882567 0.002177 0.003434 0.000064
7.884744 0.002177 0.003434 0.000064
7.886921 0.002177 0.003434 0.000064
7.889097 0.002177 0.003434 0.000064
7.891274 0.002177 0.003434 0.000064
7.893450 0.002177 0.003434 0.000064
7.895627 0.002177 0.003434 0.000064
7.897804 0.002177 0.003434 0.000064
7.899980 0.002177 0.003434 0.000064
7.902157 0.002177 0.003434 0.000064
7.904334 0.002177 0.003434 0.000064
7.906510 0.002177 0.003434 0.000064
7.908687 0.002177 0.003434 0.000064
7.910864 0.002177 0.003434 0.000064
7.913040 0.002177 0.003434 0.000064
7.915217 0.002177 0.003434 0.000064
7.917394 0.002177 0.003434 0.000064
7.919570 0.002177 0.003434 0.000064
7.921747 0.002177 0.003434 0.000064
7.923924 0.002177 0.003434 0.000064
7.926100 0.002177 0.003434 0.000064
7.928277 0.002177 0.003434 0.000064
7.930454 0.002177 0.003434 0.000064
7.932630 0.002177 0.003434 0.000064
7.934807 0.002177 0.003434 0.000064
7.936984 0.002177 0.003434 0.000064
7.939160 0.002177 0.003434 0.000064
7.941337 0.002177 0.003434 0.000064
7.943513 0.002177 0.003434 0.000064
7.945690 0.002177 0.003434 0.000064
7.947867 0.002177 0.003434 0.000063
7.950043 0.002177 0.003434 0.000063
7.952220 0.002177 0.003434 0.000063
7.954397 0.002177 0.003434 0.000063
7.956574 0.002177 0.003434 0.000063
7.958750 0.002177 0.003434 0.000063
7.960927 0.002177 0.003434 0.000063
7.963104 0.002177 0.003434 0.000063
7.965280 0.002177 0.003434 0.000063
7.967457 0.002177 0.003434 0.000063
7.969634 0.002177 0.003434 0.000063
7.971810 0.002177 0.003434 0.000063
7.973987 0.002177 0.003434 0.000063
7.976164 0.002177 0.003434 0.000063
7.978340 0.002177 0.003434 0.000063
7.980517 0.002177 0.003434 0.000063
7.982694 0.002177 0.003434 0.000063
7.984870 0.002177 0.003434 0.000063
7.987047 0.002177 0.003434 0.000063
7.989224 0.002177 0.003434 0.000063
7.991400 0.002177 0.003434 0.000063
7.993577 0.002177 0.003433 0.000063
7.995754 0.002177 0.003433 0.000063
7.997930 0.002177 0.003433 0.000063
8.000107 0.002177 0.003433 0.000063
8.002284 0.002177 0.003433 0.000063
8.004460 0.002177 0.003433 0.000063
8.006637 0.002177 0.003433 0.000063
8.008814 0.002177 0.003433 0.000062
8.010991 0.002177 0.003433 0.000062
8.013167 0.002177 0.003433 0.000062
8.015344 0.002177 0.003433 0.000062
8.017521 0.002177 0.003433 0.000062
8.019697 0.002177 0.003433 0.000062
8.021874 0.002177 0.003433 0.000062
8.024051 0.002177 0.003433 0.000062
8.026227 0.002177 0.003433 0.000062
8.028404 0.002177 0.003433 0.000062
8.030581 0.002177 0.003433 0.000062
8.032758 0.002177 0.003433 0.000062
8.034934 0.002177 0.003433 0.000062
8.037111 0.002177 0.003433 0.000062
8.039288 0.002177 0.003433 0.000062
8.041464 0.002177 0.003432 0.000062
8.043641 0.002177 0.003432 0.000062
8.045818 0.002177 0.003432 0.000062
8.047994 0.002177 0.003432 0.000062
8.050171 0.002177 0.003432 0.000062
8.052348 0.002177 0.003432 0.000062
8.054525 0.002177 0.003432 0.000062
8.056701 0.002177 0.003432 0.000061
8.058878 0.002177 0.003432 0.000061
8.061055 0.002177 0.003432 0.000061
8.063231 0.002177 0.003432 0.000061
8.065408 0.002177 0.003432 0.000061
8.067585 0.002177 0.003432 0.000061
8.069762 0.002177 0.003432 0.000061
8.071938 0.002177 0.003432 0.000061
8.074115 0.002177 0.003432 0.000061
8.076292 0.002177 0.003432 0.000061
8.078468 0.002177 0.003432 0.000061
8.080645 0.002177 0.003432 0.000061
8.082822 0.002177 0.003432 0.000061
8.084999 0.002177 0.003432 0.000061
8.087175 0.002177 0.003432 0.000061
8.089352 0.002177 0.003432 0.000061
8.091529 0.002177 0.003432 0.000061
8.093705 0.002177 0.003432 0.000061
8.095882 0.002177 0.003432 0.000061
8.098059 0.002177 0.003432 0.000061
8.100236 0.002177 0.003432 0.000061
8.102412 0.002177 0.003431 0.000061
8.104589 0.002177 0.003431 0.000061
8.106766 0.002177 0.003431 0.000061
8.108943 0.002177 0.003431 0.000061
8.111119 0.002177 0.003431 0.000061
8.113296 0.002177 0.003431 0.000061
8.115473 0.002177 0.003431 0.000061
8.117649 0.002177 0.003431 0.000061
8.119826 0.002177 0.003431 0.000061
8.122003 0.002177 0.003431 0.000061
8.124180 0.002177 0.003431 0.000061
8.126356 0.002177 0.003431 0.000061
8.128533 0.002177 0.003431 0.000061
8.130710 0.002177 0.003431 0.000061
8.132886 0.002177 0.003431 0.000061
8.135063 0.002177 0.003431 0.000061
8.137240 0.002177 0.003431 0.000061
8.139417 0.002177 0.003431 0.000061
8.141593 0.002177 0.003431 0.000060
8.143770 0.002177 0.003431 0.000060
8.145947 0.002177 0.003431 0.000060
8.148124 0.002177 0.003431 0.000060
8.150300 0.002177 0.003431 0.000060
8.152477 0.002177 0.003431 0.000060
8.154654 0.002177 0.003431 0.000060
8.156830 0.002177 0.003431 0.000060
8.159007 0.002177 0.003431 0.000060
8.161184 0.002177 0.003431 0.000060
8.163361 0.002177 0.003431 0.000060
8.165537 0.002177 0.003431 0.000060
8.167714 0.002177 0.003431 0.000060
8.169891 0.002177 0.003431 0.000060
8.172068 0.002177 0.003431 0.000060
8.174244 0.002177 0.003431 0.000060
8.176421 0.002177 0.003431 0.000060
8.178598 0.002177 0.003431 0.000060
8.180774 0.002177 0.003431 0.000060
8.182951 0.002177 0.003431 0.000060
8.185128 0.002177 0.003431 0.000060
8.187305 0.002177 0.003431 0.000061
8.189481 0.002177 0.003431 0.000061
8.191658 0.002177 0.003431 0.000061
8.193835 0.002177 0.003431 0.000061
8.196012 0.002177 0.003431 0.000061
8.198188 0.002177 0.003431 0.000061
8.200365 0.002177 0.003431 0.000061
8.202542 0.002177 0.003431 0.000061
8.204718 0.002177 0.003431 0.000061
8.206895 0.002177 0.003431 0.000061
8.209072 0.002177 0.003431 0.000061
8.211249 0.002177 0.003431 0.000061
8.213425 0.002177 0.003431 0.000061
8.215602 0.002177 0.003431 0.000061
8.217779 0.002177 0.003431 0.000061
8.219956 0.002177 0.003431 0.000061
8.222132 0.002177 0.003431 0.000061
8.224309 0.002177 0.003431 0.000061
8.226486 0.002177 0.003431 0.000061
8.228662 0.002177 0.003431 0.000061
8.230839 0.002177 0.003431 0.000061
8.233016 0.002177 0.003431 0.000061
8.235193 0.002177 0.003431 0.000061
8.237369 0.002177 0.003431 0.000061
8.239546 0.002177 0.003431 0.000061
8.241723 0.002177 0.003431 0.000061
8.243900 0.002177 0.003431 0.000061
8.246076 0.002177 0.003431 0.000061
8.248253 0.002177 0.003431 0.000061
8.250430 0.002177 0.003431 0.000061
8.252606 0.002177 0.003431 0.000061
8.254783 0.002177 0.003431 0.000061
8.256960 0.002177 0.003431 0.000061
8.259136 0.002176 0.003431 0.000061
8.261313 0.002176 0.003431 0.000061
8.263489 0.002176 0.003431 0.000061
8.265665 0.002176 0.003431 0.000061
8.267841 0.002176 0.003431 0.000061
8.270017 0.002176 0.003431 0.000061
8.272193 0.002176 0.003431 0.000061
8.274369 0.002176 0.003431 0.000061
8.276545 0.002176 0.003431 0.000061
8.278721 0.002176 0.003431 0.000061
8.280896 0.002176 0.003431 0.000061
8.283072 0.002176 0.003431 0.000061
8.285247 0.002175 0.003431 0.000061
8.287423 0.002175 0.003431 0.000061
8.289598 0.002175 0.003431 0.000061
8.291773 0.002175 0.003431 0.000061
8.293948 0.002175 0.003431 0.000060
8.296123 0.002175 0.003431 0.000060
8.298298 0.002175 0.003431 0.000060
8.300473 0.002175 0.003431 0.000060
8.302648 0.002175 0.003431 0.000060
8.304823 0.002175 0.003431 0.000060
8.306997 0.002175 0.003431 0.000060
8.309172 0.002175 0.003431 0.000060
8.311346 0.002174 0.003431 0.000060
8.313521 0.002174 0.003431 0.000060
8.315695 0.002174 0.003431 0.000060
8.317869 0.002174 0.003431 0.000060
8.320043 0.002174 0.003431 0.000060
8.322218 0.002174 0.003431 0.000060
8.324391 0.002174 0.003431 0.000060
8.326565 0.002174 0.003431 0.000060
8.328739 0.002174 0.003431 0.000060
8.330913 0.002174 0.003431 0.000060
8.333087 0.002174 0.003431 0.000060
8.335260 0.002174 0.003431 0.000060
8.337434 0.002173 0.003431 0.000060
8.339607 0.002173 0.003431 0.000060
8.341780 0.002173 0.003431 0.000060
8.343953 0.002173 0.003431 0.000060
8.346127 0.002173 0.003431 0.000060
8.348300 0.002173 0.003431 0.000060
8.350473 0.002173 0.003431 0.000060
8.352645 0.002173 0.003431 0.000060
8.354818 0.002173 0.003431 0.000060
8.356991 0.002173 0.003431 0.000060
8.359164 0.002173 0.003431 0.000060
8.361336 0.002173 0.003431 0.000060
8.363509 0.002172 0.003431 0.000060
8.365681 0.002172 0.003431 0.000060
8.367853 0.002172 0.003431 0.000060
8.370026 0.002172 0.003431 0.000060
8.372198 0.002172 0.003431 0.000060
8.374370 0.002172 0.003431 0.000060
8.376542 0.002172 0.003431 0.000060
8.378714 0.002172 0.003431 0.000060
8.380885 0.002172 0.003431 0.000060
8.383057 0.002172 0.003431 0.000060
8.385229 0.002172 0.003431 0.000060
8.387400 0.002172 0.003431 0.000060
8.389572 0.002171 0.003431 0.000060
8.391743 0.002171 0.003431 0.000060
8.393914 0.002171 0.003431 0.000060
8.396085 0.002171 0.003431 0.000060
8.398257 0.002171 0.003431 0.000060
8.400428 0.002171 0.003431 0.000060
8.402599 0.002171 0.003430 0.000060
8.404769 0.002171 0.003430 0.000060
8.406940 0.002171 0.003430 0.000060
8.409111 0.002171 0.003430 0.000060
8.411282 0.002171 0.003430 0.000060
8.413452 0.002171 0.003430 0.000060
8.415623 0.002170 0.003430 0.000060
8.417793 0.002170 0.003430 0.000060
8.419963 0.002170 0.003430 0.000060
8.422133 0.002170 0.003430 0.000060
8.424303 0.002170 0.003430 0.000060
8.426473 0.002170 0.003430 0.000060
8.428643 0.002170 0.003430 0.000060
8.430813 0.002170 0.003430 0.000060
8.432983 0.002170 0.003430 0.000060
8.435153 0.002170 0.003430 0.000060
8.437322 0.002170 0.003430 0.000060
8.439492 0.002169 0.003430 0.000060
8.441661 0.002169 0.003430 0.000060
8.443830 0.002169 0.003430 0.000060
8.446000 0.002169 0.003430 0.000060
8.448169 0.002169 0.003430 0.000059
8.450338 0.002169 0.003430 0.000059
8.452507 0.002169 0.003430 0.000059
8.454676 0.002169 0.003430 0.000059
8.456845 0.002169 0.003430 0.000059
8.459013 0.002169 0.003430 0.000059
8.461182 0.002169 0.003430 0.000059
8.463351 0.002169 0.003430 0.000059
8.465519 0.002168 0.003430 0.000059
8.467687 0.002168 0.003430 0.000059
8.469856 0.002168 0.003430 0.000059
8.472024 0.002168 0.003430 0.000059
8.474192 0.002168 0.003430 0.000059
8.476360 0.002168 0.003430 0.000059
8.478528 0.002168 0.003430 0.000059
8.480696 0.002168 0.003430 0.000059
8.482864 0.002168 0.003430 0.000059
8.485031 0.002168 0.003430 0.000059
8.487199 0.002168 0.003430 0.000059
8.489366 0.002167 0.003430 0.000059
8.491534 0.002167 0.003430 0.000059
8.493701 0.002167 0.003430 0.000059
8.495868 0.002167 0.003430 0.000059
8.498035 0.002167 0.003430 0.000059
8.500202 0.002167 0.003430 0.000059
8.502369 0.002167 0.003430 0.000059
8.504536 0.002167 0.003430 0.000059
8.506703 0.002167 0.003430 0.000059
8.508870 0.002167 0.003430 0.000059
8.511036 0.002167 0.003430 0.000059
8.513203 0.002167 0.003430 0.000059
8.515369 0.002166 0.003430 0.000059
8.517535 0.002166 0.003430 0.000059
8.519702 0.002166 0.003430 0.000059
8.521868 0.002166 0.003430 0.000059
8.524034 0.002166 0.003429 0.000059
8.526200 0.002166 0.003429 0.000059
8.528366 0.002166 0.003429 0.000059
8.530531 0.002166 0.003429 0.000059
8.532697 0.002166 0.003429 0.000059
8.534863 0.002166 0.003429 0.000059
8.537028 0.002165 0.003429 0.000059
8.539194 0.002165 0.003429 0.000059
8.541359 0.002165 0.003429 0.000059
8.543524 0.002165 0.003429 0.000059
8.545689 0.002165 0.003429 0.000059
8.547854 0.002165 0.003429 0.000059
8.550019 0.002165 0.003429 0.000059
8.552184 0.002165 0.003429 0.000059
8.554349 0.002165 0.003429 0.000059
8.556513 0.002165 0.003429 0.000058
8.558678 0.002165 0.003429 0.000058
8.560842 0.002164 0.003429 0.000058
8.563007 0.002164 0.003429 0.000058
8.565171 0.002164 0.003429 0.000058
8.567335 0.002164 0.003429 0.000058
8.569499 0.002164 0.003429 0.000058
8.571663 0.002164 0.003429 0.000058
8.573827 0.002164 0.003429 0.000058
8.575991 0.002164 0.003429 0.000058
8.578154 0.002164 0.003429 0.000058
8.580318 0.002164 0.003429 0.000058
8.582481 0.002163 0.003429 0.000058
8.584645 0.002163 0.003429 0.000058
8.586808 0.002163 0.003429 0.000058
8.588971 0.002163 0.003429 0.000058
8.591134 0.002163 0.003429 0.000058
8.593297 0.002163 0.003429 0.000058
8.595460 0.002163 0.003429 0.000058
8.597623 0.002163 0.003429 0.000058
8.599786 0.002163 0.003429 0.000058
8.601948 0.002163 0.003429 0.000058
8.604111 0.002162 0.003429 0.000058
8.606273 0.002162 0.003429 0.000058
8.608435 0.002162 0.003429 0.000058
8.610598 0.002162 0.003429 0.000058
8.612760 0.002162 0.003429 0.000058
8.614922 0.002162 0.003429 0.000058
8.617084 0.002162 0.003429 0.000058
8.619245 0.002162 0.003429 0.000058
8.621407 0.002162 0.003429 0.000058
8.623569 0.002162 0.003429 0.000058
8.625730 0.002161 0.003429 0.000058
8.627891 0.002161 0.003429 0.000058
8.630053 0.002161 0.003429 0.000058
8.632214 0.002161 0.003429 0.000058
8.634375 0.002161 0.003429 0.000058
8.636536 0.002161 0.003429 0.000058
8.638697 0.002161 0.003429 0.000058
8.640857 0.002161 0.003429 0.000058
8.643018 0.002161 0.003429 0.000058
8.645178 0.002161 0.003429 0.000058
8.647339 0.002160 0.003429 0.000058
8.649499 0.002160 0.003429 0.000058
8.651659 0.002160 0.003429 0.000058
8.653819 0.002160 0.003429 0.000058
8.655979 0.002160 0.003429 0.000058
8.658139 0.002160 0.003429 0.000058
8.660299 0.002160 0.003429 0.000058
8.662459 0.002160 0.003429 0.000058
8.664618 0.002160 0.003429 0.000058
8.666778 0.002159 0.003429 0.000058
8.668937 0.002159 0.003429 0.000058
8.671096 0.002159 0.003429 0.000058
8.673255 0.002159 0.003429 0.000058
8.675414 0.002159 0.003429 0.000058
8.677573 0.002159 0.003429 0.000058
8.679732 0.002159 0.003429 0.000058
8.681890 0.002159 0.003429 0.000058
8.684049 0.002159 0.003429 0.000058
8.686207 0.002158 0.003429 0.000058
8.688366 0.002158 0.003429 0.000059
8.690524 0.002158 0.003429 0.000059
8.692682 0.002158 0.003429 0.000059
8.694840 0.002158 0.003429 0.000059
8.696998 0.002158 0.003429 0.000059
8.699155 0.002158 0.003429 0.000059
8.701313 0.002158 0.003429 0.000059
8.703471 0.002158 0.003429 0.000059
8.705628 0.002157 0.003429 0.000059
8.707785 0.002157 0.003429 0.000059
8.709942 0.002157 0.003429 0.000059
8.712099 0.002157 0.003429 0.000059
8.714256 0.002157 0.003429 0.000059
8.716413 0.002157 0.003429 0.000059
8.718570 0.002157 0.003429 0.000059
8.720726 0.002157 0.003430 0.000059
8.722883 0.002156 0.003430 0.000059
8.725039 0.002156 0.003430 0.000059
8.727195 0.002156 0.003430 0.000059
8.729351 0.002156 0.003430 0.000059
8.731507 0.002156 0.003430 0.000059
8.733663 0.002156 0.003430 0.000059
8.735819 0.002156 0.003430 0.000059
8.737974 0.002156 0.003430 0.000059
8.740130 0.002155 0.003430 0.000059
8.742285 0.002155 0.003430 0.000059
8.744441 0.002155 0.003430 0.000059
8.746596 0.002155 0.003430 0.000059
8.748751 0.002155 0.003430 0.000059
8.750905 0.002155 0.003430 0.000059
8.753060 0.002155 0.003430 0.000059
8.755215 0.002155 0.003430 0.000059
8.757369 0.002154 0.003430 0.000059
8.759524 0.002154 0.003430 0.000059
8.761678 0.002154 0.003430 0.000059
8.763832 0.002154 0.003430 0.000059
8.765986 0.002154 0.003430 0.000059
8.768140 0.002154 0.003430 0.000059
8.770293 0.002154 0.003430 0.000059
8.772447 0.002154 0.003430 0.000059
8.774601 0.002153 0.003430 0.000059
8.776754 0.002153 0.003430 0.000059
8.778907 0.002153 0.003430 0.000059
8.781060 0.002153 0.003430 0.000059
8.783213 0.002153 0.003430 0.000059
8.785366 0.002153 0.003430 0.000059
8.787518 0.002153 0.003430 0.000059
8.789671 0.002153 0.003430 0.000059
8.791823 0.002152 0.003430 0.000059
8.793976 0.002152 0.003430 0.000059
8.796128 0.002152 0.003430 0.000059
8.798280 0.002152 0.003430 0.000059
8.800432 0.002152 0.003430 0.000059
8.802583 0.002152 0.003430 0.000059
8.804735 0.002152 0.003430 0.000059
8.806887 0.002151 0.003430 0.000059
8.809038 0.002151 0.003430 0.000059
8.811189 0.002151 0.003430 0.000059
8.813340 0.002151 0.003430 0.000059
8.815491 0.002151 0.003430 0.000059
8.817642 0.002151 0.003430 0.000060
8.819792 0.002151 0.003430 0.000060
8.821943 0.002151 0.003430 0.000060
8.824093 0.002150 0.003430 0.000060
8.826244 0.002150 0.003430 0.000060
8.828394 0.002150 0.003430 0.000060
8.830544 0.002150 0.003430 0.000060
8.832693 0.002150 0.003430 0.000060
8.834843 0.002150 0.003431 0.000060
8.836993 0.002150 0.003431 0.000060
8.839142 0.002149 0.003431 0.000060
8.841291 0.002149 0.003431 0.000060
8.843440 0.002149 0.003431 0.000060
8.845589 0.002149 0.003431 0.000060
8.847738 0.002149 0.003431 0.000060
8.849887 0.002149 0.003431 0.000060
8.852035 0.002149 0.003431 0.000060
8.854184 0.002148 0.003431 0.000060
8.856332 0.002148 0.003431 0.000060
8.858480 0.002148 0.003431 0.000060
8.860628 0.002148 0.003431 0.000060
8.862776 0.002148 0.003431 0.000060
8.864923 0.002148 0.003431 0.000060
8.867071 0.002147 0.003431 0.000061
8.869218 0.002147 0.003431 0.000061
8.871365 0.002147 0.003431 0.000061
8.873512 0.002147 0.003431 0.000061
8.875659 0.002147 0.003432 0.000061
8.877806 0.002147 0.003432 0.000061
8.879953 0.002147 0.003432 0.000061
8.882099 0.002146 0.003432 0.000061
8.884245 0.002146 0.003432 0.000061
8.886392 0.002146 0.003432 0.000061
8.888538 0.002146 0.003432 0.000061
8.890683 0.002146 0.003432 0.000061
8.892829 0.002146 0.003432 0.000062
8.894975 0.002146 0.003432 0.000062
8.897120 0.002145 0.003432 0.000062
8.899265 0.002145 0.003433 0.000062
8.901410 0.002145 0.003433 0.000062
8.903555 0.002145 0.003433 0.000062
8.905700 0.002145 0.003433 0.000062
8.907845 0.002145 0.003433 0.000062
8.909989 0.002144 0.003433 0.000062
8.912133 0.002144 0.003433 0.000063
8.914277 0.002144 0.003433 0.000063
8.916421 0.002144 0.003434 0.000063
8.918565 0.002144 0.003434 0.000063
8.920709 0.002144 0.003434 0.000063
8.922852 0.002143 0.003434 0.000063
8.924996 0.002143 0.003434 0.000063
8.927139 0.002143 0.003434 0.000064
8.929282 0.002143 0.003434 0.000064
8.931425 0.002143 0.003435 0.000064
8.933567 0.002143 0.003435 0.000064
8.935710 0.002142 0.003435 0.000064
8.937852 0.002142 0.003435 0.000064
8.939994 0.002142 0.003435 0.000064
8.942136 0.002142 0.003435 0.000065
8.944278 0.002142 0.003435 0.000065
8.946420 0.002142 0.003436 0.000065
8.948561 0.002142 0.003436 0.000065
8.950703 0.002141 0.003436 0.000065
8.952844 0.002141 0.003436 0.000066
8.954985 0.002141 0.003436 0.000066
8.957126 0.002141 0.003437 0.000066
8.959266 0.002141 0.003437 0.000066
8.961407 0.002141 0.003437 0.000066
8.963547 0.002140 0.003437 0.000067
8.965687 0.002140 0.003437 0.000067
8.967827 0.002140 0.003438 0.000067
8.969967 0.002140 0.003438 0.000067
8.972107 0.002140 0.003438 0.000067
8.974246 0.002139 0.003438 0.000068
8.976386 0.002139 0.003439 0.000068
8.978525 0.002139 0.003439 0.000068
8.980664 0.002139 0.003439 0.000068
8.982803 0.002139 0.003439 0.000069
8.984941 0.002139 0.003440 0.000069
8.987080 0.002138 0.003440 0.000069
8.989218 0.002138 0.003440 0.000070
8.991356 0.002138 0.003441 0.000070
8.993494 0.002138 0.003441 0.000070
8.995632 0.002138 0.003441 0.000070
8.997770 0.002138 0.003441 0.000071
8.999907 0.002137 0.003442 0.000071
9.002044 0.002137 0.003442 0.000071
9.004181 0.002137 0.003442 0.000072
9.006318 0.002137 0.003443 0.000072
9.008455 0.002137 0.003443 0.000072
9.010591 0.002137 0.003443 0.000073
9.012728 0.002136 0.003444 0.000073
9.014864 0.002136 0.003444 0.000073
9.017000 0.002136 0.003444 0.000074
9.019136 0.002136 0.003445 0.000074
9.021271 0.002136 0.003445 0.000075
9.023407 0.002135 0.003446 0.000075
9.025542 0.002135 0.003446 0.000075
9.027677 0.002135 0.003446 0.000076
9.029812 0.002135 0.003447 0.000076
9.031947 0.002135 0.003447 0.000076
9.034081 0.002135 0.003448 0.000077
9.036216 0.002134 0.003448 0.000077
9.038350 0.002134 0.003448 0.000078
9.040484 0.002134 0.003449 0.000078
9.042618 0.002134 0.003449 0.000079
9.044751 0.002134 0.003450 0.000079
9.046885 0.002133 0.003450 0.000079
9.049018 0.002133 0.003451 0.000080
9.051151 0.002133 0.003451 0.000080
9.053284 0.002133 0.003452 0.000081
9.055417 0.002133 0.003452 0.000081
9.057549 0.002133 0.003452 0.000082
9.059682 0.002132 0.003453 0.000082
9.061814 0.002132 0.003453 0.000083
9.063946 0.002132 0.003454 0.000083
9.066077 0.002132 0.003454 0.000084
9.068209 0.002132 0.003455 0.000084
9.070340 0.002131 0.003455 0.000085
9.072472 0.002131 0.003456 0.000085
9.074603 0.002131 0.003456 0.000086
9.076733 0.002131 0.003457 0.000086
9.078864 0.002131 0.003458 0.000087
9.080994 0.002130 0.003458 0.000087
9.083125 0.002130 0.003459 0.000088
9.085255 0.002130 0.003459 0.000088
9.087385 0.002130 0.003460 0.000089
9.089514 0.002130 0.003460 0.000090
9.091644 0.002129 0.003461 0.000090
9.093773 0.002129 0.003461 0.000091
9.095902 0.002129 0.003462 0.000091
9.098031 0.002129 0.003463 0.000092
9.100160 0.002129 0.003463 0.000092
9.102288 0.002129 0.003464 0.000093
9.104417 0.002128 0.003464 0.000094
9.106545 0.002128 0.003465 0.000094
9.108673 0.002128 0.003466 0.000095
9.110800 0.002128 0.003466 0.000096
9.112928 0.002128 0.003467 0.000096
9.115055 0.002127 0.003468 0.000097
9.117182 0.002127 0.003468 0.000097
9.119309 0.002127 0.003469 0.000098
9.121436 0.002127 0.003469 0.000099
9.123563 0.002127 0.003470 0.000099
9.125689 0.002126 0.003471 0.000100
9.127815 0.002126 0.003471 0.000101
9.129941 0.002126 0.003472 0.000101
9.132067 0.002126 0.003473 0.000102
9.134192 0.002126 0.003474 0.000103
9.136318 0.002125 0.003474 0.000104
9.138443 0.002125 0.003475 0.000104
9.140568 0.002125 0.003476 0.000105
9.142693 0.002125 0.003476 0.000106
9.144817 0.002125 0.003477 0.000106
9.146941 0.002124 0.003478 0.000107
9.149066 0.002124 0.003479 0.000108
9.151190 0.002124 0.003479 0.000109
9.153313 0.002124 0.003480 0.000109
9.155437 0.002124 0.003481 0.000110
9.157560 0.002123 0.003482 0.000111
9.159683 0.002123 0.003482 0.000112
9.161806 0.002123 0.003483 0.000112
9.163929 0.002123 0.003484 0.000113
9.166052 0.002123 0.003485 0.000114
9.168174 0.002122 0.003485 0.000115
9.170296 0.002122 0.003486 0.000115
9.172418 0.002122 0.003487 0.000116
9.174540 0.002122 0.003488 0.000117
9.176661 0.002122 0.003488 0.000118
9.178782 0.002121 0.003489 0.000119
9.180903 0.002121 0.003490 0.000119
9.183024 0.002121 0.003491 0.000120
9.185145 0.002121 0.003492 0.000121
9.187266 0.002120 0.003493 0.000122
9.189386 0.002120 0.003493 0.000123
9.191506 0.002120 0.003494 0.000123
9.193626 0.002120 0.003495 0.000124
9.195745 0.002120 0.003496 0.000125
9.197865 0.002119 0.003497 0.000126
9.199984 0.002119 0.003497 0.000127
9.202103 0.002119 0.003498 0.000128
9.204222 0.002119 0.003499 0.000128
9.206340 0.002119 0.003500 0.000129
9.208459 0.002118 0.003501 0.000130
9.210577 0.002118 0.003502 0.000131
9.212695 0.002118 0.003502 0.000132
9.214813 0.002118 0.003503 0.000133
9.216930 0.002118 0.003504 0.000133
9.219048 0.002117 0.003505 0.000134
9.221165 0.002117 0.003506 0.000135
9.223282 0.002117 0.003507 0.000136
9.225399 0.002117 0.003507 0.000137
9.227515 0.002117 0.003508 0.000138
9.229631 0.002116 0.003509 0.000138
9.231747 0.002116 0.003510 0.000139
9.233863 0.002116 0.003511 0.000140
9.235979 0.002116 0.003512 0.000141
9.238094 0.002115 0.003512 0.000142
9.240210 0.002115 0.003513 0.000142
9.242325 0.002115 0.003514 0.000143
9.244439 0.002115 0.003515 0.000144
9.246554 0.002115 0.003516 0.000145
9.248668 0.002114 0.003516 0.000146
9.250783 0.002114 0.003517 0.000146
9.252897 0.002114 0.003518 0.000147
9.255010 0.002114 0.003519 0.000148
9.257124 0.002114 0.003519 0.000149
9.259237 0.002113 0.003520 0.000149
9.261350 0.002113 0.003521 0.000150
9.263463 0.002113 0.003522 0.000151
9.265576 0.002113 0.003522 0.000152
9.267688 0.002112 0.003523 0.000152
9.269801 0.002112 0.003524 0.000153
9.271913 0.002112 0.003524 0.000154
9.274024 0.002112 0.003525 0.000154
9.276136 0.002112 0.003526 0.000155
9.278247 0.002111 0.003526 0.000156
9.280358 0.002111 0.003527 0.000156
9.282469 0.002111 0.003528 0.000157
9.284580 0.002111 0.003528 0.000158
9.286691 0.002111 0.003529 0.000158
9.288801 0.002110 0.003530 0.000159
9.290911 0.002110 0.003530 0.000159
9.293021 0.002110 0.003531 0.000160
9.295131 0.002110 0.003531 0.000161
9.297240 0.002109 0.003532 0.000161
9.299349 0.002109 0.003533 0.000162
9.301458 0.002109 0.003533 0.000162
9.303567 0.002109 0.003534 0.000163
9.305676 0.002109 0.003534 0.000163
9.307784 0.002108 0.003535 0.000164
9.309892 0.002108 0.003535 0.000164
9.312000 0.002108 0.003536 0.000165
9.314108 0.002108 0.003536 0.000166
9.316215 0.002107 0.003537 0.000166
9.318322 0.002107 0.003537 0.000166
9.320430 0.002107 0.003538 0.000167
9.322536 0.002107 0.003538 0.000167
9.324643 0.002107 0.003539 0.000168
9.326749 0.002106 0.003539 0.000168
9.328856 0.002106 0.003539 0.000169
9.330961 0.002106 0.003540 0.000169
9.333067 0.002106 0.003540 0.000170
9.335173 0.002106 0.003541 0.000170
9.337278 0.002105 0.003541 0.000170
9.339383 0.002105 0.003541 0.000171
9.341488 0.002105 0.003542 0.000171
9.343593 0.002105 0.003542 0.000172
9.345697 0.002104 0.003543 0.000172
9.347801 0.002104 0.003543 0.000172
9.349905 0.002104 0.003543 0.000173
9.352009 0.002104 0.003544 0.000173
9.354113 0.002104 0.003544 0.000173
9.356216 0.002103 0.003544 0.000174
9.358319 0.002103 0.003545 0.000174
9.360422 0.002103 0.003545 0.000174
9.362525 0.002103 0.003545 0.000175
9.364627 0.002102 0.003546 0.000175
9.366729 0.002102 0.003546 0.000175
9.368831 0.002102 0.003546 0.000175
9.370933 0.002102 0.003546 0.000176
9.373035 0.002102 0.003547 0.000176
9.375136 0.002101 0.003547 0.000176
9.377237 0.002101 0.003547 0.000177
9.379338 0.002101 0.003548 0.000177
9.381439 0.002101 0.003548 0.000177
9.383539 0.002100 0.003548 0.000177
9.385639 0.002100 0.003548 0.000178
9.387739 0.002100 0.003549 0.000178
9.389839 0.002100 0.003549 0.000178
9.391939 0.002100 0.003549 0.000178
9.394038 0.002099 0.003549 0.000179
9.396137 0.002099 0.003549 0.000179
9.398236 0.002099 0.003550 0.000179
9.400335 0.002099 0.003550 0.000179
9.402433 0.002098 0.003550 0.000179
9.404532 0.002098 0.003550 0.000180
9.406630 0.002098 0.003550 0.000180
9.408728 0.002098 0.003551 0.000180
9.410825 0.002098 0.003551 0.000180
9.412923 0.002097 0.003551 0.000180
9.415020 0.002097 0.003551 0.000180
9.417117 0.002097 0.003551 0.000180
9.419213 0.002097 0.003551 0.000181
9.421310 0.002097 0.003551 0.000181
9.423406 0.002096 0.003552 0.000181
9.425502 0.002096 0.003552 0.000181
9.427598 0.002096 0.003552 0.000181
9.429694 0.002096 0.003552 0.000181
9.431789 0.002095 0.003552 0.000181
9.433884 0.002095 0.003552 0.000182
9.435979 0.002095 0.003552 0.000182
9.438074 0.002095 0.003552 0.000182
9.440169 0.002095 0.003553 0.000182
9.442263 0.002094 0.003553 0.000182
9.444357 0.002094 0.003553 0.000182
9.446451 0.002094 0.003553 0.000182
9.448545 0.002094 0.003553 0.000182
9.450638 0.002093 0.003553 0.000182
9.452731 0.002093 0.003553 0.000182
9.454824 0.002093 0.003553 0.000182
9.456917 0.002093 0.003553 0.000182
9.459009 0.002093 0.003553 0.000182
9.461102 0.002092 0.003553 0.000183
9.463194 0.002092 0.003553 0.000183
9.465286 0.002092 0.003553 0.000183
9.467377 0.002092 0.003553 0.000183
9.469469 0.002091 0.003553 0.000183
9.471560 0.002091 0.003553 0.000183
9.473651 0.002091 0.003553 0.000183
9.475742 0.002091 0.003553 0.000183
9.477833 0.002091 0.003553 0.000183
9.479923 0.002090 0.003553 0.000183
9.482013 0.002090 0.003553 0.000183
9.484103 0.002090 0.003553 0.000183
9.486193 0.002090 0.003553 0.000183
9.488282 0.002089 0.003553 0.000183
9.490371 0.002089 0.003553 0.000183
9.492460 0.002089 0.003553 0.000183
9.494549 0.002089 0.003553 0.000182
9.496638 0.002089 0.003553 0.000182
9.498726 0.002088 0.003553 0.000182
9.500814 0.002088 0.003553 0.000182
9.502902 0.002088 0.003553 0.000182
9.504990 0.002088 0.003553 0.000182
9.507078 0.002088 0.003553 0.000182
9.509165 0.002087 0.003553 0.000182
9.511252 0.002087 0.003553 0.000182
9.513339 0.002087 0.003553 0.000182
9.515426 0.002087 0.003552 0.000182
9.517512 0.002086 0.003552 0.000182
9.519598 0.002086 0.003552 0.000182
9.521684 0.002086 0.003552 0.000181
9.523770 0.002086 0.003552 0.000181
9.525856 0.002086 0.003552 0.000181
9.527941 0.002085 0.003552 0.000181
9.530026 0.002085 0.003552 0.000181
9.532111 0.002085 0.003551 0.000181
9.534196 0.002085 0.003551 0.000181
9.536280 0.002084 0.003551 0.000180
9.538364 0.002084 0.003551 0.000180
9.540448 0.002084 0.003551 0.000180
9.542532 0.002084 0.003551 0.000180
9.544616 0.002084 0.003550 0.000180
9.546699 0.002083 0.003550 0.000179
9.548782 0.002083 0.003550 0.000179
9.550865 0.002083 0.003550 0.000179
9.552948 0.002083 0.003550 0.000179
9.555031 0.002083 0.003549 0.000179
9.557113 0.002082 0.003549 0.000178
9.559195 0.002082 0.003549 0.000178
9.561277 0.002082 0.003549 0.000178
9.563359 0.002082 0.003548 0.000178
9.565440 0.002081 0.003548 0.000178
9.567521 0.002081 0.003548 0.000177
9.569602 0.002081 0.003548 0.000177
9.571683 0.002081 0.003547 0.000177
9.573764 0.002081 0.003547 0.000177
9.575844 0.002080 0.003547 0.000176
9.577925 0.002080 0.003547 0.000176
9.580005 0.002080 0.003546 0.000176
9.582084 0.002080 0.003546 0.000175
9.584164 0.002080 0.003546 0.000175
9.586243 0.002079 0.003546 0.000175
9.588322 0.002079 0.003545 0.000175
9.590401 0.002079 0.003545 0.000174
9.592480 0.002079 0.003545 0.000174
9.594558 0.002078 0.003545 0.000174
9.596637 0.002078 0.003544 0.000174
9.598715 0.002078 0.003544 0.000173
9.600793 0.002078 0.003544 0.000173
9.602870 0.002078 0.003543 0.000173
9.604948 0.002077 0.003543 0.000172
9.607025 0.002077 0.003543 0.000172
9.609102 0.002077 0.003542 0.000172
9.611179 0.002077 0.003542 0.000171
9.613255 0.002077 0.003542 0.000171
9.615332 0.002076 0.003541 0.000171
9.617408 0.002076 0.003541 0.000170
9.619484 0.002076 0.003541 0.000170
9.621560 0.002076 0.003540 0.000170
9.623635 0.002076 0.003540 0.000169
9.625710 0.002075 0.003540 0.000169
9.627786 0.002075 0.003539 0.000169
9.629860 0.002075 0.003539 0.000168
9.631935 0.002075 0.003539 0.000168
9.634010 0.002075 0.003538 0.000168
9.636084 0.002074 0.003538 0.000167
9.638158 0.002074 0.003538 0.000167
9.640232 0.002074 0.003537 0.000167
9.642306 0.002074 0.003537 0.000166
9.644379 0.002073 0.003537 0.000166
9.646452 0.002073 0.003536 0.000166
9.648525 0.002073 0.003536 0.000165
9.650598 0.002073 0.003535 0.000165
9.652671 0.002073 0.003535 0.000164
9.654743 0.002072 0.003535 0.000164
9.656815 0.002072 0.003534 0.000164
9.658888 0.002072 0.003534 0.000163
9.660959 0.002072 0.003534 0.000163
9.663031 0.002072 0.003533 0.000162
9.665102 0.002071 0.003533 0.000162
9.667174 0.002071 0.003532 0.000162
9.669245 0.002071 0.003532 0.000161
9.671315 0.002071 0.003532 0.000161
9.673386 0.002071 0.003531 0.000160
9.675456 0.002070 0.003531 0.000160
9.677526 0.002070 0.003530 0.000160
9.679596 0.002070 0.003530 0.000159
9.681666 0.002070 0.003530 0.000159
9.683736 0.002070 0.003529 0.000158
9.685805 0.002069 0.003529 0.000158
9.687874 0.002069 0.003528 0.000158
9.689943 0.002069 0.003528 0.000157
9.692012 0.002069 0.003528 0.000157
9.694081 0.002069 0.003527 0.000156
9.696149 0.002068 0.003527 0.000156
9.698217 0.002068 0.003526 0.000156
9.700285 0.002068 0.003526 0.000155
9.702353 0.002068 0.003525 0.000155
9.704420 0.002068 0.003525 0.000154
9.706488 0.002067 0.003525 0.000154
9.708555 0.002067 0.003524 0.000153
9.710622 0.002067 0.003524 0.000153
9.712689 0.002067 0.003523 0.000152
9.714755 0.002067 0.003523 0.000152
9.716821 0.002066 0.003522 0.000152
9.718888 0.002066 0.003522 0.000151
9.720954 0.002066 0.003521 0.000151
9.723019 0.002066 0.003521 0.000150
9.725085 0.002066 0.003520 0.000150
9.727150 0.002065 0.003520 0.000149
9.729215 0.002065 0.003520 0.000149
9.731280 0.002065 0.003519 0.000148
9.733345 0.002065 0.003519 0.000148
9.735410 0.002065 0.003518 0.000147
9.737474 0.002064 0.003518 0.000147
9.739538 0.002064 0.003517 0.000146
9.741602 0.002064 0.003517 0.000146
9.743666 0.002064 0.003516 0.000145
9.745730 0.002064 0.003516 0.000145
9.747793 0.002063 0.003515 0.000144
9.749856 0.002063 0.003515 0.000144
9.751919 0.002063 0.003514 0.000143
9.753982 0.002063 0.003514 0.000143
9.756045 0.002063 0.003513 0.000142
9.758107 0.002062 0.003513 0.000142
9.760169 0.002062 0.003512 0.000141
9.762231 0.002062 0.003512 0.000141
9.764293 0.002062 0.003511 0.000140
9.766355 0.002062 0.003510 0.000140
9.768416 0.002061 0.003510 0.000139
9.770477 0.002061 0.003509 0.000139
9.772538 0.002061 0.003509 0.000138
9.774599 0.002061 0.003508 0.000138
9.776660 0.002061 0.003508 0.000137
9.778721 0.002060 0.003507 0.000136
9.780781 0.002060 0.003507 0.000136
9.782841 0.002060 0.003506 0.000135
9.784901 0.002060 0.003505 0.000135
9.786961 0.002060 0.003505 0.000134
9.789020 0.002060 0.003504 0.000134
9.791079 0.002059 0.003504 0.000133
9.793139 0.002059 0.003503 0.000132
9.795198 0.002059 0.003503 0.000132
9.797256 0.002059 0.003502 0.000131
9.799315 0.002059 0.003501 0.000131
9.801373 0.002058 0.003501 0.000130
9.803431 0.002058 0.003500 0.000129
9.805490 0.002058 0.003499 0.000129
9.807547 0.002058 0.003499 0.000128
9.809605 0.002058 0.003498 0.000128
9.811662 0.002057 0.003498 0.000127
9.813720 0.002057 0.003497 0.000126
9.815777 0.002057 0.003496 0.000126
9.817834 0.002057 0.003496 0.000125
9.819890 0.002057 0.003495 0.000124
9.821947 0.002057 0.003494 0.000124
9.824003 0.002056 0.003494 0.000123
9.826059 0.002056 0.003493 0.000122
9.828115 0.002056 0.003492 0.000122
9.830171 0.002056 0.003492 0.000121
9.832227 0.002056 0.003491 0.000120
9.834282 0.002055 0.003490 0.000120
9.836337 0.002055 0.003490 0.000119
9.838392 0.002055 0.003489 0.000118
9.840447 0.002055 0.003488 0.000118
9.842502 0.002055 0.003488 0.000117
9.844556 0.002054 0.003487 0.000116
9.846611 0.002054 0.003486 0.000116
9.848665 0.002054 0.003485 0.000115
9.850719 0.002054 0.003485 0.000114
9.852772 0.002054 0.003484 0.000113
9.854826 0.002054 0.003483 0.000113
9.856879 0.002053 0.003483 0.000112
9.858932 0.002053 0.003482 0.000111
9.860985 0.002053 0.003481 0.000110
9.863038 0.002053 0.003480 0.000110
9.865091 0.002053 0.003480 0.000109
9.867143 0.002052 0.003479 0.000108
9.869196 0.002052 0.003478 0.000107
9.871248 0.002052 0.003477 0.000107
9.873300 0.002052 0.003477 0.000106
9.875352 0.002052 0.003476 0.000105
9.877403 0.002052 0.003475 0.000104
9.879454 0.002051 0.003474 0.000103
9.881506 0.002051 0.003473 0.000103
9.883557 0.002051 0.003473 0.000102
9.885608 0.002051 0.003472 0.000101
9.887658 0.002051 0.003471 0.000100
9.889709 0.002050 0.003470 0.000099
9.891759 0.002050 0.003469 0.000099
9.893809 0.002050 0.003469 0.000098
9.895859 0.002050 0.003468 0.000097
9.897909 0.002050 0.003467 0.000096
9.899959 0.002050 0.003466 0.000095
9.902008 0.002049 0.003465 0.000094
9.904057 0.002049 0.003464 0.000094
9.906106 0.002049 0.003463 0.000093
9.908155 0.002049 0.003463 0.000092
9.910204 0.002049 0.003462 0.000091
9.912253 0.002049 0.003461 0.000090
9.914301 0.002048 0.003460 0.000089
9.916349 0.002048 0.003459 0.000088
9.918397 0.002048 0.003458 0.000087
9.920445 0.002048 0.003457 0.000087
9.922493 0.002048 0.003456 0.000086
9.924540 0.002048 0.003455 0.000085
9.926587 0.002047 0.003455 0.000084
9.928635 0.002047 0.003454 0.000083
9.930682 0.002047 0.003453 0.000082
9.932728 0.002047 0.003452 0.000081
9.934775 0.002047 0.003451 0.000080
9.936822 0.002046 0.003450 0.000079
9.938868 0.002046 0.003449 0.000078
9.940914 0.002046 0.003448 0.000077
9.942960 0.002046 0.003447 0.000076
9.945006 0.002046 0.003446 0.000075
9.947051 0.002046 0.003445 0.000075
9.949097 0.002045 0.003444 0.000074
9.951142 0.002045 0.003443 0.000073
9.953187 0.002045 0.003442 0.000072
9.955232 0.002045 0.003441 0.000071
9.957277 0.002045 0.003440 0.000070
9.959321 0.002045 0.003439 0.000069
9.961366 0.002044 0.003438 0.000068
9.963410 0.002044 0.003437 0.000067
9.965454 0.002044 0.003436 0.000066
9.967498 0.002044 0.003435 0.000065
9.969542 0.002044 0.003434 0.000064
9.971585 0.002044 0.003433 0.000063
9.973629 0.002043 0.003432 0.000062
9.975672 0.002043 0.003431 0.000061
9.977715 0.002043 0.003430 0.000060
9.979758 0.002043 0.003429 0.000059
9.981801 0.002043 0.003428 0.000058
9.983843 0.002043 0.003427 0.000056
9.985886 0.002042 0.003426 0.000055
9.987928 0.002042 0.003425 0.000054
9.989970 0.002042 0.003424 0.000053
9.992012 0.002042 0.003423 0.000052
9.994054 0.002042 0.003422 0.000051
9.996095 0.002042 0.003421 0.000050
9.998137 0.002041 0.003420 0.000049
10.000178 0.002041 0.003419 0.000048
10.002219 0.002041 0.003418 0.000047
10.004260 0.002041 0.003417 0.000046
10.006301 0.002041 0.003415 0.000045
10.008341 0.002041 0.003414 0.000044
10.010382 0.002040 0.003413 0.000043
10.012422 0.002040 0.003412 0.000041
10.014462 0.002040 0.003411 0.000040
10.016502 0.002040 0.003410 0.000039
10.018542 0.002040 0.003409 0.000038
10.020581 0.002040 0.003408 0.000037
10.022621 0.002039 0.003407 0.000036
10.024660 0.002039 0.003406 0.000035
10.026699 0.002039 0.003404 0.000034
10.028738 0.002039 0.003403 0.000033
10.030777 0.002039 0.003402 0.000031
10.032816 0.002039 0.003401 0.000030
10.034854 0.002038 0.003400 0.000029
10.036893 0.002038 0.003399 0.000028
10.038931 0.002038 0.003398 0.000027
10.040969 0.002038 0.003396 0.000026
10.043007 0.002038 0.003395 0.000025
10.045044 0.002038 0.003394 0.000023
10.047082 0.002038 0.003393 0.000022
10.049119 0.002037 0.003392 0.000021
10.051156 0.002037 0.003391 0.000020
10.053193 0.002037 0.003390 0.000019
10.055230 0.002037 0.003388 0.000018
10.057267 0.002037 0.003387 0.000016
10.059303 0.002037 0.003386 0.000015
10.061340 0.002036 0.003385 0.000014
10.063376 0.002036 0.003384 0.000013
10.065412 0.002036 0.003382 0.000012
10.067448 0.002036 0.003381 0.000011
10.069484 0.002036 0.003380 0.000009
10.071520 0.002036 0.003379 0.000008
10.073555 0.002035 0.003378 0.000007
10.075590 0.002035 0.003377 0.000006
10.077625 0.002035 0.003375 0.000005
10.079660 0.002035 0.003374 0.000003
10.081695 0.002035 0.003373 0.000002
10.083730 0.002035 0.003372 0.000001
10.085764 0.002035 0.003371 -0.000000
10.087799 0.002034 0.003369 -0.000001
10.089833 0.002034 0.003368 -0.000003
10.091867 0.002034 0.003367 -0.000004
10.093901 0.002034 0.003366 -0.000005
10.095935 0.002034 0.003364 -0.000006
10.097968 0.002034 0.003363 -0.000007
10.100002 0.002033 0.003362 -0.000009
10.102035 0.002033 0.003361 -0.000010
10.104068 0.002033 0.003360 -0.000011
10.106101 0.002033 0.003358 -0.000012
10.108134 0.002033 0.003357 -0.000014
10.110167 0.002033 0.003356 -0.000015
10.112199 0.002033 0.003355 -0.000016
10.114232 0.002032 0.003353 -0.000017
10.116264 0.002032 0.003352 -0.000018
10.118296 0.002032 0.003351 -0.000020
10.120328 0.002032 0.003350 -0.000021
10.122360 0.002032 0.003349 -0.000022
10.124391 0.002032 0.003347 -0.000023
10.126423 0.002031 0.003346 -0.000025
10.128454 0.002031 0.003345 -0.000026
10.130485 0.002031 0.003344 -0.000027
10.132516 0.002031 0.003342 -0.000028
10.134547 0.002031 0.003341 -0.000030
10.136578 0.002031 0.003340 -0.000031
10.138608 0.002031 0.003339 -0.000032
10.140639 0.002030 0.003337 -0.000033
10.142669 0.002030 0.003336 -0.000035
10.144699 0.002030 0.003335 -0.000036
10.146729 0.002030 0.003334 -0.000037
10.148759 0.002030 0.003332 -0.000038
10.150788 0.002030 0.003331 -0.000040
10.152818 0.002030 0.003330 -0.000041
10.154847 0.002029 0.003329 -0.000042
10.156876 0.002029 0.003327 -0.000043
10.158905 0.002029 0.003326 -0.000045
10.160934 0.002029 0.003325 -0.000046
10.162963 0.002029 0.003324 -0.000047
10.164992 0.002029 0.003322 -0.000048
10.167020 0.002028 0.003321 -0.000050
10.169048 0.002028 0.003320 -0.000051
10.171077 0.002028 0.003318 -0.000052
10.173105 0.002028 0.003317 -0.000053
10.175133 0.002028 0.003316 -0.000055
10.177160 0.002028 0.003315 -0.000056
10.179188 0.002028 0.003313 -0.000057
10.181215 0.002027 0.003312 -0.000059
10.183243 0.002027 0.003311 -0.000060
10.185270 0.002027 0.003310 -0.000061
10.187297 0.002027 0.003308 -0.000062
10.189324 0.002027 0.003307 -0.000064
10.191350 0.002027 0.003306 -0.000065
10.193377 0.002027 0.003305 -0.000066
10.195403 0.002026 0.003303 -0.000067
10.197430 0.002026 0.003302 -0.000069
10.199456 0.002026 0.003301 -0.000070
10.201482 0.002026 0.003299 -0.000071
10.203507 0.002026 0.003298 -0.000073
10.205533 0.002026 0.003297 -0.000074
10.207559 0.002026 0.003296 -0.000075
10.209584 0.002025 0.003294 -0.000076
10.211609 0.002025 0.003293 -0.000078
10.213634 0.002025 0.003292 -0.000079
10.215659 0.002025 0.003290 -0.000080
10.217684 0.002025 0.003289 -0.000082
10.219709 0.002025 0.003288 -0.000083
10.221733 0.002025 0.003287 -0.000084
10.223758 0.002024 0.003285 -0.000085
10.225782 0.002024 0.003284 -0.000087
10.227806 0.002024 0.003283 -0.000088
10.229830 0.002024 0.003281 -0.000089
10.231854 0.002024 0.003280 -0.000091
10.233878 0.002024 0.003279 -0.000092
10.235901 0.002024 0.003278 -0.000093
10.237925 0.002023 0.003276 -0.000094
10.239948 0.002023 0.003275 -0.000096
10.241971 0.002023 0.003274 -0.000097
10.243994 0.002023 0.003272 -0.000098
10.246017 0.002023 0.003271 -0.000100
10.248039 0.002023 0.003270 -0.000101
10.250062 0.002023 0.003268 -0.000102
10.252084 0.002022 0.003267 -0.000104
10.254107 0.002022 0.003266 -0.000105
10.256129 0.002022 0.003265 -0.000106
10.258151 0.002022 0.003263 -0.000107
10.260173 0.002022 0.003262 -0.000109
10.262194 0.002022 0.003261 -0.000110
10.264216 0.002022 0.003259 -0.000111
10.266237 0.002021 0.003258 -0.000113
10.268258 0.002021 0.003257 -0.000114
10.270280 0.002021 0.003255 -0.000115
10.272301 0.002021 0.003254 -0.000117
10.274321 0.002021 0.003253 -0.000118
10.276342 0.002021 0.003251 -0.000119
10.278363 0.002021 0.003250 -0.000121
10.280383 0.002020 0.003249 -0.000122
10.282404 0.002020 0.003247 -0.000123
10.284424 0.002020 0.003246 -0.000125
10.286444 0.002020 0.003245 -0.000126
10.288464 0.002020 0.003243 -0.000127
10.290483 0.002020 0.003242 -0.000129
10.292503 0.002020 0.003241 -0.000130
10.294522 0.002019 0.003239 -0.000131
10.296542 0.002019 0.003238 -0.000133
10.298561 0.002019 0.003237 -0.000134
10.300580 0.002019 0.003235 -0.000135
10.302599 0.002019 0.003234 -0.000137
10.304618 0.002019 0.003233 -0.000138
10.306636 0.002019 0.003231 -0.000139
10.308655 0.002019 0.003230 -0.000141
10.310673 0.002018 0.003229 -0.000142
10.312691 0.002018 0.003227 -0.000143
10.314710 0.002018 0.003226 -0.000145
10.316728 0.002018 0.003225 -0.000146
10.318745 0.002018 0.003224 -0.000147
10.320763 0.002018 0.003222 -0.000149
10.322781 0.002018 0.003221 -0.000150
10.324798 0.002017 0.003220 -0.000151
10.326815 0.002017 0.003218 -0.000152
10.328832 0.002017 0.003217 -0.000154
10.330849 0.002017 0.003216 -0.000155
10.332866 0.002017 0.003214 -0.000156
10.334883 0.002017 0.003213 -0.000158
10.336900 0.002017 0.003212 -0.000159
10.338916 0.002016 0.003210 -0.000160
10.340932 0.002016 0.003209 -0.000162
10.342949 0.002016 0.003208 -0.000163
10.344965 0.002016 0.003206 -0.000164
10.346981 0.002016 0.003205 -0.000166
10.348996 0.002016 0.003204 -0.000167
10.351012 0.002016 0.003202 -0.000168
10.353028 0.002016 0.003201 -0.000170
10.355043 0.002015 0.003200 -0.000171
10.357058 0.002015 0.003198 -0.000172
10.359073 0.002015 0.003197 -0.000174
10.361088 0.002015 0.003196 -0.000175
10.363103 0.002015 0.003194 -0.000176
10.365118 0.002015 0.003193 -0.000178
10.367133 0.002015 0.003192 -0.000179
10.369147 0.002014 0.003190 -0.000180
10.371161 0.002014 0.003189 -0.000182
10.373176 0.002014 0.003188 -0.000183
10.375190 0.002014 0.003187 -0.000184
10.377204 0.002014 0.003185 -0.000185
10.379217 0.002014 0.003184 -0.000187
10.381231 0.002014 0.003183 -0.000188
10.383245 0.002014 0.003181 -0.000189
10.385258 0.002013 0.003180 -0.000191
10.387271 0.002013 0.003179 -0.000192
10.389284 0.002013 0.003177 -0.000193
10.391297 0.002013 0.003176 -0.000195
10.393310 0.002013 0.003175 -0.000196
10.395323 0.002013 0.003173 -0.000197
10.397336 0.002013 0.003172 -0.000199
10.399348 0.002012 0.003171 -0.000200
10.401360 0.002012 0.003169 -0.000201
10.403373 0.002012 0.003168 -0.000203
10.405385 0.002012 0.003167 -0.000204
10.407397 0.002012 0.003166 -0.000205
10.409409 0.002012 0.003164 -0.000206
10.411420 0.002012 0.003163 -0.000208
10.413432 0.002012 0.003162 -0.000209
10.415443 0.002011 0.003160 -0.000210
10.417455 0.002011 0.003159 -0.000212
10.419466 0.002011 0.003158 -0.000213
10.421477 0.002011 0.003156 -0.000214
10.423488 0.002011 0.003155 -0.000216
10.425499 0.002011 0.003154 -0.000217
10.427509 0.002011 0.003153 -0.000218
10.429520 0.002011 0.003151 -0.000219
10.431530 0.002010 0.003150 -0.000221
10.433540 0.002010 0.003149 -0.000222
10.435551 0.002010 0.003147 -0.000223
10.437561 0.002010 0.003146 -0.000225
10.439570 0.002010 0.003145 -0.000226
10.441580 0.002010 0.003144 -0.000227
10.443590 0.002010 0.003142 -0.000228
10.445599 0.002010 0.003141 -0.000230
10.447609 0.002009 0.003140 -0.000231
10.449618 0.002009 0.003138 -0.000232
10.451627 0.002009 0.003137 -0.000233
10.453636 0.002009 0.003136 -0.000235
10.455645 0.002009 0.003135 -0.000236
10.457654 0.002009 0.003133 -0.000237
10.459662 0.002009 0.003132 -0.000239
10.461671 0.002008 0.003131 -0.000240
10.463679 0.002008 0.003130 -0.000241
10.465687 0.002008 0.003128 -0.000242
10.467695 0.002008 0.003127 -0.000244
10.469703 0.002008 0.003126 -0.000245
10.471711 0.002008 0.003125 -0.000246
10.473719 0.002008 0.003123 -0.000247
10.475727 0.002008 0.003122 -0.000249
10.477734 0.002007 0.003121 -0.000250
10.479741 0.002007 0.003119 -0.000251
10.481749 0.002007 0.003118 -0.000252
10.483756 0.002007 0.003117 -0.000254
10.485763 0.002007 0.003116 -0.000255
10.487770 0.002007 0.003114 -0.000256
10.489776 0.002007 0.003113 -0.000257
10.491783 0.002007 0.003112 -0.000259
10.493789 0.002006 0.003111 -0.000260
10.495796 0.002006 0.003109 -0.000261
10.497802 0.002006 0.003108 -0.000262
10.499808 0.002006 0.003107 -0.000264
10.501814 0.002006 0.003106 -0.000265
10.503820 0.002006 0.003104 -0.000266
10.505826 0.002006 0.003103 -0.000267
10.507831 0.002006 0.003102 -0.000269
10.509837 0.002005 0.003101 -0.000270
10.511842 0.002005 0.003099 -0.000271
10.513847 0.002005 0.003098 -0.000272
10.515852 0.002005 0.003097 -0.000274
10.517857 0.002005 0.003096 -0.000275
10.519862 0.002005 0.003095 -0.000276
10.521867 0.002005 0.003093 -0.000277
10.523871 0.002005 0.003092 -0.000279
10.525876 0.002004 0.003091 -0.000280
10.527880 0.002004 0.003090 -0.000281
10.529885 0.002004 0.003088 -0.000282
10.531889 0.002004 0.003087 -0.000284
10.533893 0.002004 0.003086 -0.000285
10.535896 0.002004 0.003085 -0.000286
10.537900 0.002004 0.003083 -0.000287
10.539904 0.002004 0.003082 -0.000288
10.541907 0.002003 0.003081 -0.000290
10.543911 0.002003 0.003080 -0.000291
10.545914 0.002003 0.003079 -0.000292
10.547917 0.002003 0.003077 -0.000293
10.549920 0.002003 0.003076 -0.000295
10.551923 0.002003 0.003075 -0.000296
10.553926 0.002003 0.003074 -0.000297
10.555928 0.002003 0.003072 -0.000298
10.557931 0.002003 0.003071 -0.000299
10.559933 0.002002 0.003070 -0.000301
10.561936 0.002002 0.003069 -0.000302
10.563938 0.002002 0.003068 -0.000303
10.565940 0.002002 0.003066 -0.000304
10.567942 0.002002 0.003065 -0.000305
10.569943 0.002002 0.003064 -0.000307
10.571945 0.002002 0.003063 -0.000308
10.573947 0.002002 0.003062 -0.000309
10.575948 0.002001 0.003060 -0.000310
10.577949 0.002001 0.003059 -0.000311
10.579951 0.002001 0.003058 -0.000313
10.581952 0.002001 0.003057 -0.000314
10.583953 0.002001 0.003056 -0.000315
10.585954 0.002001 0.003054 -0.000316
10.587954 0.002001 0.003053 -0.000317
10.589955 0.002001 0.003052 -0.000319
10.591955 0.002000 0.003051 -0.000320
10.593956 0.002000 0.003050 -0.000321
10.595956 0.002000 0.003049 -0.000322
10.597956 0.002000 0.003047 -0.000323
10.599956 0.002000 0.003046 -0.000324
10.601956 0.002000 0.003045 -0.000326
10.603956 0.002000 0.003044 -0.000327
10.605955 0.002000 0.003043 -0.000328
10.607955 0.002000 0.003042 -0.000329
10.609954 0.001999 0.003040 -0.000330
10.611953 0.001999 0.003039 -0.000332
10.613953 0.001999 0.003038 -0.000333
10.615952 0.001999 0.003037 -0.000334
10.617951 0.001999 0.003036 -0.000335
10.619949 0.001999 0.003035 -0.000336
10.621948 0.001999 0.003033 -0.000337
10.623947 0.001999 0.003032 -0.000338
10.625945 0.001998 0.003031 -0.000340
10.627943 0.001998 0.003030 -0.000341
10.629942 0.001998 0.003029 -0.000342
10.631940 0.001998 0.003028 -0.000343
10.633938 0.001998 0.003026 -0.000344
10.635936 0.001998 0.003025 -0.000345
10.637933 0.001998 0.003024 -0.000347
10.639931 0.001998 0.003023 -0.000348
10.641928 0.001998 0.003022 -0.000349
10.643926 0.001997 0.003021 -0.000350
10.645923 0.001997 0.003020 -0.000351
10.647920 0.001997 0.003018 -0.000352
10.649917 0.001997 0.003017 -0.000353
10.651914 0.001997 0.003016 -0.000355
10.653911 0.001997 0.003015 -0.000356
10.655908 0.001997 0.003014 -0.000357
10.657904 0.001997 0.003013 -0.000358
10.659901 0.001996 0.003012 -0.000359
10.661897 0.001996 0.003010 -0.000360
10.663893 0.001996 0.003009 -0.000361
10.665889 0.001996 0.003008 -0.000363
10.667885 0.001996 0.003007 -0.000364
10.669881 0.001996 0.003006 -0.000365
10.671877 0.001996 0.003005 -0.000366
10.673873 0.001996 0.003004 -0.000367
10.675868 0.001996 0.003002 -0.000368
10.677864 0.001995 0.003001 -0.000369
10.679859 0.001995 0.003000 -0.000371
10.681854 0.001995 0.002999 -0.000372
10.683849 0.001995 0.002998 -0.000373
10.685844 0.001995 0.002997 -0.000374
10.687839 0.001995 0.002996 -0.000375
10.689834 0.001995 0.002995 -0.000376
10.691828 0.001995 0.002993 -0.000377
10.693823 0.001995 0.002992 -0.000378
10.695817 0.001994 0.002991 -0.000380
10.697812 0.001994 0.002990 -0.000381
10.699806 0.001994 0.002989 -0.000382
10.701800 0.001994 0.002988 -0.000383
10.703794 0.001994 0.002987 -0.000384
10.705788 0.001994 0.002986 -0.000385
10.707781 0.001994 0.002984 -0.000386
10.709775 0.001994 0.002983 -0.000387
10.711768 0.001993 0.002982 -0.000389
10.713762 0.001993 0.002981 -0.000390
10.715755 0.001993 0.002980 -0.000391
10.717748 0.001993 0.002979 -0.000392
10.719741 0.001993 0.002978 -0.000393
10.721734 0.001993 0.002977 -0.000394
10.723727 0.001993 0.002975 -0.000395
10.725720 0.001993 0.002974 -0.000396
10.727712 0.001993 0.002973 -0.000397
10.729705 0.001992 0.002972 -0.000399
10.731697 0.001992 0.002971 -0.000400
10.733689 0.001992 0.002970 -0.000401
10.735681 0.001992 0.002969 -0.000402
10.737674 0.001992 0.002968 -0.000403
10.739665 0.001992 0.002967 -0.000404
10.741657 0.001992 0.002965 -0.000405
10.743649 0.001992 0.002964 -0.000406
10.745641 0.001992 0.002963 -0.000407
10.747632 0.001991 0.002962 -0.000409
10.749623 0.001991 0.002961 -0.000410
10.751615 0.001991 0.002960 -0.000411
10.753606 0.001991 0.002959 -0.000412
10.755597 0.001991 0.002958 -0.000413
10.757588 0.001991 0.002957 -0.000414
10.759579 0.001991 0.002955 -0.000415
10.761569 0.001991 0.002954 -0.000416
10.763560 0.001991 0.002953 -0.000417
10.765550 0.001990 0.002952 -0.000419
10.767541 0.001990 0.002951 -0.000420
10.769531 0.001990 0.002950 -0.000421
10.771521 0.001990 0.002949 -0.000422
10.773511 0.001990 0.002948 -0.000423
10.775501 0.001990 0.002947 -0.000424
10.777491 0.001990 0.002946 -0.000425
10.779481 0.001990 0.002944 -0.000426
10.781471 0.001990 0.002943 -0.000427
10.783460 0.001990 0.002942 -0.000428
10.785450 0.001989 0.002941 -0.000430
10.787439 0.001989 0.002940 -0.000431
10.789428 0.001989 0.002939 -0.000432
10.791417 0.001989 0.002938 -0.000433
10.793406 0.001989 0.002937 -0.000434
10.795395 0.001989 0.002936 -0.000435
10.797384 0.001989 0.002934 -0.000436
10.799372 0.001989 0.002933 -0.000437
10.801361 0.001989 0.002932 -0.000438
10.803349 0.001988 0.002931 -0.000440
10.805338 0.001988 0.002930 -0.000441
10.807326 0.001988 0.002929 -0.000442
10.809314 0.001988 0.002928 -0.000443
10.811302 0.001988 0.002927 -0.000444
10.813290 0.001988 0.002926 -0.000445
10.815278 0.001988 0.002925 -0.000446
10.817266 0.001988 0.002923 -0.000447
10.819253 0.001988 0.002922 -0.000448
10.821241 0.001987 0.002921 -0.000450
10.823228 0.001987 0.002920 -0.000451
10.825215 0.001987 0.002919 -0.000452
10.827203 0.001987 0.002918 -0.000453
10.829190 0.001987 0.002917 -0.000454
10.831177 0.001987 0.002916 -0.000455
10.833164 0.001987 0.002915 -0.000456
10.835150 0.001987 0.002913 -0.000457
10.837137 0.001987 0.002912 -0.000458
10.839123 0.001987 0.002911 -0.000459
10.841110 0.001986 0.002910 -0.000461
10.843096 0.001986 0.002909 -0.000462
10.845083 0.001986 0.002908 -0.000463
10.847069 0.001986 0.002907 -0.000464
10.849055 0.001986 0.002906 -0.000465
10.851041 0.001986 0.002905 -0.000466
10.853026 0.001986 0.002903 -0.000467
10.855012 0.001986 0.002902 -0.000468
10.856998 0.001986 0.002901 -0.000469
10.858983 0.001986 0.002900 -0.000471
10.860969 0.001985 0.002899 -0.000472
10.862954 0.001985 0.002898 -0.000473
10.864939 0.001985 0.002897 -0.000474
10.866924 0.001985 0.002896 -0.000475
10.868909 0.001985 0.002895 -0.000476
10.870894 0.001985 0.002894 -0.000477
10.872879 0.001985 0.002892 -0.000478
10.874864 0.001985 0.002891 -0.000479
10.876848 0.001985 0.002890 -0.000480
10.878833 0.001984 0.002889 -0.000482
10.880817 0.001984 0.002888 -0.000483
10.882802 0.001984 0.002887 -0.000484
10.884786 0.001984 0.002886 -0.000485
10.886770 0.001984 0.002885 -0.000486
10.888754 0.001984 0.002884 -0.000487
10.890738 0.001984 0.002882 -0.000488
10.892721 0.001984 0.002881 -0.000489
10.894705 0.001984 0.002880 -0.000490
10.896689 0.001984 0.002879 -0.000492
10.898672 0.001983 0.002878 -0.000493
10.900656 0.001983 0.002877 -0.000494
10.902639 0.001983 0.002876 -0.000495
10.904622 0.001983 0.002875 -0.000496
10.906605 0.001983 0.002874 -0.000497
10.908588 0.001983 0.002873 -0.000498
10.910571 0.001983 0.002871 -0.000499
10.912554 0.001983 0.002870 -0.000500
10.914537 0.001983 0.002869 -0.000501
10.916519 0.001983 0.002868 -0.000503
10.918502 0.001983 0.002867 -0.000504
10.920484 0.001982 0.002866 -0.000505
10.922466 0.001982 0.002865 -0.000506
10.924449 0.001982 0.002864 -0.000507
10.926431 0.001982 0.002863 -0.000508
10.928413 0.001982 0.002861 -0.000509
10.930395 0.001982 0.002860 -0.000510
10.932376 0.001982 0.002859 -0.000511
10.934358 0.001982 0.002858 -0.000513
10.936340 0.001982 0.002857 -0.000514
10.938321 0.001982 0.002856 -0.000515
10.940303 0.001981 0.002855 -0.000516
10.942284 0.001981 0.002854 -0.000517
10.944265 0.001981 0.002853 -0.000518
10.946247 0.001981 0.002851 -0.000519
10.948228 0.001981 0.002850 -0.000520
10.950209 0.001981 0.002849 -0.000521
10.952189 0.001981 0.002848 -0.000523
10.954170 0.001981 0.002847 -0.000524
10.956151 0.001981 0.002846 -0.000525
10.958131 0.001981 0.002845 -0.000526
10.960112 0.001980 0.002844 -0.000527
10.962092 0.001980 0.002843 -0.000528
10.964072 0.001980 0.002841 -0.000529
10.966053 0.001980 0.002840 -0.000530
10.968033 0.001980 0.002839 -0.000532
10.970013 0.001980 0.002838 -0.000533
10.971993 0.001980 0.002837 -0.000534
10.973972 0.001980 0.002836 -0.000535
10.975952 0.001980 0.002835 -0.000536
10.977932 0.001980 0.002834 -0.000537
10.979911 0.001980 0.002832 -0.000538
10.981891 0.001979 0.002831 -0.000539
10.983870 0.001979 0.002830 -0.000540
10.985849 0.001979 0.002829 -0.000542
10.987829 0.001979 0.002828 -0.000543
10.989808 0.001979 0.002827 -0.000544
10.991787 0.001979 0.002826 -0.000545
10.993765 0.001979 0.002825 -0.000546
10.995744 0.001979 0.002823 -0.000547
10.997723 0.001979 0.002822 -0.000548
10.999702 0.001979 0.002821 -0.000550
11.001680 0.001979 0.002820 -0.000551
11.003658 0.001978 0.002819 -0.000552
11.005637 0.001978 0.002818 -0.000553
11.007615 0.001978 0.002817 -0.000554
11.009593 0.001978 0.002815 -0.000555
11.011571 0.001978 0.002814 -0.000556
11.013549 0.001978 0.002813 -0.000558
11.015527 0.001978 0.002812 -0.000559
11.017505 0.001978 0.002811 -0.000560
11.019483 0.001978 0.002810 -0.000561
11.021460 0.001978 0.002809 -0.000562
11.023438 0.001978 0.002807 -0.000563
11.025415 0.001977 0.002806 -0.000564
11.027392 0.001977 0.002805 -0.000566
11.029370 0.001977 0.002804 -0.000567
11.031347 0.001977 0.002803 -0.000568
11.033324 0.001977 0.002802 -0.000569
11.035301 0.001977 0.002800 -0.000570
11.037278 0.001977 0.002799 -0.000571
11.039255 0.001977 0.002798 -0.000573
11.041231 0.001977 0.002797 -0.000574
11.043208 0.001977 0.002796 -0.000575
11.045184 0.001977 0.002795 -0.000576
11.047161 0.001976 0.002793 -0.000577
11.049137 0.001976 0.002792 -0.000578
11.051113 0.001976 0.002791 -0.000580
11.053090 0.001976 0.002790 -0.000581
11.055066 0.001976 0.002789 -0.000582
11.057042 0.001976 0.002787 -0.000583
11.059018 0.001976 0.002786 -0.000584
11.060993 0.001976 0.002785 -0.000586
11.062969 0.001976 0.002784 -0.000587
11.064945 0.001976 0.002783 -0.000588
11.066920 0.001976 0.002782 -0.000589
11.068896 0.001975 0.002780 -0.000590
11.070871 0.001975 0.002779 -0.000592
11.072847 0.001975 0.002778 -0.000593
11.074822 0.001975 0.002777 -0.000594
11.076797 0.001975 0.002776 -0.000595
11.078772 0.001975 0.002774 -0.000596
11.080747 0.001975 0.002773 -0.000598
11.082722 0.001975 0.002772 -0.000599
11.084697 0.001975 0.002771 -0.000600
11.086671 0.001975 0.002769 -0.000601
11.088646 0.001975 0.002768 -0.000602
11.090621 0.001975 0.002767 -0.000604
11.092595 0.001974 0.002766 -0.000605
11.094570 0.001974 0.002765 -0.000606
11.096544 0.001974 0.002763 -0.000607
11.098518 0.001974 0.002762 -0.000609
11.100492 0.001974 0.002761 -0.000610
11.102466 0.001974 0.002760 -0.000611
11.104440 0.001974 0.002758 -0.000612
11.106414 0.001974 0.002757 -0.000613
11.108388 0.001974 0.002756 -0.000615
11.110362 0.001974 0.002755 -0.000616
11.112335 0.001974 0.002754 -0.000617
11.114309 0.001974 0.002752 -0.000618
11.116282 0.001973 0.002751 -0.000620
11.118256 0.001973 0.002750 -0.000621
11.120229 0.001973 0.002749 -0.000622
11.122202 0.001973 0.002747 -0.000623
11.124175 0.001973 0.002746 -0.000625
11.126148 0.001973 0.002745 -0.000626
11.128121 0.001973 0.002744 -0.000627
11.130094 0.001973 0.002742 -0.000628
11.132067 0.001973 0.002741 -0.000630
11.134040 0.001973 0.002740 -0.000631
11.136012 0.001973 0.002739 -0.000632
11.137985 0.001973 0.002737 -0.000633
11.139958 0.001973 0.002736 -0.000635
11.141930 0.001972 0.002735 -0.000636
11.143902 0.001972 0.002734 -0.000637
11.145875 0.001972 0.002732 -0.000638
11.147847 0.001972 0.002731 -0.000640
11.149819 0.001972 0.002730 -0.000641
11.151791 0.001972 0.002728 -0.000642
11.153763 0.001972 0.002727 -0.000644
11.155735 0.001972 0.002726 -0.000645
11.157706 0.001972 0.002725 -0.000646
11.159678 0.001972 0.002723 -0.000647
11.161650 0.001972 0.002722 -0.000649
11.163621 0.001972 0.002721 -0.000650
11.165593 0.001971 0.002719 -0.000651
11.167564 0.001971 0.002718 -0.000653
11.169536 0.001971 0.002717 -0.000654
11.171507 0.001971 0.002716 -0.000655
11.173478 0.001971 0.002714 -0.000656
11.175449 0.001971 0.002713 -0.000658
11.177420 0.001971 0.002712 -0.000659
11.179391 0.001971 0.002710 -0.000660
11.181362 0.001971 0.002709 -0.000662
11.183333 0.001971 0.002708 -0.000663
11.185304 0.001971 0.002706 -0.000664
11.187274 0.001971 0.002705 -0.000666
11.189245 0.001971 0.002704 -0.000667
11.191215 0.001970 0.002703 -0.000668
11.193186 0.001970 0.002701 -0.000669
11.195156 0.001970 0.002700 -0.000671
11.197126 0.001970 0.002699 -0.000672
11.199096 0.001970 0.002697 -0.000673
11.201067 0.001970 0.002696 -0.000675
11.203037 0.001970 0.002695 -0.000676
11.205007 0.001970 0.002693 -0.000677
11.206977 0.001970 0.002692 -0.000679
11.208946 0.001970 0.002691 -0.000680
11.210916 0.001970 0.002689 -0.000681
11.212886 0.001970 0.002688 -0.000683
11.214855 0.001970 0.002687 -0.000684
11.216825 0.001970 0.002685 -0.000685
11.218794 0.001969 0.002684 -0.000687
11.220764 0.001969 0.002683 -0.000688
11.222733 0.001969 0.002681 -0.000689
11.224702 0.001969 0.002680 -0.000691
11.226672 0.001969 0.002679 -0.000692
11.228641 0.001969 0.002677 -0.000693
11.230610 0.001969 0.002676 -0.000695
11.232579 0.001969 0.002674 -0.000696
11.234548 0.001969 0.002673 -0.000698
11.236516 0.001969 0.002672 -0.000699
11.238485 0.001969 0.002670 -0.000700
11.240454 0.001969 0.002669 -0.000702
11.242422 0.001969 0.002668 -0.000703
11.244391 0.001969 0.002666 -0.000704
11.246359 0.001968 0.002665 -0.000706
11.248328 0.001968 0.002664 -0.000707
11.250296 0.001968 0.002662 -0.000709
11.252264 0.001968 0.002661 -0.000710
11.254233 0.001968 0.002659 -0.000711
11.256201 0.001968 0.002658 -0.000713
11.258169 0.001968 0.002657 -0.000714
11.260137 0.001968 0.002655 -0.000715
11.262105 0.001968 0.002654 -0.000717
11.264072 0.001968 0.002652 -0.000718
11.266040 0.001968 0.002651 -0.000720
11.268008 0.001968 0.002650 -0.000721
11.269976 0.001968 0.002648 -0.000723
11.271943 0.001968 0.002647 -0.000724
11.273911 0.001968 0.002645 -0.000725
11.275878 0.001967 0.002644 -0.000727
11.277846 0.001967 0.002643 -0.000728
11.279813 0.001967 0.002641 -0.000730
11.281780 0.001967 0.002640 -0.000731
11.283747 0.001967 0.002638 -0.000732
11.285714 0.001967 0.002637 -0.000734
11.287681 0.001967 0.002635 -0.000735
11.289648 0.001967 0.002634 -0.000737
11.291615 0.001967 0.002633 -0.000738
11.293582 0.001967 0.002631 -0.000740
11.295549 0.001967 0.002630 -0.000741
11.297516 0.001967 0.002628 -0.000742
11.299482 0.001967 0.002627 -0.000744
11.301449 0.001967 0.002625 -0.000745
11.303415 0.001967 0.002624 -0.000747
11.305382 0.001966 0.002622 -0.000748
11.307348 0.001966 0.002621 -0.000750
11.309315 0.001966 0.002620 -0.000751
11.311281 0.001966 0.002618 -0.000753
11.313247 0.001966 0.002617 -0.000754
11.315213 0.001966 0.002615 -0.000756
11.317179 0.001966 0.002614 -0.000757
11.319145 0.001966 0.002612 -0.000759
11.321111 0.001966 0.002611 -0.000760
11.323077 0.001966 0.002609 -0.000761
11.325043 0.001966 0.002608 -0.000763
11.327009 0.001966 0.002606 -0.000764
11.328974 0.001966 0.002605 -0.000766
11.330940 0.001966 0.002603 -0.000767
11.332906 0.001966 0.002602 -0.000769
11.334871 0.001966 0.002600 -0.000770
11.336837 0.001965 0.002599 -0.000772
11.338802 0.001965 0.002597 -0.000773
11.340767 0.001965 0.002596 -0.000775
11.342733 0.001965 0.002594 -0.000776
11.344698 0.001965 0.002593 -0.000778
11.346663 0.001965 0.002591 -0.000779
11.348628 0.001965 0.002590 -0.000781
11.350593 0.001965 0.002588 -0.000782
11.352558 0.001965 0.002587 -0.000784
11.354523 0.001965 0.002585 -0.000786
11.356488 0.001965 0.002584 -0.000787
11.358453 0.001965 0.002582 -0.000789
11.360417 0.001965 0.002581 -0.000790
11.362382 0.001965 0.002579 -0.000792
11.364347 0.001965 0.002578 -0.000793
11.366311 0.001965 0.002576 -0.000795
11.368276 0.001964 0.002574 -0.000796
11.370240 0.001964 0.002573 -0.000798
11.372205 0.001964 0.002571 -0.000799
11.374169 0.001964 0.002570 -0.000801
11.376133 0.001964 0.002568 -0.000802
11.378097 0.001964 0.002567 -0.000804
11.380061 0.001964 0.002565 -0.000806
11.382026 0.001964 0.002564 -0.000807
11.383990 0.001964 0.002562 -0.000809
11.385954 0.001964 0.002560 -0.000810
11.387918 0.001964 0.002559 -0.000812
11.389881 0.001964 0.002557 -0.000813
11.391845 0.001964 0.002556 -0.000815
11.393809 0.001964 0.002554 -0.000817
11.395773 0.001964 0.002553 -0.000818
11.397736 0.001964 0.002551 -0.000820
11.399700 0.001964 0.002549 -0.000821
11.401663 0.001964 0.002548 -0.000823
11.403627 0.001963 0.002546 -0.000824
11.405590 0.001963 0.002545 -0.000826
11.407554 0.001963 0.002543 -0.000828
11.409517 0.001963 0.002541 -0.000829
11.411480 0.001963 0.002540 -0.000831
11.413443 0.001963 0.002538 -0.000832
11.415407 0.001963 0.002537 -0.000834
11.417370 0.001963 0.002535 -0.000836
11.419333 0.001963 0.002533 -0.000837
11.421296 0.001963 0.002532 -0.000839
11.423259 0.001963 0.002530 -0.000840
11.425222 0.001963 0.002529 -0.000842
11.427184 0.001963 0.002527 -0.000844
11.429147 0.001963 0.002525 -0.000845
11.431110 0.001963 0.002524 -0.000847
11.433073 0.001963 0.002522 -0.000849
11.435035 0.001963 0.002521 -0.000850
11.436998 0.001963 0.002519 -0.000852
11.438960 0.001963 0.002517 -0.000853
11.440923 0.001962 0.002516 -0.000855
11.442885 0.001962 0.002514 -0.000857
11.444848 0.001962 0.002512 -0.000858
11.446810 0.001962 0.002511 -0.000860
11.448772 0.001962 0.002509 -0.000862
11.450734 0.001962 0.002507 -0.000863
11.452696 0.001962 0.002506 -0.000865
11.454659 0.001962 0.002504 -0.000867
11.456621 0.001962 0.002502 -0.000868
11.458583 0.001962 0.002501 -0.000870
11.460545 0.001962 0.002499 -0.000872
11.462507 0.001962 0.002497 -0.000873
11.464468 0.001962 0.002496 -0.000875
11.466430 0.001962 0.002494 -0.000877
11.468392 0.001962 0.002492 -0.000878
11.470354 0.001962 0.002491 -0.000880
11.472315 0.001962 0.002489 -0.000882
11.474277 0.001962 0.002487 -0.000883
11.476238 0.001962 0.002486 -0.000885
11.478200 0.001962 0.002484 -0.000887
11.480161 0.001961 0.002482 -0.000888
11.482123 0.001961 0.002481 -0.000890
11.484084 0.001961 0.002479 -0.000892
11.486046 0.001961 0.002477 -0.000894
11.488007 0.001961 0.002475 -0.000895
11.489968 0.001961 0.002474 -0.000897
11.491929 0.001961 0.002472 -0.000899
11.493890 0.001961 0.002470 -0.000900
11.495851 0.001961 0.002469 -0.000902
11.497813 0.001961 0.002467 -0.000904
11.499773 0.001961 0.002465 -0.000906
11.501734 0.001961 0.002463 -0.000907
11.503695 0.001961 0.002462 -0.000909
11.505656 0.001961 0.002460 -0.000911
11.507617 0.001961 0.002458 -0.000913
11.509578 0.001961 0.002456 -0.000914
11.511538 0.001961 0.002455 -0.000916
11.513499 0.001961 0.002453 -0.000918
11.515460 0.001961 0.002451 -0.000920
11.517420 0.001961 0.002449 -0.000921
11.519381 0.001961 0.002448 -0.000923
11.521341 0.001960 0.002446 -0.000925
11.523302 0.001960 0.002444 -0.000927
11.525262 0.001960 0.002442 -0.000929
11.527222 0.001960 0.002440 -0.000930
11.529183 0.001960 0.002439 -0.000932
11.531143 0.001960 0.002437 -0.000934
11.533103 0.001960 0.002435 -0.000936
11.535063 0.001960 0.002433 -0.000938
11.537024 0.001960 0.002431 -0.000939
11.538984 0.001960 0.002430 -0.000941
11.540944 0.001960 0.002428 -0.000943
11.542904 0.001960 0.002426 -0.000945
11.544864 0.001960 0.002424 -0.000947
11.546824 0.001960 0.002422 -0.000948
11.548784 0.001960 0.002420 -0.000950
11.550743 0.001960 0.002419 -0.000952
11.552703 0.001960 0.002417 -0.000954
11.554663 0.001960 0.002415 -0.000956
11.556623 0.001960 0.002413 -0.000958
11.558582 0.001960 0.002411 -0.000960
11.560542 0.001960 0.002409 -0.000961
11.562501 0.001960 0.002407 -0.000963
11.564461 0.001960 0.002406 -0.000965
11.566420 0.001959 0.002404 -0.000967
11.568380 0.001959 0.002402 -0.000969
11.570339 0.001959 0.002400 -0.000971
11.572299 0.001959 0.002398 -0.000973
11.574258 0.001959 0.002396 -0.000975
11.576217 0.001959 0.002394 -0.000977
11.578177 0.001959 0.002392 -0.000978
11.580136 0.001959 0.002390 -0.000980
11.582095 0.001959 0.002388 -0.000982
11.584054 0.001959 0.002387 -0.000984
11.586013 0.001959 0.002385 -0.000986
11.587972 0.001959 0.002383 -0.000988
11.589931 0.001959 0.002381 -0.000990
11.591890 0.001959 0.002379 -0.000992
11.593849 0.001959 0.002377 -0.000994
11.595808 0.001959 0.002375 -0.000996
11.597767 0.001959 0.002373 -0.000998
11.599726 0.001959 0.002371 -0.001000
11.601685 0.001959 0.002369 -0.001002
11.603643 0.001959 0.002367 -0.001004
11.605602 0.001959 0.002365 -0.001006
11.607561 0.001959 0.002363 -0.001008
11.609519 0.001959 0.002361 -0.001010
11.611478 0.001959 0.002359 -0.001012
11.613437 0.001959 0.002357 -0.001014
11.615395 0.001959 0.002355 -0.001016
11.617354 0.001958 0.002353 -0.001018
11.619312 0.001958 0.002351 -0.001020
11.621270 0.001958 0.002349 -0.001022
11.623229 0.001958 0.002347 -0.001024
11.625187 0.001958 0.002345 -0.001026
11.627145 0.001958 0.002343 -0.001028
11.629104 0.001958 0.002341 -0.001030
11.631062 0.001958 0.002339 -0.001032
11.633020 0.001958 0.002337 -0.001034
11.634978 0.001958 0.002335 -0.001036
11.636936 0.001958 0.002333 -0.001038
11.638895 0.001958 0.002331 -0.001040
11.640853 0.001958 0.002329 -0.001042
11.642811 0.001958 0.002327 -0.001044
11.644769 0.001958 0.002325 -0.001046
11.646727 0.001958 0.002323 -0.001048
11.648684 0.001958 0.002321 -0.001050
11.650642 0.001958 0.002319 -0.001052
11.652600 0.001958 0.002317 -0.001054
11.654558 0.001958 0.002314 -0.001056
11.656516 0.001958 0.002312 -0.001058
11.658474 0.001958 0.002310 -0.001060
11.660431 0.001958 0.002308 -0.001063
11.662389 0.001958 0.002306 -0.001065
11.664347 0.001958 0.002304 -0.001067
11.666304 0.001958 0.002302 -0.001069
11.668262 0.001958 0.002300 -0.001071
11.670219 0.001958 0.002298 -0.001073
11.672177 0.001958 0.002296 -0.001075
11.674134 0.001957 0.002293 -0.001077
11.676092 0.001957 0.002291 -0.001079
11.678049 0.001957 0.002289 -0.001082
11.680006 0.001957 0.002287 -0.001084
11.681964 0.001957 0.002285 -0.001086
11.683921 0.001957 0.002283 -0.001088
11.685878 0.001957 0.002281 -0.001090
11.687836 0.001957 0.002278 -0.001092
11.689793 0.001957 0.002276 -0.001094
11.691750 0.001957 0.002274 -0.001097
11.693707 0.001957 0.002272 -0.001099
11.695664 0.001957 0.002270 -0.001101
11.697621 0.001957 0.002268 -0.001103
11.699578 0.001957 0.002265 -0.001105
11.701535 0.001957 0.002263 -0.001108
11.703492 0.001957 0.002261 -0.001110
11.705449 0.001957 0.002259 -0.001112
11.707406 0.001957 0.002257 -0.001114
11.709363 0.001957 0.002254 -0.001116
11.711320 0.001957 0.002252 -0.001119
11.713277 0.001957 0.002250 -0.001121
11.715234 0.001957 0.002248 -0.001123
11.717190 0.001957 0.002246 -0.001125
11.719147 0.001957 0.002243 -0.001127
11.721104 0.001957 0.002241 -0.001130
11.723060 0.001957 0.002239 -0.001132
11.725017 0.001957 0.002237 -0.001134
11.726974 0.001957 0.002234 -0.001136
11.728930 0.001957 0.002232 -0.001139
11.730887 0.001957 0.002230 -0.001141
11.732843 0.001957 0.002228 -0.001143
11.734800 0.001957 0.002225 -0.001145
11.736756 0.001956 0.002223 -0.001148
11.738713 0.001956 0.002221 -0.001150
11.740669 0.001956 0.002219 -0.001152
11.742626 0.001956 0.002216 -0.001154
11.744582 0.001956 0.002214 -0.001157
11.746538 0.001956 0.002212 -0.001159
11.748495 0.001956 0.002210 -0.001161
11.750451 0.001956 0.002207 -0.001163
11.752407 0.001956 0.002205 -0.001166
11.754363 0.001956 0.002203 -0.001168
11.756320 0.001956 0.002200 -0.001170
11.758276 0.001956 0.002198 -0.001173
11.760232 0.001956 0.002196 -0.001175
11.762188 0.001956 0.002194 -0.001177
11.764144 0.001956 0.002191 -0.001179
11.766100 0.001956 0.002189 -0.001182
11.768056 0.001956 0.002187 -0.001184
11.770012 0.001956 0.002184 -0.001186
11.771968 0.001956 0.002182 -0.001189
11.773924 0.001956 0.002180 -0.001191
11.775880 0.001956 0.002177 -0.001193
11.777836 0.001956 0.002175 -0.001196
11.779792 0.001956 0.002173 -0.001198
11.781748 0.001956 0.002170 -0.001200
11.783704 0.001956 0.002168 -0.001203
11.785659 0.001956 0.002166 -0.001205
11.787615 0.001956 0.002163 -0.001207
11.789571 0.001956 0.002161 -0.001210
11.791527 0.001956 0.002159 -0.001212
11.793482 0.001956 0.002156 -0.001214
11.795438 0.001956 0.002154 -0.001217
11.797394 0.001956 0.002152 -0.001219
11.799349 0.001956 0.002149 -0.001221
11.801305 0.001956 0.002147 -0.001224
11.803261 0.001956 0.002145 -0.001226
11.805216 0.001956 0.002142 -0.001228
11.807172 0.001956 0.002140 -0.001231
11.809127 0.001956 0.002138 -0.001233
11.811083 0.001955 0.002135 -0.001235
11.813038 0.001955 0.002133 -0.001238
11.814994 0.001955 0.002131 -0.001240
11.816949 0.001955 0.002128 -0.001243
11.818904 0.001955 0.002126 -0.001245
11.820860 0.001955 0.002123 -0.001247
11.822815 0.001955 0.002121 -0.001250
11.824770 0.001955 0.002119 -0.001252
11.826726 0.001955 0.002116 -0.001254
11.828681 0.001955 0.002114 -0.001257
11.830636 0.001955 0.002111 -0.001259
11.832592 0.001955 0.002109 -0.001262
11.834547 0.001955 0.002107 -0.001264
11.836502 0.001955 0.002104 -0.001266
11.838457 0.001955 0.002102 -0.001269
11.840412 0.001955 0.002099 -0.001271
11.842368 0.001955 0.002097 -0.001274
11.844323 0.001955 0.002095 -0.001276
11.846278 0.001955 0.002092 -0.001279
11.848233 0.001955 0.002090 -0.001281
11.850188 0.001955 0.002087 -0.001283
11.852143 0.001955 0.002085 -0.001286
11.854098 0.001955 0.002082 -0.001288
11.856053 0.001955 0.002080 -0.001291
11.858008 0.001955 0.002078 -0.001293
11.859963 0.001955 0.002075 -0.001296
11.861918 0.001955 0.002073 -0.001298
11.863873 0.001955 0.002070 -0.001300
11.865828 0.001955 0.002068 -0.001303
11.867783 0.001955 0.002065 -0.001305
11.869737 0.001955 0.002063 -0.001308
11.871692 0.001955 0.002061 -0.001310
11.873647 0.001955 0.002058 -0.001313
11.875602 0.001955 0.002056 -0.001315
11.877557 0.001955 0.002053 -0.001318
11.879511 0.001955 0.002051 -0.001320
11.881466 0.001955 0.002048 -0.001322
11.883421 0.001955 0.002046 -0.001325
11.885376 0.001955 0.002043 -0.001327
11.887330 0.001955 0.002041 -0.001330
11.889285 0.001955 0.002038 -0.001332
11.891240 0.001955 0.002036 -0.001335
11.893194 0.001955 0.002033 -0.001337
11.895149 0.001955 0.002031 -0.001340
11.897104 0.001955 0.002029 -0.001342
11.899058 0.001955 0.002026 -0.001345
11.901013 0.001955 0.002024 -0.001347
11.902968 0.001955 0.002021 -0.001350
11.904922 0.001955 0.002019 -0.001352
11.906877 0.001955 0.002016 -0.001355
11.908831 0.001955 0.002014 -0.001357
11.910786 0.001955 0.002011 -0.001360
11.912740 0.001954 0.002009 -0.001362
11.914695 0.001954 0.002006 -0.001364
11.916649 0.001954 0.002004 -0.001367
11.918604 0.001954 0.002001 -0.001369
11.920558 0.001954 0.001999 -0.001372
11.922512 0.001954 0.001996 -0.001374
11.924467 0.001954 0.001994 -0.001377
11.926421 0.001954 0.001991 -0.001379
11.928376 0.001954 0.001989 -0.001382
11.930330 0.001954 0.001986 -0.001384
11.932284 0.001954 0.001984 -0.001387
11.934239 0.001954 0.001981 -0.001389
11.936193 0.001954 0.001979 -0.001392
11.938147 0.001954 0.001976 -0.001394
11.940102 0.001954 0.001974 -0.001397
11.942056 0.001954 0.001971 -0.001399
11.944010 0.001954 0.001969 -0.001402
11.945964 0.001954 0.001966 -0.001404
11.947919 0.001954 0.001964 -0.001407
11.949873 0.001954 0.001961 -0.001409
11.951827 0.001954 0.001959 -0.001412
11.953781 0.001954 0.001956 -0.001414
11.955735 0.001954 0.001954 -0.001417
11.957690 0.001954 0.001951 -0.001419
11.959644 0.001954 0.001949 -0.001422
11.961598 0.001954 0.001946 -0.001424
11.963552 0.001954 0.001944 -0.001427
11.965506 0.001954 0.001941 -0.001429
11.967460 0.001954 0.001939 -0.001432
11.969414 0.001954 0.001936 -0.001434
11.971369 0.001954 0.001934 -0.001437
11.973323 0.001954 0.001931 -0.001439
11.975277 0.001954 0.001929 -0.001442
11.977231 0.001954 0.001926 -0.001444
11.979185 0.001954 0.001924 -0.001447
11.981139 0.001954 0.001921 -0.001449
11.983093 0.001954 0.001919 -0.001452
11.985047 0.001954 0.001916 -0.001454
11.987001 0.001954 0.001914 -0.001457
11.988955 0.001954 0.001911 -0.001459
11.990909 0.001954 0.001909 -0.001462
11.992863 0.001954 0.001906 -0.001464
11.994817 0.001954 0.001904 -0.001467
11.996771 0.001954 0.001901 -0.001469
11.998725 0.001954 0.001899 -0.001472
12.000679 0.001954 0.001896 -0.001474
12.002633 0.001954 0.001894 -0.001477
12.004587 0.001954 0.001891 -0.001479
12.006541 0.001954 0.001889 -0.001482
12.008495 0.001954 0.001886 -0.001484
12.010448 0.001954 0.001884 -0.001487
12.012402 0.001954 0.001881 -0.001490
12.014356 0.001954 0.001879 -0.001492
12.016310 0.001954 0.001876 -0.001495
12.018264 0.001954 0.001874 -0.001497
12.020218 0.001954 0.001871 -0.001500
12.022172 0.001954 0.001869 -0.001502
12.024126 0.001954 0.001866 -0.001505
12.026079 0.001954 0.001864 -0.001507
12.028033 0.001954 0.001861 -0.001510
12.029987 0.001954 0.001858 -0.001512
12.031941 0.001954 0.001856 -0.001515
12.033895 0.001954 0.001853 -0.001517
12.035849 0.001954 0.001851 -0.001520
12.037802 0.001954 0.001848 -0.001522
12.039756 0.001954 0.001846 -0.001525
12.041710 0.001954 0.001843 -0.001527
12.043664 0.001954 0.001841 -0.001530
12.045618 0.001954 0.001838 -0.001532
12.047571 0.001954 0.001836 -0.001535
12.049525 0.001954 0.001833 -0.001538
12.051479 0.001954 0.001831 -0.001540
12.053433 0.001954 0.001828 -0.001543
12.055386 0.001954 0.001826 -0.001545
12.057340 0.001954 0.001823 -0.001548
12.059294 0.001954 0.001821 -0.001550
12.061248 0.001954 0.001818 -0.001553
12.063201 0.001954 0.001815 -0.001555
12.065155 0.001954 0.001813 -0.001558
12.067109 0.001954 0.001810 -0.001560
12.069063 0.001954 0.001808 -0.001563
12.071016 0.001954 0.001805 -0.001565
12.072970 0.001954 0.001803 -0.001568
12.074924 0.001954 0.001800 -0.001570
12.076878 0.001954 0.001798 -0.001573
12.078831 0.001954 0.001795 -0.001575
12.080785 0.001954 0.001793 -0.001578
12.082739 0.001954 0.001790 -0.001581
12.084692 0.001954 0.001788 -0.001583
12.086646 0.001954 0.001785 -0.001586
12.088600 0.001954 0.001783 -0.001588
12.090554 0.001954 0.001780 -0.001591
12.092507 0.001954 0.001777 -0.001593
12.094461 0.001954 0.001775 -0.001596
12.096415 0.001954 0.001772 -0.001598
12.098368 0.001954 0.001770 -0.001601
12.100322 0.001954 0.001767 -0.001603
12.102276 0.001954 0.001765 -0.001606
12.104230 0.001954 0.001762 -0.001608
12.106183 0.001954 0.001760 -0.001611
12.108137 0.001954 0.001757 -0.001614
12.110091 0.001954 0.001755 -0.001616
12.112044 0.001954 0.001752 -0.001619
12.113998 0.001954 0.001749 -0.001621
12.115952 0.001954 0.001747 -0.001624
12.117905 0.001954 0.001744 -0.001626
12.119859 0.001954 0.001742 -0.001629
12.121813 0.001954 0.001739 -0.001631
12.123767 0.001954 0.001737 -0.001634
12.125720 0.001954 0.001734 -0.001636
12.127674 0.001954 0.001732 -0.001639
12.129628 0.001954 0.001729 -0.001642
12.131581 0.001954 0.001727 -0.001644
12.133535 0.001954 0.001724 -0.001647
12.135489 0.001954 0.001721 -0.001649
12.137443 0.001954 0.001719 -0.001652
12.139396 0.001954 0.001716 -0.001654
12.141350 0.001954 0.001714 -0.001657
12.143304 0.001954 0.001711 -0.001659
12.145258 0.001954 0.001709 -0.001662
12.147211 0.001954 0.001706 -0.001665
12.149165 0.001954 0.001704 -0.001667
12.151119 0.001954 0.001701 -0.001670
12.153072 0.001954 0.001698 -0.001672
12.155026 0.001954 0.001696 -0.001675
12.156980 0.001954 0.001693 -0.001677
12.158934 0.001954 0.001691 -0.001680
12.160887 0.001954 0.001688 -0.001683
12.162841 0.001954 0.001686 -0.001685
12.164795 0.001954 0.001683 -0.001688
12.166749 0.001954 0.001680 -0.001690
12.168703 0.001954 0.001678 -0.001693
12.170656 0.001954 0.001675 -0.001695
12.172610 0.001954 0.001673 -0.001698
12.174564 0.001954 0.001670 -0.001701
12.176518 0.001954 0.001667 -0.001703
12.178472 0.001954 0.001665 -0.001706
12.180425 0.001954 0.001662 -0.001708
12.182379 0.001954 0.001660 -0.001711
12.184333 0.001954 0.001657 -0.001714
12.186287 0.001954 0.001654 -0.001716
12.188241 0.001954 0.001652 -0.001719
12.190195 0.001954 0.001649 -0.001721
12.192148 0.001954 0.001647 -0.001724
12.194102 0.001954 0.001644 -0.001727
12.196056 0.001954 0.001641 -0.001729
12.198010 0.001954 0.001639 -0.001732
12.199964 0.001954 0.001636 -0.001735
12.201918 0.001954 0.001633 -0.001737
12.203872 0.001954 0.001631 -0.001740
12.205826 0.001954 0.001628 -0.001743
12.207780 0.001954 0.001625 -0.001745
12.209733 0.001954 0.001623 -0.001748
12.211687 0.001954 0.001620 -0.001751
12.213641 0.001954 0.001618 -0.001753
12.215595 0.001954 0.001615 -0.001756
12.217549 0.001954 0.001612 -0.001759
12.219503 0.001954 0.001610 -0.001761
12.221457 0.001954 0.001607 -0.001764
12.223411 0.001954 0.001604 -0.001767
12.225365 0.001954 0.001602 -0.001769
12.227319 0.001954 0.001599 -0.001772
12.229273 0.001954 0.001596 -0.001775
12.231227 0.001954 0.001594 -0.001777
12.233181 0.001954 0.001591 -0.001780
12.235135 0.001954 0.001588 -0.001783
12.237089 0.001954 0.001585 -0.001785
12.239044 0.001954 0.001583 -0.001788
12.240998 0.001954 0.001580 -0.001791
12.242952 0.001954 0.001577 -0.001793
12.244906 0.001954 0.001575 -0.001796
12.246860 0.001954 0.001572 -0.001799
12.248814 0.001954 0.001569 -0.001801
12.250768 0.001954 0.001567 -0.001804
12.252722 0.001954 0.001564 -0.001807
12.254677 0.001954 0.001561 -0.001809
12.256631 0.001954 0.001559 -0.001812
12.258585 0.001954 0.001556 -0.001815
12.260539 0.001954 0.001553 -0.001818
12.262493 0.001954 0.001550 -0.001820
12.264448 0.001954 0.001548 -0.001823
12.266402 0.001954 0.001545 -0.001826
12.268356 0.001954 0.001542 -0.001828
12.270310 0.001954 0.001540 -0.001831
12.272265 0.001954 0.001537 -0.001834
12.274219 0.001954 0.001534 -0.001837
12.276173 0.001954 0.001531 -0.001839
12.278128 0.001954 0.001529 -0.001842
12.280082 0.001954 0.001526 -0.001845
12.282036 0.001954 0.001523 -0.001847
12.283991 0.001954 0.001521 -0.001850
12.285945 0.001954 0.001518 -0.001853
12.287900 0.001954 0.001515 -0.001856
12.289854 0.001954 0.001512 -0.001858
12.291808 0.001954 0.001510 -0.001861
12.293763 0.001954 0.001507 -0.001864
12.295717 0.001954 0.001504 -0.001867
12.297672 0.001954 0.001501 -0.001869
12.299626 0.001955 0.001499 -0.001872
12.301581 0.001955 0.001496 -0.001875
12.303535 0.001955 0.001493 -0.001877
12.305490 0.001955 0.001491 -0.001880
12.307445 0.001955 0.001488 -0.001883
12.309399 0.001955 0.001485 -0.001886
12.311354 0.001955 0.001482 -0.001888
12.313308 0.001955 0.001480 -0.001891
12.315263 0.001955 0.001477 -0.001894
12.317218 0.001955 0.001474 -0.001897
12.319172 0.001955 0.001471 -0.001899
12.321127 0.001955 0.001469 -0.001902
12.323082 0.001955 0.001466 -0.001905
12.325036 0.001955 0.001463 -0.001908
12.326991 0.001955 0.001460 -0.001910
12.328946 0.001955 0.001458 -0.001913
12.330901 0.001955 0.001455 -0.001916
12.332856 0.001955 0.001452 -0.001918
12.334810 0.001955 0.001449 -0.001921
12.336765 0.001955 0.001447 -0.001924
12.338720 0.001955 0.001444 -0.001927
12.340675 0.001955 0.001441 -0.001929
12.342630 0.001955 0.001439 -0.001932
12.344585 0.001955 0.001436 -0.001935
12.346540 0.001955 0.001433 -0.001938
12.348495 0.001955 0.001430 -0.001940
12.350450 0.001955 0.001428 -0.001943
12.352405 0.001955 0.001425 -0.001946
12.354360 0.001955 0.001422 -0.001949
12.356315 0.001955 0.001419 -0.001951
12.358270 0.001955 0.001417 -0.001954
12.360225 0.001955 0.001414 -0.001957
12.362180 0.001955 0.001411 -0.001959
12.364135 0.001955 0.001409 -0.001962
12.366091 0.001955 0.001406 -0.001965
12.368046 0.001955 0.001403 -0.001968
12.370001 0.001955 0.001400 -0.001970
12.371956 0.001955 0.001398 -0.001973
12.373911 0.001955 0.001395 -0.001976
12.375867 0.001955 0.001392 -0.001979
12.377822 0.001955 0.001389 -0.001981
12.379777 0.001955 0.001387 -0.001984
12.381733 0.001955 0.001384 -0.001987
12.383688 0.001955 0.001381 -0.001989
12.385644 0.001955 0.001379 -0.001992
12.387599 0.001955 0.001376 -0.001995
12.389554 0.001955 0.001373 -0.001998
12.391510 0.001955 0.001370 -0.002000
12.393465 0.001956 0.001368 -0.002003
12.395421 0.001956 0.001365 -0.002006
12.397377 0.001956 0.001362 -0.002008
12.399332 0.001956 0.001360 -0.002011
12.401288 0.001956 0.001357 -0.002014
12.403243 0.001956 0.001354 -0.002017
12.405199 0.001956 0.001351 -0.002019
12.407155 0.001956 0.001349 -0.002022
12.409110 0.001956 0.001346 -0.002025
12.411066 0.001956 0.001343 -0.002027
12.413022 0.001956 0.001341 -0.002030
12.414978 0.001956 0.001338 -0.002033
12.416934 0.001956 0.001335 -0.002035
12.418889 0.001956 0.001333 -0.002038
12.420845 0.001956 0.001330 -0.002041
12.422801 0.001956 0.001327 -0.002044
12.424757 0.001956 0.001324 -0.002046
12.426713 0.001956 0.001322 -0.002049
12.428669 0.001956 0.001319 -0.002052
12.430625 0.001956 0.001316 -0.002054
12.432581 0.001956 0.001314 -0.002057
12.434537 0.001956 0.001311 -0.002060
12.436493 0.001956 0.001308 -0.002062
12.438450 0.001956 0.001306 -0.002065
12.440406 0.001956 0.001303 -0.002068
12.442362 0.001956 0.001300 -0.002070
12.444318 0.001956 0.001298 -0.002073
12.446274 0.001956 0.001295 -0.002076
12.448231 0.001956 0.001292 -0.002078
12.450187 0.001956 0.001290 -0.002081
12.452143 0.001956 0.001287 -0.002084
12.454100 0.001956 0.001284 -0.002086
12.456056 0.001956 0.001282 -0.002089
12.458013 0.001956 0.001279 -0.002092
12.459969 0.001956 0.001276 -0.002094
12.461926 0.001957 0.001274 -0.002097
12.463882 0.001957 0.001271 -0.002099
12.465839 0.001957 0.001269 -0.002102
12.467795 0.001957 0.001266 -0.002105
12.469752 0.001957 0.001263 -0.002107
12.471709 0.001957 0.001261 -0.002110
12.473665 0.001957 0.001258 -0.002113
12.475622 0.001957 0.001255 -0.002115
12.477579 0.001957 0.001253 -0.002118
12.479536 0.001957 0.001250 -0.002121
12.481493 0.001957 0.001248 -0.002123
12.483450 0.001957 0.001245 -0.002126
12.485406 0.001957 0.001242 -0.002128
12.487363 0.001957 0.001240 -0.002131
12.489320 0.001957 0.001237 -0.002134
12.491277 0.001957 0.001235 -0.002136
12.493234 0.001957 0.001232 -0.002139
12.495192 0.001957 0.001229 -0.002141
12.497149 0.001957 0.001227 -0.002144
12.499106 0.001957 0.001224 -0.002147
12.501063 0.001957 0.001222 -0.002149
12.503020 0.001957 0.001219 -0.002152
12.504978 0.001957 0.001216 -0.002154
12.506935 0.001957 0.001214 -0.002157
12.508892 0.001957 0.001211 -0.002160
12.510850 0.001957 0.001209 -0.002162
12.512807 0.001957 0.001206 -0.002165
12.514765 0.001957 0.001203 -0.002167
12.516722 0.001957 0.001201 -0.002170
12.518680 0.001958 0.001198 -0.002172
12.520637 0.001958 0.001196 -0.002175
12.522595 0.001958 0.001193 -0.002177
12.524552 0.001958 0.001191 -0.002180
12.526510 0.001958 0.001188 -0.002183
12.528468 0.001958 0.001186 -0.002185
12.530426 0.001958 0.001183 -0.002188
12.532383 0.001958 0.001180 -0.002190
12.534341 0.001958 0.001178 -0.002193
12.536299 0.001958 0.001175 -0.002195
12.538257 0.001958 0.001173 -0.002198
12.540215 0.001958 0.001170 -0.002200
12.542173 0.001958 0.001168 -0.002203
12.544131 0.001958 0.001165 -0.002205
12.546089 0.001958 0.001163 -0.002208
12.548047 0.001958 0.001160 -0.002210
12.550006 0.001958 0.001158 -0.002213
12.551964 0.001958 0.001155 -0.002215
12.553922 0.001958 0.001153 -0.002218
12.555880 0.001958 0.001150 -0.002220
12.557839 0.001958 0.001148 -0.002223
12.559797 0.001958 0.001145 -0.002225
12.561756 0.001958 0.001143 -0.002228
12.563714 0.001958 0.001140 -0.002230
12.565673 0.001959 0.001138 -0.002233
12.567631 0.001959 0.001135 -0.002235
12.569590 0.001959 0.001133 -0.002238
12.571548 0.001959 0.001130 -0.002240
12.573507 0.001959 0.001128 -0.002243
12.575466 0.001959 0.001125 -0.002245
12.577425 0.001959 0.001123 -0.002248
12.579383 0.001959 0.001120 -0.002250
12.581342 0.001959 0.001118 -0.002253
12.583301 0.001959 0.001116 -0.002255
12.585260 0.001959 0.001113 -0.002258
12.587219 0.001959 0.001111 -0.002260
12.589178 0.001959 0.001108 -0.002263
12.591137 0.001959 0.001106 -0.002265
12.593097 0.001959 0.001103 -0.002267
12.595056 0.001959 0.001101 -0.002270
12.597015 0.001959 0.001099 -0.002272
12.598974 0.001959 0.001096 -0.002275
12.600934 0.001959 0.001094 -0.002277
12.602893 0.001959 0.001091 -0.002279
12.604853 0.001959 0.001089 -0.002282
12.606812 0.001959 0.001087 -0.002284
12.608772 0.001960 0.001084 -0.002287
12.610731 0.001960 0.001082 -0.002289
12.612691 0.001960 0.001079 -0.002291
12.614650 0.001960 0.001077 -0.002294
12.616610 0.001960 0.001075 -0.002296
12.618570 0.001960 0.001072 -0.002298
12.620530 0.001960 0.001070 -0.002301
12.622490 0.001960 0.001068 -0.002303
12.624450 0.001960 0.001065 -0.002305
12.626410 0.001960 0.001063 -0.002308
12.628370 0.001960 0.001061 -0.002310
12.630330 0.001960 0.001058 -0.002312
12.632290 0.001960 0.001056 -0.002315
12.634250 0.001960 0.001054 -0.002317
12.636210 0.001960 0.001051 -0.002319
12.638171 0.001960 0.001049 -0.002322
12.640131 0.001960 0.001047 -0.002324
12.642091 0.001960 0.001045 -0.002326
12.644052 0.001960 0.001042 -0.002328
12.646012 0.001960 0.001040 -0.002331
12.647973 0.001961 0.001038 -0.002333
12.649933 0.001961 0.001035 -0.002335
12.651894 0.001961 0.001033 -0.002338
12.653855 0.001961 0.001031 -0.002340
12.655815 0.001961 0.001029 -0.002342
12.657776 0.001961 0.001026 -0.002344
12.659737 0.001961 0.001024 -0.002347
12.661698 0.001961 0.001022 -0.002349
12.663659 0.001961 0.001019 -0.002351
12.665620 0.001961 0.001017 -0.002354
12.667581 0.001961 0.001015 -0.002356
12.669542 0.001961 0.001013 -0.002358
12.671503 0.001961 0.001010 -0.002360
12.673465 0.001961 0.001008 -0.002363
12.675426 0.001961 0.001006 -0.002365
12.677387 0.001961 0.001004 -0.002367
12.679349 0.001961 0.001001 -0.002369
12.681310 0.001961 0.000999 -0.002372
12.683272 0.001962 0.000997 -0.002374
12.685233 0.001962 0.000995 -0.002376
12.687195 0.001962 0.000992 -0.002378
12.689157 0.001962 0.000990 -0.002381
12.691118 0.001962 0.000988 -0.002383
12.693080 0.001962 0.000985 -0.002385
12.695042 0.001962 0.000983 -0.002388
12.697004 0.001962 0.000981 -0.002390
12.698966 0.001962 0.000979 -0.002392
12.700928 0.001962 0.000976 -0.002394
12.702890 0.001962 0.000974 -0.002397
12.704852 0.001962 0.000972 -0.002399
12.706814 0.001962 0.000970 -0.002401
12.708777 0.001962 0.000967 -0.002403
12.710739 0.001962 0.000965 -0.002406
12.712701 0.001962 0.000963 -0.002408
12.714664 0.001962 0.000961 -0.002410
12.716626 0.001962 0.000958 -0.002412
12.718589 0.001963 0.000956 -0.002415
12.720551 0.001963 0.000954 -0.002417
12.722514 0.001963 0.000952 -0.002419
12.724477 0.001963 0.000949 -0.002421
12.726439 0.001963 0.000947 -0.002424
12.728402 0.001963 0.000945 -0.002426
12.730365 0.001963 0.000943 -0.002428
12.732328 0.001963 0.000940 -0.002430
12.734291 0.001963 0.000938 -0.002433
12.736254 0.001963 0.000936 -0.002435
12.738217 0.001963 0.000934 -0.002437
12.740181 0.001963 0.000931 -0.002439
12.742144 0.001963 0.000929 -0.002442
12.744107 0.001963 0.000927 -0.002444
12.746071 0.001963 0.000925 -0.002446
12.748034 0.001963 0.000922 -0.002448
12.749998 0.001964 0.000920 -0.002450
12.751961 0.001964 0.000918 -0.002453
12.753925 0.001964 0.000916 -0.002455
12.755889 0.001964 0.000914 -0.002457
12.757852 0.001964 0.000911 -0.002459
12.759816 0.001964 0.000909 -0.002462
12.761780 0.001964 0.000907 -0.002464
12.763744 0.001964 0.000905 -0.002466
12.765708 0.001964 0.000903 -0.002468
12.767672 0.001964 0.000900 -0.002470
12.769636 0.001964 0.000898 -0.002473
12.771601 0.001964 0.000896 -0.002475
12.773565 0.001964 0.000894 -0.002477
12.775529 0.001964 0.000892 -0.002479
12.777494 0.001964 0.000889 -0.002481
12.779458 0.001964 0.000887 -0.002484
12.781423 0.001965 0.000885 -0.002486
12.783387 0.001965 0.000883 -0.002488
12.785352 0.001965 0.000881 -0.002490
12.787317 0.001965 0.000878 -0.002492
12.789282 0.001965 0.000876 -0.002494
12.791246 0.001965 0.000874 -0.002497
12.793211 0.001965 0.000872 -0.002499
12.795176 0.001965 0.000870 -0.002501
12.797141 0.001965 0.000868 -0.002503
12.799107 0.001965 0.000865 -0.002505
12.801072 0.001965 0.000863 -0.002507
12.803037 0.001965 0.000861 -0.002510
12.805002 0.001965 0.000859 -0.002512
12.806968 0.001965 0.000857 -0.002514
12.808933 0.001965 0.000855 -0.002516
12.810899 0.001966 0.000853 -0.002518
12.812864 0.001966 0.000850 -0.002520
12.814830 0.001966 0.000848 -0.002522
12.816796 0.001966 0.000846 -0.002525
12.818762 0.001966 0.000844 -0.002527
12.820728 0.001966 0.000842 -0.002529
12.822694 0.001966 0.000840 -0.002531
12.824660 0.001966 0.000838 -0.002533
12.826626 0.001966 0.000835 -0.002535
12.828592 0.001966 0.000833 -0.002537
12.830558 0.001966 0.000831 -0.002539
12.832525 0.001966 0.000829 -0.002542
12.834491 0.001966 0.000827 -0.002544
12.836457 0.001966 0.000825 -0.002546
12.838424 0.001967 0.000823 -0.002548
12.840391 0.001967 0.000821 -0.002550
12.842357 0.001967 0.000819 -0.002552
12.844324 0.001967 0.000817 -0.002554
12.846291 0.001967 0.000814 -0.002556
12.848258 0.001967 0.000812 -0.002558
12.850225 0.001967 0.000810 -0.002560
12.852192 0.001967 0.000808 -0.002562
12.854159 0.001967 0.000806 -0.002565
12.856126 0.001967 0.000804 -0.002567
12.858093 0.001967 0.000802 -0.002569
12.860060 0.001967 0.000800 -0.002571
12.862028 0.001967 0.000798 -0.002573
12.863995 0.001967 0.000796 -0.002575
12.865963 0.001968 0.000794 -0.002577
12.867930 0.001968 0.000792 -0.002579
12.869898 0.001968 0.000790 -0.002581
12.871866 0.001968 0.000788 -0.002583
12.873834 0.001968 0.000786 -0.002585
12.875802 0.001968 0.000784 -0.002587
12.877770 0.001968 0.000782 -0.002589
12.879738 0.001968 0.000780 -0.002591
12.881706 0.001968 0.000778 -0.002593
12.883674 0.001968 0.000776 -0.002595
12.885642 0.001968 0.000774 -0.002597
12.887611 0.001968 0.000772 -0.002599
12.889579 0.001968 0.000770 -0.002601
12.891548 0.001969 0.000768 -0.002603
12.893516 0.001969 0.000766 -0.002605
12.895485 0.001969 0.000764 -0.002607
12.897454 0.001969 0.000762 -0.002609
12.899423 0.001969 0.000760 -0.002611
12.901391 0.001969 0.000758 -0.002613
12.903360 0.001969 0.000756 -0.002615
12.905329 0.001969 0.000754 -0.002617
12.907299 0.001969 0.000752 -0.002618
12.909268 0.001969 0.000750 -0.002620
12.911237 0.001969 0.000748 -0.002622
12.913206 0.001969 0.000746 -0.002624
12.915176 0.001969 0.000745 -0.002626
12.917145 0.001970 0.000743 -0.002628
12.919115 0.001970 0.000741 -0.002630
12.921085 0.001970 0.000739 -0.002632
12.923054 0.001970 0.000737 -0.002634
12.925024 0.001970 0.000735 -0.002636
12.926994 0.001970 0.000733 -0.002637
12.928964 0.001970 0.000731 -0.002639
12.930934 0.001970 0.000729 -0.002641
12.932904 0.001970 0.000728 -0.002643
12.934875 0.001970 0.000726 -0.002645
12.936845 0.001970 0.000724 -0.002647
12.938815 0.001970 0.000722 -0.002649
12.940786 0.001970 0.000720 -0.002650
12.942756 0.001971 0.000718 -0.002652
12.944727 0.001971 0.000717 -0.002654
12.946698 0.001971 0.000715 -0.002656
12.948668 0.001971 0.000713 -0.002658
12.950639 0.001971 0.000711 -0.002660
12.952610 0.001971 0.000709 -0.002661
12.954581 0.001971 0.000708 -0.002663
12.956552 0.001971 0.000706 -0.002665
12.958524 0.001971 0.000704 -0.002667
12.960495 0.001971 0.000702 -0.002668
12.962466 0.001971 0.000700 -0.002670
12.964438 0.001971 0.000699 -0.002672
12.966409 0.001972 0.000697 -0.002674
12.968381 0.001972 0.000695 -0.002676
12.970353 0.001972 0.000693 -0.002677
12.972324 0.001972 0.000692 -0.002679
12.974296 0.001972 0.000690 -0.002681
12.976268 0.001972 0.000688 -0.002683
12.978240 0.001972 0.000686 -0.002684
12.980212 0.001972 0.000685 -0.002686
12.982184 0.001972 0.000683 -0.002688
12.984157 0.001972 0.000681 -0.002689
12.986129 0.001972 0.000680 -0.002691
12.988102 0.001972 0.000678 -0.002693
12.990074 0.001973 0.000676 -0.002695
12.992047 0.001973 0.000674 -0.002696
12.994019 0.001973 0.000673 -0.002698
12.995992 0.001973 0.000671 -0.002700
12.997965 0.001973 0.000669 -0.002701
12.999938 0.001973 0.000668 -0.002703
13.001911 0.001973 0.000666 -0.002705
13.003884 0.001973 0.000664 -0.002706
13.005857 0.001973 0.000663 -0.002708
13.007831 0.001973 0.000661 -0.002710
13.009804 0.001973 0.000659 -0.002711
13.011777 0.001973 0.000658 -0.002713
13.013751 0.001974 0.000656 -0.002715
13.015725 0.001974 0.000654 -0.002716
13.017698 0.001974 0.000653 -0.002718
13.019672 0.001974 0.000651 -0.002720
13.021646 0.001974 0.000650 -0.002721
13.023620 0.001974 0.000648 -0.002723
13.025594 0.001974 0.000646 -0.002724
13.027568 0.001974 0.000645 -0.002726
13.029542 0.001974 0.000643 -0.002728
13.031517 0.001974 0.000642 -0.002729
13.033491 0.001974 0.000640 -0.002731
13.035466 0.001975 0.000638 -0.002732
13.037440 0.001975 0.000637 -0.002734
13.039415 0.001975 0.000635 -0.002736
13.041390 0.001975 0.000634 -0.002737
13.043365 0.001975 0.000632 -0.002739
13.045340 0.001975 0.000630 -0.002740
13.047315 0.001975 0.000629 -0.002742
13.049290 0.001975 0.000627 -0.002743
13.051265 0.001975 0.000626 -0.002745
13.053240 0.001975 0.000624 -0.002747
13.055216 0.001975 0.000623 -0.002748
13.057191 0.001975 0.000621 -0.002750
13.059167 0.001976 0.000620 -0.002751
13.061142 0.001976 0.000618 -0.002753
13.063118 0.001976 0.000616 -0.002754
13.065094 0.001976 0.000615 -0.002756
13.067070 0.001976 0.000613 -0.002757
13.069046 0.001976 0.000612 -0.002759
13.071022 0.001976 0.000610 -0.002760
13.072998 0.001976 0.000609 -0.002762
13.074974 0.001976 0.000607 -0.002763
13.076951 0.001976 0.000606 -0.002765
13.078927 0.001976 0.000604 -0.002766
13.080904 0.001977 0.000603 -0.002768
13.082881 0.001977 0.000601 -0.002769
13.084857 0.001977 0.000600 -0.002771
13.086834 0.001977 0.000598 -0.002772
13.088811 0.001977 0.000597 -0.002774
13.090788 0.001977 0.000596 -0.002775
13.092765 0.001977 0.000594 -0.002777
13.094742 0.001977 0.000593 -0.002778
13.096720 0.001977 0.000591 -0.002780
13.098697 0.001977 0.000590 -0.002781
13.100675 0.001977 0.000588 -0.002782
13.102652 0.001978 0.000587 -0.002784
13.104630 0.001978 0.000585 -0.002785
13.106607 0.001978 0.000584 -0.002787
13.108585 0.001978 0.000583 -0.002788
13.110563 0.001978 0.000581 -0.002789
13.112541 0.001978 0.000580 -0.002791
13.114519 0.001978 0.000578 -0.002792
13.116498 0.001978 0.000577 -0.002794
13.118476 0.001978 0.000576 -0.002795
13.120454 0.001978 0.000574 -0.002796
13.122433 0.001979 0.000573 -0.002798
13.124411 0.001979 0.000572 -0.002799
13.126390 0.001979 0.000570 -0.002800
13.128369 0.001979 0.000569 -0.002802
13.130348 0.001979 0.000568 -0.002803
13.132327 0.001979 0.000566 -0.002804
13.134306 0.001979 0.000565 -0.002806
13.136285 0.001979 0.000564 -0.002807
13.138264 0.001979 0.000562 -0.002808
13.140244 0.001979 0.000561 -0.002810
13.142223 0.001979 0.000560 -0.002811
13.144203 0.001980 0.000558 -0.002812
13.146182 0.001980 0.000557 -0.002814
13.148162 0.001980 0.000556 -0.002815
13.150142 0.001980 0.000554 -0.002816
13.152122 0.001980 0.000553 -0.002818
13.154102 0.001980 0.000552 -0.002819
13.156082 0.001980 0.000550 -0.002820
13.158062 0.001980 0.000549 -0.002822
13.160042 0.001980 0.000548 -0.002823
13.162023 0.001980 0.000547 -0.002824
13.164003 0.001980 0.000545 -0.002825
13.165984 0.001981 0.000544 -0.002827
13.167965 0.001981 0.000543 -0.002828
13.169945 0.001981 0.000542 -0.002829
13.171926 0.001981 0.000540 -0.002830
13.173907 0.001981 0.000539 -0.002832
13.175888 0.001981 0.000538 -0.002833
13.177869 0.001981 0.000537 -0.002834
13.179851 0.001981 0.000535 -0.002835
13.181832 0.001981 0.000534 -0.002837
13.183814 0.001981 0.000533 -0.002838
13.185795 0.001982 0.000532 -0.002839
13.187777 0.001982 0.000530 -0.002840
13.189759 0.001982 0.000529 -0.002842
13.191740 0.001982 0.000528 -0.002843
13.193722 0.001982 0.000527 -0.002844
13.195704 0.001982 0.000526 -0.002845
13.197687 0.001982 0.000524 -0.002846
13.199669 0.001982 0.000523 -0.002848
13.201651 0.001982 0.000522 -0.002849
13.203634 0.001982 0.000521 -0.002850
13.205616 0.001983 0.000520 -0.002851
13.207599 0.001983 0.000518 -0.002852
13.209581 0.001983 0.000517 -0.002854
13.211564 0.001983 0.000516 -0.002855
13.213547 0.001983 0.000515 -0.002856
13.215530 0.001983 0.000514 -0.002857
13.217513 0.001983 0.000513 -0.002858
13.219497 0.001983 0.000511 -0.002859
13.221480 0.001983 0.000510 -0.002860
13.223463 0.001983 0.000509 -0.002862
13.225447 0.001984 0.000508 -0.002863
13.227431 0.001984 0.000507 -0.002864
13.229414 0.001984 0.000506 -0.002865
13.231398 0.001984 0.000505 -0.002866
13.233382 0.001984 0.000503 -0.002867
13.235366 0.001984 0.000502 -0.002868
13.237350 0.001984 0.000501 -0.002869
13.239334 0.001984 0.000500 -0.002871
13.241319 0.001984 0.000499 -0.002872
13.243303 0.001984 0.000498 -0.002873
13.245288 0.001985 0.000497 -0.002874
13.247272 0.001985 0.000496 -0.002875
13.249257 0.001985 0.000495 -0.002876
13.251242 0.001985 0.000494 -0.002877
13.253227 0.001985 0.000493 -0.002878
13.255212 0.001985 0.000492 -0.002879
13.257197 0.001985 0.000491 -0.002880
13.259182 0.001985 0.000490 -0.002881
13.261168 0.001985 0.000489 -0.002882
13.263153 0.001985 0.000488 -0.002883
13.265138 0.001986 0.000487 -0.002884
13.267124 0.001986 0.000486 -0.002885
13.269110 0.001986 0.000485 -0.002886
13.271096 0.001986 0.000484 -0.002887
13.273082 0.001986 0.000483 -0.002888
13.275068 0.001986 0.000482 -0.002889
13.277054 0.001986 0.000481 -0.002890
13.279040 0.001986 0.000480 -0.002891
13.281026 0.001986 0.000479 -0.002892
13.283013 0.001986 0.000478 -0.002893
13.284999 0.001987 0.000477 -0.002894
13.286986 0.001987 0.000476 -0.002895
13.288973 0.001987 0.000475 -0.002896
13.290960 0.001987 0.000474 -0.002897
13.292947 0.001987 0.000473 -0.002897
13.294934 0.001987 0.000472 -0.002898
13.296921 0.001987 0.000471 -0.002899
13.298908 0.001987 0.000470 -0.002900
13.300896 0.001987 0.000470 -0.002901
13.302883 0.001987 0.000469 -0.002902
13.304871 0.001988 0.000468 -0.002903
13.306858 0.001988 0.000467 -0.002904
13.308846 0.001988 0.000466 -0.002905
13.310834 0.001988 0.000465 -0.002906
13.312822 0.001988 0.000464 -0.002907
13.314810 0.001988 0.000463 -0.002907
13.316798 0.001988 0.000462 -0.002908
13.318787 0.001988 0.000462 -0.002909
13.320775 0.001988 0.000461 -0.002910
13.322764 0.001989 0.000460 -0.002911
13.324752 0.001989 0.000459 -0.002912
13.326741 0.001989 0.000458 -0.002913
13.328730 0.001989 0.000457 -0.002913
13.330719 0.001989 0.000456 -0.002914
13.332708 0.001989 0.000455 -0.002915
13.334697 0.001989 0.000455 -0.002916
13.336686 0.001989 0.000454 -0.002917
13.338675 0.001989 0.000453 -0.002918
13.340665 0.001989 0.000452 -0.002919
13.342654 0.001990 0.000451 -0.002919
13.344644 0.001990 0.000450 -0.002920
13.346633 0.001990 0.000450 -0.002921
13.348623 0.001990 0.000449 -0.002922
13.350613 0.001990 0.000448 -0.002923
13.352603 0.001990 0.000447 -0.002924
13.354593 0.001990 0.000446 -0.002924
13.356584 0.001990 0.000445 -0.002925
13.358574 0.001990 0.000445 -0.002926
13.360564 0.001990 0.000444 -0.002927
13.362555 0.001991 0.000443 -0.002928
13.364546 0.001991 0.000442 -0.002929
13.366536 0.001991 0.000441 -0.002929
13.368527 0.001991 0.000441 -0.002930
13.370518 0.001991 0.000440 -0.002931
13.372509 0.001991 0.000439 -0.002932
13.374500 0.001991 0.000438 -0.002933
13.376491 0.001991 0.000437 -0.002933
13.378483 0.001991 0.000437 -0.002934
13.380474 0.001991 0.000436 -0.002935
13.382466 0.001992 0.000435 -0.002936
13.384458 0.001992 0.000434 -0.002937
13.386449 0.001992 0.000433 -0.002937
13.388441 0.001992 0.000433 -0.002938
13.390433 0.001992 0.000432 -0.002939
13.392425 0.001992 0.000431 -0.002940
13.394417 0.001992 0.000430 -0.002940
13.396410 0.001992 0.000430 -0.002941
13.398402 0.001992 0.000429 -0.002942
13.400395 0.001992 0.000428 -0.002943
13.402387 0.001993 0.000427 -0.002943
13.404380 0.001993 0.000427 -0.002944
13.406373 0.001993 0.000426 -0.002945
13.408365 0.001993 0.000425 -0.002946
13.410358 0.001993 0.000424 -0.002946
13.412352 0.001993 0.000423 -0.002947
13.414345 0.001993 0.000423 -0.002948
13.416338 0.001993 0.000422 -0.002949
13.418331 0.001993 0.000421 -0.002949
13.420325 0.001994 0.000421 -0.002950
13.422319 0.001994 0.000420 -0.002951
13.424312 0.001994 0.000419 -0.002952
13.426306 0.001994 0.000418 -0.002952
13.428300 0.001994 0.000418 -0.002953
13.430294 0.001994 0.000417 -0.002954
13.432288 0.001994 0.000416 -0.002955
13.434283 0.001994 0.000415 -0.002955
13.436277 0.001994 0.000415 -0.002956
13.438271 0.001994 0.000414 -0.002957
13.440266 0.001995 0.000413 -0.002957
13.442261 0.001995 0.000413 -0.002958
13.444255 0.001995 0.000412 -0.002959
13.446250 0.001995 0.000411 -0.002959
13.448245 0.001995 0.000411 -0.002960
13.450240 0.001995 0.000410 -0.002961
13.452235 0.001995 0.000409 -0.002962
13.454231 0.001995 0.000408 -0.002962
13.456226 0.001995 0.000408 -0.002963
13.458222 0.001995 0.000407 -0.002964
13.460217 0.001996 0.000406 -0.002964
13.462213 0.001996 0.000406 -0.002965
13.464209 0.001996 0.000405 -0.002966
13.466205 0.001996 0.000404 -0.002966
13.468201 0.001996 0.000404 -0.002967
13.470197 0.001996 0.000403 -0.002968
13.472193 0.001996 0.000402 -0.002968
13.474189 0.001996 0.000402 -0.002969
13.476186 0.001996 0.000401 -0.002970
13.478182 0.001997 0.000400 -0.002970
13.480179 0.001997 0.000400 -0.002971
13.482176 0.001997 0.000399 -0.002972
13.484172 0.001997 0.000398 -0.002972
13.486169 0.001997 0.000398 -0.002973
13.488167 0.001997 0.000397 -0.002974
13.490164 0.001997 0.000397 -0.002974
13.492161 0.001997 0.000396 -0.002975
13.494158 0.001997 0.000395 -0.002975
13.496156 0.001997 0.000395 -0.002976
13.498153 0.001998 0.000394 -0.002977
13.500151 0.001998 0.000393 -0.002977
13.502149 0.001998 0.000393 -0.002978
13.504147 0.001998 0.000392 -0.002979
13.506145 0.001998 0.000392 -0.002979
13.508143 0.001998 0.000391 -0.002980
13.510141 0.001998 0.000390 -0.002980
13.512140 0.001998 0.000390 -0.002981
13.514138 0.001998 0.000389 -0.002982
13.516136 0.001999 0.000389 -0.002982
13.518135 0.001999 0.000388 -0.002983
13.520134 0.001999 0.000387 -0.002983
13.522133 0.001999 0.000387 -0.002984
13.524132 0.001999 0.000386 -0.002985
13.526131 0.001999 0.000386 -0.002985
13.528130 0.001999 0.000385 -0.002986
13.530129 0.001999 0.000384 -0.002986
13.532129 0.001999 0.000384 -0.002987
13.534128 0.001999 0.000383 -0.002987
13.536128 0.002000 0.000383 -0.002988
13.538127 0.002000 0.000382 -0.002989
13.540127 0.002000 0.000381 -0.002989
13.542127 0.002000 0.000381 -0.002990
13.544127 0.002000 0.000380 -0.002990
13.546127 0.002000 0.000380 -0.002991
13.548128 0.002000 0.000379 -0.002992
13.550128 0.002000 0.000379 -0.002992
13.552128 0.002000 0.000378 -0.002993
13.554129 0.002001 0.000378 -0.002993
13.556130 0.002001 0.000377 -0.002994
13.558130 0.002001 0.000376 -0.002994
13.560131 0.002001 0.000376 -0.002995
13.562132 0.002001 0.000375 -0.002995
13.564133 0.002001 0.000375 -0.002996
13.566135 0.002001 0.000374 -0.002997
13.568136 0.002001 0.000374 -0.002997
13.570137 0.002001 0.000373 -0.002998
13.572139 0.002002 0.000373 -0.002998
13.574140 0.002002 0.000372 -0.002999
13.576142 0.002002 0.000371 -0.002999
13.578144 0.002002 0.000371 -0.003000
13.580146 0.002002 0.000370 -0.003000
13.582148 0.002002 0.000370 -0.003001
13.584150 0.002002 0.000369 -0.003001
13.586152 0.002002 0.000369 -0.003002
13.588155 0.002002 0.000368 -0.003002
13.590157 0.002002 0.000368 -0.003003
13.592160 0.002003 0.000367 -0.003003
13.594163 0.002003 0.000367 -0.003004
13.596165 0.002003 0.000366 -0.003004
13.598168 0.002003 0.000366 -0.003005
13.600171 0.002003 0.000365 -0.003006
13.602174 0.002003 0.000365 -0.003006
13.604178 0.002003 0.000364 -0.003007
13.606181 0.002003 0.000364 -0.003007
13.608185 0.002003 0.000363 -0.003008
13.610188 0.002004 0.000363 -0.003008
13.612192 0.002004 0.000362 -0.003009
13.614196 0.002004 0.000362 -0.003009
13.616199 0.002004 0.000361 -0.003010
13.618203 0.002004 0.000361 -0.003010
13.620208 0.002004 0.000360 -0.003010
13.622212 0.002004 0.000360 -0.003011
13.624216 0.002004 0.000359 -0.003011
13.626220 0.002004 0.000359 -0.003012
13.628225 0.002005 0.000358 -0.003012
13.630230 0.002005 0.000358 -0.003013
13.632234 0.002005 0.000358 -0.003013
13.634239 0.002005 0.000357 -0.003014
13.636244 0.002005 0.000357 -0.003014
13.638249 0.002005 0.000356 -0.003014
13.640255 0.002005 0.000356 -0.003015
13.642260 0.002005 0.000355 -0.003015
13.644265 0.002005 0.000355 -0.003016
13.646271 0.002006 0.000355 -0.003016
13.648276 0.002006 0.000354 -0.003017
13.650282 0.002006 0.000354 -0.003017
13.652288 0.002006 0.000353 -0.003017
13.654294 0.002006 0.000353 -0.003018
13.656300 0.002006 0.000353 -0.003018
13.658306 0.002006 0.000352 -0.003019
13.660312 0.002006 0.000352 -0.003019
13.662319 0.002006 0.000351 -0.003019
13.664325 0.002006 0.000351 -0.003020
13.666332 0.002007 0.000351 -0.003020
13.668339 0.002007 0.000350 -0.003021
13.670345 0.002007 0.000350 -0.003021
13.672352 0.002007 0.000349 -0.003021
13.674359 0.002007 0.000349 -0.003022
13.676367 0.002007 0.000349 -0.003022
13.678374 0.002007 0.000348 -0.003023
13.680381 0.002007 0.000348 -0.003023
13.682389 0.002007 0.000347 -0.003023
13.684396 0.002008 0.000347 -0.003024
13.686404 0.002008 0.000347 -0.003024
13.688412 0.002008 0.000346 -0.003025
13.690420 0.002008 0.000346 -0.003025
13.692428 0.002008 0.000345 -0.003025
13.694436 0.002008 0.000345 -0.003026
13.696444 0.002008 0.000345 -0.003026
13.698453 0.002008 0.000344 -0.003026
13.700461 0.002008 0.000344 -0.003027
13.702470 0.002009 0.000343 -0.003027
13.704478 0.002009 0.000343 -0.003028
13.706487 0.002009 0.000343 -0.003028
13.708496 0.002009 0.000342 -0.003028
13.710505 0.002009 0.000342 -0.003029
13.712514 0.002009 0.000342 -0.003029
13.714523 0.002009 0.000341 -0.003030
13.716533 0.002009 0.000341 -0.003030
13.718542 0.002009 0.000340 -0.003030
13.720552 0.002010 0.000340 -0.003031
13.722562 0.002010 0.000340 -0.003031
13.724571 0.002010 0.000339 -0.003031
13.726581 0.002010 0.000339 -0.003032
13.728591 0.002010 0.000338 -0.003032
13.730601 0.002010 0.000338 -0.003033
13.732612 0.002010 0.000338 -0.003033
13.734622 0.002010 0.000337 -0.003033
13.736633 0.002010 0.000337 -0.003034
13.738643 0.002011 0.000337 -0.003034
13.740654 0.002011 0.000336 -0.003035
13.742665 0.002011 0.000336 -0.003035
13.744676 0.002011 0.000335 -0.003035
13.746687 0.002011 0.000335 -0.003036
13.748698 0.002011 0.000335 -0.003036
13.750709 0.002011 0.000334 -0.003036
13.752720 0.002011 0.000334 -0.003037
13.754732 0.002011 0.000334 -0.003037
13.756744 0.002012 0.000333 -0.003038
13.758755 0.002012 0.000333 -0.003038
13.760767 0.002012 0.000332 -0.003038
13.762779 0.002012 0.000332 -0.003039
13.764791 0.002012 0.000332 -0.003039
13.766803 0.002012 0.000331 -0.003039
13.768815 0.002012 0.000331 -0.003040
13.770828 0.002012 0.000331 -0.003040
13.772840 0.002012 0.000330 -0.003041
13.774853 0.002013 0.000330 -0.003041
13.776866 0.002013 0.000329 -0.003041
13.778879 0.002013 0.000329 -0.003042
13.780891 0.002013 0.000329 -0.003042
13.782905 0.002013 0.000328 -0.003043
13.784918 0.002013 0.000328 -0.003043
13.786931 0.002013 0.000327 -0.003043
13.788944 0.002013 0.000327 -0.003044
13.790958 0.002014 0.000327 -0.003044
13.792972 0.002014 0.000326 -0.003045
13.794985 0.002014 0.000326 -0.003045
13.796999 0.002014 0.000325 -0.003045
13.799013 0.002014 0.000325 -0.003046
13.801027 0.002014 0.000325 -0.003046
13.803041 0.002014 0.000324 -0.003047
13.805056 0.002014 0.000324 -0.003047
13.807070 0.002014 0.000323 -0.003047
13.809085 0.002015 0.000323 -0.003048
13.811099 0.002015 0.000323 -0.003048
13.813114 0.002015 0.000322 -0.003048
13.815129 0.002015 0.000322 -0.003049
13.817144 0.002015 0.000321 -0.003049
13.819159 0.002015 0.000321 -0.003050
13.821174 0.002015 0.000321 -0.003050
13.823190 0.002015 0.000320 -0.003050
13.825205 0.002015 0.000320 -0.003051
13.827221 0.002016 0.000319 -0.003051
13.829237 0.002016 0.000319 -0.003052
13.831252 0.002016 0.000319 -0.003052
13.833268 0.002016 0.000318 -0.003052
13.835284 0.002016 0.000318 -0.003053
13.837300 0.002016 0.000318 -0.003053
13.839317 0.002016 0.000317 -0.003054
13.841333 0.002016 0.000317 -0.003054
13.843350 0.002017 0.000316 -0.003054
13.845366 0.002017 0.000316 -0.003055
13.847383 0.002017 0.000316 -0.003055
13.849400 0.002017 0.000315 -0.003055
13.851417 0.002017 0.000315 -0.003056
13.853434 0.002017 0.000315 -0.003056
13.855451 0.002017 0.000314 -0.003056
13.857468 0.002017 0.000314 -0.003057
13.859486 0.002017 0.000314 -0.003057
13.861503 0.002018 0.000313 -0.003058
13.863521 0.002018 0.000313 -0.003058
13.865539 0.002018 0.000312 -0.003058
13.867557 0.002018 0.000312 -0.003059
13.869575 0.002018 0.000312 -0.003059
13.871593 0.002018 0.000311 -0.003059
13.873611 0.002018 0.000311 -0.003060
13.875630 0.002018 0.000311 -0.003060
13.877648 0.002018 0.000310 -0.003060
13.879667 0.002019 0.000310 -0.003061
13.881685 0.002019 0.000310 -0.003061
13.883704 0.002019 0.000309 -0.003061
13.885723 0.002019 0.000309 -0.003062
13.887742 0.002019 0.000309 -0.003062
13.889762 0.002019 0.000308 -0.003062
13.891781 0.002019 0.000308 -0.003063
13.893800 0.002019 0.000308 -0.003063
13.895820 0.002020 0.000307 -0.003063
13.897840 0.002020 0.000307 -0.003064
13.899859 0.002020 0.000307 -0.003064
13.901879 0.002020 0.000306 -0.003064
13.903899 0.002020 0.000306 -0.003065
13.905919 0.002020 0.000306 -0.003065
13.907940 0.002020 0.000305 -0.003065
13.909960 0.002020 0.000305 -0.003066
13.911981 0.002021 0.000305 -0.003066
13.914001 0.002021 0.000304 -0.003066
13.916022 0.002021 0.000304 -0.003067
13.918043 0.002021 0.000304 -0.003067
13.920064 0.002021 0.000303 -0.003067
13.922085 0.002021 0.000303 -0.003068
13.924106 0.002021 0.000303 -0.003068
13.926128 0.002021 0.000302 -0.003068
13.928149 0.002021 0.000302 -0.003069
13.930171 0.002022 0.000302 -0.003069
13.932192 0.002022 0.000301 -0.003069
13.934214 0.002022 0.000301 -0.003070
13.936236 0.002022 0.000301 -0.003070
13.938258 0.002022 0.000301 -0.003070
13.940280 0.002022 0.000300 -0.003070
13.942303 0.002022 0.000300 -0.003071
13.944325 0.002022 0.000300 -0.003071
13.946348 0.002023 0.000299 -0.003071
13.948370 0.002023 0.000299 -0.003072
13.950393 0.002023 0.000299 -0.003072
13.952416 0.002023 0.000298 -0.003072
13.954439 0.002023 0.000298 -0.003073
13.956462 0.002023 0.000298 -0.003073
13.958486 0.002023 0.000298 -0.003073
13.960509 0.002023 0.000297 -0.003073
13.962533 0.002024 0.000297 -0.003074
13.964556 0.002024 0.000297 -0.003074
13.966580 0.002024 0.000296 -0.003074
13.968604 0.002024 0.000296 -0.003075
13.970628 0.002024 0.000296 -0.003075
13.972652 0.002024 0.000296 -0.003075
13.974676 0.002024 0.000295 -0.003075
13.976701 0.002024 0.000295 -0.003076
13.978725 0.002025 0.000295 -0.003076
13.980750 0.002025 0.000294 -0.003076
13.982775 0.002025 0.000294 -0.003077
13.984800 0.002025 0.000294 -0.003077
13.986825 0.002025 0.000294 -0.003077
13.988850 0.002025 0.000293 -0.003077
13.990875 0.002025 0.000293 -0.003078
13.992901 0.002025 0.000293 -0.003078
13.994926 0.002026 0.000292 -0.003078
13.996952 0.002026 0.000292 -0.003079
13.998977 0.002026 0.000292 -0.003079
14.001003 0.002026 0.000292 -0.003079
14.003029 0.002026 0.000291 -0.003079
14.005055 0.002026 0.000291 -0.003080
14.007082 0.002026 0.000291 -0.003080
14.009108 0.002026 0.000290 -0.003080
14.011135 0.002027 0.000290 -0.003081
14.013161 0.002027 0.000290 -0.003081
14.015188 0.002027 0.000290 -0.003081
14.017215 0.002027 0.000289 -0.003081
14.019242 0.002027 0.000289 -0.003082
14.021269 0.002027 0.000289 -0.003082
14.023296 0.002027 0.000289 -0.003082
14.025324 0.002027 0.000288 -0.003082
14.027351 0.002028 0.000288 -0.003083
14.029379 0.002028 0.000288 -0.003083
14.031407 0.002028 0.000287 -0.003083
14.033435 0.002028 0.000287 -0.003083
14.035463 0.002028 0.000287 -0.003084
14.037491 0.002028 0.000287 -0.003084
14.039519 0.002028 0.000286 -0.003084
14.041547 0.002028 0.000286 -0.003085
14.043576 0.002029 0.000286 -0.003085
14.045605 0.002029 0.000286 -0.003085
14.047633 0.002029 0.000285 -0.003085
14.049662 0.002029 0.000285 -0.003086
14.051691 0.002029 0.000285 -0.003086
14.053721 0.002029 0.000285 -0.003086
14.055750 0.002029 0.000284 -0.003086
14.057779 0.002029 0.000284 -0.003087
14.059809 0.002030 0.000284 -0.003087
14.061839 0.002030 0.000284 -0.003087
14.063868 0.002030 0.000283 -0.003087
14.065898 0.002030 0.000283 -0.003088
14.067928 0.002030 0.000283 -0.003088
14.069959 0.002030 0.000283 -0.003088
14.071989 0.002030 0.000282 -0.003088
14.074019 0.002030 0.000282 -0.003089
14.076050 0.002031 0.000282 -0.003089
14.078081 0.002031 0.000282 -0.003089
14.080112 0.002031 0.000281 -0.003089
14.082143 0.002031 0.000281 -0.003089
14.084174 0.002031 0.000281 -0.003090
14.086205 0.002031 0.000281 -0.003090
14.088236 0.002031 0.000280 -0.003090
14.090268 0.002032 0.000280 -0.003090
14.092299 0.002032 0.000280 -0.003091
14.094331 0.002032 0.000280 -0.003091
14.096363 0.002032 0.000279 -0.003091
14.098395 0.002032 0.000279 -0.003091
14.100427 0.002032 0.000279 -0.003092
14.102460 0.002032 0.000279 -0.003092
14.104492 0.002032 0.000279 -0.003092
14.106525 0.002033 0.000278 -0.003092
14.108557 0.002033 0.000278 -0.003093
14.110590 0.002033 0.000278 -0.003093
14.112623 0.002033 0.000278 -0.003093
14.114656 0.002033 0.000277 -0.003093
14.116689 0.002033 0.000277 -0.003094
14.118723 0.002033 0.000277 -0.003094
14.120756 0.002033 0.000277 -0.003094
14.122790 0.002034 0.000276 -0.003094
14.124824 0.002034 0.000276 -0.003095
14.126858 0.002034 0.000276 -0.003095
14.128892 0.002034 0.000276 -0.003095
14.130926 0.002034 0.000275 -0.003095
14.132960 0.002034 0.000275 -0.003096
14.134994 0.002034 0.000275 -0.003096
14.137029 0.002035 0.000275 -0.003096
14.139064 0.002035 0.000274 -0.003096
14.141099 0.002035 0.000274 -0.003097
14.143133 0.002035 0.000274 -0.003097
14.145169 0.002035 0.000274 -0.003097
14.147204 0.002035 0.000273 -0.003097
14.149239 0.002035 0.000273 -0.003098
14.151275 0.002036 0.000273 -0.003098
14.153310 0.002036 0.000273 -0.003098
14.155346 0.002036 0.000272 -0.003098
14.157382 0.002036 0.000272 -0.003098
14.159418 0.002036 0.000272 -0.003099
14.161454 0.002036 0.000272 -0.003099
14.163491 0.002036 0.000272 -0.003099
14.165527 0.002036 0.000271 -0.003099
14.167564 0.002037 0.000271 -0.003100
14.169600 0.002037 0.000271 -0.003100
14.171637 0.002037 0.000271 -0.003100
14.173674 0.002037 0.000270 -0.003100
14.175711 0.002037 0.000270 -0.003101
14.177749 0.002037 0.000270 -0.003101
14.179786 0.002037 0.000270 -0.003101
14.181824 0.002038 0.000269 -0.003101
14.183861 0.002038 0.000269 -0.003101
14.185899 0.002038 0.000269 -0.003102
14.187937 0.002038 0.000269 -0.003102
14.189975 0.002038 0.000269 -0.003102
14.192013 0.002038 0.000268 -0.003102
14.194052 0.002038 0.000268 -0.003103
14.196090 0.002039 0.000268 -0.003103
14.198129 0.002039 0.000268 -0.003103
14.200168 0.002039 0.000267 -0.003103
14.202207 0.002039 0.000267 -0.003104
14.204246 0.002039 0.000267 -0.003104
14.206285 0.002039 0.000267 -0.003104
14.208324 0.002039 0.000267 -0.003104
14.210364 0.002039 0.000266 -0.003104
14.212404 0.002040 0.000266 -0.003105
14.214443 0.002040 0.000266 -0.003105
14.216483 0.002040 0.000266 -0.003105
14.218523 0.002040 0.000265 -0.003105
14.220564 0.002040 0.000265 -0.003105
14.222604 0.002040 0.000265 -0.003106
14.224644 0.002040 0.000265 -0.003106
14.226685 0.002041 0.000265 -0.003106
14.228726 0.002041 0.000264 -0.003106
14.230767 0.002041 0.000264 -0.003107
14.232808 0.002041 0.000264 -0.003107
14.234849 0.002041 0.000264 -0.003107
14.236890 0.002041 0.000264 -0.003107
14.238932 0.002041 0.000263 -0.003107
14.240973 0.002042 0.000263 -0.003108
14.243015 0.002042 0.000263 -0.003108
14.245057 0.002042 0.000263 -0.003108
14.247099 0.002042 0.000262 -0.003108
14.249141 0.002042 0.000262 -0.003108
14.251184 0.002042 0.000262 -0.003109
14.253226 0.002042 0.000262 -0.003109
14.255269 0.002043 0.000262 -0.003109
14.257311 0.002043 0.000261 -0.003109
14.259354 0.002043 0.000261 -0.003109
14.261397 0.002043 0.000261 -0.003110
14.263441 0.002043 0.000261 -0.003110
14.265484 0.002043 0.000261 -0.003110
14.267527 0.002043 0.000260 -0.003110
14.269571 0.002044 0.000260 -0.003110
14.271615 0.002044 0.000260 -0.003111
14.273659 0.002044 0.000260 -0.003111
14.275703 0.002044 0.000260 -0.003111
14.277747 0.002044 0.000259 -0.003111
14.279791 0.002044 0.000259 -0.003111
14.281836 0.002045 0.000259 -0.003112
14.283880 0.002045 0.000259 -0.003112
14.285925 0.002045 0.000259 -0.003112
14.287970 0.002045 0.000259 -0.003112
14.290015 0.002045 0.000258 -0.003112
14.292061 0.002045 0.000258 -0.003113
14.294106 0.002045 0.000258 -0.003113
14.296151 0.002046 0.000258 -0.003113
14.298197 0.002046 0.000258 -0.003113
14.300243 0.002046 0.000257 -0.003113
14.302289 0.002046 0.000257 -0.003114
14.304335 0.002046 0.000257 -0.003114
14.306381 0.002046 0.000257 -0.003114
14.308428 0.002046 0.000257 -0.003114
14.310474 0.002047 0.000256 -0.003114
14.312521 0.002047 0.000256 -0.003114
14.314568 0.002047 0.000256 -0.003115
14.316615 0.002047 0.000256 -0.003115
14.318662 0.002047 0.000256 -0.003115
14.320709 0.002047 0.000255 -0.003115
14.322757 0.002047 0.000255 -0.003115
14.324804 0.002048 0.000255 -0.003116
14.326852 0.002048 0.000255 -0.003116
14.328900 0.002048 0.000255 -0.003116
14.330948 0.002048 0.000255 -0.003116
14.332996 0.002048 0.000254 -0.003116
14.335045 0.002048 0.000254 -0.003117
14.337093 0.002048 0.000254 -0.003117
14.339142 0.002049 0.000254 -0.003117
14.341190 0.002049 0.000254 -0.003117
14.343239 0.002049 0.000253 -0.003117
14.345289 0.002049 0.000253 -0.003117
14.347338 0.002049 0.000253 -0.003118
14.349387 0.002049 0.000253 -0.003118
14.351437 0.002050 0.000253 -0.003118
14.353486 0.002050 0.000253 -0.003118
14.355536 0.002050 0.000252 -0.003118
14.357586 0.002050 0.000252 -0.003119
14.359636 0.002050 0.000252 -0.003119
14.361687 0.002050 0.000252 -0.003119
14.363737 0.002050 0.000252 -0.003119
14.365788 0.002051 0.000251 -0.003119
14.367839 0.002051 0.000251 -0.003119
14.369889 0.002051 0.000251 -0.003120
14.371941 0.002051 0.000251 -0.003120
14.373992 0.002051 0.000251 -0.003120
14.376043 0.002051 0.000251 -0.003120
14.378095 0.002052 0.000250 -0.003120
14.380146 0.002052 0.000250 -0.003120
14.382198 0.002052 0.000250 -0.003121
14.384250 0.002052 0.000250 -0.003121
14.386302 0.002052 0.000250 -0.003121
14.388355 0.002052 0.000250 -0.003121
14.390407 0.002052 0.000249 -0.003121
14.392460 0.002053 0.000249 -0.003121
14.394513 0.002053 0.000249 -0.003122
14.396565 0.002053 0.000249 -0.003122
14.398619 0.002053 0.000249 -0.003122
14.400672 0.002053 0.000249 -0.003122
14.402725 0.002053 0.000248 -0.003122
14.404779 0.002054 0.000248 -0.003122
14.406832 0.002054 0.000248 -0.003123
14.408886 0.002054 0.000248 -0.003123
14.410940 0.002054 0.000248 -0.003123
14.412994 0.002054 0.000248 -0.003123
14.415049 0.002054 0.000247 -0.003123
14.417103 0.002054 0.000247 -0.003123
14.419158 0.002055 0.000247 -0.003124
14.421213 0.002055 0.000247 -0.003124
14.423268 0.002055 0.000247 -0.003124
14.425323 0.002055 0.000247 -0.003124
14.427378 0.002055 0.000246 -0.003124
14.429433 0.002055 0.000246 -0.003124
14.431489 0.002056 0.000246 -0.003125
14.433545 0.002056 0.000246 -0.003125
14.435601 0.002056 0.000246 -0.003125
14.437657 0.002056 0.000246 -0.003125
14.439713 0.002056 0.000245 -0.003125
14.441769 0.002056 0.000245 -0.003125
14.443826 0.002057 0.000245 -0.003126
14.445882 0.002057 0.000245 -0.003126
14.447939 0.002057 0.000245 -0.003126
14.449996 0.002057 0.000245 -0.003126
14.452053 0.002057 0.000244 -0.003126
14.454111 0.002057 0.000244 -0.003126
14.456168 0.002057 0.000244 -0.003127
14.458226 0.002058 0.000244 -0.003127
14.460284 0.002058 0.000244 -0.003127
14.462341 0.002058 0.000244 -0.003127
14.464400 0.002058 0.000243 -0.003127
14.466458 0.002058 0.000243 -0.003127
14.468516 0.002058 0.000243 -0.003128
14.470575 0.002059 0.000243 -0.003128
14.472634 0.002059 0.000243 -0.003128
14.474693 0.002059 0.000243 -0.003128
14.476752 0.002059 0.000243 -0.003128
14.478811 0.002059 0.000242 -0.003128
14.480870 0.002059 0.000242 -0.003129
14.482930 0.002060 0.000242 -0.003129
14.484990 0.002060 0.000242 -0.003129
14.487049 0.002060 0.000242 -0.003129
14.489109 0.002060 0.000242 -0.003129
14.491170 0.002060 0.000241 -0.003129
14.493230 0.002060 0.000241 -0.003129
14.495291 0.002061 0.000241 -0.003130
14.497351 0.002061 0.000241 -0.003130
14.499412 0.002061 0.000241 -0.003130
14.501473 0.002061 0.000241 -0.003130
14.503534 0.002061 0.000240 -0.003130
14.505596 0.002061 0.000240 -0.003130
14.507657 0.002062 0.000240 -0.003131
14.509719 0.002062 0.000240 -0.003131
14.511781 0.002062 0.000240 -0.003131
14.513843 0.002062 0.000240 -0.003131
14.515905 0.002062 0.000240 -0.003131
14.517967 0.002062 0.000239 -0.003131
14.520030 0.002062 0.000239 -0.003131
14.522092 0.002063 0.000239 -0.003132
14.524155 0.002063 0.000239 -0.003132
14.526218 0.002063 0.000239 -0.003132
14.528281 0.002063 0.000239 -0.003132
14.530345 0.002063 0.000238 -0.003132
14.532408 0.002063 0.000238 -0.003132
14.534472 0.002064 0.000238 -0.003133
14.536535 0.002064 0.000238 -0.003133
14.538599 0.002064 0.000238 -0.003133
14.540664 0.002064 0.000238 -0.003133
14.542728 0.002064 0.000238 -0.003133
14.544792 0.002064 0.000237 -0.003133
14.546857 0.002065 0.000237 -0.003133
14.548922 0.002065 0.000237 -0.003134
14.550987 0.002065 0.000237 -0.003134
14.553052 0.002065 0.000237 -0.003134
14.555117 0.002065 0.000237 -0.003134
14.557183 0.002065 0.000236 -0.003134
14.559248 0.002066 0.000236 -0.003134
14.561314 0.002066 0.000236 -0.003135
14.563380 0.002066 0.000236 -0.003135
14.565446 0.002066 0.000236 -0.003135
14.567512 0.002066 0.000236 -0.003135
14.569579 0.002066 0.000236 -0.003135
14.571645 0.002067 0.000235 -0.003135
14.573712 0.002067 0.000235 -0.003135
14.575779 0.002067 0.000235 -0.003136
14.577846 0.002067 0.000235 -0.003136
14.579914 0.002067 0.000235 -0.003136
14.581981 0.002067 0.000235 -0.003136
14.584049 0.002068 0.000235 -0.003136
14.586116 0.002068 0.000234 -0.003136
14.588184 0.002068 0.000234 -0.003136
14.590252 0.002068 0.000234 -0.003137
14.592321 0.002068 0.000234 -0.003137
14.594389 0.002068 0.000234 -0.003137
14.596458 0.002069 0.000234 -0.003137
14.598527 0.002069 0.000233 -0.003137
14.600596 0.002069 0.000233 -0.003137
14.602665 0.002069 0.000233 -0.003138
14.604734 0.002069 0.000233 -0.003138
14.606804 0.002069 0.000233 -0.003138
14.608873 0.002070 0.000233 -0.003138
14.610943 0.002070 0.000233 -0.003138
14.613013 0.002070 0.000232 -0.003138
14.615083 0.002070 0.000232 -0.003138
14.617154 0.002070 0.000232 -0.003139
14.619224 0.002070 0.000232 -0.003139
14.621295 0.002071 0.000232 -0.003139
14.623366 0.002071 0.000232 -0.003139
14.625437 0.002071 0.000232 -0.003139
14.627508 0.002071 0.000231 -0.003139
14.629579 0.002071 0.000231 -0.003139
14.631651 0.002072 0.000231 -0.003140
14.633722 0.002072 0.000231 -0.003140
14.635794 0.002072 0.000231 -0.003140
14.637866 0.002072 0.000231 -0.003140
14.639938 0.002072 0.000231 -0.003140
14.642011 0.002072 0.000230 -0.003140
14.644083 0.002073 0.000230 -0.003140
14.646156 0.002073 0.000230 -0.003141
14.648229 0.002073 0.000230 -0.003141
14.650302 0.002073 0.000230 -0.003141
14.652375 0.002073 0.000230 -0.003141
14.654449 0.002073 0.000230 -0.003141
14.656522 0.002074 0.000229 -0.003141
14.658596 0.002074 0.000229 -0.003141
14.660670 0.002074 0.000229 -0.003142
14.662744 0.002074 0.000229 -0.003142
14.664818 0.002074 0.000229 -0.003142
14.666893 0.002074 0.000229 -0.003142
14.668967 0.002075 0.000229 -0.003142
14.671042 0.002075 0.000228 -0.003142
14.673117 0.002075 0.000228 -0.003142
14.675192 0.002075 0.000228 -0.003143
14.677268 0.002075 0.000228 -0.003143
14.679343 0.002075 0.000228 -0.003143
14.681419 0.002076 0.000228 -0.003143
14.683495 0.002076 0.000228 -0.003143
14.685571 0.002076 0.000227 -0.003143
14.687647 0.002076 0.000227 -0.003143
14.689723 0.002076 0.000227 -0.003144
14.691800 0.002077 0.000227 -0.003144
14.693876 0.002077 0.000227 -0.003144
14.695953 0.002077 0.000227 -0.003144
14.698030 0.002077 0.000227 -0.003144
14.700107 0.002077 0.000226 -0.003144
14.702185 0.002077 0.000226 -0.003144
14.704262 0.002078 0.000226 -0.003145
14.706340 0.002078 0.000226 -0.003145
14.708418 0.002078 0.000226 -0.003145
14.710496 0.002078 0.000226 -0.003145
14.712574 0.002078 0.000226 -0.003145
14.714653 0.002078 0.000225 -0.003145
14.716731 0.002079 0.000225 -0.003145
14.718810 0.002079 0.000225 -0.003146
14.720889 0.002079 0.000225 -0.003146
14.722968 0.002079 0.000225 -0.003146
14.725048 0.002079 0.000225 -0.003146
14.727127 0.002080 0.000225 -0.003146
14.729207 0.002080 0.000224 -0.003146
14.731287 0.002080 0.000224 -0.003146
14.733367 0.002080 0.000224 -0.003147
14.735447 0.002080 0.000224 -0.003147
14.737527 0.002080 0.000224 -0.003147
14.739608 0.002081 0.000224 -0.003147
14.741689 0.002081 0.000224 -0.003147
14.743770 0.002081 0.000223 -0.003147
14.745851 0.002081 0.000223 -0.003147
14.747932 0.002081 0.000223 -0.003148
14.750013 0.002081 0.000223 -0.003148
14.752095 0.002082 0.000223 -0.003148
14.754177 0.002082 0.000223 -0.003148
14.756259 0.002082 0.000223 -0.003148
14.758341 0.002082 0.000222 -0.003148
14.760423 0.002082 0.000222 -0.003148
14.762506 0.002083 0.000222 -0.003149
14.764588 0.002083 0.000222 -0.003149
14.766671 0.002083 0.000222 -0.003149
14.768754 0.002083 0.000222 -0.003149
14.770838 0.002083 0.000222 -0.003149
14.772921 0.002083 0.000221 -0.003149
14.775004 0.002084 0.000221 -0.003149
14.777088 0.002084 0.000221 -0.003150
14.779172 0.002084 0.000221 -0.003150
14.781256 0.002084 0.000221 -0.003150
14.783341 0.002084 0.000221 -0.003150
14.785425 0.002084 0.000220 -0.003150
14.787510 0.002085 0.000220 -0.003151
14.789594 0.002085 0.000220 -0.003151
14.791679 0.002085 0.000219 -0.003151
14.793765 0.002085 0.000219 -0.003152
14.795850 0.002085 0.000219 -0.003152
14.797935 0.002086 0.000219 -0.003152
14.800021 0.002086 0.000219 -0.003151
14.802107 0.002086 0.000220 -0.003151
14.804193 0.002086 0.000221 -0.003149
14.806279 0.002086 0.000226 -0.003145
14.808366 0.002086 0.000236 -0.003135
14.810452 0.002087 0.000257 -0.003113
14.812539 0.002087 0.000295 -0.003076
14.814626 0.002087 0.000353 -0.003017
14.816713 0.002087 0.000439 -0.002932
14.818800 0.002087 0.000576 -0.002795
14.820888 0.002087 0.000769 -0.002601
14.822976 0.002088 0.001021 -0.002349
14.825064 0.002088 0.001331 -0.002040
14.827152 0.002088 0.001703 -0.001667
14.829240 0.002088 0.002136 -0.001235
14.831328 0.002088 0.002617 -0.000754
14.833417 0.002089 0.003123 -0.000248
14.835505 0.002089 0.003631 0.000260
14.837594 0.002089 0.004127 0.000756
14.839683 0.002089 0.004601 0.001230
14.841773 0.002089 0.005045 0.001675
14.843862 0.002089 0.005444 0.002073
14.845952 0.002090 0.005798 0.002427
14.848042 0.002090 0.006110 0.002739
14.850132 0.002090 0.006384 0.003014
14.852222 0.002090 0.006624 0.003254
14.854312 0.002090 0.006835 0.003464
14.856403 0.002091 0.007019 0.003649
14.858494 0.002091 0.007180 0.003810
14.860584 0.002091 0.007320 0.003950
14.862675 0.002091 0.007444 0.004073
14.864767 0.002091 0.007554 0.004183
14.866858 0.002091 0.007652 0.004282
14.868950 0.002092 0.007740 0.004369
14.871042 0.002092 0.007819 0.004448
14.873134 0.002092 0.007891 0.004521
14.875226 0.002092 0.007958 0.004587
14.877318 0.002092 0.008020 0.004649
14.879411 0.002093 0.008078 0.004707
14.881503 0.002093 0.008133 0.004762
14.883596 0.002093 0.008186 0.004815
14.885689 0.002093 0.008238 0.004867
14.887783 0.002093 0.008290 0.004919
14.889876 0.002093 0.008342 0.004971
14.891970 0.002094 0.008393 0.005023
14.894064 0.002094 0.008445 0.005075
14.896158 0.002094 0.008496 0.005125
14.898252 0.002094 0.008545 0.005175
14.900346 0.002094 0.008594 0.005223
14.902441 0.002095 0.008640 0.005270
14.904535 0.002095 0.008686 0.005315
14.906630 0.002095 0.008730 0.005359
14.908725 0.002095 0.008772 0.005401
14.910821 0.002095 0.008812 0.005442
14.912916 0.002095 0.008852 0.005481
14.915012 0.002096 0.008890 0.005520
14.917108 0.002096 0.008928 0.005558
14.919204 0.002096 0.008966 0.005596
14.921300 0.002096 0.009005 0.005634
14.923396 0.002096 0.009043 0.005673
14.925493 0.002097 0.009082 0.005711
14.927589 0.002097 0.009120 0.005750
14.929686 0.002097 0.009158 0.005788
14.931783 0.002097 0.009195 0.005825
14.933881 0.002097 0.009232 0.005861
14.935978 0.002097 0.009268 0.005897
14.938076 0.002098 0.009304 0.005933
14.940174 0.002098 0.009340 0.005970
14.942272 0.002098 0.009377 0.006006
14.944370 0.002098 0.009413 0.006042
14.946468 0.002098 0.009448 0.006078
14.948567 0.002099 0.009483 0.006113
14.950666 0.002099 0.009517 0.006147
14.952764 0.002099 0.009551 0.006180
14.954864 0.002099 0.009583 0.006213
14.956963 0.002099 0.009615 0.006244
14.959062 0.002099 0.009646 0.006275
14.961162 0.002100 0.009676 0.006305
14.963262 0.002100 0.009706 0.006335
14.965362 0.002100 0.009735 0.006364
14.967462 0.002100 0.009764 0.006393
14.969563 0.002100 0.009793 0.006423
14.971663 0.002101 0.009822 0.006451
14.973764 0.002101 0.009851 0.006480
14.975865 0.002101 0.009880 0.006509
14.977966 0.002101 0.009909 0.006538
14.980067 0.002101 0.009937 0.006566
14.982169 0.002102 0.009964 0.006594
14.984271 0.002102 0.009991 0.006620
14.986373 0.002102 0.010018 0.006647
14.988475 0.002102 0.010044 0.006673
14.990577 0.002102 0.010070 0.006699
14.992679 0.002102 0.010096 0.006725
14.994782 0.002103 0.010122 0.006751
14.996885 0.002103 0.010148 0.006777
14.998988 0.002103 0.010174 0.006804
15.001091 0.002103 0.010201 0.006830
15.003194 0.002103 0.010228 0.006857
15.005298 0.002104 0.010255 0.006884
15.007402 0.002104 0.010283 0.006912
15.009506 0.002104 0.010311 0.006940
15.011610 0.002104 0.010340 0.006969
15.013714 0.002104 0.010370 0.006999
15.015819 0.002104 0.010400 0.007029
15.017923 0.002105 0.010430 0.007060
15.020028 0.002105 0.010462 0.007091
15.022133 0.002105 0.010493 0.007123
15.024238 0.002105 0.010526 0.007155
15.026344 0.002105 0.010558 0.007188
15.028449 0.002106 0.010592 0.007221
15.030555 0.002106 0.010625 0.007255
15.032661 0.002106 0.010659 0.007289
15.034767 0.002106 0.010694 0.007323
15.036874 0.002106 0.010728 0.007358
15.038980 0.002107 0.010764 0.007393
15.041087 0.002107 0.010799 0.007428
15.043194 0.002107 0.010835 0.007464
15.045301 0.002107 0.010871 0.007501
15.047408 0.002107 0.010908 0.007537
15.049516 0.002107 0.010944 0.007573
15.051623 0.002108 0.010981 0.007610
15.053731 0.002108 0.011018 0.007647
15.055839 0.002108 0.011054 0.007684
15.057947 0.002108 0.011091 0.007721
15.060056 0.002108 0.011128 0.007758
15.062164 0.002109 0.011165 0.007794
15.064273 0.002109 0.011202 0.007832
15.066382 0.002109 0.011240 0.007869
15.068491 0.002109 0.011277 0.007906
15.070601 0.002109 0.011315 0.007944
15.072710 0.002110 0.011353 0.007982
15.074820 0.002110 0.011391 0.008021
15.076930 0.002110 0.011430 0.008059
15.079040 0.002110 0.011469 0.008098
15.081150 0.002110 0.011508 0.008137
15.083260 0.002110 0.011547 0.008176
15.085371 0.002111 0.011586 0.008215
15.087482 0.002111 0.011626 0.008255
15.089593 0.002111 0.011666 0.008295
15.091704 0.002111 0.011706 0.008335
15.093816 0.002111 0.011746 0.008375
15.095927 0.002112 0.011786 0.008415
15.098039 0.002112 0.011826 0.008455
15.100151 0.002112 0.011866 0.008496
15.102263 0.002112 0.011907 0.008536
15.104375 0.002112 0.011947 0.008577
15.106488 0.002113 0.011988 0.008617
15.108601 0.002113 0.012029 0.008658
15.110713 0.002113 0.012069 0.008698
15.112827 0.002113 0.012110 0.008739
15.114940 0.002113 0.012150 0.008780
15.117053 0.002113 0.012191 0.008821
15.119167 0.002114 0.012233 0.008862
15.121281 0.002114 0.012274 0.008904
15.123395 0.002114 0.012316 0.008946
15.125509 0.002114 0.012359 0.008988
15.127623 0.002114 0.012402 0.009031
15.129738 0.002115 0.012446 0.009075
15.131853 0.002115 0.012490 0.009120
15.133968 0.002115 0.012535 0.009165
15.136083 0.002115 0.012581 0.009210
15.138198 0.002115 0.012627 0.009257
15.140314 0.002116 0.012675 0.009304
15.142430 0.002116 0.012723 0.009352
15.144545 0.002116 0.012772 0.009401
15.146662 0.002116 0.012821 0.009451
15.148778 0.002116 0.012873 0.009502
15.150894 0.002116 0.012925 0.009555
15.153011 0.002117 0.012979 0.009608
15.155128 0.002117 0.013034 0.009663
15.157245 0.002117 0.013089 0.009718
15.159362 0.002117 0.013145 0.009774
15.161480 0.002117 0.013202 0.009831
15.163597 0.002118 0.013259 0.009889
15.165715 0.002118 0.013317 0.009946
15.167833 0.002118 0.013375 0.010005
15.169951 0.002118 0.013434 0.010063
15.172070 0.002118 0.013493 0.010122
15.174188 0.002119 0.013551 0.010180
15.176307 0.002119 0.013610 0.010239
15.178426 0.002119 0.013668 0.010297
15.180545 0.002119 0.013726 0.010355
15.182664 0.002119 0.013784 0.010413
15.184784 0.002120 0.013841 0.010471
15.186903 0.002120 0.013899 0.010528
15.189023 0.002120 0.013956 0.010585
15.191143 0.002120 0.014013 0.010642
15.193264 0.002120 0.014069 0.010699
15.195384 0.002120 0.014126 0.010755
15.197505 0.002121 0.014182 0.010811
15.199626 0.002121 0.014237 0.010867
15.201747 0.002121 0.014292 0.010922
15.203868 0.002121 0.014347 0.010976
15.205989 0.002121 0.014401 0.011031
15.208111 0.002122 0.014455 0.011085
15.210233 0.002122 0.014509 0.011138
15.212355 0.002122 0.014561 0.011191
15.214477 0.002122 0.014613 0.011242
15.216599 0.002122 0.014664 0.011294
15.218722 0.002123 0.014715 0.011344
15.220844 0.002123 0.014764 0.011393
15.222967 0.002123 0.014813 0.011442
15.225090 0.002123 0.014861 0.011491
15.227214 0.002123 0.014909 0.011539
15.229337 0.002123 0.014957 0.011586
15.231461 0.002124 0.015003 0.011633
15.233585 0.002124 0.015050 0.011679
15.235709 0.002124 0.015096 0.011725
15.237833 0.002124 0.015141 0.011770
15.239957 0.002124 0.015186 0.011815
15.242082 0.002125 0.015231 0.011860
15.244207 0.002125 0.015275 0.011904
15.246332 0.002125 0.015319 0.011948
15.248457 0.002125 0.015362 0.011992
15.250582 0.002125 0.015405 0.012035
15.252708 0.002126 0.015448 0.012077
15.254834 0.002126 0.015490 0.012119
15.256960 0.002126 0.015531 0.012160
15.259086 0.002126 0.015572 0.012202
15.261212 0.002126 0.015613 0.012242
15.263339 0.002127 0.015653 0.012283
15.265466 0.002127 0.015693 0.012322
15.267592 0.002127 0.015732 0.012362
15.269720 0.002127 0.015771 0.012401
15.271847 0.002127 0.015810 0.012439
15.273974 0.002127 0.015847 0.012477
15.276102 0.002128 0.015884 0.012514
15.278230 0.002128 0.015921 0.012550
15.280358 0.002128 0.015957 0.012586
15.282486 0.002128 0.015993 0.012622
15.284615 0.002128 0.016028 0.012657
15.286743 0.002129 0.016062 0.012691
15.288872 0.002129 0.016096 0.012725
15.291001 0.002129 0.016129 0.012759
15.293130 0.002129 0.016162 0.012791
15.295260 0.002129 0.016194 0.012823
15.297389 0.002130 0.016226 0.012855
15.299519 0.002130 0.016257 0.012886
15.301649 0.002130 0.016288 0.012917
15.303779 0.002130 0.016318 0.012947
15.305909 0.002130 0.016348 0.012977
15.308040 0.002131 0.016378 0.013007
15.310171 0.002131 0.016407 0.013036
15.312302 0.002131 0.016436 0.013065
15.314433 0.002131 0.016464 0.013094
15.316564 0.002131 0.016493 0.013122
15.318695 0.002131 0.016520 0.013150
15.320827 0.002132 0.016548 0.013177
15.322959 0.002132 0.016575 0.013205
15.325091 0.002132 0.016602 0.013232
15.327223 0.002132 0.016629 0.013258
15.329356 0.002132 0.016655 0.013284
15.331488 0.002133 0.016681 0.013310
15.333621 0.002132 0.016706 0.013335
15.335753 0.002132 0.016731 0.013360
15.337886 0.002132 0.016755 0.013385
15.340018 0.002132 0.016779 0.013408
15.342150 0.002132 0.016803 0.013432
15.344283 0.002132 0.016826 0.013455
15.346415 0.002132 0.016849 0.013478
15.348547 0.002132 0.016871 0.013500
15.350680 0.002132 0.016893 0.013522
15.352812 0.002132 0.016915 0.013544
15.354944 0.002132 0.016936 0.013565
15.357077 0.002132 0.016957 0.013586
15.359209 0.002132 0.016978 0.013607
15.361341 0.002132 0.016998 0.013627
15.363473 0.002132 0.017018 0.013647
15.365605 0.002132 0.017038 0.013667
15.367737 0.002132 0.017057 0.013687
15.369869 0.002132 0.017077 0.013706
15.372002 0.002132 0.017096 0.013725
15.374134 0.002132 0.017115 0.013744
15.376266 0.002132 0.017134 0.013763
15.378398 0.002132 0.017153 0.013782
15.380530 0.002132 0.017171 0.013800
15.382661 0.002132 0.017190 0.013819
15.384793 0.002132 0.017208 0.013837
15.386925 0.002132 0.017226 0.013855
15.389057 0.002132 0.017244 0.013873
15.391189 0.002132 0.017262 0.013891
15.393321 0.002132 0.017279 0.013908
15.395453 0.002132 0.017297 0.013926
15.397584 0.002132 0.017314 0.013943
15.399716 0.002132 0.017331 0.013960
15.401848 0.002132 0.017348 0.013977
15.403980 0.002132 0.017365 0.013994
15.406111 0.002132 0.017381 0.014011
15.408243 0.002132 0.017398 0.014027
15.410374 0.002132 0.017414 0.014043
15.412506 0.002132 0.017430 0.014059
15.414638 0.002132 0.017445 0.014075
15.416769 0.002132 0.017461 0.014090
15.418901 0.002132 0.017476 0.014105
15.421032 0.002131 0.017491 0.014120
15.423164 0.002131 0.017506 0.014135
15.425295 0.002131 0.017520 0.014150
15.427426 0.002131 0.017534 0.014164
15.429558 0.002131 0.017548 0.014177
15.431689 0.002131 0.017561 0.014190
15.433821 0.002131 0.017574 0.014203
15.435952 0.002131 0.017586 0.014216
15.438083 0.002131 0.017599 0.014228
15.440214 0.002131 0.017612 0.014241
15.442346 0.002131 0.017624 0.014253
15.444477 0.002131 0.017637 0.014266
15.446608 0.002131 0.017649 0.014278
15.448739 0.002131 0.017661 0.014290
15.450870 0.002131 0.017673 0.014302
15.453001 0.002131 0.017685 0.014314
15.455132 0.002131 0.017696 0.014325
15.457263 0.002131 0.017707 0.014337
15.459394 0.002131 0.017718 0.014348
15.461525 0.002131 0.017729 0.014358
15.463656 0.002131 0.017740 0.014369
15.465787 0.002131 0.017750 0.014379
15.467918 0.002131 0.017761 0.014390
15.470049 0.002131 0.017771 0.014400
15.472180 0.002131 0.017781 0.014411
15.474311 0.002131 0.017792 0.014421
15.476442 0.002131 0.017803 0.014432
15.478572 0.002131 0.017814 0.014443
15.480703 0.002131 0.017824 0.014454
15.482834 0.002131 0.017835 0.014465
15.484965 0.002131 0.017846 0.014475
15.487095 0.002131 0.017857 0.014486
15.489226 0.002131 0.017867 0.014496
15.491357 0.002131 0.017877 0.014507
15.493487 0.002131 0.017887 0.014517
15.495618 0.002131 0.017897 0.014526
15.497748 0.002131 0.017907 0.014536
15.499879 0.002131 0.017916 0.014545
15.502009 0.002130 0.017925 0.014554
15.504140 0.002130 0.017934 0.014563
15.506270 0.002130 0.017943 0.014572
15.508401 0.002130 0.017952 0.014581
15.510531 0.002130 0.017960 0.014590
15.512661 0.002130 0.017969 0.014598
15.514792 0.002130 0.017977 0.014607
15.516922 0.002130 0.017986 0.014615
15.519052 0.002130 0.017994 0.014623
15.521182 0.002130 0.018002 0.014632
15.523313 0.002130 0.018010 0.014640
15.525443 0.002130 0.018018 0.014648
15.527573 0.002130 0.018026 0.014655
15.529703 0.002130 0.018034 0.014663
15.531833 0.002130 0.018041 0.014670
15.533963 0.002130 0.018048 0.014678
15.536093 0.002130 0.018055 0.014685
15.538223 0.002130 0.018062 0.014692
15.540353 0.002130 0.018069 0.014698
15.542483 0.002130 0.018076 0.014705
15.544613 0.002130 0.018083 0.014712
15.546743 0.002130 0.018089 0.014719
15.548873 0.002130 0.018096 0.014725
15.551003 0.002130 0.018103 0.014732
15.553133 0.002130 0.018109 0.014739
15.555262 0.002130 0.018116 0.014745
15.557392 0.002130 0.018123 0.014752
15.559522 0.002130 0.018130 0.014759
15.561652 0.002130 0.018137 0.014766
15.563781 0.002130 0.018144 0.014773
15.565911 0.002130 0.018151 0.014781
15.568041 0.002130 0.018159 0.014788
15.570170 0.002130 0.018167 0.014796
15.572300 0.002130 0.018174 0.014804
15.574429 0.002130 0.018182 0.014812
15.576559 0.002130 0.018191 0.014820
15.578688 0.002129 0.018199 0.014828
15.580818 0.002129 0.018207 0.014837
15.582947 0.002129 0.018216 0.014845
15.585077 0.002129 0.018224 0.014854
15.587206 0.002129 0.018233 0.014862
15.589335 0.002129 0.018241 0.014870
15.591465 0.002129 0.018249 0.014879
15.593594 0.002129 0.018257 0.014887
15.595723 0.002129 0.018265 0.014895
15.597852 0.002129 0.018273 0.014903
15.599981 0.002129 0.018281 0.014910
15.602111 0.002129 0.018289 0.014918
15.604240 0.002129 0.018296 0.014926
15.606369 0.002129 0.018304 0.014933
15.608498 0.002129 0.018311 0.014940
15.610627 0.002129 0.018318 0.014947
15.612756 0.002129 0.018325 0.014954
15.614885 0.002129 0.018332 0.014961
15.617014 0.002129 0.018339 0.014968
15.619143 0.002129 0.018346 0.014975
15.621272 0.002129 0.018353 0.014982
15.623401 0.002129 0.018360 0.014990
15.625529 0.002129 0.018367 0.014997
15.627658 0.002129 0.018374 0.015004
15.629787 0.002129 0.018382 0.015011
15.631916 0.002129 0.018389 0.015018
15.634044 0.002129 0.018396 0.015025
15.636173 0.002129 0.018403 0.015032
15.638302 0.002129 0.018410 0.015039
15.640430 0.002129 0.018417 0.015046
15.642559 0.002129 0.018424 0.015053
15.644688 0.002129 0.018431 0.015060
15.646816 0.002129 0.018438 0.015067
15.648945 0.002129 0.018445 0.015074
15.651073 0.002128 0.018452 0.015081
15.653202 0.002128 0.018458 0.015087
15.655330 0.002128 0.018465 0.015094
15.657458 0.002128 0.018471 0.015100
15.659587 0.002128 0.018477 0.015106
15.661715 0.002128 0.018482 0.015112
15.663843 0.002128 0.018488 0.015117
15.665972 0.002128 0.018493 0.015122
15.668100 0.002128 0.018498 0.015128
15.670228 0.002128 0.018503 0.015132
15.672356 0.002128 0.018508 0.015137
15.674485 0.002128 0.018512 0.015142
15.676613 0.002128 0.018517 0.015146
15.678741 0.002128 0.018521 0.015150
15.680869 0.002128 0.018525 0.015154
15.682997 0.002128 0.018528 0.015158
15.685125 0.002128 0.018532 0.015161
15.687253 0.002128 0.018536 0.015165
15.689381 0.002128 0.018539 0.015169
15.691509 0.002128 0.018543 0.015172
15.693637 0.002128 0.018546 0.015175
15.695764 0.002128 0.018549 0.015179
15.697892 0.002128 0.018553 0.015182
15.700020 0.002128 0.018556 0.015185
15.702148 0.002128 0.018559 0.015188
15.704276 0.002128 0.018562 0.015191
15.706403 0.002128 0.018565 0.015194
15.708531 0.002128 0.018567 0.015197
15.710659 0.002128 0.018570 0.015199
15.712786 0.002128 0.018573 0.015202
15.714914 0.002128 0.018576 0.015205
15.717041 0.002128 0.018579 0.015208
15.719169 0.002128 0.018582 0.015211
15.721296 0.002128 0.018585 0.015214
15.723424 0.002127 0.018588 0.015217
15.725551 0.002127 0.018591 0.015220
15.727679 0.002127 0.018594 0.015223
15.729806 0.002127 0.018597 0.015227
15.731934 0.002127 0.018601 0.015230
15.734061 0.002127 0.018604 0.015233
15.736188 0.002127 0.018607 0.015237
15.738315 0.002127 0.018611 0.015240
15.740443 0.002127 0.018614 0.015243
15.742570 0.002127 0.018617 0.015246
15.744697 0.002127 0.018620 0.015249
15.746824 0.002127 0.018623 0.015252
15.748951 0.002127 0.018625 0.015255
15.751078 0.002127 0.018628 0.015257
15.753206 0.002127 0.018630 0.015259
15.755333 0.002127 0.018632 0.015261
15.757460 0.002127 0.018633 0.015263
15.759587 0.002127 0.018635 0.015264
15.761714 0.002127 0.018636 0.015265
15.763840 0.002127 0.018637 0.015266
15.765967 0.002127 0.018637 0.015267
15.768094 0.002127 0.018638 0.015267
15.770221 0.002127 0.018638 0.015268
15.772348 0.002127 0.018639 0.015268
15.774475 0.002127 0.018639 0.015268
15.776601 0.002127 0.018640 0.015269
15.778728 0.002127 0.018640 0.015270
15.780855 0.002127 0.018642 0.015271
15.782981 0.002127 0.018643 0.015272
15.785108 0.002127 0.018644 0.015274
15.787235 0.002127 0.018646 0.015276
15.789361 0.002127 0.018648 0.015278
15.791488 0.002127 0.018651 0.015280
15.793614 0.002127 0.018653 0.015282
15.795741 0.002126 0.018656 0.015285
15.797867 0.002126 0.018658 0.015288
15.799994 0.002126 0.018661 0.015291
15.802120 0.002126 0.018664 0.015294
15.804246 0.002126 0.018668 0.015297
15.806373 0.002126 0.018671 0.015300
15.808499 0.002126 0.018674 0.015303
15.810625 0.002126 0.018677 0.015307
15.812752 0.002126 0.018681 0.015310
15.814878 0.002126 0.018684 0.015313
15.817004 0.002126 0.018687 0.015316
15.819130 0.002126 0.018690 0.015319
15.821256 0.002126 0.018693 0.015322
15.823382 0.002126 0.018696 0.015325
15.825508 0.002126 0.018699 0.015328
15.827634 0.002126 0.018702 0.015331
15.829760 0.002126 0.018705 0.015334
15.831886 0.002126 0.018708 0.015337
15.834012 0.002126 0.018711 0.015340
15.836138 0.002126 0.018714 0.015343
15.838264 0.002126 0.018716 0.015346
15.840390 0.002126 0.018719 0.015349
15.842516 0.002126 0.018722 0.015351
15.844642 0.002126 0.018725 0.015354
15.846768 0.002126 0.018728 0.015357
15.848893 0.002126 0.018731 0.015360
15.851019 0.002126 0.018734 0.015363
15.853145 0.002126 0.018737 0.015366
15.855270 0.002126 0.018739 0.015369
15.857396 0.002126 0.018742 0.015372
15.859522 0.002126 0.018745 0.015375
15.861647 0.002126 0.018748 0.015378
15.863773 0.002126 0.018752 0.015381
15.865898 0.002126 0.018755 0.015384
15.868024 0.002125 0.018758 0.015387
15.870149 0.002125 0.018761 0.015390
15.872275 0.002125 0.018765 0.015394
15.874400 0.002125 0.018768 0.015397
15.876525 0.002125 0.018772 0.015401
15.878651 0.002125 0.018775 0.015405
15.880776 0.002125 0.018779 0.015408
15.882901 0.002125 0.018783 0.015412
15.885026 0.002125 0.018787 0.015416
15.887152 0.002125 0.018791 0.015420
15.889277 0.002125 0.018795 0.015425
15.891402 0.002125 0.018800 0.015429
15.893527 0.002125 0.018804 0.015433
15.895652 0.002125 0.018808 0.015438
15.897777 0.002125 0.018813 0.015442
15.899902 0.002125 0.018817 0.015447
15.902027 0.002125 0.018822 0.015451
15.904152 0.002125 0.018826 0.015456
15.906277 0.002125 0.018831 0.015460
15.908402 0.002125 0.018835 0.015465
15.910527 0.002125 0.018840 0.015469
15.912652 0.002125 0.018844 0.015474
15.914777 0.002125 0.018849 0.015478
15.916902 0.002125 0.018853 0.015482
15.919026 0.002125 0.018858 0.015487
15.921151 0.002125 0.018862 0.015491
15.923276 0.002125 0.018866 0.015496
15.925400 0.002125 0.018871 0.015500
15.927525 0.002125 0.018875 0.015504
15.929650 0.002125 0.018880 0.015509
15.931774 0.002125 0.018884 0.015513
15.933899 0.002125 0.018888 0.015518
15.936023 0.002125 0.018893 0.015522
15.938148 0.002124 0.018897 0.015527
15.940272 0.002124 0.018902 0.015531
15.942397 0.002124 0.018907 0.015536
15.944521 0.002124 0.018911 0.015541
15.946645 0.002124 0.018916 0.015545
15.948770 0.002124 0.018921 0.015550
15.950894 0.002124 0.018925 0.015554
15.953018 0.002124 0.018930 0.015559
15.955142 0.002124 0.018935 0.015564
15.957267 0.002124 0.018939 0.015569
15.959391 0.002124 0.018944 0.015573
15.961515 0.002124 0.018949 0.015578
15.963639 0.002124 0.018953 0.015583
15.965763 0.002124 0.018958 0.015587
15.967887 0.002124 0.018963 0.015592
15.970011 0.002124 0.018968 0.015597
15.972135 0.002124 0.018972 0.015602
15.974259 0.002124 0.018977 0.015607
15.976383 0.002124 0.018982 0.015611
15.978506 0.002124 0.018987 0.015616
15.980630 0.002124 0.018992 0.015621
15.982754 0.002124 0.018996 0.015626
15.984878 0.002124 0.019001 0.015630
15.987001 0.002124 0.019006 0.015635
15.989125 0.002124 0.019010 0.015640
15.991249 0.002124 0.019015 0.015644
15.993372 0.002124 0.019020 0.015649
15.995496 0.002124 0.019024 0.015653
15.997619 0.002124 0.019029 0.015658
15.999743 0.002123 0.019033 0.015662
16.001866 0.002123 0.019038 0.015667
16.003990 0.002123 0.019042 0.015671
16.006113 0.002123 0.019047 0.015676
16.008236 0.002123 0.019051 0.015681
16.010360 0.002123 0.019056 0.015685
16.012483 0.002123 0.019060 0.015690
16.014606 0.002123 0.019065 0.015694
16.016729 0.002123 0.019070 0.015699
16.018852 0.002123 0.019074 0.015704
16.020976 0.002123 0.019079 0.015708
16.023099 0.002123 0.019084 0.015713
16.025222 0.002123 0.019088 0.015718
16.027345 0.002123 0.019093 0.015722
16.029468 0.002123 0.019098 0.015727
16.031591 0.002123 0.019103 0.015732
16.033714 0.002123 0.019107 0.015737
16.035836 0.002123 0.019112 0.015741
16.037959 0.002123 0.019117 0.015746
16.040082 0.002123 0.019122 0.015751
16.042205 0.002123 0.019126 0.015756
16.044328 0.002123 0.019131 0.015760
16.046450 0.002123 0.019136 0.015765
16.048573 0.002123 0.019140 0.015770
16.050696 0.002123 0.019145 0.015774
16.052818 0.002123 0.019149 0.015779
16.054941 0.002123 0.019154 0.015783
16.057063 0.002123 0.019158 0.015787
16.059186 0.002122 0.019162 0.015792
16.061308 0.002122 0.019166 0.015796
16.063431 0.002122 0.019171 0.015800
16.065553 0.002122 0.019175 0.015804
16.067675 0.002122 0.019179 0.015808
16.069798 0.002122 0.019183 0.015812
16.071920 0.002122 0.019187 0.015816
16.074042 0.002122 0.019191 0.015820
16.076165 0.002122 0.019195 0.015824
16.078287 0.002122 0.019199 0.015828
16.080409 0.002122 0.019203 0.015832
16.082531 0.002122 0.019207 0.015836
16.084653 0.002122 0.019211 0.015840
16.086775 0.002122 0.019215 0.015844
16.088897 0.002122 0.019219 0.015849
16.091019 0.002122 0.019224 0.015853
16.093141 0.002122 0.019228 0.015857
16.095263 0.002122 0.019232 0.015861
16.097385 0.002122 0.019236 0.015866
16.099507 0.002122 0.019240 0.015870
16.101629 0.002122 0.019244 0.015874
16.103751 0.002122 0.019248 0.015877
16.105872 0.002122 0.019252 0.015881
16.107994 0.002122 0.019255 0.015885
16.110116 0.002122 0.019259 0.015888
16.112237 0.002122 0.019263 0.015892
16.114359 0.002122 0.019266 0.015896
16.116481 0.002122 0.019270 0.015899
16.118602 0.002122 0.019273 0.015903
16.120724 0.002122 0.019277 0.015906
16.122845 0.002122 0.019281 0.015910
16.124967 0.002121 0.019285 0.015914
16.127088 0.002121 0.019288 0.015918
16.129210 0.002121 0.019292 0.015922
16.131331 0.002121 0.019296 0.015925
16.133452 0.002121 0.019300 0.015929
16.135574 0.002121 0.019304 0.015933
16.137695 0.002121 0.019308 0.015937
16.139816 0.002121 0.019312 0.015941
16.141937 0.002121 0.019315 0.015945
16.144059 0.002121 0.019319 0.015948
16.146180 0.002121 0.019323 0.015952
16.148301 0.002121 0.019327 0.015956
16.150422 0.002121 0.019331 0.015960
16.152543 0.002121 0.019335 0.015964
16.154664 0.002121 0.019339 0.015968
16.156785 0.002121 0.019343 0.015972
16.158906 0.002121 0.019347 0.015976
16.161027 0.002121 0.019351 0.015980
16.163148 0.002121 0.019356 0.015985
16.165269 0.002121 0.019360 0.015989
16.167390 0.002121 0.019364 0.015994
16.169510 0.002121 0.019369 0.015998
16.171631 0.002121 0.019373 0.016003
16.173752 0.002121 0.019378 0.016007
16.175873 0.002121 0.019383 0.016012
16.177993 0.002121 0.019387 0.016017
16.180114 0.002121 0.019392 0.016021
16.182235 0.002121 0.019397 0.016026
16.184355 0.002121 0.019402 0.016031
16.186476 0.002121 0.019407 0.016036
16.188596 0.002121 0.019412 0.016041
16.190717 0.002121 0.019417 0.016047
16.192837 0.002120 0.019423 0.016052
16.194958 0.002120 0.019429 0.016058
16.197078 0.002120 0.019435 0.016065
16.199198 0.002120 0.019442 0.016071
16.201319 0.002120 0.019449 0.016078
16.203439 0.002120 0.019456 0.016085
16.205559 0.002120 0.019463 0.016093
16.207680 0.002120 0.019471 0.016100
16.209800 0.002120 0.019479 0.016108
16.211920 0.002120 0.019487 0.016117
16.214040 0.002120 0.019496 0.016125
16.216160 0.002120 0.019505 0.016134
16.218281 0.002120 0.019514 0.016143
16.220401 0.002120 0.019523 0.016152
16.222521 0.002120 0.019532 0.016161
16.224641 0.002120 0.019542 0.016171
16.226761 0.002120 0.019552 0.016181
16.228881 0.002120 0.019562 0.016191
16.231001 0.002120 0.019572 0.016201
16.233120 0.002120 0.019581 0.016211
16.235240 0.002120 0.019591 0.016221
16.237360 0.002120 0.019601 0.016231
16.239480 0.002120 0.019611 0.016241
16.241600 0.002120 0.019622 0.016251
16.243720 0.002120 0.019632 0.016261
16.245839 0.002120 0.019643 0.016272
16.247959 0.002120 0.019654 0.016284
16.250079 0.002120 0.019666 0.016295
16.252198 0.002120 0.019678 0.016307
16.254318 0.002120 0.019691 0.016320
16.256437 0.002120 0.019704 0.016333
16.258557 0.002120 0.019717 0.016347
16.260676 0.002120 0.019731 0.016361
16.262796 0.002119 0.019746 0.016375
16.264915 0.002119 0.019761 0.016390
16.267035 0.002119 0.019776 0.016406
16.269154 0.002119 0.019793 0.016422
16.271274 0.002119 0.019809 0.016438
16.273393 0.002119 0.019826 0.016456
16.275512 0.002119 0.019844 0.016473
16.277632 0.002119 0.019862 0.016491
16.279751 0.002119 0.019880 0.016510
16.281870 0.002119 0.019899 0.016528
16.283989 0.002119 0.019918 0.016548
16.286108 0.002119 0.019938 0.016567
16.288228 0.002119 0.019957 0.016586
16.290347 0.002119 0.019977 0.016606
16.292466 0.002119 0.019997 0.016626
16.294585 0.002119 0.020017 0.016646
16.296704 0.002119 0.020037 0.016666
16.298823 0.002119 0.020057 0.016686
16.300942 0.002119 0.020077 0.016707
16.303061 0.002119 0.020098 0.016727
16.305180 0.002119 0.020119 0.016748
16.307299 0.002119 0.020139 0.016769
16.309418 0.002119 0.020161 0.016790
16.311536 0.002119 0.020183 0.016812
16.313655 0.002119 0.020205 0.016834
16.315774 0.002119 0.020228 0.016857
16.317893 0.002119 0.020251 0.016880
16.320012 0.002119 0.020274 0.016903
16.322130 0.002119 0.020297 0.016926
16.324249 0.002119 0.020320 0.016949
16.326368 0.002119 0.020343 0.016972
16.328486 0.002119 0.020365 0.016994
16.330605 0.002119 0.020387 0.017017
16.332724 0.002119 0.020409 0.017038
16.334842 0.002119 0.020431 0.017060
16.336961 0.002119 0.020452 0.017081
16.339079 0.002119 0.020473 0.017102
16.341198 0.002119 0.020493 0.017122
16.343316 0.002118 0.020514 0.017143
16.345435 0.002118 0.020533 0.017163
16.347553 0.002118 0.020553 0.017182
16.349672 0.002118 0.020572 0.017202
16.351790 0.002118 0.020591 0.017220
16.353908 0.002118 0.020610 0.017239
16.356027 0.002118 0.020628 0.017257
16.358145 0.002118 0.020646 0.017275
16.360263 0.002118 0.020664 0.017293
16.362382 0.002118 0.020682 0.017311
16.364500 0.002118 0.020700 0.017329
16.366618 0.002118 0.020717 0.017347
16.368736 0.002118 0.020735 0.017364
16.370855 0.002118 0.020752 0.017381
16.372973 0.002118 0.020769 0.017398
16.375091 0.002118 0.020786 0.017415
16.377209 0.002118 0.020803 0.017432
16.379327 0.002118 0.020819 0.017448
16.381445 0.002118 0.020835 0.017464
16.383563 0.002118 0.020850 0.017479
16.385682 0.002118 0.020865 0.017494
16.387800 0.002118 0.020879 0.017509
16.389918 0.002118 0.020893 0.017522
16.392036 0.002118 0.020906 0.017536
16.394154 0.002118 0.020919 0.017548
16.396272 0.002118 0.020931 0.017560
16.398389 0.002118 0.020942 0.017571
16.400507 0.002118 0.020953 0.017582
16.402625 0.002118 0.020963 0.017592
16.404743 0.002118 0.020973 0.017602
16.406861 0.002118 0.020982 0.017611
16.408979 0.002118 0.020990 0.017620
16.411097 0.002118 0.020998 0.017627
16.413215 0.002118 0.021005 0.017635
16.415332 0.002118 0.021012 0.017642
16.417450 0.002118 0.021019 0.017648
16.419568 0.002118 0.021025 0.017654
16.421686 0.002118 0.021031 0.017661
16.423803 0.002118 0.021038 0.017667
16.425921 0.002118 0.021044 0.017673
16.428039 0.002118 0.021049 0.017679
16.430156 0.002118 0.021055 0.017684
16.432274 0.002118 0.021060 0.017689
16.434392 0.002118 0.021065 0.017694
16.436509 0.002118 0.021070 0.017699
16.438627 0.002118 0.021074 0.017704
16.440745 0.002118 0.021079 0.017708
16.442862 0.002118 0.021083 0.017712
16.444980 0.002118 0.021087 0.017717
16.447097 0.002118 0.021092 0.017721
16.449215 0.002118 0.021096 0.017725
16.451332 0.002118 0.021099 0.017729
16.453450 0.002117 0.021103 0.017732
16.455567 0.002117 0.021107 0.017736
16.457685 0.002117 0.021110 0.017739
16.459802 0.002117 0.021112 0.017742
16.461919 0.002117 0.021115 0.017744
16.464037 0.002117 0.021117 0.017747
16.466154 0.002117 0.021120 0.017749
16.468272 0.002117 0.021122 0.017751
16.470389 0.002117 0.021124 0.017753
16.472506 0.002117 0.021126 0.017756
16.474624 0.002117 0.021129 0.017758
16.476741 0.002117 0.021131 0.017760
16.478858 0.002117 0.021133 0.017762
16.480975 0.002117 0.021135 0.017764
16.483093 0.002117 0.021137 0.017766
16.485210 0.002117 0.021139 0.017768
16.487327 0.002117 0.021141 0.017770
16.489444 0.002117 0.021142 0.017772
16.491562 0.002117 0.021144 0.017774
16.493679 0.002117 0.021146 0.017775
16.495796 0.002117 0.021148 0.017777
16.497913 0.002117 0.021149 0.017779
16.500030 0.002117 0.021151 0.017780
16.502147 0.002117 0.021152 0.017781
16.504264 0.002117 0.021153 0.017782
16.506382 0.002117 0.021154 0.017783
16.508499 0.002117 0.021154 0.017784
16.510616 0.002117 0.021155 0.017784
16.512733 0.002117 0.021155 0.017784
16.514850 0.002117 0.021155 0.017784
16.516967 0.002117 0.021154 0.017784
16.519084 0.002117 0.021154 0.017783
16.521201 0.002117 0.021153 0.017783
16.523318 0.002117 0.021153 0.017782
16.525435 0.002117 0.021152 0.017781
16.527552 0.002117 0.021151 0.017780
16.529668 0.002117 0.021149 0.017779
16.531785 0.002117 0.021148 0.017777
16.533902 0.002117 0.021146 0.017775
16.536019 0.002117 0.021144 0.017773
16.538136 0.002117 0.021141 0.017770
16.540253 0.002117 0.021138 0.017767
16.542370 0.002117 0.021134 0.017764
16.544486 0.002117 0.021131 0.017760
16.546603 0.002117 0.021127 0.017756
16.548720 0.002117 0.021122 0.017751
16.550837 0.002117 0.021117 0.017746
16.552953 0.002117 0.021112 0.017741
16.555070 0.002117 0.021106 0.017736
16.557187 0.002117 0.021100 0.017730
16.559304 0.002117 0.021094 0.017724
16.561420 0.002117 0.021088 0.017717
16.563537 0.002117 0.021082 0.017711
16.565654 0.002117 0.021076 0.017705
16.567770 0.002117 0.021069 0.017699
16.569887 0.002117 0.021063 0.017692
16.572004 0.002117 0.021057 0.017686
16.574120 0.002117 0.021051 0.017681
16.576237 0.002117 0.021046 0.017675
16.578353 0.002117 0.021041 0.017670
16.580470 0.002117 0.021037 0.017666
16.582586 0.002117 0.021032 0.017662
16.584703 0.002116 0.021029 0.017658
16.586819 0.002116 0.021025 0.017655
16.588936 0.002116 0.021022 0.017652
16.591052 0.002116 0.021020 0.017649
16.593168 0.002116 0.021017 0.017647
16.595285 0.002116 0.021015 0.017645
16.597401 0.002116 0.021014 0.017643
16.599518 0.002116 0.021012 0.017642
16.601634 0.002116 0.021011 0.017640
16.603750 0.002116 0.021010 0.017639
16.605866 0.002116 0.021009 0.017638
16.607983 0.002116 0.021008 0.017637
16.610099 0.002116 0.021007 0.017636
16.612215 0.002116 0.021006 0.017635
16.614331 0.002116 0.021005 0.017634
16.616448 0.002116 0.021004 0.017633
16.618564 0.002116 0.021003 0.017632
16.620680 0.002116 0.021002 0.017631
16.622796 0.002116 0.021001 0.017630
16.624912 0.002116 0.021000 0.017629
16.627028 0.002116 0.020999 0.017628
16.629144 0.002116 0.020998 0.017627
16.631260 0.002116 0.020996 0.017626
16.633376 0.002116 0.020995 0.017624
16.635492 0.002116 0.020993 0.017622
16.637608 0.002116 0.020991 0.017621
16.639724 0.002116 0.020989 0.017619
16.641840 0.002116 0.020987 0.017616
16.643956 0.002116 0.020985 0.017614
16.646072 0.002116 0.020982 0.017612
16.648188 0.002116 0.020980 0.017609
16.650304 0.002116 0.020977 0.017607
16.652419 0.002116 0.020974 0.017604
16.654535 0.002116 0.020972 0.017601
16.656651 0.002116 0.020969 0.017598
16.658767 0.002116 0.020965 0.017595
16.660882 0.002116 0.020962 0.017592
16.662998 0.002116 0.020959 0.017589
16.665114 0.002116 0.020956 0.017585
16.667229 0.002116 0.020953 0.017582
16.669345 0.002116 0.020950 0.017579
16.671461 0.002116 0.020946 0.017576
16.673576 0.002116 0.020943 0.017573
16.675692 0.002116 0.020940 0.017569
16.677807 0.002116 0.020937 0.017566
16.679923 0.002116 0.020934 0.017563
16.682038 0.002115 0.020931 0.017560
16.684154 0.002115 0.020928 0.017557
16.686269 0.002115 0.020925 0.017554
16.688385 0.002115 0.020922 0.017551
16.690500 0.002115 0.020919 0.017548
16.692615 0.002115 0.020916 0.017545
16.694731 0.002115 0.020912 0.017542
16.696846 0.002115 0.020909 0.017538
16.698961 0.002115 0.020905 0.017535
16.701077 0.002115 0.020901 0.017531
16.703192 0.002115 0.020897 0.017527
16.705307 0.002115 0.020893 0.017522
16.707422 0.002115 0.020888 0.017517
16.709538 0.002115 0.020882 0.017512
16.711653 0.002115 0.020876 0.017506
16.713768 0.002115 0.020870 0.017500
16.715883 0.002115 0.020865 0.017494
16.717998 0.002115 0.020859 0.017488
16.720113 0.002115 0.020853 0.017483
16.722228 0.002115 0.020848 0.017477
16.724343 0.002115 0.020843 0.017472
16.726458 0.002115 0.020838 0.017467
16.728573 0.002115 0.020832 0.017461
16.730688 0.002115 0.020826 0.017456
16.732803 0.002115 0.020821 0.017451
16.734918 0.002115 0.020817 0.017447
16.737032 0.002115 0.020814 0.017444
16.739147 0.002115 0.020814 0.017443
16.741262 0.002115 0.020817 0.017446
16.743377 0.002115 0.020824 0.017453
16.745491 0.002115 0.020836 0.017466
16.747606 0.002115 0.020848 0.017477
16.749721 0.002115 0.020859 0.017488
16.751836 0.002115 0.020871 0.017500
16.753950 0.002115 0.020884 0.017513
16.756065 0.002115 0.020898 0.017527
16.758179 0.002115 0.020914 0.017543
16.760294 0.002115 0.020933 0.017562
16.762408 0.002115 0.020954 0.017583
16.764523 0.002115 0.020978 0.017607
16.766637 0.002114 0.021004 0.017633
16.768752 0.002114 0.021032 0.017661
16.770866 0.002114 0.021062 0.017691
16.772981 0.002114 0.021092 0.017722
16.775095 0.002114 0.021126 0.017756
16.777209 0.002114 0.021173 0.017802
16.779324 0.002114 0.021231 0.017860
16.781438 0.002114 0.021308 0.017938
16.783552 0.002114 0.021404 0.018033
16.785667 0.002114 0.021517 0.018147
16.787781 0.002114 0.021649 0.018278
16.789895 0.002114 0.021798 0.018428
16.792009 0.002114 0.021967 0.018597
16.794123 0.002114 0.022157 0.018787
16.796238 0.002114 0.022369 0.018999
16.798352 0.002114 0.022606 0.019235
16.800466 0.002114 0.022874 0.019503
16.802580 0.002114 0.023177 0.019806
16.804694 0.002114 0.023524 0.020153
16.806808 0.002114 0.023925 0.020554
16.808922 0.002114 0.024391 0.021020
16.811036 0.002114 0.024930 0.021559
16.813150 0.002114 0.025559 0.022188
16.815264 0.002114 0.026288 0.022917
16.817378 0.002114 0.027102 0.023732
16.819492 0.002114 0.028010 0.024639
16.821606 0.002114 0.029006 0.025636
16.823719 0.002114 0.030076 0.026706
16.825833 0.002114 0.031193 0.027823
16.827947 0.002114 0.032304 0.028934
16.830061 0.002114 0.033373 0.030003
16.832175 0.002114 0.034392 0.031021
16.834288 0.002114 0.035333 0.031963
16.836402 0.002114 0.036194 0.032823
16.838516 0.002114 0.036972 0.033602
16.840629 0.002114 0.037682 0.034312
16.842743 0.002114 0.038305 0.034934
16.844857 0.002114 0.038831 0.035461
16.846970 0.002114 0.039270 0.035899
16.849084 0.002114 0.039658 0.036288
16.851197 0.002114 0.039975 0.036605
16.853311 0.002114 0.040228 0.036858
16.855425 0.002114 0.040433 0.037063
16.857538 0.002114 0.040600 0.037230
16.859652 0.002113 0.040736 0.037365
16.861765 0.002113 0.040845 0.037475
16.863878 0.002113 0.040932 0.037562
16.865992 0.002113 0.041002 0.037631
16.868105 0.002113 0.041053 0.037683
16.870219 0.002113 0.041090 0.037719
16.872332 0.002113 0.041111 0.037741
16.874445 0.002113 0.041109 0.037738
16.876559 0.002113 0.041093 0.037722
16.878672 0.002113 0.041066 0.037696
16.880785 0.002113 0.041034 0.037663
16.882899 0.002113 0.040998 0.037627
16.885012 0.002113 0.040960 0.037590
16.887125 0.002113 0.040923 0.037552
16.889239 0.002113 0.040886 0.037515
16.891352 0.002113 0.040851 0.037480
16.893465 0.002113 0.040820 0.037450
16.895578 0.002113 0.040792 0.037422
16.897691 0.002113 0.040768 0.037398
16.899804 0.002113 0.040749 0.037378
16.901918 0.002113 0.040732 0.037361
16.904031 0.002113 0.040719 0.037348
16.906144 0.002113 0.040711 0.037341
16.908257 0.002113 0.040709 0.037338
16.910370 0.002113 0.040712 0.037341
16.912483 0.002113 0.040718 0.037348
16.914596 0.002113 0.040728 0.037357
16.916709 0.002113 0.040741 0.037370
16.918822 0.002113 0.040757 0.037386
16.920935 0.002113 0.040776 0.037405
16.923048 0.002113 0.040797 0.037426
16.925161 0.002113 0.040819 0.037449
16.927274 0.002113 0.040842 0.037471
16.929387 0.002113 0.040863 0.037493
16.931500 0.002113 0.040884 0.037513
16.933613 0.002113 0.040903 0.037532
16.935726 0.002113 0.040919 0.037549
16.937839 0.002113 0.040933 0.037562
16.939951 0.002113 0.040943 0.037572
16.942064 0.002113 0.040951 0.037580
16.944177 0.002113 0.040957 0.037586
16.946290 0.002113 0.040960 0.037590
16.948403 0.002113 0.040962 0.037591
16.950516 0.002113 0.040963 0.037592
16.952628 0.002113 0.040964 0.037594
16.954741 0.002113 0.040967 0.037597
16.956854 0.002113 0.040973 0.037602
16.958967 0.002113 0.040980 0.037610
16.961079 0.002113 0.040991 0.037620
16.963192 0.002113 0.041005 0.037634
16.965305 0.002113 0.041022 0.037652
16.967418 0.002113 0.041043 0.037672
16.969530 0.002113 0.041066 0.037695
16.971643 0.002113 0.041093 0.037722
16.973756 0.002113 0.041122 0.037751
16.975868 0.002113 0.041153 0.037782
16.977981 0.002113 0.041184 0.037814
16.980094 0.002113 0.041216 0.037846
16.982206 0.002113 0.041246 0.037875
16.984319 0.002113 0.041274 0.037903
16.986432 0.002113 0.041300 0.037929
16.988544 0.002113 0.041324 0.037954
16.990657 0.002113 0.041346 0.037976
16.992769 0.002113 0.041366 0.037996
16.994882 0.002113 0.041383 0.038012
16.996994 0.002113 0.041395 0.038024
16.999107 0.002113 0.041403 0.038032
17.001220 0.002113 0.041406 0.038035
17.003332 0.002113 0.041402 0.038032
17.005445 0.002113 0.041394 0.038024
17.007557 0.002113 0.041384 0.038014
17.009670 0.002113 0.041374 0.038003
17.011782 0.002113 0.041362 0.037992
17.013895 0.002112 0.041350 0.037979
17.016007 0.002112 0.041338 0.037968
17.018120 0.002112 0.041328 0.037957
17.020232 0.002112 0.041318 0.037947
17.022345 0.002112 0.041309 0.037938
17.024457 0.002112 0.041301 0.037930
17.026569 0.002112 0.041295 0.037925
17.028682 0.002112 0.041292 0.037922
17.030794 0.002112 0.041291 0.037920
17.032907 0.002112 0.041291 0.037920
17.035019 0.002112 0.041292 0.037921
17.037132 0.002112 0.041294 0.037923
17.039244 0.002112 0.041296 0.037926
17.041356 0.002112 0.041299 0.037929
17.043469 0.002112 0.041302 0.037932
17.045581 0.002112 0.041305 0.037935
17.047694 0.002112 0.041308 0.037937
17.049806 0.002112 0.041311 0.037940
17.051918 0.002112 0.041312 0.037942
17.054031 0.002112 0.041313 0.037942
17.056143 0.002112 0.041311 0.037940
17.058255 0.002112 0.041307 0.037936
17.060368 0.002112 0.041300 0.037929
17.062480 0.002112 0.041291 0.037920
17.064592 0.002112 0.041279 0.037908
17.066705 0.002112 0.041265 0.037894
17.068817 0.002112 0.041249 0.037879
17.070929 0.002112 0.041232 0.037862
17.073042 0.002112 0.041215 0.037844
17.075154 0.002112 0.041197 0.037826
17.077266 0.002112 0.041179 0.037808
17.079379 0.002112 0.041161 0.037790
17.081491 0.002112 0.041143 0.037772
17.083603 0.002112 0.041126 0.037756
17.085715 0.002112 0.041110 0.037739
17.087828 0.002112 0.041094 0.037724
17.089940 0.002112 0.041080 0.037709
17.092052 0.002112 0.041066 0.037695
17.094165 0.002112 0.041053 0.037682
17.096277 0.002112 0.041039 0.037668
17.098389 0.002112 0.041026 0.037655
17.100501 0.002112 0.041012 0.037641
17.102613 0.002112 0.040997 0.037626
17.104725 0.002112 0.040982 0.037611
17.106838 0.002112 0.040965 0.037594
17.108950 0.002112 0.040948 0.037577
17.111062 0.002112 0.040929 0.037558
17.113174 0.002112 0.040909 0.037538
17.115286 0.002112 0.040888 0.037517
17.117398 0.002112 0.040865 0.037494
17.119510 0.002112 0.040842 0.037471
17.121622 0.002112 0.040817 0.037446
17.123734 0.002112 0.040791 0.037420
17.125845 0.002112 0.040764 0.037393
17.127957 0.002112 0.040736 0.037365
17.130069 0.002112 0.040707 0.037336
17.132181 0.002112 0.040677 0.037307
17.134293 0.002112 0.040648 0.037277
17.136405 0.002112 0.040618 0.037248
17.138516 0.002112 0.040589 0.037218
17.140628 0.002112 0.040560 0.037189
17.142740 0.002112 0.040531 0.037160
17.144852 0.002112 0.040502 0.037132
17.146963 0.002112 0.040475 0.037104
17.149075 0.002112 0.040448 0.037077
17.151187 0.002112 0.040421 0.037051
17.153298 0.002112 0.040396 0.037025
17.155410 0.002112 0.040371 0.037001
17.157521 0.002112 0.040348 0.036977
17.159633 0.002112 0.040325 0.036954
17.161744 0.002112 0.040303 0.036933
17.163856 0.002112 0.040282 0.036911
17.165967 0.002111 0.040261 0.036890
17.168079 0.002111 0.040240 0.036869
17.170190 0.002111 0.040218 0.036848
17.172302 0.002111 0.040197 0.036826
17.174413 0.002111 0.040175 0.036804
17.176525 0.002111 0.040153 0.036782
17.178636 0.002111 0.040130 0.036759
17.180747 0.002111 0.040106 0.036735
17.182859 0.002111 0.040082 0.036711
17.184970 0.002111 0.040057 0.036687
17.187081 0.002111 0.040033 0.036662
17.189193 0.002111 0.040008 0.036637
17.191304 0.002111 0.039984 0.036613
17.193415 0.002111 0.039959 0.036588
17.195526 0.002111 0.039935 0.036564
17.197637 0.002111 0.039911 0.036540
17.199749 0.002111 0.039888 0.036517
17.201860 0.002111 0.039865 0.036494
17.203971 0.002111 0.039843 0.036472
17.206082 0.002111 0.039822 0.036451
17.208193 0.002111 0.039802 0.036431
17.210304 0.002111 0.039782 0.036412
17.212415 0.002111 0.039765 0.036394
17.214526 0.002111 0.039748 0.036377
17.216637 0.002111 0.039733 0.036362
17.218748 0.002111 0.039718 0.036348
17.220859 0.002111 0.039705 0.036335
17.222970 0.002111 0.039693 0.036323
17.225081 0.002111 0.039682 0.036311
17.227192 0.002111 0.039671 0.036301
17.229303 0.002111 0.039661 0.036290
17.231414 0.002111 0.039651 0.036280
17.233525 0.002111 0.039641 0.036270
17.235636 0.002111 0.039631 0.036260
17.237747 0.002111 0.039621 0.036250
17.239858 0.002111 0.039610 0.036240
17.241968 0.002111 0.039600 0.036229
17.244079 0.002111 0.039589 0.036218
17.246190 0.002111 0.039577 0.036207
17.248301 0.002111 0.039566 0.036195
17.250412 0.002111 0.039554 0.036183
17.252522 0.002111 0.039542 0.036172
17.254633 0.002111 0.039530 0.036160
17.256744 0.002111 0.039519 0.036148
17.258854 0.002111 0.039507 0.036136
17.260965 0.002111 0.039495 0.036125
17.263076 0.002111 0.039484 0.036114
17.265186 0.002111 0.039474 0.036103
17.267297 0.002111 0.039463 0.036093
17.269408 0.002111 0.039454 0.036083
17.271518 0.002111 0.039444 0.036074
17.273629 0.002111 0.039436 0.036065
17.275740 0.002111 0.039428 0.036057
17.277850 0.002111 0.039420 0.036049
17.279961 0.002111 0.039413 0.036042
17.282071 0.002111 0.039406 0.036035
17.284182 0.002111 0.039399 0.036028
17.286292 0.002111 0.039392 0.036021
17.288403 0.002111 0.039385 0.036014
17.290513 0.002111 0.039378 0.036008
17.292624 0.002110 0.039371 0.036000
17.294734 0.002110 0.039364 0.035993
17.296845 0.002110 0.039356 0.035985
17.298955 0.002110 0.039347 0.035976
17.301066 0.002110 0.039338 0.035967
17.303176 0.002110 0.039328 0.035957
17.305287 0.002110 0.039318 0.035947
17.307397 0.002110 0.039307 0.035936
17.309507 0.002110 0.039295 0.035924
17.311618 0.002110 0.039282 0.035912
17.313728 0.002110 0.039269 0.035899
17.315839 0.002110 0.039256 0.035885
17.317949 0.002110 0.039242 0.035872
17.320059 0.002110 0.039229 0.035858
17.322170 0.002110 0.039215 0.035844
17.324280 0.002110 0.039201 0.035830
17.326390 0.002110 0.039188 0.035817
17.328501 0.002110 0.039174 0.035804
17.330611 0.002110 0.039161 0.035791
17.332721 0.002110 0.039149 0.035778
17.334831 0.002110 0.039137 0.035766
17.336942 0.002110 0.039125 0.035754
17.339052 0.002110 0.039113 0.035742
17.341162 0.002110 0.039102 0.035731
17.343273 0.002110 0.039091 0.035720
17.345383 0.002110 0.039080 0.035709
17.347493 0.002110 0.039069 0.035698
17.349603 0.002110 0.039058 0.035687
17.351714 0.002110 0.039046 0.035676
17.353824 0.002110 0.039035 0.035664
17.355934 0.002110 0.039023 0.035652
17.358044 0.002110 0.039010 0.035639
17.360154 0.002110 0.038997 0.035626
17.362265 0.002110 0.038983 0.035612
17.364375 0.002110 0.038968 0.035598
17.366485 0.002110 0.038954 0.035583
17.368595 0.002110 0.038938 0.035568
17.370705 0.002110 0.038923 0.035552
17.372815 0.002110 0.038906 0.035536
17.374926 0.002110 0.038890 0.035519
17.377036 0.002110 0.038874 0.035503
17.379146 0.002110 0.038857 0.035486
17.381256 0.002110 0.038840 0.035470
17.383366 0.002110 0.038823 0.035453
17.385476 0.002110 0.038806 0.035436
17.387587 0.002110 0.038790 0.035419
17.389697 0.002110 0.038773 0.035402
17.391807 0.002110 0.038757 0.035386
17.393917 0.002110 0.038742 0.035371
17.396027 0.002110 0.038726 0.035356
17.398137 0.002110 0.038712 0.035341
17.400247 0.002110 0.038698 0.035328
17.402357 0.002110 0.038685 0.035315
17.404468 0.002110 0.038673 0.035303
17.406578 0.002110 0.038663 0.035292
17.408688 0.002110 0.038654 0.035283
17.410798 0.002110 0.038647 0.035277
17.412908 0.002110 0.038643 0.035272
17.415018 0.002110 0.038641 0.035270
17.417128 0.002110 0.038642 0.035271
17.419238 0.002110 0.038645 0.035274
17.421349 0.002110 0.038651 0.035281
17.423459 0.002110 0.038660 0.035289
17.425569 0.002110 0.038671 0.035300
17.427679 0.002110 0.038684 0.035313
17.429789 0.002110 0.038701 0.035330
17.431899 0.002110 0.038720 0.035349
17.434009 0.002110 0.038742 0.035371
17.436119 0.002110 0.038766 0.035395
17.438230 0.002110 0.038792 0.035421
17.440340 0.002110 0.038818 0.035447
17.442450 0.002110 0.038846 0.035475
17.444560 0.002110 0.038874 0.035503
17.446670 0.002110 0.038904 0.035533
17.448780 0.002110 0.038935 0.035564
17.450890 0.002110 0.038966 0.035596
17.453000 0.002110 0.038998 0.035627
17.455111 0.002110 0.039028 0.035658
17.457221 0.002110 0.039057 0.035687
17.459331 0.002110 0.039085 0.035714
17.461441 0.002110 0.039109 0.035738
17.463551 0.002110 0.039129 0.035759
17.465661 0.002110 0.039146 0.035776
17.467771 0.002110 0.039160 0.035790
17.469882 0.002110 0.039171 0.035800
17.471992 0.002110 0.039179 0.035808
17.474102 0.002110 0.039185 0.035814
17.476212 0.002110 0.039188 0.035818
17.478322 0.002110 0.039190 0.035819
17.480432 0.002110 0.039190 0.035819
17.482543 0.002110 0.039188 0.035817
17.484653 0.002110 0.039183 0.035812
17.486763 0.002110 0.039176 0.035805
17.488873 0.002110 0.039167 0.035796
17.490983 0.002110 0.039155 0.035785
17.493094 0.002110 0.039143 0.035772
17.495204 0.002110 0.039128 0.035757
17.497314 0.002110 0.039111 0.035741
17.499424 0.002110 0.039092 0.035721
17.501535 0.002110 0.039070 0.035699
17.503645 0.002110 0.039045 0.035674
17.505755 0.002110 0.039018 0.035647
17.507865 0.002110 0.038988 0.035617
17.509976 0.002110 0.038956 0.035585
17.512086 0.002110 0.038923 0.035552
17.514196 0.002110 0.038888 0.035518
17.516306 0.002110 0.038853 0.035483
17.518417 0.002110 0.038818 0.035447
17.520527 0.002110 0.038782 0.035411
17.522637 0.002110 0.038746 0.035376
17.524748 0.002110 0.038711 0.035340
17.526858 0.002110 0.038676 0.035305
17.528968 0.002110 0.038641 0.035270
17.531079 0.002110 0.038607 0.035236
17.533189 0.002110 0.038574 0.035203
17.535299 0.002110 0.038541 0.035170
17.537410 0.002110 0.038509 0.035138
17.539520 0.002110 0.038477 0.035107
17.541630 0.002110 0.038447 0.035076
17.543741 0.002110 0.038417 0.035046
17.545851 0.002110 0.038387 0.035017
17.547962 0.002110 0.038359 0.034988
17.550072 0.002110 0.038331 0.034960
17.552183 0.002110 0.038303 0.034933
17.554293 0.002110 0.038276 0.034906
17.556403 0.002110 0.038250 0.034879
17.558514 0.002110 0.038224 0.034853
17.560624 0.002110 0.038199 0.034828
17.562735 0.002110 0.038174 0.034803
17.564845 0.002110 0.038150 0.034779
17.566956 0.002111 0.038126 0.034755
17.569066 0.002111 0.038102 0.034731
17.571177 0.002111 0.038079 0.034708
17.573287 0.002111 0.038056 0.034686
17.575398 0.002111 0.038034 0.034663
17.577509 0.002111 0.038012 0.034641
17.579619 0.002111 0.037991 0.034620
17.581730 0.002111 0.037969 0.034598
17.583840 0.002111 0.037948 0.034578
17.585951 0.002111 0.037928 0.034557
17.588062 0.002111 0.037907 0.034537
17.590172 0.002111 0.037887 0.034517
17.592283 0.002111 0.037868 0.034497
17.594393 0.002111 0.037848 0.034478
17.596504 0.002111 0.037829 0.034459
17.598615 0.002111 0.037811 0.034440
17.600725 0.002111 0.037792 0.034422
17.602836 0.002111 0.037774 0.034404
17.604947 0.002111 0.037757 0.034386
17.607058 0.002111 0.037739 0.034368
17.609168 0.002111 0.037722 0.034351
17.611279 0.002111 0.037705 0.034335
17.613390 0.002111 0.037689 0.034318
17.615501 0.002111 0.037673 0.034302
17.617611 0.002111 0.037657 0.034286
17.619722 0.002111 0.037641 0.034270
17.621833 0.002111 0.037625 0.034255
17.623944 0.002111 0.037610 0.034239
17.626055 0.002111 0.037595 0.034224
17.628166 0.002111 0.037580 0.034209
17.630276 0.002111 0.037565 0.034194
17.632387 0.002111 0.037550 0.034180
17.634498 0.002111 0.037536 0.034165
17.636609 0.002111 0.037522 0.034151
17.638720 0.002111 0.037507 0.034137
17.640831 0.002111 0.037493 0.034123
17.642942 0.002111 0.037479 0.034108
17.645053 0.002111 0.037465 0.034094
17.647164 0.002111 0.037451 0.034080
17.649275 0.002111 0.037437 0.034066
17.651386 0.002111 0.037423 0.034052
17.653497 0.002111 0.037408 0.034037
17.655608 0.002111 0.037394 0.034023
17.657719 0.002111 0.037379 0.034008
17.659830 0.002111 0.037364 0.033993
17.661941 0.002111 0.037349 0.033978
17.664052 0.002111 0.037334 0.033963
17.666164 0.002111 0.037318 0.033947
17.668275 0.002111 0.037302 0.033931
17.670386 0.002111 0.037286 0.033915
17.672497 0.002111 0.037269 0.033898
17.674608 0.002111 0.037252 0.033882
17.676720 0.002111 0.037235 0.033864
17.678831 0.002111 0.037218 0.033847
17.680942 0.002111 0.037200 0.033829
17.683053 0.002111 0.037181 0.033811
17.685165 0.002111 0.037163 0.033792
17.687276 0.002111 0.037144 0.033773
17.689387 0.002111 0.037124 0.033753
17.691498 0.002111 0.037104 0.033734
17.693610 0.002111 0.037084 0.033713
17.695721 0.002111 0.037063 0.033693
17.697833 0.002111 0.037043 0.033672
17.699944 0.002111 0.037021 0.033650
17.702055 0.002111 0.037000 0.033629
17.704167 0.002111 0.036978 0.033607
17.706278 0.002111 0.036955 0.033584
17.708390 0.002111 0.036933 0.033562
17.710501 0.002111 0.036910 0.033539
17.712613 0.002112 0.036886 0.033515
17.714724 0.002112 0.036863 0.033492
17.716836 0.002112 0.036839 0.033468
17.718947 0.002112 0.036814 0.033443
17.721059 0.002112 0.036790 0.033419
17.723170 0.002112 0.036765 0.033394
17.725282 0.002112 0.036739 0.033369
17.727394 0.002112 0.036714 0.033343
17.729505 0.002112 0.036688 0.033317
17.731617 0.002112 0.036662 0.033291
17.733729 0.002112 0.036636 0.033265
17.735840 0.002112 0.036609 0.033239
17.737952 0.002112 0.036583 0.033212
17.740064 0.002112 0.036556 0.033185
17.742176 0.002112 0.036529 0.033158
17.744287 0.002112 0.036502 0.033131
17.746399 0.002112 0.036475 0.033104
17.748511 0.002112 0.036448 0.033077
17.750623 0.002112 0.036420 0.033049
17.752735 0.002112 0.036393 0.033022
17.754847 0.002112 0.036365 0.032994
17.756958 0.002112 0.036337 0.032966
17.759070 0.002112 0.036309 0.032938
17.761182 0.002112 0.036281 0.032910
17.763294 0.002112 0.036253 0.032882
17.765406 0.002112 0.036224 0.032854
17.767518 0.002112 0.036196 0.032825
17.769630 0.002112 0.036167 0.032797
17.771742 0.002112 0.036139 0.032768
17.773854 0.002112 0.036110 0.032740
17.775966 0.002112 0.036082 0.032711
17.778078 0.002112 0.036053 0.032682
17.780191 0.002112 0.036024 0.032653
17.782303 0.002112 0.035995 0.032625
17.784415 0.002112 0.035967 0.032596
17.786527 0.002112 0.035938 0.032567
17.788639 0.002112 0.035909 0.032539
17.790751 0.002112 0.035881 0.032510
17.792864 0.002112 0.035852 0.032482
17.794976 0.002112 0.035824 0.032453
17.797088 0.002112 0.035796 0.032425
17.799201 0.002112 0.035767 0.032397
17.801313 0.002112 0.035739 0.032368
17.803425 0.002112 0.035711 0.032340
17.805538 0.002112 0.035683 0.032312
17.807650 0.002112 0.035655 0.032284
17.809762 0.002112 0.035627 0.032257
17.811875 0.002112 0.035600 0.032229
17.813987 0.002112 0.035572 0.032201
17.816100 0.002112 0.035545 0.032174
17.818212 0.002112 0.035517 0.032146
17.820325 0.002113 0.035490 0.032119
17.822437 0.002113 0.035463 0.032092
17.824550 0.002113 0.035436 0.032065
17.826662 0.002113 0.035409 0.032038
17.828775 0.002113 0.035382 0.032011
17.830888 0.002113 0.035355 0.031984
17.833000 0.002113 0.035328 0.031958
17.835113 0.002113 0.035302 0.031931
17.837226 0.002113 0.035276 0.031905
17.839338 0.002113 0.035249 0.031879
17.841451 0.002113 0.035223 0.031853
17.843564 0.002113 0.035197 0.031827
17.845677 0.002113 0.035172 0.031801
17.847789 0.002113 0.035146 0.031776
17.849902 0.002113 0.035121 0.031750
17.852015 0.002113 0.035096 0.031725
17.854128 0.002113 0.035071 0.031700
17.856241 0.002113 0.035046 0.031675
17.858354 0.002113 0.035022 0.031651
17.860467 0.002113 0.034997 0.031627
17.862580 0.002113 0.034973 0.031602
17.864693 0.002113 0.034949 0.031578
17.866806 0.002113 0.034925 0.031555
17.868919 0.002113 0.034902 0.031531
17.871032 0.002113 0.034878 0.031508
17.873145 0.002113 0.034855 0.031484
17.875258 0.002113 0.034832 0.031461
17.877371 0.002113 0.034809 0.031438
17.879484 0.002113 0.034786 0.031415
17.881597 0.002113 0.034763 0.031393
17.883710 0.002113 0.034741 0.031370
17.885823 0.002113 0.034718 0.031348
17.887937 0.002113 0.034696 0.031325
17.890050 0.002113 0.034674 0.031303
17.892163 0.002113 0.034652 0.031281
17.894276 0.002113 0.034630 0.031259
17.896389 0.002113 0.034608 0.031237
17.898503 0.002113 0.034586 0.031216
17.900616 0.002113 0.034565 0.031194
17.902729 0.002113 0.034543 0.031173
17.904843 0.002113 0.034522 0.031151
17.906956 0.002113 0.034501 0.031130
17.909069 0.002113 0.034479 0.031109
17.911183 0.002113 0.034458 0.031087
17.913296 0.002113 0.034437 0.031066
17.915409 0.002113 0.034416 0.031046
17.917523 0.002113 0.034395 0.031025
17.919636 0.002113 0.034375 0.031004
17.921750 0.002113 0.034354 0.030983
17.923863 0.002113 0.034333 0.030963
17.925977 0.002113 0.034313 0.030942
17.928090 0.002114 0.034292 0.030922
17.930204 0.002114 0.034272 0.030901
17.932317 0.002114 0.034252 0.030881
17.934431 0.002114 0.034232 0.030861
17.936544 0.002114 0.034212 0.030841
17.938658 0.002114 0.034192 0.030821
17.940772 0.002114 0.034172 0.030801
17.942885 0.002114 0.034152 0.030781
17.944999 0.002114 0.034132 0.030761
17.947113 0.002114 0.034112 0.030741
17.949226 0.002114 0.034092 0.030721
17.951340 0.002114 0.034072 0.030702
17.953454 0.002114 0.034053 0.030682
17.955567 0.002114 0.034033 0.030663
17.957681 0.002114 0.034014 0.030643
17.959795 0.002114 0.033995 0.030624
17.961909 0.002114 0.033976 0.030605
17.964023 0.002114 0.033957 0.030586
17.966136 0.002114 0.033938 0.030567
17.968250 0.002114 0.033919 0.030548
17.970364 0.002114 0.033900 0.030529
17.972478 0.002114 0.033881 0.030510
17.974592 0.002114 0.033862 0.030491
17.976706 0.002114 0.033843 0.030473
17.978820 0.002114 0.033825 0.030454
17.980934 0.002114 0.033806 0.030435
17.983048 0.002114 0.033788 0.030417
17.985162 0.002114 0.033769 0.030399
17.987276 0.002114 0.033751 0.030381
17.989390 0.002114 0.033734 0.030363
17.991504 0.002114 0.033716 0.030346
17.993618 0.002114 0.033699 0.030328
17.995732 0.002114 0.033682 0.030311
17.997846 0.002114 0.033665 0.030295
17.999961 0.002114 0.033649 0.030278
18.002075 0.002114 0.033632 0.030262
18.004189 0.002114 0.033616 0.030245
18.006303 0.002114 0.033599 0.030229
18.008418 0.002114 0.033583 0.030212
18.010532 0.002114 0.033567 0.030196
18.012646 0.002114 0.033550 0.030179
18.014760 0.002114 0.033533 0.030163
18.016875 0.002114 0.033517 0.030146
18.018989 0.002114 0.033500 0.030130
18.021103 0.002114 0.033484 0.030114
18.023218 0.002114 0.033469 0.030098
18.025332 0.002114 0.033454 0.030083
18.027447 0.002114 0.033439 0.030068
18.029561 0.002114 0.033424 0.030054
18.031676 0.002114 0.033410 0.030039
18.033790 0.002115 0.033396 0.030025
18.035905 0.002115 0.033382 0.030012
18.038019 0.002115 0.033369 0.029998
18.040134 0.002115 0.033356 0.029985
18.042248 0.002115 0.033344 0.029973
18.044363 0.002115 0.033331 0.029961
18.046478 0.002115 0.033319 0.029949
18.048592 0.002115 0.033308 0.029937
18.050707 0.002115 0.033297 0.029926
18.052822 0.002115 0.033287 0.029917
18.054937 0.002115 0.033278 0.029907
18.057051 0.002115 0.033270 0.029899
18.059166 0.002115 0.033262 0.029891
18.061281 0.002115 0.033255 0.029884
18.063396 0.002115 0.033248 0.029877
18.065511 0.002115 0.033242 0.029871
18.067625 0.002115 0.033236 0.029866
18.069740 0.002115 0.033230 0.029860
18.071855 0.002115 0.033224 0.029853
18.073970 0.002115 0.033217 0.029847
18.076085 0.002115 0.033210 0.029840
18.078200 0.002115 0.033203 0.029833
18.080315 0.002115 0.033196 0.029826
18.082430 0.002115 0.033190 0.029819
18.084545 0.002115 0.033184 0.029813
18.086660 0.002115 0.033179 0.029808
18.088776 0.002115 0.033175 0.029804
18.090891 0.002115 0.033171 0.029801
18.093006 0.002115 0.033169 0.029798
18.095121 0.002115 0.033166 0.029796
18.097236 0.002115 0.033165 0.029794
18.099352 0.002115 0.033163 0.029792
18.101467 0.002115 0.033162 0.029791
18.103582 0.002115 0.033161 0.029791
18.105697 0.002115 0.033161 0.029790
18.107813 0.002115 0.033161 0.029790
18.109928 0.002115 0.033162 0.029792
18.112044 0.002115 0.033165 0.029794
18.114159 0.002115 0.033168 0.029797
18.116274 0.002115 0.033171 0.029800
18.118390 0.002115 0.033175 0.029804
18.120505 0.002116 0.033179 0.029808
18.122621 0.002116 0.033182 0.029812
18.124737 0.002116 0.033186 0.029815
18.126852 0.002116 0.033189 0.029819
18.128968 0.002116 0.033192 0.029822
18.131083 0.002116 0.033195 0.029824
18.133199 0.002116 0.033197 0.029827
18.135315 0.002116 0.033199 0.029828
18.137430 0.002116 0.033199 0.029829
18.139546 0.002116 0.033200 0.029829
18.141662 0.002116 0.033199 0.029828
18.143778 0.002116 0.033198 0.029827
18.145894 0.002116 0.033196 0.029825
18.148009 0.002116 0.033193 0.029823
18.150125 0.002116 0.033190 0.029820
18.152241 0.002116 0.033187 0.029816
18.154357 0.002116 0.033183 0.029812
18.156473 0.002116 0.033179 0.029808
18.158589 0.002116 0.033175 0.029804
18.160705 0.002116 0.033170 0.029799
18.162821 0.002116 0.033165 0.029794
18.164937 0.002116 0.033161 0.029790
18.167053 0.002116 0.033156 0.029785
18.169169 0.002116 0.033151 0.029780
18.171285 0.002116 0.033146 0.029775
18.173401 0.002116 0.033141 0.029770
18.175517 0.002116 0.033135 0.029765
18.177634 0.002116 0.033129 0.029759
18.179750 0.002116 0.033123 0.029752
18.181866 0.002116 0.033117 0.029746
18.183982 0.002116 0.033110 0.029739
18.186098 0.002116 0.033103 0.029733
18.188214 0.002116 0.033096 0.029726
18.190331 0.002116 0.033089 0.029718
18.192447 0.002116 0.033082 0.029711
18.194563 0.002116 0.033074 0.029703
18.196679 0.002116 0.033066 0.029695
18.198796 0.002116 0.033057 0.029687
18.200912 0.002116 0.033049 0.029678
18.203028 0.002116 0.033040 0.029669
18.205144 0.002116 0.033031 0.029660
18.207261 0.002116 0.033021 0.029650
18.209377 0.002116 0.033011 0.029640
18.211493 0.002116 0.033001 0.029630
18.213610 0.002116 0.032990 0.029620
18.215726 0.002116 0.032979 0.029609
18.217842 0.002116 0.032968 0.029598
18.219959 0.002116 0.032957 0.029586
18.222075 0.002116 0.032945 0.029574
18.224192 0.002116 0.032933 0.029562
18.226308 0.002116 0.032921 0.029550
18.228424 0.002116 0.032908 0.029538
18.230541 0.002116 0.032896 0.029525
18.232657 0.002116 0.032883 0.029513
18.234774 0.002116 0.032870 0.029500
18.236890 0.002117 0.032857 0.029487
18.239007 0.002117 0.032844 0.029473
18.241123 0.002117 0.032830 0.029460
18.243240 0.002117 0.032817 0.029446
18.245357 0.002117 0.032802 0.029432
18.247473 0.002117 0.032788 0.029417
18.249590 0.002117 0.032773 0.029402
18.251706 0.002117 0.032758 0.029387
18.253823 0.002117 0.032742 0.029372
18.255940 0.002117 0.032727 0.029356
18.258056 0.002117 0.032711 0.029340
18.260173 0.002117 0.032695 0.029324
18.262290 0.002117 0.032678 0.029308
18.264406 0.002117 0.032662 0.029291
18.266523 0.002117 0.032645 0.029274
18.268640 0.002117 0.032628 0.029258
18.270757 0.002117 0.032612 0.029241
18.272873 0.002117 0.032594 0.029224
18.274990 0.002117 0.032577 0.029207
18.277107 0.002117 0.032560 0.029189
18.279224 0.002117 0.032542 0.029172
18.281341 0.002117 0.032525 0.029154
18.283458 0.002117 0.032507 0.029136
18.285574 0.002117 0.032489 0.029118
18.287691 0.002117 0.032471 0.029100
18.289808 0.002117 0.032452 0.029082
18.291925 0.002117 0.032434 0.029063
18.294042 0.002117 0.032415 0.029045
18.296159 0.002117 0.032397 0.029026
18.298276 0.002117 0.032378 0.029007
18.300393 0.002117 0.032359 0.028989
18.302510 0.002117 0.032340 0.028970
18.304627 0.002117 0.032322 0.028951
18.306744 0.002117 0.032303 0.028932
18.308861 0.002117 0.032284 0.028913
18.310979 0.002117 0.032265 0.028894
18.313096 0.002117 0.032246 0.028875
18.315213 0.002117 0.032227 0.028856
18.317330 0.002117 0.032208 0.028837
18.319447 0.002117 0.032189 0.028818
18.321564 0.002117 0.032170 0.028799
18.323682 0.002117 0.032151 0.028780
18.325799 0.002117 0.032132 0.028761
18.327916 0.002117 0.032113 0.028742
18.330034 0.002117 0.032093 0.028723
18.332151 0.002117 0.032074 0.028703
18.334268 0.002117 0.032055 0.028684
18.336386 0.002117 0.032035 0.028664
18.338503 0.002117 0.032015 0.028645
18.340620 0.002117 0.031996 0.028625
18.342738 0.002117 0.031976 0.028605
18.344855 0.002117 0.031956 0.028585
18.346973 0.002117 0.031936 0.028566
18.349090 0.002118 0.031917 0.028546
18.351208 0.002118 0.031897 0.028526
18.353325 0.002118 0.031877 0.028506
18.355443 0.002118 0.031857 0.028487
18.357561 0.002118 0.031838 0.028467
18.359678 0.002118 0.031818 0.028447
18.361796 0.002118 0.031798 0.028427
18.363914 0.002118 0.031777 0.028407
18.366031 0.002118 0.031757 0.028386
18.368149 0.002118 0.031737 0.028366
18.370267 0.002118 0.031716 0.028345
18.372385 0.002118 0.031695 0.028324
18.374502 0.002118 0.031674 0.028303
18.376620 0.002118 0.031653 0.028282
18.378738 0.002118 0.031631 0.028261
18.380856 0.002118 0.031610 0.028239
18.382974 0.002118 0.031588 0.028217
18.385092 0.002118 0.031567 0.028196
18.387210 0.002118 0.031545 0.028174
18.389328 0.002118 0.031523 0.028152
18.391446 0.002118 0.031501 0.028131
18.393564 0.002118 0.031480 0.028109
18.395682 0.002118 0.031458 0.028087
18.397800 0.002118 0.031436 0.028065
18.399918 0.002118 0.031414 0.028043
18.402036 0.002118 0.031392 0.028021
18.404154 0.002118 0.031370 0.028000
18.406272 0.002118 0.031349 0.027978
18.408391 0.002118 0.031328 0.027957
18.410509 0.002118 0.031306 0.027936
18.412627 0.002118 0.031286 0.027915
18.414745 0.002118 0.031265 0.027894
18.416864 0.002118 0.031244 0.027873
18.418982 0.002118 0.031223 0.027852
18.421101 0.002118 0.031202 0.027832
18.423219 0.002118 0.031181 0.027811
18.425337 0.002118 0.031161 0.027790
18.427456 0.002118 0.031140 0.027769
18.429574 0.002119 0.031119 0.027749
18.431693 0.002119 0.031099 0.027728
18.433811 0.002119 0.031078 0.027708
18.435930 0.002119 0.031058 0.027687
18.438049 0.002119 0.031037 0.027666
18.440167 0.002119 0.031016 0.027646
18.442286 0.002119 0.030996 0.027625
18.444405 0.002119 0.030975 0.027604
18.446523 0.002119 0.030954 0.027584
18.448642 0.002119 0.030934 0.027563
18.450761 0.002119 0.030913 0.027543
18.452880 0.002119 0.030893 0.027522
18.454999 0.002119 0.030873 0.027502
18.457118 0.002119 0.030853 0.027482
18.459237 0.002119 0.030832 0.027462
18.461356 0.002119 0.030812 0.027441
18.463474 0.002119 0.030791 0.027421
18.465594 0.002119 0.030771 0.027400
18.467713 0.002119 0.030750 0.027379
18.469832 0.002119 0.030728 0.027357
18.471951 0.002119 0.030705 0.027335
18.474070 0.002119 0.030682 0.027311
18.476189 0.002119 0.030659 0.027288
18.478308 0.002119 0.030635 0.027264
18.480428 0.002119 0.030612 0.027241
18.482547 0.002119 0.030589 0.027219
18.484666 0.002119 0.030567 0.027196
18.486785 0.002119 0.030544 0.027174
18.488905 0.002119 0.030522 0.027151
18.491024 0.002119 0.030500 0.027129
18.493144 0.002119 0.030478 0.027107
18.495263 0.002119 0.030456 0.027085
18.497383 0.002120 0.030434 0.027063
18.499502 0.002120 0.030412 0.027041
18.501622 0.002120 0.030390 0.027019
18.503741 0.002120 0.030368 0.026998
18.505861 0.002120 0.030347 0.026976
18.507981 0.002120 0.030325 0.026954
18.510100 0.002120 0.030304 0.026933
18.512220 0.002120 0.030282 0.026911
18.514340 0.002120 0.030261 0.026891
18.516460 0.002120 0.030241 0.026871
18.518579 0.002120 0.030222 0.026851
18.520699 0.002120 0.030203 0.026833
18.522819 0.002120 0.030185 0.026814
18.524939 0.002120 0.030168 0.026797
18.527059 0.002120 0.030151 0.026780
18.529179 0.002120 0.030134 0.026763
18.531299 0.002120 0.030118 0.026747
18.533419 0.002120 0.030102 0.026731
18.535539 0.002120 0.030086 0.026715
18.537660 0.002120 0.030070 0.026700
18.539780 0.002120 0.030055 0.026684
18.541900 0.002120 0.030040 0.026669
18.544020 0.002120 0.030025 0.026654
18.546141 0.002120 0.030009 0.026639
18.548261 0.002120 0.029994 0.026624
18.550381 0.002120 0.029979 0.026609
18.552502 0.002120 0.029964 0.026594
18.554622 0.002120 0.029949 0.026579
18.556743 0.002120 0.029934 0.026564
18.558863 0.002121 0.029920 0.026549
18.560984 0.002121 0.029905 0.026534
18.563104 0.002121 0.029890 0.026519
18.565225 0.002121 0.029875 0.026504
18.567345 0.002121 0.029860 0.026489
18.569466 0.002121 0.029845 0.026474
18.571587 0.002121 0.029830 0.026459
18.573708 0.002121 0.029815 0.026444
18.575828 0.002121 0.029800 0.026429
18.577949 0.002121 0.029785 0.026414
18.580070 0.002121 0.029769 0.026399
18.582191 0.002121 0.029754 0.026383
18.584312 0.002121 0.029738 0.026368
18.586433 0.002121 0.029723 0.026352
18.588554 0.002121 0.029707 0.026336
18.590675 0.002121 0.029692 0.026321
18.592796 0.002121 0.029676 0.026305
18.594917 0.002121 0.029660 0.026290
18.597038 0.002121 0.029645 0.026274
18.599160 0.002121 0.029629 0.026258
18.601281 0.002121 0.029614 0.026243
18.603402 0.002121 0.029598 0.026227
18.605524 0.002121 0.029583 0.026212
18.607645 0.002121 0.029567 0.026196
18.609766 0.002121 0.029552 0.026181
18.611888 0.002121 0.029536 0.026166
18.614009 0.002121 0.029521 0.026150
18.616131 0.002122 0.029505 0.026135
18.618252 0.002122 0.029490 0.026119
18.620374 0.002122 0.029475 0.026104
18.622495 0.002122 0.029460 0.026089
18.624617 0.002122 0.029444 0.026074
18.626739 0.002122 0.029429 0.026059
18.628861 0.002122 0.029415 0.026044
18.630982 0.002122 0.029400 0.026029
18.633104 0.002122 0.029385 0.026014
18.635226 0.002122 0.029370 0.026000
18.637348 0.002122 0.029356 0.025985
18.639470 0.002122 0.029342 0.025971
18.641592 0.002122 0.029328 0.025957
18.643714 0.002122 0.029314 0.025943
18.645836 0.002122 0.029300 0.025929
18.647958 0.002122 0.029286 0.025915
18.650080 0.002122 0.029272 0.025902
18.652202 0.002122 0.029259 0.025888
18.654325 0.002122 0.029245 0.025875
18.656447 0.002122 0.029232 0.025861
18.658569 0.002122 0.029218 0.025848
18.660691 0.002122 0.029205 0.025834
18.662814 0.002122 0.029192 0.025821
18.664936 0.002122 0.029179 0.025808
18.667059 0.002122 0.029166 0.025795
18.669181 0.002122 0.029153 0.025782
18.671304 0.002123 0.029140 0.025769
18.673426 0.002123 0.029127 0.025756
18.675549 0.002123 0.029114 0.025743
18.677671 0.002123 0.029101 0.025730
18.679794 0.002123 0.029088 0.025718
18.681917 0.002123 0.029075 0.025705
18.684040 0.002123 0.029063 0.025692
18.686162 0.002123 0.029050 0.025679
18.688285 0.002123 0.029037 0.025667
18.690408 0.002123 0.029025 0.025654
18.692531 0.002123 0.029012 0.025641
18.694654 0.002123 0.028999 0.025629
18.696777 0.002123 0.028986 0.025616
18.698900 0.002123 0.028974 0.025603
18.701023 0.002123 0.028961 0.025590
18.703146 0.002123 0.028948 0.025578
18.705269 0.002123 0.028935 0.025565
18.707393 0.002123 0.028923 0.025552
18.709516 0.002123 0.028910 0.025539
18.711639 0.002123 0.028897 0.025526
18.713763 0.002123 0.028884 0.025513
18.715886 0.002123 0.028871 0.025500
18.718009 0.002123 0.028858 0.025487
18.720133 0.002123 0.028845 0.025474
18.722256 0.002123 0.028832 0.025461
18.724380 0.002124 0.028819 0.025448
18.726503 0.002124 0.028806 0.025435
18.728627 0.002124 0.028793 0.025422
18.730751 0.002124 0.028779 0.025409
18.732874 0.002124 0.028766 0.025395
18.734998 0.002124 0.028753 0.025382
18.737122 0.002124 0.028739 0.025369
18.739246 0.002124 0.028726 0.025355
18.741369 0.002124 0.028712 0.025342
18.743493 0.002124 0.028699 0.025328
18.745617 0.002124 0.028685 0.025314
18.747741 0.002124 0.028671 0.025301
18.749865 0.002124 0.028657 0.025287
18.751989 0.002124 0.028644 0.025273
18.754114 0.002124 0.028630 0.025259
18.756238 0.002124 0.028616 0.025245
18.758362 0.002124 0.028602 0.025231
18.760486 0.002124 0.028588 0.025217
18.762610 0.002124 0.028573 0.025203
18.764735 0.002124 0.028559 0.025189
18.766859 0.002124 0.028545 0.025174
18.768984 0.002124 0.028531 0.025160
18.771108 0.002124 0.028517 0.025146
18.773232 0.002124 0.028502 0.025131
18.775357 0.002125 0.028488 0.025117
18.777482 0.002125 0.028473 0.025103
18.779606 0.002125 0.028459 0.025088
18.781731 0.002125 0.028444 0.025074
18.783856 0.002125 0.028430 0.025059
18.785980 0.002125 0.028415 0.025045
18.788105 0.002125 0.028401 0.025030
18.790230 0.002125 0.028386 0.025016
18.792355 0.002125 0.028372 0.025001
18.794480 0.002125 0.028357 0.024986
18.796605 0.002125 0.028342 0.024971
18.798730 0.002125 0.028327 0.024956
18.800855 0.002125 0.028312 0.024941
18.802980 0.002125 0.028297 0.024926
18.805105 0.002125 0.028282 0.024911
18.807230 0.002125 0.028266 0.024895
18.809356 0.002125 0.028251 0.024880
18.811481 0.002125 0.028235 0.024864
18.813606 0.002125 0.028220 0.024849
18.815731 0.002125 0.028204 0.024833
18.817857 0.002125 0.028188 0.024817
18.819982 0.002125 0.028172 0.024801
18.822108 0.002125 0.028156 0.024785
18.824233 0.002126 0.028140 0.024769
18.826359 0.002126 0.028124 0.024753
18.828485 0.002126 0.028108 0.024737
18.830610 0.002126 0.028091 0.024721
18.832736 0.002126 0.028075 0.024704
18.834862 0.002126 0.028059 0.024688
18.836987 0.002126 0.028042 0.024672
18.839113 0.002126 0.028026 0.024655
18.841239 0.002126 0.028009 0.024639
18.843365 0.002126 0.027993 0.024622
18.845491 0.002126 0.027976 0.024605
18.847617 0.002126 0.027959 0.024589
18.849743 0.002126 0.027943 0.024572
18.851869 0.002126 0.027926 0.024555
18.853995 0.002126 0.027909 0.024539
18.856122 0.002126 0.027893 0.024522
18.858248 0.002126 0.027876 0.024505
18.860374 0.002126 0.027859 0.024488
18.862500 0.002126 0.027842 0.024471
18.864627 0.002126 0.027825 0.024454
18.866753 0.002126 0.027808 0.024437
18.868880 0.002126 0.027791 0.024420
18.871006 0.002126 0.027774 0.024403
18.873133 0.002127 0.027756 0.024386
18.875259 0.002127 0.027739 0.024368
18.877386 0.002127 0.027721 0.024350
18.879512 0.002127 0.027703 0.024333
18.881639 0.002127 0.027685 0.024315
18.883766 0.002127 0.027667 0.024296
18.885893 0.002127 0.027649 0.024278
18.888019 0.002127 0.027630 0.024260
18.890146 0.002127 0.027612 0.024241
18.892273 0.002127 0.027593 0.024222
18.894400 0.002127 0.027574 0.024203
18.896527 0.002127 0.027554 0.024184
18.898654 0.002127 0.027535 0.024164
18.900781 0.002127 0.027515 0.024144
18.902909 0.002127 0.027495 0.024124
18.905036 0.002127 0.027474 0.024104
18.907163 0.002127 0.027454 0.024083
18.909290 0.002127 0.027433 0.024062
18.911418 0.002127 0.027412 0.024041
18.913545 0.002127 0.027391 0.024020
18.915672 0.002127 0.027369 0.023998
18.917800 0.002127 0.027347 0.023976
18.919927 0.002128 0.027325 0.023954
18.922055 0.002128 0.027303 0.023932
18.924182 0.002128 0.027281 0.023910
18.926310 0.002128 0.027258 0.023887
18.928438 0.002128 0.027235 0.023864
18.930566 0.002128 0.027212 0.023841
18.932693 0.002128 0.027189 0.023818
18.934821 0.002128 0.027166 0.023795
18.936949 0.002128 0.027143 0.023772
18.939077 0.002128 0.027119 0.023749
18.941205 0.002128 0.027096 0.023725
18.943333 0.002128 0.027073 0.023702
18.945461 0.002128 0.027049 0.023679
18.947589 0.002128 0.027026 0.023655
18.949717 0.002128 0.027002 0.023632
18.951845 0.002128 0.026979 0.023608
18.953973 0.002128 0.026955 0.023585
18.956102 0.002128 0.026932 0.023561
18.958230 0.002128 0.026908 0.023537
18.960358 0.002128 0.026885 0.023514
18.962487 0.002128 0.026861 0.023490
18.964615 0.002128 0.026837 0.023467
18.966744 0.002128 0.026814 0.023443
18.968872 0.002129 0.026790 0.023419
18.971001 0.002129 0.026766 0.023395
18.973130 0.002129 0.026742 0.023372
18.975258 0.002129 0.026719 0.023348
18.977387 0.002129 0.026695 0.023324
18.979516 0.002129 0.026671 0.023300
18.981645 0.002129 0.026647 0.023277
18.983773 0.002129 0.026623 0.023253
18.985902 0.002129 0.026600 0.023229
18.988031 0.002129 0.026576 0.023205
18.990160 0.002129 0.026552 0.023181
18.992289 0.002129 0.026528 0.023157
18.994418 0.002129 0.026504 0.023134
18.996548 0.002129 0.026480 0.023110
18.998677 0.002129 0.026456 0.023086
19.000806 0.002129 0.026433 0.023062
19.002935 0.002129 0.026409 0.023038
19.005064 0.002129 0.026385 0.023014
19.007192 0.002128 0.026361 0.022990
19.009319 0.002127 0.026337 0.022966
19.011444 0.002126 0.026313 0.022943
19.013569 0.002125 0.026290 0.022919
19.015692 0.002124 0.026266 0.022895
19.017815 0.002123 0.026242 0.022871
19.019936 0.002122 0.026218 0.022847
19.022057 0.002121 0.026194 0.022824
19.024177 0.002120 0.026170 0.022800
19.026296 0.002119 0.026147 0.022776
19.028414 0.002118 0.026123 0.022752
19.030532 0.002118 0.026099 0.022728
19.032649 0.002117 0.026075 0.022704
19.034765 0.002116 0.026051 0.022681
19.036880 0.002115 0.026027 0.022657
19.038995 0.002114 0.026004 0.022633
19.041108 0.002114 0.025980 0.022609
19.043221 0.002113 0.025956 0.022585
19.045333 0.002112 0.025932 0.022561
19.047444 0.002111 0.025908 0.022537
19.049555 0.002110 0.025884 0.022513
19.051664 0.002110 0.025860 0.022489
19.053773 0.002109 0.025836 0.022465
19.055881 0.002108 0.025812 0.022441
19.057989 0.002107 0.025788 0.022417
19.060095 0.002107 0.025764 0.022393
19.062201 0.002106 0.025739 0.022369
19.064307 0.002105 0.025715 0.022345
19.066411 0.002104 0.025691 0.022320
19.068515 0.002104 0.025667 0.022296
19.070617 0.002103 0.025643 0.022272
19.072719 0.002102 0.025618 0.022248
19.074820 0.002101 0.025594 0.022223
19.076921 0.002101 0.025569 0.022199
19.079021 0.002100 0.025545 0.022174
19.081120 0.002099 0.025521 0.022150
19.083219 0.002099 0.025496 0.022125
19.085318 0.002099 0.025471 0.022101
19.087417 0.002099 0.025447 0.022076
19.089515 0.002098 0.025422 0.022052
19.091614 0.002099 0.025398 0.022027
19.093712 0.002098 0.025373 0.022002
19.095810 0.002098 0.025348 0.021978
19.097906 0.002097 0.025324 0.021953
19.100003 0.002096 0.025299 0.021928
19.102098 0.002096 0.025274 0.021904
19.104193 0.002095 0.025250 0.021879
19.106288 0.002095 0.025225 0.021854
19.108383 0.002095 0.025201 0.021830
19.110477 0.002094 0.025176 0.021805
19.112572 0.002094 0.025151 0.021781
19.114666 0.002095 0.025127 0.021756
19.116761 0.002094 0.025102 0.021732
19.118854 0.002094 0.025078 0.021707
19.120947 0.002093 0.025054 0.021683
19.123040 0.002093 0.025029 0.021659
19.125132 0.002092 0.025005 0.021634
19.127223 0.002092 0.024981 0.021610
19.129315 0.002091 0.024957 0.021586
19.131406 0.002091 0.024932 0.021562
19.133498 0.002091 0.024908 0.021537
19.135589 0.002091 0.024883 0.021512
19.137680 0.002091 0.024858 0.021488
19.139770 0.002090 0.024833 0.021462
19.141860 0.002090 0.024807 0.021437
19.143950 0.002090 0.024782 0.021411
19.146039 0.002089 0.024755 0.021385
19.148128 0.002089 0.024729 0.021358
19.150218 0.002089 0.024702 0.021331
19.152307 0.002090 0.024675 0.021304
19.154398 0.002090 0.024647 0.021277
19.156488 0.002090 0.024619 0.021249
19.158577 0.002089 0.024591 0.021220
19.160666 0.002089 0.024562 0.021191
19.162754 0.002089 0.024533 0.021162
19.164843 0.002088 0.024502 0.021132
19.166931 0.002088 0.024472 0.021101
19.169019 0.002088 0.024442 0.021071
19.171108 0.002089 0.024411 0.021041
19.173198 0.002089 0.024381 0.021010
19.175288 0.002090 0.024351 0.020980
19.177377 0.002089 0.024321 0.020950
19.179465 0.002088 0.024291 0.020921
19.181552 0.002087 0.024263 0.020893
19.183639 0.002087 0.024236 0.020866
19.185725 0.002087 0.024211 0.020840
19.187812 0.002087 0.024186 0.020816
19.189900 0.002088 0.024165 0.020794
19.191988 0.002088 0.024146 0.020775
19.194078 0.002089 0.024131 0.020760
19.196167 0.002090 0.024121 0.020750
19.198257 0.002090 0.024117 0.020746
19.200349 0.002091 0.024119 0.020748
19.202442 0.002093 0.024127 0.020757
19.204537 0.002095 0.024141 0.020770
19.206634 0.002097 0.024161 0.020790
19.208730 0.002096 0.024188 0.020817
19.210825 0.002095 0.024226 0.020855
19.212921 0.002096 0.024287 0.020916
19.215019 0.002097 0.024378 0.021007
19.217117 0.002098 0.024506 0.021135
19.219215 0.002099 0.024675 0.021304
19.221317 0.002101 0.024887 0.021516
19.223420 0.002103 0.025158 0.021787
19.225525 0.002105 0.025503 0.022132
19.227633 0.002108 0.025920 0.022549
19.229744 0.002111 0.026406 0.023035
19.231859 0.002115 0.026953 0.023582
19.233976 0.002117 0.027537 0.024167
19.236087 0.002111 0.028146 0.024775
19.238200 0.002113 0.028768 0.025398
19.240315 0.002114 0.029395 0.026024
19.242431 0.002116 0.030009 0.026638
19.244549 0.002119 0.030578 0.027208
19.246671 0.002121 0.031101 0.027730
19.248795 0.002124 0.031574 0.028203
19.250923 0.002128 0.031997 0.028626
19.253054 0.002131 0.032366 0.028995
19.255182 0.002128 0.032690 0.029319
19.257309 0.002127 0.032959 0.029588
19.259435 0.002126 0.033181 0.029811
19.261561 0.002127 0.033362 0.029991
19.263690 0.002128 0.033505 0.030135
19.265821 0.002131 0.033622 0.030251
19.267954 0.002133 0.033709 0.030338
19.270085 0.002131 0.033773 0.030402
19.272214 0.002129 0.033819 0.030448
19.274343 0.002128 0.033856 0.030485
19.276471 0.002128 0.033883 0.030513
19.278598 0.002128 0.033903 0.030532
19.280725 0.002126 0.033914 0.030543
19.282850 0.002125 0.033918 0.030547
19.284975 0.002125 0.033916 0.030546
19.287100 0.002125 0.033914 0.030543
19.289225 0.002126 0.033907 0.030536
19.291353 0.002127 0.033893 0.030523
19.293482 0.002130 0.033872 0.030501
19.295611 0.002129 0.033847 0.030476
19.297739 0.002128 0.033811 0.030440
19.299866 0.002126 0.033762 0.030392
19.301991 0.002126 0.033701 0.030330
19.304117 0.002126 0.033633 0.030263
19.306242 0.002125 0.033561 0.030190
19.308366 0.002124 0.033482 0.030111
19.310490 0.002124 0.033400 0.030030
19.312613 0.002123 0.033317 0.029946
19.314736 0.002123 0.033232 0.029862
19.316859 0.002123 0.033148 0.029777
19.318984 0.002125 0.033067 0.029697
19.321111 0.002126 0.032991 0.029620
19.323236 0.002125 0.032918 0.029547
19.325360 0.002124 0.032849 0.029478
19.327484 0.002124 0.032783 0.029412
19.329609 0.002124 0.032720 0.029349
19.331734 0.002125 0.032658 0.029287
19.333859 0.002125 0.032599 0.029228
19.335985 0.002126 0.032543 0.029172
19.338113 0.002128 0.032491 0.029120
19.340243 0.002130 0.032443 0.029072
19.342373 0.002130 0.032398 0.029027
19.344502 0.002129 0.032355 0.028984
19.346630 0.002128 0.032313 0.028943
19.348758 0.002128 0.032272 0.028901
19.350887 0.002128 0.032231 0.028860
19.353015 0.002129 0.032188 0.028817
19.355144 0.002129 0.032145 0.028774
19.357274 0.002130 0.032101 0.028730
19.359405 0.002131 0.032056 0.028685
19.361537 0.002132 0.032011 0.028640
19.363669 0.002132 0.031966 0.028595
19.365799 0.002130 0.031921 0.028550
19.367928 0.002129 0.031876 0.028505
19.370056 0.002128 0.031832 0.028461
19.372184 0.002128 0.031788 0.028417
19.374312 0.002128 0.031744 0.028374
19.376440 0.002128 0.031701 0.028330
19.378569 0.002128 0.031658 0.028287
19.380698 0.002129 0.031616 0.028245
19.382828 0.002130 0.031573 0.028203
19.384957 0.002129 0.031532 0.028161
19.387085 0.002128 0.031491 0.028120
19.389212 0.002127 0.031451 0.028081
19.391339 0.002127 0.031413 0.028042
19.393465 0.002126 0.031375 0.028004
19.395591 0.002126 0.031339 0.027968
19.397716 0.002126 0.031303 0.027932
19.399842 0.002125 0.031269 0.027898
19.401967 0.002126 0.031235 0.027864
19.404093 0.002126 0.031201 0.027831
19.406219 0.002126 0.031168 0.027797
19.408346 0.002127 0.031134 0.027764
19.410472 0.002126 0.031100 0.027730
19.412597 0.002125 0.031065 0.027695
19.414720 0.002124 0.031029 0.027659
19.416843 0.002123 0.030992 0.027622
19.418966 0.002122 0.030954 0.027583
19.421088 0.002123 0.030914 0.027543
19.423212 0.002123 0.030873 0.027502
19.425336 0.002124 0.030830 0.027459
19.427460 0.002125 0.030786 0.027415
19.429585 0.002125 0.030741 0.027370
19.431711 0.002126 0.030695 0.027325
19.433837 0.002126 0.030650 0.027279
19.435963 0.002127 0.030603 0.027233
19.438090 0.002126 0.030557 0.027187
19.440215 0.002126 0.030512 0.027141
19.442341 0.002126 0.030466 0.027096
19.444466 0.002125 0.030422 0.027051
19.446591 0.002125 0.030379 0.027008
19.448716 0.002125 0.030336 0.026966
19.450840 0.002124 0.030295 0.026925
19.452964 0.002124 0.030256 0.026885
19.455088 0.002124 0.030219 0.026848
19.457212 0.002124 0.030183 0.026812
19.459335 0.002123 0.030149 0.026779
19.461458 0.002123 0.030117 0.026746
19.463581 0.002123 0.030085 0.026714
19.465704 0.002123 0.030054 0.026683
19.467826 0.002122 0.030024 0.026653
19.469948 0.002122 0.029993 0.026622
19.472069 0.002122 0.029963 0.026592
19.474191 0.002122 0.029932 0.026562
19.476312 0.002121 0.029901 0.026531
19.478433 0.002121 0.029870 0.026499
19.480554 0.002120 0.029838 0.026467
19.482674 0.002120 0.029805 0.026435
19.484794 0.002120 0.029772 0.026401
19.486914 0.002120 0.029738 0.026367
19.489033 0.002120 0.029702 0.026332
19.491152 0.002119 0.029666 0.026295
19.493271 0.002119 0.029629 0.026258
19.495390 0.002119 0.029591 0.026220
19.497508 0.002118 0.029553 0.026182
19.499626 0.002118 0.029514 0.026143
19.501744 0.002118 0.029474 0.026104
19.503862 0.002118 0.029435 0.026064
19.505979 0.002117 0.029396 0.026025
19.508096 0.002117 0.029356 0.025986
19.510212 0.002117 0.029318 0.025947
19.512329 0.002116 0.029280 0.025909
19.514445 0.002116 0.029242 0.025872
19.516561 0.002116 0.029206 0.025835
19.518677 0.002116 0.029170 0.025799
19.520792 0.002115 0.029134 0.025764
19.522907 0.002115 0.029100 0.025729
19.525022 0.002115 0.029066 0.025696
19.527137 0.002115 0.029034 0.025663
19.529251 0.002114 0.029002 0.025632
19.531365 0.002114 0.028971 0.025601
19.533479 0.002114 0.028942 0.025571
19.535592 0.002113 0.028912 0.025542
19.537706 0.002113 0.028884 0.025513
19.539818 0.002113 0.028855 0.025484
19.541931 0.002113 0.028827 0.025456
19.544043 0.002112 0.028798 0.025428
19.546155 0.002112 0.028770 0.025399
19.548267 0.002112 0.028742 0.025371
19.550378 0.002111 0.028713 0.025342
19.552490 0.002111 0.028684 0.025313
19.554601 0.002111 0.028655 0.025284
19.556712 0.002111 0.028625 0.025254
19.558822 0.002111 0.028594 0.025224
19.560932 0.002110 0.028563 0.025193
19.563042 0.002110 0.028532 0.025161
19.565152 0.002110 0.028499 0.025128
19.567262 0.002109 0.028466 0.025095
19.569371 0.002109 0.028432 0.025062
19.571479 0.002109 0.028398 0.025028
19.573588 0.002109 0.028364 0.024993
19.575697 0.002108 0.028329 0.024958
19.577805 0.002108 0.028294 0.024923
19.579912 0.002108 0.028259 0.024888
19.582020 0.002107 0.028224 0.024854
19.584127 0.002107 0.028190 0.024819
19.586234 0.002107 0.028156 0.024785
19.588341 0.002107 0.028122 0.024751
19.590447 0.002106 0.028089 0.024718
19.592553 0.002106 0.028056 0.024685
19.594659 0.002106 0.028023 0.024653
19.596765 0.002106 0.027991 0.024621
19.598870 0.002105 0.027960 0.024589
19.600975 0.002105 0.027929 0.024558
19.603080 0.002105 0.027898 0.024528
19.605185 0.002105 0.027868 0.024498
19.607289 0.002104 0.027839 0.024468
19.609393 0.002104 0.027810 0.024439
19.611497 0.002104 0.027781 0.024410
19.613600 0.002104 0.027753 0.024382
19.615704 0.002103 0.027725 0.024354
19.617807 0.002103 0.027697 0.024327
19.619909 0.002103 0.027670 0.024299
19.622012 0.002102 0.027643 0.024272
19.624114 0.002102 0.027616 0.024246
19.626216 0.002102 0.027590 0.024219
19.628317 0.002102 0.027564 0.024193
19.630419 0.002101 0.027537 0.024166
19.632520 0.002101 0.027511 0.024140
19.634621 0.002101 0.027484 0.024113
19.636722 0.002101 0.027457 0.024086
19.638822 0.002101 0.027430 0.024059
19.640922 0.002100 0.027403 0.024032
19.643022 0.002100 0.027375 0.024004
19.645122 0.002100 0.027347 0.023976
19.647221 0.002099 0.027319 0.023948
19.649320 0.002099 0.027291 0.023920
19.651419 0.002099 0.027262 0.023892
19.653518 0.002099 0.027234 0.023863
19.655616 0.002098 0.027206 0.023835
19.657714 0.002098 0.027177 0.023806
19.659812 0.002098 0.027149 0.023778
19.661910 0.002098 0.027121 0.023750
19.664007 0.002098 0.027093 0.023722
19.666105 0.002097 0.027065 0.023694
19.668202 0.002097 0.027037 0.023667
19.670299 0.002097 0.027010 0.023639
19.672395 0.002097 0.026983 0.023612
19.674492 0.002096 0.026956 0.023586
19.676588 0.002096 0.026930 0.023559
19.678684 0.002096 0.026904 0.023534
19.680779 0.002095 0.026879 0.023508
19.682875 0.002095 0.026854 0.023483
19.684970 0.002095 0.026830 0.023459
19.687065 0.002095 0.026806 0.023435
19.689159 0.002095 0.026782 0.023411
19.691254 0.002094 0.026759 0.023388
19.693348 0.002094 0.026736 0.023365
19.695442 0.002094 0.026714 0.023343
19.697536 0.002094 0.026691 0.023321
19.699630 0.002094 0.026669 0.023299
19.701723 0.002093 0.026647 0.023277
19.703816 0.002093 0.026626 0.023255
19.705910 0.002093 0.026604 0.023233
19.708003 0.002093 0.026583 0.023212
19.710095 0.002093 0.026561 0.023190
19.712188 0.002092 0.026540 0.023169
19.714280 0.002092 0.026518 0.023147
19.716372 0.002092 0.026496 0.023126
19.718463 0.002092 0.026475 0.023104
19.720555 0.002091 0.026453 0.023082
19.722646 0.002091 0.026431 0.023060
19.724737 0.002091 0.026408 0.023038
19.726829 0.002091 0.026386 0.023015
19.728919 0.002091 0.026363 0.022993
19.731010 0.002091 0.026341 0.022970
19.733101 0.002091 0.026318 0.022947
19.735191 0.002091 0.026295 0.022924
19.737281 0.002090 0.026272 0.022901
19.739371 0.002090 0.026249 0.022878
19.741461 0.002090 0.026226 0.022855
19.743551 0.002090 0.026203 0.022832
19.745640 0.002089 0.026180 0.022809
19.747729 0.002089 0.026157 0.022787
19.749818 0.002089 0.026135 0.022764
19.751907 0.002089 0.026112 0.022742
19.753996 0.002089 0.026090 0.022719
19.756084 0.002089 0.026068 0.022697
19.758173 0.002088 0.026046 0.022675
19.760261 0.002088 0.026024 0.022653
19.762349 0.002088 0.026003 0.022632
19.764437 0.002088 0.025982 0.022612
19.766525 0.002088 0.025962 0.022592
19.768612 0.002087 0.025943 0.022572
19.770700 0.002087 0.025924 0.022554
19.772787 0.002087 0.025906 0.022536
19.774874 0.002087 0.025889 0.022518
19.776961 0.002087 0.025872 0.022501
19.779047 0.002087 0.025856 0.022485
19.781134 0.002087 0.025841 0.022470
19.783221 0.002087 0.025826 0.022455
19.785307 0.002087 0.025811 0.022440
19.787394 0.002086 0.025797 0.022426
19.789480 0.002086 0.025783 0.022412
19.791566 0.002086 0.025769 0.022399
19.793652 0.002086 0.025756 0.022385
19.795737 0.002086 0.025742 0.022371
19.797823 0.002085 0.025728 0.022357
19.799908 0.002085 0.025714 0.022344
19.801993 0.002085 0.025700 0.022330
19.804078 0.002085 0.025686 0.022315
19.806163 0.002085 0.025671 0.022301
19.808248 0.002085 0.025657 0.022286
19.810333 0.002085 0.025642 0.022271
19.812418 0.002085 0.025626 0.022256
19.814502 0.002085 0.025611 0.022240
19.816586 0.002084 0.025595 0.022224
19.818671 0.002084 0.025579 0.022208
19.820755 0.002084 0.025563 0.022192
19.822839 0.002084 0.025546 0.022176
19.824923 0.002084 0.025529 0.022159
19.827006 0.002084 0.025512 0.022142
19.829090 0.002084 0.025495 0.022124
19.831173 0.002084 0.025478 0.022107
19.833257 0.002084 0.025461 0.022090
19.835340 0.002083 0.025443 0.022073
19.837423 0.002083 0.025426 0.022056
19.839507 0.002083 0.025409 0.022039
19.841590 0.002083 0.025392 0.022022
19.843673 0.002083 0.025376 0.022005
19.845756 0.002083 0.025360 0.021989
19.847838 0.002083 0.025344 0.021973
19.849921 0.002083 0.025328 0.021957
19.852004 0.002083 0.025313 0.021942
19.854086 0.002082 0.025298 0.021927
19.856168 0.002082 0.025283 0.021912
19.858250 0.002082 0.025269 0.021898
19.860333 0.002082 0.025255 0.021884
19.862415 0.002082 0.025241 0.021870
19.864497 0.002082 0.025227 0.021857
19.866579 0.002082 0.025214 0.021843
19.868660 0.002082 0.025201 0.021830
19.870742 0.002082 0.025188 0.021817
19.872824 0.002081 0.025175 0.021804
19.874905 0.002081 0.025162 0.021791
19.876986 0.002081 0.025149 0.021778
19.879068 0.002082 0.025135 0.021765
19.881149 0.002081 0.025122 0.021752
19.883231 0.002081 0.025109 0.021738
19.885312 0.002081 0.025095 0.021725
19.887393 0.002081 0.025082 0.021711
19.889474 0.002081 0.025068 0.021697
19.891555 0.002081 0.025053 0.021683
19.893636 0.002081 0.025039 0.021668
19.895717 0.002081 0.025023 0.021653
19.897798 0.002081 0.025008 0.021637
19.899878 0.002081 0.024992 0.021621
19.901959 0.002080 0.024975 0.021604
19.904039 0.002080 0.024958 0.021587
19.906120 0.002080 0.024940 0.021570
19.908200 0.002081 0.024922 0.021551
19.910281 0.002081 0.024904 0.021533
19.912361 0.002080 0.024885 0.021514
19.914441 0.002080 0.024866 0.021495
19.916521 0.002080 0.024846 0.021476
19.918602 0.002080 0.024827 0.021456
19.920682 0.002080 0.024807 0.021436
19.922761 0.002080 0.024787 0.021417
19.924841 0.002080 0.024768 0.021397
19.926921 0.002080 0.024748 0.021377
19.929001 0.002080 0.024728 0.021358
19.931081 0.002080 0.024709 0.021338
19.933161 0.002080 0.024690 0.021319
19.935240 0.002080 0.024671 0.021300
19.937320 0.002080 0.024652 0.021281
19.939400 0.002080 0.024633 0.021262
19.941479 0.002079 0.024615 0.021244
19.943558 0.002079 0.024597 0.021226
19.945637 0.002079 0.024579 0.021208
19.947715 0.002078 0.024562 0.021191
19.949793 0.002078 0.024545 0.021174
19.951871 0.002078 0.024528 0.021157
19.953949 0.002078 0.024512 0.021141
19.956026 0.002078 0.024496 0.021125
19.958103 0.002077 0.024480 0.021109
19.960180 0.002077 0.024464 0.021094
19.962256 0.002076 0.024449 0.021078
19.964332 0.002076 0.024434 0.021063
19.966408 0.002076 0.024419 0.021048
19.968483 0.002075 0.024404 0.021033
19.970559 0.002076 0.024389 0.021018
19.972635 0.002076 0.024374 0.021003
19.974710 0.002076 0.024359 0.020988
19.976786 0.002076 0.024344 0.020973
19.978861 0.002076 0.024329 0.020958
19.980937 0.002076 0.024314 0.020943
19.983012 0.002075 0.024298 0.020927
19.985087 0.002075 0.024283 0.020912
19.987162 0.002075 0.024267 0.020896
19.989237 0.002075 0.024251 0.020880
19.991311 0.002075 0.024235 0.020864
19.993386 0.002075 0.024218 0.020847
19.995461 0.002075 0.024202 0.020831
19.997536 0.002075 0.024185 0.020814
19.999611 0.002075 0.024168 0.020797
20.001686 0.002075 0.024151 0.020780
20.003762 0.002075 0.024133 0.020763
20.005837 0.002075 0.024116 0.020745
20.007912 0.002075 0.024098 0.020728
20.009987 0.002075 0.024081 0.020710
20.012062 0.002075 0.024063 0.020692
20.014136 0.002075 0.024045 0.020674
20.016211 0.002075 0.024027 0.020657
20.018286 0.002075 0.024009 0.020639
20.020360 0.002075 0.023992 0.020621
20.022434 0.002074 0.023974 0.020603
20.024508 0.002073 0.023956 0.020586
20.026581 0.002073 0.023939 0.020568
20.028653 0.002072 0.023922 0.020551
20.030725 0.002072 0.023904 0.020534
20.032796 0.002071 0.023887 0.020517
20.034867 0.002071 0.023871 0.020500
20.036938 0.002071 0.023854 0.020483
20.039008 0.002070 0.023837 0.020467
20.041077 0.002069 0.023821 0.020451
20.043145 0.002068 0.023805 0.020435
20.045213 0.002068 0.023789 0.020419
20.047280 0.002067 0.023774 0.020403
20.049346 0.002066 0.023759 0.020388
20.051412 0.002066 0.023743 0.020373
20.053477 0.002065 0.023728 0.020358
20.055541 0.002064 0.023713 0.020343
20.057605 0.002064 0.023699 0.020328
20.059669 0.002064 0.023684 0.020313
20.061732 0.002063 0.023670 0.020299
20.063794 0.002062 0.023655 0.020284
20.065856 0.002062 0.023641 0.020270
20.067917 0.002061 0.023626 0.020256
20.069977 0.002060 0.023612 0.020241
20.072037 0.002060 0.023598 0.020227
20.074096 0.002059 0.023584 0.020213
20.076155 0.002059 0.023569 0.020198
20.078213 0.002058 0.023555 0.020184
20.080271 0.002058 0.023540 0.020170
20.082328 0.002057 0.023526 0.020155
20.084385 0.002057 0.023511 0.020141
20.086442 0.002057 0.023497 0.020126
20.088498 0.002056 0.023482 0.020111
20.090554 0.002056 0.023467 0.020097
20.092608 0.002055 0.023453 0.020082
20.094663 0.002054 0.023438 0.020067
20.096717 0.002054 0.023423 0.020052
20.098770 0.002053 0.023408 0.020037
20.100823 0.002053 0.023393 0.020022
20.102876 0.002053 0.023378 0.020007
20.104928 0.002052 0.023363 0.019992
20.106980 0.002052 0.023348 0.019977
20.109031 0.002051 0.023333 0.019962
20.111083 0.002051 0.023318 0.019947
20.113133 0.002051 0.023303 0.019932
20.115184 0.002050 0.023288 0.019917
20.117234 0.002050 0.023273 0.019902
20.119283 0.002049 0.023258 0.019887
20.121332 0.002049 0.023243 0.019872
20.123381 0.002048 0.023228 0.019857
20.125429 0.002048 0.023213 0.019842
20.127476 0.002048 0.023198 0.019828
20.129523 0.002047 0.023184 0.019813
20.131570 0.002046 0.023169 0.019798
20.133615 0.002046 0.023154 0.019784
20.135661 0.002045 0.023140 0.019769
20.137706 0.002045 0.023125 0.019755
20.139751 0.002045 0.023111 0.019740
20.141795 0.002045 0.023096 0.019726
20.143840 0.002045 0.023082 0.019711
20.145885 0.002044 0.023068 0.019697
20.147928 0.002044 0.023053 0.019682
20.149972 0.002043 0.023039 0.019668
20.152015 0.002043 0.023024 0.019654
20.154057 0.002042 0.023010 0.019639
20.156099 0.002042 0.022995 0.019625
20.158140 0.002041 0.022981 0.019610
20.160180 0.002040 0.022966 0.019596
20.162220 0.002040 0.022952 0.019581
20.164260 0.002039 0.022937 0.019566
20.166299 0.002039 0.022922 0.019551
20.168337 0.002039 0.022907 0.019536
20.170375 0.002038 0.022892 0.019521
20.172413 0.002038 0.022876 0.019506
20.174451 0.002037 0.022861 0.019490
20.176487 0.002037 0.022845 0.019475
20.178523 0.002036 0.022830 0.019459
20.180559 0.002036 0.022814 0.019443
20.182594 0.002035 0.022798 0.019427
20.184629 0.002034 0.022782 0.019411
20.186662 0.002033 0.022765 0.019395
20.188694 0.002032 0.022749 0.019378
20.190726 0.002032 0.022732 0.019362
20.192757 0.002031 0.022715 0.019345
20.194787 0.002030 0.022699 0.019328
20.196816 0.002029 0.022681 0.019311
20.198844 0.002028 0.022664 0.019294
20.200871 0.002027 0.022647 0.019276
20.202897 0.002026 0.022629 0.019259
20.204923 0.002026 0.022612 0.019241
20.206948 0.002025 0.022594 0.019223
20.208973 0.002025 0.022576 0.019206
20.210997 0.002024 0.022558 0.019188
20.213021 0.002023 0.022540 0.019170
20.215044 0.002023 0.022522 0.019151
20.217065 0.002021 0.022504 0.019133
20.219085 0.002020 0.022485 0.019115
20.221104 0.002019 0.022467 0.019096
20.223123 0.002018 0.022448 0.019078
20.225141 0.002018 0.022430 0.019059
20.227158 0.002018 0.022411 0.019040
20.229175 0.002017 0.022392 0.019021
20.231192 0.002016 0.022373 0.019002
20.233207 0.002015 0.022354 0.018984
20.235222 0.002015 0.022335 0.018964
20.237236 0.002014 0.022316 0.018945
20.239250 0.002014 0.022297 0.018926
20.241263 0.002013 0.022278 0.018907
20.243276 0.002013 0.022258 0.018888
20.245288 0.002012 0.022239 0.018868
20.247299 0.002011 0.022219 0.018849
20.249310 0.002010 0.022200 0.018829
20.251320 0.002010 0.022180 0.018809
20.253330 0.002010 0.022160 0.018789
20.255340 0.002010 0.022140 0.018770
20.257350 0.002009 0.022120 0.018750
20.259358 0.002009 0.022100 0.018730
20.261366 0.002008 0.022080 0.018710
20.263373 0.002007 0.022060 0.018689
20.265379 0.002006 0.022040 0.018669
20.267385 0.002005 0.022019 0.018649
20.269389 0.002005 0.021999 0.018628
20.271394 0.002005 0.021978 0.018608
20.273399 0.002005 0.021958 0.018587
20.275403 0.002003 0.021937 0.018566
20.277404 0.002002 0.021916 0.018545
20.279405 0.002000 0.021895 0.018524
20.281404 0.002000 0.021873 0.018503
20.283403 0.001999 0.021852 0.018481
20.285402 0.001999 0.021831 0.018460
20.287400 0.001998 0.021809 0.018438
20.289396 0.001996 0.021787 0.018416
20.291391 0.001995 0.021765 0.018395
20.293385 0.001994 0.021743 0.018373
20.295378 0.001993 0.021721 0.018350
20.297371 0.001993 0.021699 0.018328
20.299363 0.001992 0.021676 0.018306
20.301355 0.001992 0.021654 0.018283
20.303347 0.001991 0.021631 0.018260
20.305338 0.001991 0.021608 0.018238
20.307328 0.001990 0.021585 0.018215
20.309318 0.001990 0.021562 0.018192
20.311307 0.001989 0.021539 0.018169
20.313294 0.001987 0.021516 0.018145
20.315280 0.001986 0.021493 0.018122
20.317264 0.001985 0.021470 0.018099
20.319248 0.001984 0.021447 0.018076
20.321232 0.001984 0.021423 0.018053
20.323214 0.001982 0.021400 0.018029
20.325195 0.001981 0.021377 0.018006
20.327175 0.001980 0.021354 0.017983
20.329153 0.001978 0.021331 0.017960
20.331131 0.001978 0.021308 0.017937
20.333109 0.001978 0.021285 0.017914
20.335086 0.001978 0.021262 0.017891
20.337064 0.001978 0.021239 0.017868
20.339042 0.001978 0.021216 0.017845
20.341020 0.001978 0.021193 0.017823
20.342999 0.001978 0.021171 0.017800
20.344977 0.001978 0.021148 0.017777
20.346954 0.001978 0.021126 0.017755
20.348932 0.001977 0.021104 0.017733
20.350909 0.001977 0.021082 0.017711
20.352887 0.001978 0.021060 0.017689
20.354863 0.001976 0.021038 0.017667
20.356837 0.001975 0.021016 0.017645
20.358811 0.001974 0.020994 0.017624
20.360785 0.001974 0.020973 0.017602
20.362758 0.001973 0.020952 0.017581
20.364729 0.001972 0.020930 0.017560
20.366700 0.001971 0.020909 0.017539
20.368670 0.001970 0.020888 0.017517
20.370638 0.001968 0.020867 0.017497
20.372606 0.001968 0.020846 0.017476
20.374574 0.001968 0.020826 0.017455
20.376541 0.001967 0.020805 0.017434
20.378508 0.001967 0.020784 0.017413
20.380474 0.001967 0.020763 0.017393
20.382441 0.001967 0.020743 0.017372
20.384407 0.001966 0.020722 0.017351
20.386373 0.001966 0.020701 0.017331
20.388338 0.001965 0.020681 0.017310
20.390303 0.001965 0.020660 0.017290
20.392268 0.001965 0.020640 0.017269
20.394231 0.001963 0.020619 0.017248
20.396192 0.001961 0.020598 0.017228
20.398152 0.001960 0.020578 0.017207
20.400112 0.001960 0.020557 0.017187
20.402072 0.001960 0.020537 0.017166
20.404030 0.001958 0.020516 0.017145
20.405987 0.001957 0.020496 0.017125
20.407943 0.001956 0.020475 0.017104
20.409897 0.001954 0.020455 0.017084
20.411851 0.001954 0.020434 0.017063
20.413804 0.001953 0.020414 0.017043
20.415758 0.001953 0.020393 0.017023
20.417711 0.001953 0.020373 0.017002
20.419664 0.001954 0.020352 0.016982
20.421618 0.001954 0.020332 0.016961
20.423571 0.001953 0.020312 0.016941
20.425525 0.001954 0.020292 0.016921
20.427479 0.001954 0.020271 0.016901
20.429432 0.001954 0.020251 0.016880
20.431386 0.001953 0.020231 0.016860
20.433339 0.001953 0.020211 0.016840
20.435293 0.001954 0.020191 0.016820
20.437245 0.001952 0.020171 0.016800
20.439196 0.001951 0.020151 0.016780
20.441145 0.001950 0.020131 0.016760
20.443095 0.001949 0.020111 0.016740
20.445043 0.001948 0.020091 0.016721
20.446991 0.001948 0.020072 0.016701
20.448938 0.001947 0.020052 0.016681
20.450884 0.001946 0.020032 0.016661
20.452829 0.001945 0.020012 0.016642
20.454774 0.001945 0.019993 0.016622
20.456719 0.001945 0.019973 0.016602
20.458664 0.001945 0.019953 0.016583
20.460609 0.001945 0.019934 0.016563
20.462554 0.001945 0.019914 0.016543
20.464500 0.001946 0.019894 0.016523
20.466445 0.001945 0.019874 0.016504
20.468390 0.001945 0.019855 0.016484
20.470336 0.001945 0.019835 0.016464
20.472281 0.001945 0.019815 0.016444
20.474226 0.001944 0.019795 0.016424
20.476169 0.001944 0.019775 0.016404
20.478113 0.001943 0.019755 0.016384
20.480055 0.001943 0.019734 0.016364
20.481996 0.001941 0.019714 0.016343
20.483936 0.001940 0.019694 0.016323
20.485875 0.001939 0.019673 0.016303
20.487813 0.001938 0.019653 0.016282
20.489752 0.001938 0.019632 0.016262
20.491690 0.001938 0.019612 0.016241
20.493628 0.001938 0.019591 0.016220
20.495567 0.001939 0.019570 0.016199
20.497506 0.001939 0.019549 0.016178
20.499446 0.001940 0.019528 0.016157
20.501386 0.001940 0.019507 0.016136
20.503326 0.001940 0.019485 0.016115
20.505266 0.001940 0.019464 0.016093
20.507207 0.001941 0.019443 0.016072
20.509147 0.001940 0.019421 0.016050
20.511087 0.001939 0.019400 0.016029
20.513026 0.001939 0.019378 0.016007
20.514963 0.001937 0.019356 0.015986
20.516899 0.001936 0.019335 0.015964
20.518833 0.001935 0.019313 0.015942
20.520767 0.001934 0.019291 0.015920
20.522700 0.001933 0.019269 0.015898
20.524634 0.001934 0.019247 0.015876
20.526568 0.001934 0.019225 0.015854
20.528502 0.001934 0.019203 0.015832
20.530436 0.001935 0.019181 0.015810
20.532371 0.001935 0.019158 0.015787
20.534307 0.001935 0.019136 0.015765
20.536242 0.001936 0.019113 0.015742
20.538179 0.001936 0.019090 0.015720
20.540114 0.001936 0.019067 0.015697
20.542049 0.001935 0.019044 0.015674
20.543984 0.001934 0.019021 0.015650
20.545918 0.001934 0.018998 0.015627
20.547851 0.001933 0.018975 0.015604
20.549784 0.001933 0.018951 0.015580
20.551717 0.001933 0.018928 0.015557
20.553649 0.001933 0.018904 0.015533
20.555582 0.001933 0.018880 0.015510
20.557515 0.001933 0.018857 0.015486
20.559448 0.001933 0.018833 0.015462
20.561380 0.001933 0.018809 0.015438
20.563312 0.001932 0.018785 0.015415
20.565244 0.001931 0.018761 0.015391
20.567174 0.001931 0.018738 0.015367
20.569104 0.001930 0.018714 0.015343
20.571033 0.001929 0.018690 0.015319
20.572961 0.001928 0.018666 0.015295
20.574889 0.001928 0.018642 0.015271
20.576816 0.001927 0.018618 0.015248
20.578742 0.001927 0.018594 0.015224
20.580669 0.001926 0.018571 0.015200
20.582595 0.001926 0.018547 0.015176
20.584521 0.001926 0.018523 0.015152
20.586447 0.001926 0.018499 0.015128
20.588373 0.001926 0.018475 0.015104
20.590300 0.001927 0.018451 0.015081
20.592227 0.001927 0.018427 0.015057
20.594155 0.001928 0.018403 0.015033
20.596084 0.001929 0.018379 0.015009
20.598013 0.001929 0.018355 0.014985
20.599942 0.001928 0.018331 0.014961
20.601870 0.001928 0.018307 0.014936
20.603797 0.001927 0.018283 0.014912
20.605723 0.001926 0.018259 0.014888
20.607649 0.001926 0.018235 0.014864
20.609574 0.001926 0.018210 0.014840
20.611500 0.001925 0.018186 0.014815
20.613425 0.001925 0.018162 0.014791
20.615351 0.001926 0.018137 0.014767
20.617277 0.001926 0.018113 0.014742
20.619203 0.001926 0.018088 0.014718
20.621130 0.001927 0.018064 0.014693
20.623057 0.001927 0.018039 0.014668
20.624986 0.001928 0.018014 0.014644
20.626915 0.001929 0.017989 0.014619
20.628845 0.001930 0.017965 0.014594
20.630776 0.001931 0.017940 0.014569
20.632707 0.001932 0.017915 0.014544
20.634640 0.001932 0.017890 0.014519
20.636572 0.001933 0.017864 0.014494
20.638505 0.001933 0.017839 0.014469
20.640438 0.001933 0.017814 0.014444
20.642370 0.001932 0.017789 0.014418
20.644302 0.001932 0.017764 0.014393
20.646234 0.001932 0.017739 0.014368
20.648165 0.001931 0.017713 0.014343
20.650095 0.001931 0.017688 0.014317
20.652026 0.001930 0.017662 0.014292
20.653956 0.001930 0.017637 0.014266
20.655887 0.001931 0.017611 0.014241
20.657818 0.001931 0.017586 0.014215
20.659749 0.001931 0.017560 0.014189
20.661680 0.001932 0.017534 0.014164
20.663613 0.001932 0.017509 0.014138
20.665546 0.001933 0.017483 0.014112
20.667480 0.001934 0.017457 0.014086
20.669415 0.001935 0.017431 0.014060
20.671351 0.001936 0.017405 0.014034
20.673288 0.001937 0.017378 0.014008
20.675226 0.001938 0.017352 0.013981
20.677165 0.001939 0.017326 0.013955
20.679105 0.001940 0.017300 0.013929
20.681046 0.001941 0.017273 0.013903
20.682987 0.001941 0.017247 0.013876
20.684928 0.001942 0.017221 0.013850
20.686871 0.001942 0.017194 0.013824
20.688814 0.001943 0.017168 0.013797
20.690758 0.001944 0.017142 0.013771
20.692703 0.001944 0.017116 0.013745
20.694648 0.001945 0.017089 0.013719
20.696593 0.001946 0.017063 0.013692
20.698539 0.001946 0.017037 0.013666
20.700486 0.001946 0.017011 0.013640
20.702432 0.001946 0.016985 0.013614
20.704378 0.001946 0.016958 0.013588
20.706324 0.001946 0.016932 0.013561
20.708270 0.001946 0.016906 0.013535
20.710217 0.001947 0.016880 0.013509
20.712164 0.001947 0.016854 0.013483
20.714111 0.001947 0.016827 0.013457
20.716059 0.001948 0.016801 0.013430
20.718008 0.001949 0.016775 0.013404
20.719957 0.001949 0.016748 0.013377
20.721907 0.001950 0.016722 0.013351
20.723859 0.001951 0.016695 0.013324
20.725811 0.001952 0.016668 0.013297
20.727764 0.001953 0.016641 0.013270
20.729718 0.001954 0.016613 0.013243
20.731674 0.001955 0.016586 0.013215
20.733630 0.001957 0.016558 0.013187
20.735588 0.001958 0.016529 0.013159
20.737547 0.001959 0.016501 0.013130
20.739507 0.001960 0.016472 0.013101
20.741469 0.001962 0.016443 0.013072
20.743432 0.001963 0.016413 0.013042
20.745396 0.001964 0.016382 0.013012
20.747359 0.001963 0.016352 0.012981
20.749322 0.001962 0.016321 0.012950
20.751283 0.001962 0.016289 0.012918
20.753244 0.001961 0.016256 0.012886
20.755204 0.001960 0.016223 0.012853
20.757164 0.001960 0.016190 0.012819
20.759124 0.001960 0.016156 0.012785
20.761085 0.001960 0.016121 0.012750
20.763046 0.001961 0.016085 0.012715
20.765008 0.001962 0.016049 0.012679
20.766972 0.001964 0.016012 0.012642
20.768937 0.001966 0.015975 0.012605
20.770903 0.001966 0.015937 0.012567
20.772869 0.001966 0.015899 0.012529
20.774836 0.001966 0.015861 0.012490
20.776803 0.001967 0.015822 0.012451
20.778770 0.001967 0.015783 0.012412
20.780737 0.001968 0.015744 0.012373
20.782705 0.001968 0.015705 0.012334
20.784673 0.001967 0.015667 0.012296
20.786640 0.001967 0.015628 0.012258
20.788608 0.001968 0.015591 0.012220
20.790577 0.001969 0.015554 0.012184
20.792547 0.001971 0.015519 0.012148
20.794518 0.001971 0.015485 0.012114
20.796489 0.001971 0.015452 0.012081
20.798459 0.001970 0.015421 0.012050
20.800428 0.001969 0.015392 0.012021
20.802397 0.001969 0.015365 0.011995
20.804366 0.001969 0.015341 0.011971
20.806335 0.001969 0.015321 0.011950
20.808304 0.001970 0.015303 0.011932
20.810274 0.001970 0.015289 0.011919
20.812244 0.001970 0.015279 0.011908
20.814214 0.001970 0.015273 0.011902
20.816184 0.001969 0.015270 0.011899
20.818151 0.001968 0.015271 0.011901
20.820118 0.001966 0.015276 0.011906
20.822083 0.001965 0.015285 0.011914
20.824046 0.001964 0.015296 0.011925
20.826010 0.001963 0.015310 0.011939
20.827971 0.001961 0.015326 0.011956
20.829930 0.001959 0.015345 0.011974
20.831888 0.001958 0.015365 0.011994
20.833844 0.001956 0.015387 0.012016
20.835799 0.001955 0.015410 0.012039
20.837753 0.001954 0.015434 0.012063
20.839707 0.001954 0.015459 0.012088
20.841660 0.001953 0.015483 0.012112
20.843613 0.001953 0.015508 0.012137
20.845565 0.001952 0.015531 0.012161
20.847516 0.001951 0.015555 0.012184
20.849466 0.001950 0.015577 0.012206
20.851416 0.001949 0.015598 0.012227
20.853363 0.001948 0.015617 0.012246
20.855309 0.001946 0.015634 0.012264
20.857253 0.001944 0.015649 0.012279
20.859197 0.001943 0.015662 0.012291
20.861138 0.001942 0.015671 0.012300
20.863078 0.001940 0.015677 0.012307
20.865018 0.001939 0.015680 0.012309
20.866956 0.001938 0.015680 0.012309
20.868894 0.001937 0.015676 0.012305
20.870830 0.001936 0.015668 0.012298
20.872766 0.001936 0.015657 0.012286
20.874701 0.001935 0.015642 0.012272
20.876634 0.001933 0.015624 0.012253
20.878566 0.001932 0.015602 0.012232
20.880496 0.001930 0.015578 0.012207
20.882426 0.001930 0.015550 0.012179
20.884354 0.001929 0.015520 0.012149
20.886282 0.001928 0.015487 0.012116
20.888209 0.001927 0.015452 0.012082
20.890136 0.001927 0.015416 0.012045
20.892063 0.001927 0.015377 0.012007
20.893989 0.001926 0.015338 0.011967
20.895915 0.001926 0.015298 0.011927
20.897840 0.001925 0.015257 0.011886
20.899764 0.001924 0.015215 0.011845
20.901687 0.001923 0.015174 0.011803
20.903608 0.001921 0.015131 0.011761
20.905527 0.001919 0.015089 0.011718
20.907445 0.001918 0.015046 0.011675
20.909362 0.001917 0.015004 0.011633
20.911277 0.001915 0.014961 0.011590
20.913192 0.001914 0.014919 0.011548
20.915105 0.001913 0.014877 0.011506
20.917018 0.001913 0.014835 0.011464
20.918929 0.001912 0.014793 0.011422
20.920840 0.001911 0.014751 0.011380
20.922751 0.001911 0.014708 0.011338
20.924661 0.001910 0.014666 0.011295
20.926569 0.001908 0.014624 0.011254
20.928477 0.001907 0.014583 0.011213
20.930382 0.001906 0.014542 0.011172
20.932287 0.001905 0.014502 0.011131
20.934192 0.001904 0.014461 0.011091
20.936095 0.001903 0.014421 0.011050
20.937998 0.001903 0.014380 0.011009
20.939901 0.001903 0.014339 0.010968
20.941803 0.001903 0.014298 0.010928
20.943706 0.001902 0.014257 0.010886
20.945608 0.001902 0.014216 0.010845
20.947509 0.001902 0.014175 0.010804
20.949411 0.001901 0.014134 0.010763
20.951311 0.001900 0.014093 0.010722
20.953210 0.001899 0.014052 0.010681
20.955107 0.001897 0.014010 0.010639
20.957004 0.001896 0.013968 0.010597
20.958899 0.001895 0.013925 0.010555
20.960792 0.001894 0.013882 0.010512
20.962685 0.001893 0.013839 0.010469
20.964577 0.001892 0.013796 0.010426
20.966468 0.001891 0.013753 0.010383
20.968358 0.001890 0.013711 0.010340
20.970247 0.001889 0.013669 0.010298
20.972136 0.001889 0.013627 0.010257
20.974025 0.001889 0.013587 0.010216
20.975914 0.001888 0.013546 0.010175
20.977801 0.001887 0.013506 0.010136
20.979686 0.001886 0.013467 0.010096
20.981572 0.001885 0.013428 0.010057
20.983455 0.001884 0.013390 0.010019
20.985339 0.001883 0.013352 0.009981
20.987221 0.001883 0.013314 0.009943
20.989104 0.001882 0.013276 0.009905
20.990986 0.001882 0.013239 0.009868
20.992868 0.001882 0.013202 0.009831
20.994750 0.001882 0.013166 0.009795
20.996632 0.001881 0.013129 0.009759
20.998513 0.001881 0.013094 0.009723
21.000393 0.001880 0.013058 0.009687
21.002273 0.001880 0.013023 0.009652
21.004152 0.001880 0.012988 0.009617
21.006031 0.001878 0.012953 0.009582
21.007908 0.001877 0.012919 0.009548
21.009784 0.001876 0.012886 0.009515
21.011658 0.001875 0.012853 0.009483
21.013532 0.001874 0.012821 0.009451
21.015405 0.001873 0.012790 0.009419
21.017278 0.001873 0.012759 0.009388
21.019151 0.001873 0.012728 0.009357
21.021023 0.001872 0.012697 0.009327
21.022894 0.001871 0.012667 0.009296
21.024763 0.001869 0.012636 0.009266
21.026630 0.001868 0.012606 0.009235
21.028498 0.001867 0.012576 0.009205
21.030365 0.001867 0.012546 0.009175
21.032231 0.001867 0.012516 0.009145
21.034097 0.001866 0.012486 0.009116
21.035964 0.001866 0.012457 0.009087
21.037831 0.001867 0.012429 0.009058
21.039698 0.001867 0.012401 0.009030
21.041564 0.001867 0.012374 0.009003
21.043430 0.001866 0.012346 0.008976
21.045296 0.001866 0.012320 0.008949
21.047161 0.001865 0.012294 0.008923
21.049026 0.001865 0.012268 0.008897
21.050890 0.001864 0.012242 0.008871
21.052754 0.001864 0.012217 0.008846
21.054619 0.001864 0.012192 0.008821
21.056483 0.001864 0.012167 0.008797
21.058347 0.001864 0.012143 0.008772
21.060209 0.001862 0.012119 0.008748
21.062070 0.001861 0.012095 0.008725
21.063930 0.001860 0.012072 0.008701
21.065789 0.001859 0.012049 0.008679
21.067648 0.001859 0.012027 0.008656
21.069506 0.001858 0.012005 0.008634
21.071364 0.001858 0.011983 0.008612
21.073222 0.001857 0.011961 0.008590
21.075079 0.001857 0.011939 0.008568
21.076936 0.001857 0.011918 0.008547
21.078792 0.001857 0.011897 0.008527
21.080649 0.001856 0.011877 0.008506
21.082505 0.001856 0.011857 0.008487
21.084361 0.001856 0.011838 0.008467
21.086216 0.001855 0.011819 0.008448
21.088071 0.001855 0.011800 0.008429
21.089925 0.001854 0.011781 0.008411
21.091779 0.001854 0.011763 0.008393
21.093633 0.001854 0.011746 0.008375
21.095487 0.001854 0.011728 0.008358
21.097341 0.001853 0.011712 0.008341
21.099194 0.001853 0.011696 0.008325
21.101046 0.001853 0.011680 0.008310
21.102898 0.001852 0.011665 0.008295
21.104749 0.001851 0.011651 0.008280
21.106600 0.001851 0.011637 0.008267
21.108450 0.001850 0.011624 0.008253
21.110300 0.001850 0.011611 0.008240
21.112150 0.001850 0.011598 0.008227
21.114000 0.001850 0.011585 0.008215
21.115849 0.001849 0.011574 0.008203
21.117697 0.001848 0.011561 0.008191
21.119545 0.001848 0.011550 0.008179
21.121391 0.001847 0.011539 0.008168
21.123237 0.001846 0.011529 0.008158
21.125083 0.001846 0.011519 0.008149
21.126928 0.001845 0.011511 0.008140
21.128773 0.001845 0.011503 0.008132
21.130618 0.001844 0.011494 0.008124
21.132462 0.001844 0.011487 0.008116
21.134306 0.001844 0.011479 0.008108
21.136150 0.001844 0.011471 0.008101
21.137994 0.001844 0.011464 0.008094
21.139838 0.001844 0.011457 0.008087
21.141683 0.001844 0.011451 0.008080
21.143527 0.001844 0.011445 0.008075
21.145371 0.001844 0.011440 0.008069
21.147214 0.001844 0.011435 0.008064
21.149057 0.001843 0.011430 0.008059
21.150900 0.001843 0.011426 0.008055
21.152742 0.001842 0.011422 0.008051
21.154584 0.001842 0.011418 0.008048
21.156425 0.001841 0.011415 0.008045
21.158267 0.001841 0.011413 0.008043
21.160108 0.001841 0.011412 0.008041
21.161949 0.001841 0.011412 0.008041
21.163790 0.001841 0.011413 0.008043
21.165631 0.001841 0.011416 0.008045
21.167472 0.001841 0.011420 0.008049
21.169312 0.001841 0.011424 0.008053
21.171153 0.001840 0.011429 0.008058
21.172993 0.001841 0.011434 0.008063
21.174834 0.001841 0.011438 0.008068
21.176674 0.001841 0.011444 0.008073
21.178514 0.001840 0.011449 0.008078
21.180354 0.001839 0.011455 0.008085
21.182193 0.001839 0.011463 0.008092
21.184031 0.001839 0.011471 0.008101
21.185869 0.001838 0.011481 0.008110
21.187707 0.001837 0.011492 0.008121
21.189544 0.001837 0.011503 0.008132
21.191381 0.001837 0.011515 0.008145
21.193218 0.001837 0.011528 0.008157
21.195055 0.001837 0.011541 0.008171
21.196892 0.001837 0.011555 0.008185
21.198730 0.001838 0.011570 0.008199
21.200568 0.001838 0.011584 0.008214
21.202406 0.001838 0.011599 0.008229
21.204244 0.001838 0.011615 0.008244
21.206083 0.001839 0.011631 0.008260
21.207921 0.001839 0.011647 0.008276
21.209759 0.001838 0.011663 0.008293
21.211597 0.001838 0.011680 0.008309
21.213435 0.001838 0.011697 0.008326
21.215272 0.001838 0.011714 0.008343
21.217110 0.001837 0.011732 0.008361
21.218947 0.001837 0.011750 0.008379
21.220784 0.001837 0.011769 0.008398
21.222621 0.001837 0.011789 0.008418
21.224457 0.001837 0.011809 0.008438
21.226293 0.001836 0.011830 0.008460
21.228129 0.001836 0.011853 0.008482
21.229966 0.001836 0.011876 0.008505
21.231802 0.001837 0.011900 0.008529
21.233639 0.001837 0.011925 0.008554
21.235476 0.001837 0.011950 0.008580
21.237313 0.001837 0.011976 0.008605
21.239151 0.001838 0.012002 0.008631
21.240988 0.001837 0.012027 0.008657
21.242825 0.001837 0.012052 0.008682
21.244661 0.001836 0.012077 0.008707
21.246497 0.001836 0.012102 0.008732
21.248332 0.001835 0.012127 0.008757
21.250167 0.001835 0.012153 0.008782
21.252002 0.001835 0.012178 0.008807
21.253836 0.001834 0.012203 0.008832
21.255671 0.001834 0.012228 0.008857
21.257505 0.001834 0.012253 0.008882
21.259339 0.001834 0.012278 0.008907
21.261174 0.001835 0.012303 0.008932
21.263009 0.001835 0.012327 0.008957
21.264845 0.001836 0.012352 0.008982
21.266681 0.001836 0.012377 0.009007
21.268517 0.001836 0.012402 0.009031
21.270352 0.001836 0.012427 0.009056
21.272187 0.001835 0.012451 0.009081
21.274022 0.001835 0.012476 0.009105
21.275856 0.001834 0.012501 0.009130
21.277689 0.001833 0.012525 0.009155
21.279522 0.001833 0.012550 0.009179
21.281354 0.001832 0.012574 0.009204
21.283186 0.001832 0.012599 0.009229
21.285018 0.001832 0.012624 0.009254
21.286850 0.001832 0.012650 0.009279
21.288682 0.001832 0.012675 0.009305
21.290514 0.001832 0.012701 0.009331
21.292345 0.001832 0.012728 0.009357
21.294178 0.001832 0.012755 0.009385
21.296011 0.001833 0.012783 0.009413
21.297843 0.001832 0.012812 0.009441
21.299675 0.001832 0.012841 0.009471
21.301507 0.001832 0.012871 0.009501
21.303338 0.001831 0.012902 0.009532
21.305169 0.001831 0.012934 0.009563
21.307000 0.001831 0.012966 0.009595
21.308831 0.001831 0.012999 0.009628
21.310663 0.001832 0.013032 0.009661
21.312494 0.001832 0.013066 0.009695
21.314326 0.001831 0.013101 0.009730
21.316157 0.001831 0.013136 0.009766
21.317988 0.001831 0.013173 0.009802
21.319819 0.001831 0.013210 0.009839
21.321649 0.001831 0.013248 0.009877
21.323480 0.001831 0.013286 0.009916
21.325311 0.001831 0.013326 0.009955
21.327142 0.001831 0.013366 0.009996
21.328973 0.001831 0.013407 0.010037
21.330804 0.001831 0.013449 0.010079
21.332634 0.001830 0.013492 0.010122
21.334464 0.001830 0.013536 0.010165
21.336293 0.001829 0.013580 0.010209
21.338122 0.001829 0.013625 0.010254
21.339951 0.001829 0.013671 0.010300
21.341779 0.001828 0.013717 0.010347
21.343607 0.001828 0.013765 0.010394
21.345435 0.001828 0.013812 0.010442
21.347263 0.001828 0.013861 0.010490
21.349091 0.001828 0.013911 0.010540
21.350920 0.001829 0.013961 0.010590
21.352749 0.001829 0.014011 0.010641
21.354578 0.001829 0.014063 0.010692
21.356408 0.001830 0.014115 0.010744
21.358238 0.001830 0.014168 0.010797
21.360069 0.001830 0.014222 0.010851
21.361899 0.001830 0.014276 0.010905
21.363729 0.001830 0.014330 0.010960
21.365558 0.001830 0.014386 0.011015
21.367387 0.001829 0.014441 0.011070
21.369215 0.001828 0.014497 0.011126
21.371043 0.001828 0.014553 0.011182
21.372870 0.001827 0.014609 0.011239
21.374697 0.001827 0.014666 0.011295
21.376524 0.001826 0.014723 0.011352
21.378350 0.001826 0.014780 0.011409
21.380176 0.001826 0.014837 0.011466
21.382002 0.001826 0.014894 0.011523
21.383828 0.001826 0.014951 0.011580
21.385654 0.001826 0.015007 0.011637
21.387480 0.001826 0.015064 0.011693
21.389307 0.001827 0.015121 0.011750
21.391134 0.001827 0.015177 0.011806
21.392962 0.001828 0.015233 0.011862
21.394789 0.001827 0.015289 0.011918
21.396617 0.001828 0.015344 0.011973
21.398445 0.001828 0.015398 0.012028
21.400272 0.001827 0.015453 0.012082
21.402099 0.001827 0.015506 0.012136
21.403925 0.001826 0.015559 0.012189
21.405751 0.001826 0.015612 0.012241
21.407576 0.001825 0.015663 0.012293
21.409401 0.001825 0.015715 0.012344
21.411225 0.001824 0.015765 0.012394
21.413049 0.001824 0.015815 0.012444
21.414872 0.001824 0.015863 0.012493
21.416696 0.001823 0.015911 0.012541
21.418519 0.001823 0.015959 0.012588
21.420342 0.001823 0.016005 0.012634
21.422166 0.001824 0.016050 0.012680
21.423990 0.001824 0.016095 0.012724
21.425813 0.001824 0.016139 0.012768
21.427637 0.001824 0.016181 0.012811
21.429462 0.001824 0.016223 0.012853
21.431286 0.001824 0.016264 0.012893
21.433110 0.001824 0.016304 0.012933
21.434933 0.001824 0.016343 0.012973
21.436757 0.001824 0.016381 0.013011
21.438581 0.001824 0.016419 0.013048
21.440405 0.001823 0.016455 0.013085
21.442228 0.001823 0.016491 0.013120
21.444051 0.001823 0.016526 0.013155
21.445874 0.001823 0.016560 0.013190
21.447697 0.001823 0.016594 0.013224
21.449519 0.001823 0.016628 0.013257
21.451342 0.001822 0.016660 0.013290
21.453164 0.001822 0.016693 0.013322
21.454986 0.001822 0.016725 0.013354
21.456809 0.001822 0.016757 0.013386
21.458631 0.001822 0.016789 0.013418
21.460454 0.001823 0.016821 0.013451
21.462277 0.001823 0.016853 0.013483
21.464099 0.001822 0.016886 0.013515
21.465921 0.001822 0.016919 0.013548
21.467743 0.001822 0.016952 0.013581
21.469564 0.001821 0.016986 0.013615
21.471385 0.001821 0.017021 0.013650
21.473206 0.001821 0.017057 0.013686
21.475026 0.001820 0.017093 0.013723
21.476846 0.001820 0.017131 0.013760
21.478667 0.001820 0.017170 0.013800
21.480487 0.001820 0.017211 0.013840
21.482307 0.001820 0.017253 0.013883
21.484128 0.001821 0.017297 0.013927
21.485948 0.001821 0.017343 0.013972
21.487769 0.001821 0.017391 0.014020
21.489591 0.001821 0.017441 0.014070
21.491412 0.001822 0.017493 0.014123
21.493234 0.001822 0.017548 0.014177
21.495056 0.001822 0.017605 0.014235
21.496878 0.001822 0.017665 0.014294
21.498699 0.001821 0.017727 0.014357
21.500520 0.001821 0.017792 0.014421
21.502341 0.001821 0.017859 0.014489
21.504161 0.001820 0.017929 0.014558
21.505981 0.001820 0.018001 0.014631
21.507801 0.001820 0.018076 0.014705
21.509621 0.001820 0.018153 0.014782
21.511440 0.001820 0.018232 0.014861
21.513260 0.001820 0.018313 0.014942
21.515080 0.001820 0.018396 0.015025
21.516900 0.001820 0.018480 0.015109
21.518720 0.001820 0.018565 0.015195
21.520540 0.001820 0.018652 0.015281
21.522361 0.001821 0.018739 0.015368
21.524182 0.001821 0.018826 0.015455
21.526003 0.001821 0.018913 0.015542
21.527825 0.001822 0.018999 0.015629
21.529647 0.001822 0.019086 0.015715
21.531469 0.001823 0.019171 0.015800
21.533292 0.001822 0.019254 0.015884
21.535114 0.001822 0.019336 0.015966
21.536937 0.001822 0.019416 0.016045
21.538759 0.001823 0.019493 0.016123
21.540582 0.001822 0.019568 0.016197
21.542404 0.001822 0.019639 0.016269
21.544227 0.001823 0.019708 0.016337
21.546050 0.001823 0.019773 0.016402
21.547873 0.001823 0.019835 0.016464
21.549696 0.001823 0.019893 0.016522
21.551519 0.001823 0.019947 0.016576
21.553343 0.001824 0.019998 0.016627
21.555166 0.001824 0.020045 0.016675
21.556990 0.001824 0.020089 0.016719
21.558815 0.001824 0.020130 0.016760
21.560640 0.001825 0.020168 0.016797
21.562465 0.001825 0.020202 0.016832
21.564291 0.001826 0.020234 0.016863
21.566117 0.001826 0.020262 0.016891
21.567943 0.001826 0.020287 0.016916
21.569770 0.001827 0.020310 0.016939
21.571596 0.001827 0.020331 0.016960
21.573423 0.001827 0.020349 0.016978
21.575250 0.001827 0.020365 0.016995
21.577078 0.001827 0.020380 0.017009
21.578905 0.001827 0.020392 0.017022
21.580732 0.001827 0.020403 0.017033
21.582559 0.001827 0.020413 0.017042
21.584387 0.001828 0.020421 0.017050
21.586214 0.001827 0.020428 0.017057
21.588042 0.001827 0.020433 0.017063
21.589869 0.001827 0.020438 0.017067
21.591696 0.001827 0.020441 0.017071
21.593522 0.001826 0.020444 0.017073
21.595348 0.001826 0.020445 0.017075
21.597174 0.001826 0.020446 0.017075
21.599000 0.001826 0.020446 0.017075
21.600825 0.001825 0.020445 0.017074
21.602650 0.001825 0.020443 0.017072
21.604475 0.001825 0.020441 0.017070
21.606300 0.001825 0.020438 0.017067
21.608125 0.001825 0.020434 0.017063
21.609949 0.001825 0.020430 0.017059
21.611774 0.001824 0.020425 0.017055
21.613598 0.001824 0.020420 0.017049
21.615422 0.001824 0.020415 0.017044
21.617245 0.001823 0.020408 0.017038
21.619067 0.001823 0.020402 0.017031
21.620889 0.001822 0.020395 0.017024
21.622711 0.001822 0.020387 0.017017
21.624532 0.001821 0.020380 0.017009
21.626354 0.001821 0.020372 0.017001
21.628174 0.001821 0.020364 0.016993
21.629995 0.001821 0.020355 0.016985
21.631816 0.001820 0.020347 0.016976
21.633636 0.001820 0.020338 0.016967
21.635456 0.001820 0.020329 0.016958
21.637276 0.001820 0.020319 0.016949
21.639096 0.001820 0.020310 0.016939
21.640916 0.001820 0.020300 0.016929
21.642736 0.001820 0.020289 0.016919
21.644557 0.001821 0.020279 0.016908
21.646377 0.001820 0.020268 0.016897
21.648197 0.001820 0.020256 0.016886
21.650016 0.001819 0.020245 0.016874
21.651835 0.001819 0.020233 0.016862
21.653655 0.001819 0.020221 0.016850
21.655474 0.001819 0.020208 0.016838
21.657293 0.001819 0.020196 0.016825
21.659113 0.001820 0.020184 0.016813
21.660933 0.001820 0.020171 0.016800
21.662752 0.001819 0.020159 0.016788
21.664571 0.001819 0.020147 0.016776
21.666389 0.001819 0.020134 0.016764
21.668208 0.001818 0.020122 0.016752
21.670025 0.001818 0.020111 0.016740
21.671842 0.001817 0.020099 0.016728
21.673659 0.001817 0.020088 0.016717
21.675477 0.001817 0.020076 0.016706
21.677293 0.001817 0.020065 0.016695
21.679110 0.001817 0.020054 0.016684
21.680927 0.001817 0.020043 0.016673
21.682744 0.001817 0.020033 0.016662
21.684561 0.001817 0.020022 0.016651
21.686379 0.001817 0.020011 0.016641
21.688196 0.001818 0.020001 0.016630
21.690014 0.001818 0.019990 0.016619
21.691831 0.001817 0.019979 0.016609
21.693648 0.001817 0.019969 0.016598
21.695465 0.001817 0.019958 0.016588
21.697281 0.001816 0.019948 0.016577
21.699097 0.001816 0.019937 0.016566
21.700913 0.001816 0.019926 0.016555
21.702729 0.001816 0.019915 0.016544
21.704545 0.001816 0.019904 0.016534
21.706361 0.001816 0.019893 0.016523
21.708177 0.001816 0.019882 0.016511
21.709993 0.001816 0.019871 0.016500
21.711810 0.001817 0.019860 0.016489
21.713627 0.001817 0.019848 0.016478
21.715444 0.001817 0.019837 0.016466
21.717261 0.001817 0.019825 0.016454
21.719078 0.001817 0.019813 0.016443
21.720896 0.001817 0.019801 0.016431
21.722713 0.001817 0.019789 0.016419
21.724530 0.001817 0.019777 0.016407
21.726347 0.001817 0.019765 0.016394
21.728164 0.001817 0.019753 0.016382
21.729981 0.001817 0.019740 0.016370
21.731797 0.001817 0.019728 0.016357
21.733614 0.001816 0.019715 0.016344
21.735430 0.001817 0.019702 0.016332
21.737246 0.001816 0.019690 0.016319
21.739062 0.001816 0.019677 0.016306
21.740877 0.001815 0.019664 0.016293
21.742692 0.001815 0.019650 0.016280
21.744507 0.001815 0.019637 0.016266
21.746321 0.001814 0.019623 0.016253
21.748135 0.001814 0.019610 0.016239
21.749949 0.001814 0.019596 0.016225
21.751763 0.001814 0.019582 0.016211
21.753576 0.001813 0.019567 0.016197
21.755390 0.001814 0.019553 0.016182
21.757204 0.001814 0.019538 0.016167
21.759017 0.001814 0.019524 0.016153
21.760832 0.001814 0.019509 0.016138
21.762646 0.001815 0.019494 0.016123
21.764461 0.001815 0.019479 0.016108
21.766276 0.001815 0.019464 0.016093
21.768091 0.001815 0.019449 0.016078
21.769906 0.001815 0.019433 0.016063
21.771721 0.001815 0.019418 0.016047
21.773536 0.001815 0.019403 0.016032
21.775351 0.001815 0.019387 0.016017
21.777165 0.001815 0.019372 0.016001
21.778980 0.001815 0.019356 0.015985
21.780795 0.001815 0.019340 0.015970
21.782609 0.001815 0.019324 0.015954
21.784424 0.001815 0.019309 0.015938
21.786239 0.001815 0.019293 0.015922
21.788054 0.001815 0.019277 0.015906
21.789868 0.001815 0.019261 0.015890
21.791683 0.001815 0.019245 0.015874
21.793498 0.001815 0.019229 0.015858
21.795313 0.001815 0.019213 0.015843
21.797128 0.001815 0.019197 0.015827
21.798943 0.001815 0.019182 0.015811
21.800758 0.001815 0.019166 0.015795
21.802573 0.001815 0.019150 0.015779
21.804388 0.001815 0.019135 0.015764
21.806203 0.001815 0.019119 0.015748
21.808019 0.001815 0.019104 0.015733
21.809834 0.001816 0.019089 0.015718
21.811650 0.001816 0.019073 0.015703
21.813466 0.001815 0.019059 0.015688
21.815281 0.001815 0.019044 0.015673
21.817096 0.001815 0.019029 0.015659
21.818912 0.001815 0.019015 0.015644
21.820727 0.001815 0.019001 0.015630
21.822543 0.001816 0.018987 0.015616
21.824358 0.001816 0.018974 0.015603
21.826174 0.001816 0.018960 0.015590
21.827990 0.001816 0.018947 0.015577
21.829806 0.001816 0.018934 0.015564
21.831622 0.001816 0.018922 0.015551
21.833439 0.001816 0.018910 0.015539
21.835255 0.001816 0.018898 0.015527
21.837071 0.001816 0.018886 0.015516
21.838888 0.001817 0.018875 0.015505
21.840705 0.001817 0.018864 0.015494
21.842521 0.001817 0.018854 0.015483
21.844338 0.001817 0.018844 0.015473
21.846155 0.001817 0.018834 0.015463
21.847972 0.001817 0.018824 0.015453
21.849789 0.001817 0.018815 0.015444
21.851606 0.001817 0.018806 0.015435
21.853423 0.001817 0.018798 0.015427
21.855240 0.001817 0.018789 0.015419
21.857058 0.001817 0.018782 0.015411
21.858875 0.001818 0.018774 0.015403
21.860693 0.001818 0.018767 0.015396
21.862511 0.001818 0.018760 0.015389
21.864329 0.001818 0.018753 0.015383
21.866148 0.001818 0.018747 0.015376
21.867966 0.001819 0.018741 0.015371
21.869785 0.001819 0.018736 0.015365
21.871604 0.001819 0.018730 0.015359
21.873423 0.001819 0.018725 0.015354
21.875243 0.001819 0.018720 0.015349
21.877063 0.001820 0.018715 0.015344
21.878882 0.001820 0.018711 0.015340
21.880702 0.001820 0.018706 0.015336
21.882522 0.001820 0.018702 0.015331
21.884342 0.001820 0.018698 0.015327
21.886163 0.001820 0.018694 0.015323
21.887983 0.001820 0.018690 0.015319
21.889803 0.001820 0.018686 0.015316
21.891624 0.001821 0.018683 0.015312
21.893445 0.001821 0.018679 0.015308
21.895266 0.001821 0.018675 0.015304
21.897088 0.001821 0.018671 0.015301
21.898910 0.001822 0.018668 0.015297
21.900731 0.001821 0.018664 0.015293
21.902552 0.001821 0.018660 0.015289
21.904374 0.001821 0.018656 0.015285
21.906196 0.001822 0.018652 0.015281
21.908017 0.001822 0.018648 0.015277
21.909839 0.001822 0.018644 0.015273
21.911661 0.001822 0.018639 0.015269
21.913485 0.001823 0.018635 0.015264
21.915308 0.001823 0.018630 0.015259
21.917131 0.001823 0.018625 0.015255
21.918955 0.001824 0.018620 0.015250
21.920779 0.001825 0.018615 0.015244
21.922604 0.001825 0.018609 0.015239
21.924429 0.001825 0.018604 0.015233
21.926254 0.001825 0.018598 0.015227
21.928080 0.001826 0.018592 0.015221
21.929907 0.001826 0.018585 0.015214
21.931733 0.001827 0.018578 0.015208
21.933560 0.001826 0.018572 0.015201
21.935387 0.001827 0.018564 0.015194
21.937214 0.001827 0.018557 0.015186
21.939042 0.001827 0.018549 0.015178
21.940869 0.001827 0.018541 0.015170
21.942696 0.001828 0.018533 0.015162
21.944524 0.001828 0.018524 0.015154
21.946352 0.001828 0.018516 0.015145
21.948179 0.001828 0.018507 0.015136
21.950008 0.001828 0.018497 0.015127
21.951836 0.001828 0.018488 0.015117
21.953664 0.001828 0.018478 0.015107
21.955493 0.001828 0.018468 0.015097
21.957322 0.001829 0.018457 0.015087
21.959151 0.001829 0.018447 0.015076
21.960981 0.001830 0.018436 0.015065
21.962811 0.001830 0.018425 0.015054
21.964642 0.001831 0.018413 0.015043
21.966473 0.001831 0.018402 0.015031
21.968305 0.001831 0.018390 0.015019
21.970137 0.001832 0.018378 0.015007
21.971969 0.001833 0.018365 0.014995
21.973802 0.001833 0.018353 0.014982
21.975635 0.001833 0.018340 0.014969
21.977468 0.001833 0.018327 0.014956
21.979302 0.001834 0.018314 0.014943
21.981137 0.001835 0.018300 0.014929
21.982972 0.001835 0.018286 0.014916
21.984807 0.001835 0.018272 0.014902
21.986643 0.001836 0.018258 0.014888
21.988479 0.001837 0.018244 0.014873
21.990316 0.001837 0.018230 0.014859
21.992154 0.001837 0.018215 0.014844
21.993991 0.001838 0.018200 0.014829
21.995830 0.001838 0.018185 0.014814
21.997668 0.001838 0.018170 0.014799
21.999506 0.001838 0.018155 0.014784
22.001346 0.001839 0.018139 0.014769
22.003185 0.001840 0.018124 0.014753
22.005025 0.001840 0.018108 0.014737
22.006865 0.001840 0.018092 0.014721
22.008706 0.001841 0.018076 0.014706
22.010547 0.001841 0.018060 0.014689
22.012388 0.001841 0.018044 0.014673
22.014229 0.001841 0.018028 0.014657
22.016071 0.001842 0.018011 0.014641
22.017913 0.001842 0.017995 0.014624
22.019756 0.001843 0.017978 0.014608
22.021598 0.001843 0.017962 0.014591
22.023442 0.001844 0.017945 0.014574
22.025286 0.001844 0.017928 0.014557
22.027131 0.001844 0.017911 0.014540
22.028975 0.001844 0.017894 0.014523
22.030820 0.001845 0.017877 0.014506
22.032666 0.001846 0.017860 0.014489
22.034512 0.001846 0.017843 0.014472
22.036357 0.001846 0.017826 0.014455
22.038204 0.001847 0.017809 0.014438
22.040052 0.001847 0.017791 0.014421
22.041900 0.001848 0.017774 0.014403
22.043748 0.001848 0.017757 0.014386
22.045597 0.001849 0.017739 0.014369
22.047447 0.001850 0.017722 0.014351
22.049297 0.001850 0.017705 0.014334
22.051147 0.001850 0.017687 0.014317
22.052998 0.001851 0.017670 0.014299
22.054849 0.001852 0.017653 0.014282
22.056701 0.001852 0.017635 0.014264
22.058553 0.001852 0.017618 0.014247
22.060406 0.001853 0.017600 0.014230
22.062260 0.001854 0.017583 0.014212
22.064114 0.001854 0.017565 0.014195
22.065968 0.001854 0.017548 0.014177
22.067823 0.001855 0.017530 0.014160
22.069679 0.001856 0.017513 0.014142
22.071536 0.001857 0.017496 0.014125
22.073393 0.001857 0.017478 0.014107
22.075250 0.001857 0.017461 0.014090
22.077108 0.001858 0.017443 0.014072
22.078966 0.001858 0.017426 0.014055
22.080824 0.001858 0.017408 0.014038
22.082683 0.001859 0.017391 0.014020
22.084543 0.001860 0.017373 0.014003
22.086403 0.001861 0.017356 0.013985
22.088264 0.001861 0.017338 0.013968
22.090126 0.001862 0.017321 0.013950
22.091989 0.001863 0.017304 0.013933
22.093852 0.001863 0.017286 0.013915
22.095716 0.001863 0.017269 0.013898
22.097579 0.001864 0.017251 0.013881
22.099444 0.001865 0.017234 0.013863
22.101309 0.001865 0.017217 0.013846
22.103175 0.001865 0.017199 0.013828
22.105040 0.001866 0.017182 0.013811
22.106907 0.001867 0.017164 0.013794
22.108775 0.001868 0.017147 0.013776
22.110643 0.001868 0.017130 0.013759
22.112511 0.001868 0.017112 0.013742
22.114380 0.001869 0.017095 0.013724
22.116251 0.001870 0.017078 0.013707
22.118122 0.001871 0.017060 0.013690
22.119993 0.001872 0.017043 0.013672
22.121866 0.001873 0.017026 0.013655
22.123740 0.001874 0.017008 0.013638
22.125614 0.001874 0.016991 0.013620
22.127488 0.001874 0.016974 0.013603
22.129364 0.001875 0.016957 0.013586
22.131240 0.001876 0.016939 0.013569
22.133116 0.001876 0.016922 0.013552
22.134992 0.001877 0.016905 0.013534
22.136870 0.001877 0.016888 0.013517
22.138748 0.001878 0.016871 0.013500
22.140627 0.001879 0.016854 0.013483
22.142506 0.001879 0.016836 0.013466
22.144386 0.001880 0.016819 0.013449
22.146267 0.001881 0.016802 0.013432
22.148149 0.001882 0.016785 0.013414
22.150031 0.001882 0.016768 0.013397
22.151913 0.001883 0.016751 0.013380
22.153797 0.001883 0.016734 0.013363
22.155681 0.001884 0.016717 0.013346
22.157565 0.001885 0.016699 0.013329
22.159451 0.001885 0.016682 0.013312
22.161337 0.001886 0.016665 0.013295
22.163223 0.001887 0.016648 0.013277
22.165110 0.001887 0.016631 0.013260
22.166997 0.001887 0.016614 0.013243
22.168885 0.001888 0.016597 0.013226
22.170774 0.001888 0.016580 0.013209
22.172662 0.001888 0.016563 0.013192
22.174551 0.001889 0.016546 0.013175
22.176441 0.001889 0.016529 0.013158
22.178331 0.001890 0.016512 0.013141
22.180221 0.001890 0.016495 0.013124
22.182112 0.001891 0.016478 0.013107
22.184004 0.001892 0.016461 0.013090
22.185896 0.001892 0.016444 0.013073
22.187788 0.001892 0.016427 0.013056
22.189680 0.001892 0.016410 0.013039
22.191573 0.001892 0.016393 0.013022
22.193465 0.001893 0.016376 0.013005
22.195358 0.001892 0.016359 0.012988
22.197250 0.001892 0.016342 0.012972
22.199143 0.001892 0.016326 0.012955
22.201035 0.001892 0.016309 0.012938
22.202927 0.001892 0.016292 0.012921
22.204819 0.001892 0.016275 0.012904
22.206711 0.001892 0.016258 0.012888
22.208603 0.001892 0.016242 0.012871
22.210496 0.001892 0.016225 0.012854
22.212388 0.001892 0.016208 0.012838
22.214280 0.001893 0.016192 0.012821
22.216173 0.001893 0.016175 0.012804
22.218067 0.001893 0.016158 0.012788
22.219960 0.001893 0.016142 0.012771
22.221853 0.001893 0.016125 0.012755
22.223746 0.001893 0.016109 0.012738
22.225639 0.001893 0.016092 0.012722
22.227532 0.001893 0.016076 0.012705
22.229425 0.001893 0.016059 0.012689
22.231318 0.001893 0.016043 0.012672
22.233212 0.001894 0.016026 0.012656
22.235106 0.001894 0.016010 0.012639
22.237000 0.001894 0.015994 0.012623
22.238893 0.001894 0.015977 0.012606
22.240787 0.001894 0.015961 0.012590
22.242681 0.001894 0.015945 0.012574
22.244576 0.001894 0.015928 0.012558
22.246470 0.001894 0.015912 0.012541
22.248364 0.001894 0.015896 0.012525
22.250259 0.001895 0.015880 0.012509
22.252154 0.001895 0.015864 0.012493
22.254048 0.001894 0.015848 0.012477
22.255942 0.001894 0.015832 0.012461
22.257837 0.001894 0.015816 0.012445
22.259731 0.001895 0.015800 0.012429
22.261626 0.001895 0.015784 0.012414
22.263521 0.001895 0.015768 0.012398
22.265416 0.001895 0.015753 0.012382
22.267312 0.001895 0.015737 0.012366
22.269206 0.001895 0.015721 0.012351
22.271101 0.001895 0.015706 0.012335
22.272996 0.001895 0.015690 0.012320
22.274891 0.001895 0.015675 0.012304
22.276786 0.001895 0.015660 0.012289
22.278681 0.001895 0.015644 0.012274
22.280577 0.001896 0.015629 0.012258
22.282473 0.001896 0.015614 0.012243
22.284369 0.001896 0.015598 0.012228
22.286265 0.001896 0.015583 0.012213
22.288161 0.001896 0.015568 0.012198
22.290058 0.001897 0.015553 0.012183
22.291954 0.001897 0.015538 0.012168
22.293851 0.001897 0.015523 0.012153
22.295748 0.001897 0.015509 0.012138
22.297646 0.001898 0.015494 0.012123
22.299543 0.001898 0.015479 0.012108
22.301441 0.001898 0.015465 0.012094
22.303339 0.001898 0.015450 0.012079
22.305238 0.001898 0.015435 0.012065
22.307136 0.001898 0.015421 0.012050
22.309035 0.001899 0.015407 0.012036
22.310933 0.001899 0.015392 0.012022
22.312832 0.001899 0.015378 0.012007
22.314730 0.001898 0.015364 0.011993
22.316628 0.001898 0.015350 0.011979
22.318526 0.001898 0.015336 0.011965
22.320425 0.001898 0.015322 0.011951
22.322323 0.001898 0.015308 0.011937
22.324221 0.001898 0.015294 0.011923
22.326120 0.001899 0.015280 0.011909
22.328019 0.001899 0.015266 0.011896
22.329919 0.001900 0.015253 0.011882
22.331818 0.001900 0.015239 0.011869
22.333718 0.001900 0.015226 0.011855
22.335618 0.001900 0.015212 0.011842
22.337519 0.001900 0.015199 0.011828
22.339419 0.001901 0.015186 0.011815
22.341320 0.001901 0.015173 0.011802
22.343221 0.001901 0.015160 0.011789
22.345122 0.001901 0.015147 0.011776
22.347024 0.001901 0.015134 0.011763
22.348925 0.001901 0.015121 0.011750
22.350826 0.001901 0.015108 0.011738
22.352727 0.001901 0.015096 0.011725
22.354628 0.001901 0.015083 0.011712
22.356528 0.001900 0.015071 0.011700
22.358428 0.001900 0.015058 0.011687
22.360327 0.001900 0.015046 0.011675
22.362227 0.001899 0.015034 0.011663
22.364126 0.001899 0.015021 0.011651
22.366025 0.001899 0.015009 0.011639
22.367923 0.001899 0.014997 0.011627
22.369822 0.001898 0.014985 0.011615
22.371720 0.001898 0.014973 0.011603
22.373618 0.001898 0.014962 0.011591
22.375515 0.001897 0.014950 0.011579
22.377412 0.001897 0.014938 0.011568
22.379309 0.001897 0.014927 0.011556
22.381205 0.001896 0.014915 0.011545
22.383101 0.001896 0.014904 0.011533
22.384997 0.001896 0.014892 0.011522
22.386893 0.001896 0.014881 0.011510
22.388788 0.001895 0.014870 0.011499
22.390683 0.001895 0.014859 0.011488
22.392577 0.001894 0.014847 0.011477
22.394471 0.001894 0.014836 0.011466
22.396365 0.001894 0.014825 0.011455
22.398259 0.001894 0.014814 0.011444
22.400152 0.001893 0.014804 0.011433
22.402045 0.001893 0.014793 0.011422
22.403937 0.001892 0.014782 0.011411
22.405828 0.001892 0.014771 0.011401
22.407719 0.001891 0.014761 0.011390
22.409610 0.001891 0.014750 0.011379
22.411500 0.001890 0.014739 0.011369
22.413390 0.001890 0.014729 0.011358
22.415279 0.001889 0.014719 0.011348
22.417168 0.001888 0.014708 0.011337
22.419055 0.001887 0.014698 0.011327
22.420942 0.001887 0.014688 0.011317
22.422828 0.001886 0.014677 0.011307
22.424714 0.001886 0.014667 0.011296
22.426599 0.001885 0.014657 0.011286
22.428484 0.001885 0.014647 0.011276
22.430368 0.001884 0.014637 0.011266
22.432251 0.001883 0.014627 0.011256
22.434134 0.001883 0.014617 0.011246
22.436016 0.001882 0.014607 0.011237
22.437897 0.001881 0.014597 0.011227
22.439778 0.001881 0.014588 0.011217
22.441658 0.001880 0.014578 0.011207
22.443538 0.001880 0.014568 0.011198
22.445417 0.001879 0.014559 0.011188
22.447296 0.001879 0.014549 0.011178
22.449174 0.001878 0.014539 0.011169
22.451051 0.001877 0.014530 0.011159
22.452927 0.001877 0.014520 0.011150
22.454804 0.001876 0.014511 0.011140
22.456679 0.001876 0.014501 0.011131
22.458555 0.001875 0.014492 0.011121
22.460430 0.001875 0.014482 0.011112
22.462305 0.001875 0.014473 0.011102
22.464180 0.001875 0.014464 0.011093
22.466054 0.001874 0.014454 0.011083
22.467927 0.001873 0.014445 0.011074
22.469798 0.001871 0.014435 0.011065
22.471668 0.001869 0.014426 0.011055
22.473535 0.001868 0.014417 0.011046
22.475402 0.001866 0.014407 0.011036
22.477266 0.001865 0.014398 0.011027
22.479128 0.001862 0.014388 0.011018
22.480988 0.001860 0.014379 0.011008
22.482846 0.001858 0.014370 0.010999
22.484703 0.001857 0.014360 0.010989
22.486558 0.001855 0.014351 0.010980
22.488413 0.001854 0.014341 0.010971
22.490266 0.001854 0.014332 0.010961
22.492118 0.001852 0.014322 0.010952
22.493967 0.001850 0.014313 0.010942
22.495816 0.001848 0.014303 0.010933
22.497663 0.001847 0.014294 0.010923
22.499508 0.001846 0.014284 0.010914
22.501353 0.001845 0.014275 0.010904
22.503198 0.001844 0.014265 0.010895
22.505041 0.001844 0.014256 0.010885
22.506884 0.001843 0.014246 0.010876
22.508726 0.001842 0.014237 0.010866
22.510568 0.001842 0.014227 0.010857
22.512409 0.001841 0.014218 0.010847
22.514249 0.001840 0.014208 0.010837
22.516087 0.001839 0.014199 0.010828
22.517926 0.001838 0.014189 0.010818
22.519761 0.001835 0.014179 0.010809
22.521591 0.001830 0.014170 0.010799
22.523417 0.001826 0.014160 0.010790
22.525238 0.001821 0.014151 0.010780
22.527056 0.001817 0.014141 0.010770
22.528869 0.001813 0.014132 0.010761
22.530679 0.001810 0.014122 0.010751
22.532486 0.001807 0.014113 0.010742
22.534290 0.001804 0.014103 0.010732
22.536092 0.001802 0.014094 0.010723
22.537892 0.001800 0.014084 0.010713
22.539690 0.001798 0.014075 0.010704
22.541486 0.001796 0.014065 0.010694
22.543281 0.001795 0.014055 0.010685
22.545075 0.001794 0.014046 0.010675
22.546868 0.001793 0.014036 0.010666
22.548661 0.001793 0.014027 0.010656
22.550453 0.001793 0.014017 0.010646
22.552246 0.001793 0.014008 0.010637
22.554039 0.001793 0.013998 0.010627
22.555832 0.001793 0.013988 0.010618
22.557626 0.001794 0.013979 0.010608
22.559421 0.001795 0.013969 0.010598
22.561216 0.001796 0.013959 0.010589
22.563013 0.001797 0.013950 0.010579
22.564811 0.001798 0.013940 0.010569
22.566611 0.001799 0.013930 0.010559
22.568411 0.001800 0.013920 0.010550
22.570213 0.001802 0.013910 0.010540
22.572015 0.001803 0.013901 0.010530
22.573820 0.001804 0.013891 0.010520
22.575625 0.001805 0.013881 0.010510
22.577432 0.001807 0.013871 0.010500
22.579240 0.001808 0.013861 0.010491
22.581049 0.001810 0.013851 0.010481
22.582860 0.001811 0.013841 0.010471
22.584673 0.001812 0.013831 0.010461
22.586487 0.001814 0.013821 0.010451
22.588302 0.001816 0.013811 0.010441
22.590120 0.001817 0.013801 0.010431
22.591939 0.001819 0.013791 0.010421
22.593760 0.001821 0.013781 0.010411
22.595583 0.001823 0.013771 0.010401
22.597407 0.001824 0.013761 0.010391
22.599232 0.001825 0.013751 0.010381
22.601058 0.001826 0.013741 0.010371
22.602886 0.001827 0.013731 0.010360
22.604714 0.001828 0.013721 0.010350
22.606543 0.001829 0.013711 0.010340
22.608374 0.001830 0.013701 0.010330
22.610205 0.001831 0.013691 0.010320
22.612038 0.001833 0.013681 0.010310
22.613871 0.001834 0.013671 0.010300
22.615706 0.001835 0.013661 0.010290
22.617542 0.001836 0.013651 0.010280
22.619379 0.001837 0.013641 0.010270
22.621216 0.001838 0.013631 0.010260
22.623055 0.001839 0.013621 0.010250
22.624895 0.001840 0.013611 0.010240
22.626736 0.001841 0.013601 0.010230
22.628578 0.001842 0.013591 0.010220
22.630420 0.001843 0.013581 0.010210
22.632264 0.001844 0.013571 0.010200
22.634109 0.001845 0.013561 0.010190
22.635955 0.001846 0.013551 0.010180
22.637802 0.001847 0.013541 0.010171
22.639649 0.001848 0.013531 0.010161
22.641498 0.001848 0.013522 0.010151
22.643347 0.001849 0.013512 0.010141
22.645196 0.001850 0.013502 0.010131
22.647047 0.001850 0.013492 0.010122
22.648898 0.001851 0.013483 0.010112
22.650749 0.001852 0.013473 0.010102
22.652602 0.001852 0.013463 0.010093
22.654455 0.001853 0.013454 0.010083
22.656309 0.001854 0.013444 0.010073
22.658163 0.001854 0.013435 0.010064
22.660018 0.001855 0.013425 0.010054
22.661874 0.001856 0.013416 0.010045
22.663731 0.001857 0.013406 0.010035
22.665588 0.001857 0.013397 0.010026
22.667446 0.001858 0.013387 0.010017
22.669305 0.001859 0.013378 0.010007
22.671164 0.001859 0.013369 0.009998
22.673024 0.001860 0.013359 0.009989
22.674885 0.001861 0.013350 0.009979
22.676747 0.001862 0.013341 0.009970
22.678609 0.001862 0.013332 0.009961
22.680472 0.001863 0.013323 0.009952
22.682336 0.001864 0.013313 0.009943
22.684200 0.001864 0.013304 0.009934
22.686065 0.001865 0.013295 0.009925
22.687931 0.001865 0.013286 0.009916
22.689797 0.001866 0.013277 0.009907
22.691663 0.001866 0.013269 0.009898
22.693530 0.001867 0.013260 0.009889
22.695398 0.001868 0.013251 0.009880
22.697266 0.001868 0.013242 0.009872
22.699134 0.001869 0.013234 0.009863
22.701003 0.001869 0.013225 0.009854
22.702873 0.001870 0.013216 0.009846
22.704743 0.001870 0.013208 0.009837
22.706614 0.001871 0.013199 0.009829
22.708485 0.001871 0.013191 0.009820
22.710357 0.001872 0.013183 0.009812
22.712229 0.001872 0.013175 0.009804
22.714102 0.001873 0.013166 0.009796
22.715976 0.001873 0.013158 0.009788
22.717850 0.001874 0.013150 0.009780
22.719724 0.001874 0.013143 0.009772
22.721599 0.001875 0.013135 0.009764
22.723475 0.001876 0.013127 0.009756
22.725351 0.001876 0.013120 0.009749
22.727227 0.001876 0.013112 0.009741
22.729104 0.001877 0.013105 0.009734
22.730981 0.001877 0.013097 0.009726
22.732859 0.001878 0.013090 0.009719
22.734737 0.001878 0.013083 0.009712
22.736616 0.001879 0.013075 0.009705
22.738495 0.001879 0.013068 0.009698
22.740375 0.001879 0.013061 0.009691
22.742254 0.001880 0.013054 0.009684
22.744135 0.001880 0.013047 0.009677
22.746016 0.001881 0.013041 0.009670
22.747897 0.001881 0.013034 0.009663
22.749778 0.001882 0.013027 0.009656
22.751660 0.001882 0.013021 0.009650
22.753543 0.001883 0.013014 0.009643
22.755426 0.001883 0.013008 0.009637
22.757309 0.001883 0.013001 0.009630
22.759193 0.001884 0.012995 0.009624
22.761078 0.001884 0.012989 0.009618
22.762962 0.001885 0.012982 0.009612
22.764848 0.001885 0.012976 0.009606
22.766733 0.001886 0.012970 0.009599
22.768619 0.001886 0.012964 0.009593
22.770506 0.001886 0.012958 0.009587
22.772393 0.001887 0.012952 0.009582
22.774280 0.001887 0.012946 0.009576
22.776168 0.001888 0.012941 0.009570
22.778056 0.001888 0.012935 0.009564
22.779945 0.001889 0.012929 0.009558
22.781834 0.001889 0.012924 0.009553
22.783723 0.001889 0.012918 0.009547
22.785613 0.001890 0.012912 0.009542
22.787503 0.001890 0.012907 0.009536
22.789394 0.001891 0.012901 0.009531
22.791285 0.001891 0.012896 0.009525
22.793177 0.001892 0.012891 0.009520
22.795069 0.001892 0.012885 0.009515
22.796961 0.001892 0.012880 0.009509
22.798854 0.001893 0.012875 0.009504
22.800747 0.001893 0.012869 0.009499
22.802640 0.001893 0.012864 0.009494
22.804534 0.001894 0.012859 0.009488
22.806428 0.001894 0.012854 0.009483
22.808322 0.001894 0.012849 0.009478
22.810216 0.001894 0.012844 0.009473
22.812111 0.001894 0.012839 0.009468
22.814005 0.001895 0.012834 0.009463
22.815900 0.001895 0.012829 0.009458
22.817795 0.001895 0.012824 0.009453
22.819690 0.001895 0.012819 0.009448
22.821586 0.001896 0.012814 0.009443
22.823481 0.001896 0.012809 0.009438
22.825377 0.001896 0.012804 0.009433
22.827274 0.001896 0.012799 0.009428
22.829170 0.001897 0.012794 0.009423
22.831068 0.001897 0.012789 0.009418
22.832965 0.001898 0.012784 0.009414
22.834863 0.001898 0.012779 0.009409
22.836762 0.001898 0.012775 0.009404
22.838661 0.001899 0.012770 0.009399
22.840560 0.001900 0.012765 0.009394
22.842460 0.001900 0.012760 0.009389
22.844361 0.001900 0.012755 0.009384
22.846261 0.001900 0.012750 0.009379
22.848161 0.001900 0.012745 0.009375
22.850062 0.001900 0.012740 0.009370
22.851962 0.001900 0.012735 0.009365
22.853863 0.001900 0.012730 0.009360
22.855763 0.001900 0.012725 0.009355
22.857664 0.001901 0.012720 0.009350
22.859564 0.001901 0.012715 0.009345
22.861465 0.001901 0.012710 0.009340
22.863366 0.001901 0.012705 0.009335
22.865267 0.001901 0.012700 0.009329
22.867169 0.001901 0.012695 0.009324
22.869070 0.001902 0.012690 0.009319
22.870972 0.001902 0.012684 0.009314
22.872874 0.001902 0.012679 0.009308
22.874777 0.001902 0.012674 0.009303
22.876679 0.001903 0.012668 0.009298
22.878582 0.001903 0.012663 0.009292
22.880485 0.001903 0.012657 0.009287
22.882389 0.001903 0.012652 0.009281
22.884293 0.001904 0.012646 0.009276
22.886197 0.001904 0.012641 0.009270
22.888101 0.001904 0.012635 0.009264
22.890006 0.001905 0.012629 0.009258
22.891911 0.001905 0.012623 0.009253
22.893817 0.001906 0.012617 0.009247
22.895723 0.001906 0.012611 0.009241
22.897629 0.001906 0.012605 0.009235
22.899536 0.001907 0.012599 0.009229
22.901443 0.001907 0.012593 0.009222
22.903350 0.001908 0.012587 0.009216
22.905258 0.001908 0.012581 0.009210
22.907167 0.001909 0.012574 0.009204
22.909076 0.001909 0.012568 0.009197
22.910986 0.001910 0.012561 0.009191
22.912896 0.001910 0.012555 0.009184
22.914807 0.001911 0.012548 0.009177
22.916718 0.001911 0.012541 0.009171
22.918630 0.001912 0.012535 0.009164
22.920542 0.001912 0.012528 0.009157
22.922454 0.001912 0.012521 0.009150
22.924367 0.001913 0.012514 0.009143
22.926280 0.001913 0.012507 0.009136
22.928193 0.001913 0.012500 0.009129
22.930106 0.001914 0.012492 0.009122
22.932020 0.001914 0.012485 0.009114
22.933935 0.001914 0.012478 0.009107
22.935849 0.001915 0.012470 0.009100
22.937764 0.001915 0.012463 0.009092
22.939680 0.001915 0.012455 0.009085
22.941596 0.001916 0.012448 0.009077
22.943512 0.001916 0.012440 0.009069
22.945429 0.001917 0.012432 0.009062
22.947346 0.001917 0.012425 0.009054
22.949264 0.001918 0.012417 0.009046
22.951182 0.001918 0.012409 0.009038
22.953101 0.001919 0.012401 0.009031
22.955020 0.001919 0.012393 0.009023
22.956940 0.001920 0.012385 0.009015
22.958860 0.001920 0.012377 0.009007
22.960780 0.001921 0.012369 0.008998
22.962701 0.001921 0.012361 0.008990
22.964623 0.001921 0.012353 0.008982
22.966545 0.001922 0.012344 0.008974
22.968467 0.001922 0.012336 0.008965
22.970390 0.001923 0.012328 0.008957
22.972313 0.001923 0.012319 0.008948
22.974237 0.001924 0.012310 0.008940
22.976161 0.001924 0.012302 0.008931
22.978086 0.001925 0.012293 0.008923
22.980011 0.001925 0.012285 0.008914
22.981937 0.001926 0.012276 0.008905
22.983863 0.001926 0.012267 0.008896
22.985790 0.001927 0.012258 0.008887
22.987717 0.001927 0.012249 0.008878
22.989644 0.001927 0.012240 0.008869
22.991572 0.001928 0.012231 0.008860
22.993500 0.001928 0.012222 0.008851
22.995428 0.001928 0.012213 0.008842
22.997356 0.001928 0.012204 0.008833
22.999285 0.001929 0.012195 0.008824
23.001213 0.001929 0.012186 0.008815
23.003142 0.001929 0.012176 0.008806
23.005072 0.001929 0.012167 0.008796
23.007001 0.001929 0.012158 0.008787
23.008931 0.001930 0.012148 0.008778
23.010861 0.001930 0.012139 0.008768
23.012791 0.001930 0.012130 0.008759
23.014721 0.001930 0.012120 0.008750
23.016652 0.001931 0.012111 0.008740
23.018582 0.001931 0.012101 0.008731
23.020513 0.001931 0.012092 0.008721
23.022444 0.001931 0.012082 0.008712
23.024376 0.001931 0.012073 0.008702
23.026307 0.001932 0.012063 0.008693
23.028239 0.001932 0.012054 0.008683
23.030171 0.001932 0.012044 0.008673
23.032104 0.001932 0.012034 0.008664
23.034036 0.001932 0.012024 0.008654
23.035969 0.001933 0.012015 0.008644
23.037902 0.001933 0.012005 0.008634
23.039835 0.001933 0.011995 0.008624
23.041768 0.001933 0.011985 0.008614
23.043701 0.001934 0.011975 0.008604
23.045635 0.001934 0.011965 0.008594
23.047569 0.001934 0.011955 0.008584
23.049503 0.001934 0.011945 0.008574
23.051437 0.001934 0.011935 0.008564
23.053371 0.001934 0.011925 0.008554
23.055306 0.001934 0.011915 0.008544
23.057240 0.001935 0.011904 0.008534
23.059175 0.001935 0.011894 0.008523
23.061110 0.001935 0.011884 0.008513
23.063045 0.001935 0.011873 0.008503
23.064980 0.001935 0.011863 0.008492
23.066916 0.001935 0.011853 0.008482
23.068851 0.001935 0.011842 0.008472
23.070787 0.001936 0.011832 0.008461
23.072723 0.001936 0.011821 0.008451
23.074659 0.001936 0.011811 0.008440
23.076595 0.001936 0.011800 0.008430
23.078531 0.001936 0.011790 0.008419
23.080468 0.001936 0.011779 0.008408
23.082404 0.001937 0.011768 0.008398
23.084341 0.001937 0.011758 0.008387
23.086278 0.001937 0.011747 0.008376
23.088215 0.001937 0.011736 0.008366
23.090153 0.001938 0.011726 0.008355
23.092091 0.001938 0.011715 0.008344
23.094029 0.001938 0.011704 0.008333
23.095967 0.001938 0.011693 0.008323
23.097905 0.001938 0.011682 0.008312
23.099844 0.001939 0.011672 0.008301
23.101783 0.001939 0.011661 0.008290
23.103722 0.001939 0.011650 0.008279
23.105661 0.001939 0.011639 0.008268
23.107601 0.001940 0.011628 0.008257
23.109540 0.001940 0.011617 0.008246
23.111480 0.001940 0.011606 0.008235
23.113421 0.001940 0.011594 0.008224
23.115361 0.001941 0.011583 0.008213
23.117302 0.001941 0.011572 0.008201
23.119243 0.001941 0.011561 0.008190
23.121185 0.001941 0.011550 0.008179
23.123126 0.001942 0.011538 0.008168
23.125068 0.001942 0.011527 0.008156
23.127010 0.001942 0.011516 0.008145
23.128952 0.001942 0.011504 0.008134
23.130895 0.001943 0.011493 0.008122
23.132838 0.001943 0.011481 0.008111
23.134781 0.001943 0.011470 0.008099
23.136724 0.001943 0.011459 0.008088
23.138667 0.001943 0.011447 0.008076
23.140611 0.001944 0.011436 0.008065
23.142554 0.001944 0.011424 0.008053
23.144498 0.001944 0.011412 0.008042
23.146443 0.001944 0.011401 0.008030
23.148387 0.001944 0.011389 0.008019
23.150332 0.001945 0.011378 0.008007
23.152277 0.001945 0.011366 0.007995
23.154222 0.001945 0.011354 0.007983
23.156167 0.001945 0.011342 0.007972
23.158113 0.001946 0.011331 0.007960
23.160059 0.001946 0.011319 0.007948
23.162005 0.001946 0.011307 0.007936
23.163951 0.001946 0.011295 0.007924
23.165898 0.001947 0.011283 0.007912
23.167845 0.001947 0.011271 0.007900
23.169792 0.001947 0.011259 0.007888
23.171739 0.001947 0.011247 0.007876
23.173687 0.001948 0.011235 0.007864
23.175634 0.001948 0.011223 0.007852
23.177583 0.001948 0.011211 0.007840
23.179531 0.001948 0.011199 0.007828
23.181480 0.001949 0.011187 0.007816
23.183429 0.001949 0.011175 0.007804
23.185378 0.001949 0.011162 0.007792
23.187328 0.001950 0.011150 0.007780
23.189278 0.001950 0.011138 0.007767
23.191229 0.001950 0.011126 0.007755
23.193179 0.001951 0.011114 0.007743
23.195130 0.001951 0.011101 0.007731
23.197082 0.001951 0.011089 0.007718
23.199033 0.001952 0.011077 0.007706
23.200985 0.001952 0.011064 0.007694
23.202938 0.001952 0.011052 0.007681
23.204890 0.001953 0.011040 0.007669
23.206843 0.001953 0.011027 0.007656
23.208796 0.001953 0.011015 0.007644
23.210750 0.001954 0.011002 0.007632
23.212704 0.001954 0.010990 0.007619
23.214658 0.001954 0.010978 0.007607
23.216613 0.001955 0.010965 0.007594
23.218568 0.001955 0.010953 0.007582
23.220523 0.001955 0.010940 0.007570
23.222479 0.001956 0.010928 0.007557
23.224435 0.001956 0.010915 0.007545
23.226391 0.001956 0.010903 0.007532
23.228348 0.001957 0.010890 0.007520
23.230305 0.001957 0.010878 0.007507
23.232262 0.001957 0.010865 0.007495
23.234220 0.001958 0.010853 0.007482
23.236177 0.001958 0.010840 0.007470
23.238136 0.001958 0.010828 0.007457
23.240094 0.001959 0.010815 0.007445
23.242053 0.001959 0.010803 0.007432
23.244012 0.001959 0.010790 0.007420
23.245972 0.001960 0.010778 0.007407
23.247932 0.001960 0.010765 0.007395
23.249892 0.001960 0.010753 0.007382
23.251852 0.001960 0.010740 0.007370
23.253813 0.001961 0.010728 0.007357
23.255773 0.001961 0.010716 0.007345
23.257734 0.001961 0.010703 0.007332
23.259695 0.001961 0.010691 0.007320
23.261657 0.001961 0.010678 0.007307
23.263618 0.001961 0.010666 0.007295
23.265579 0.001961 0.010653 0.007283
23.267541 0.001962 0.010641 0.007270
23.269503 0.001962 0.010628 0.007258
23.271465 0.001962 0.010616 0.007245
23.273427 0.001962 0.010604 0.007233
23.275389 0.001962 0.010591 0.007220
23.277351 0.001962 0.010579 0.007208
23.279314 0.001963 0.010566 0.007196
23.281277 0.001963 0.010554 0.007183
23.283240 0.001963 0.010542 0.007171
23.285203 0.001963 0.010529 0.007159
23.287166 0.001963 0.010517 0.007146
23.289129 0.001963 0.010505 0.007134
23.291093 0.001964 0.010492 0.007122
23.293056 0.001964 0.010480 0.007109
23.295020 0.001964 0.010468 0.007097
23.296985 0.001964 0.010456 0.007085
23.298949 0.001964 0.010443 0.007073
23.300914 0.001965 0.010431 0.007060
23.302878 0.001965 0.010419 0.007048
23.304843 0.001965 0.010407 0.007036
23.306809 0.001965 0.010394 0.007024
23.308774 0.001965 0.010382 0.007012
23.310739 0.001966 0.010370 0.006999
23.312705 0.001966 0.010358 0.006987
23.314671 0.001966 0.010346 0.006975
23.316637 0.001966 0.010334 0.006963
23.318604 0.001966 0.010322 0.006951
23.320571 0.001967 0.010310 0.006939
23.322538 0.001967 0.010298 0.006927
23.324505 0.001967 0.010285 0.006915
23.326472 0.001967 0.010273 0.006903
23.328440 0.001968 0.010261 0.006891
23.330408 0.001968 0.010249 0.006879
23.332376 0.001968 0.010238 0.006867
23.334345 0.001969 0.010226 0.006855
23.336314 0.001969 0.010214 0.006843
23.338283 0.001969 0.010202 0.006831
23.340253 0.001969 0.010190 0.006819
23.342222 0.001970 0.010178 0.006807
23.344193 0.001970 0.010166 0.006795
23.346163 0.001970 0.010154 0.006784
23.348134 0.001971 0.010142 0.006772
23.350105 0.001971 0.010131 0.006760
23.352076 0.001971 0.010119 0.006748
23.354048 0.001972 0.010107 0.006736
23.356020 0.001972 0.010095 0.006725
23.357993 0.001972 0.010084 0.006713
23.359966 0.001973 0.010072 0.006701
23.361939 0.001973 0.010060 0.006690
23.363912 0.001974 0.010049 0.006678
23.365886 0.001974 0.010037 0.006667
23.367861 0.001974 0.010026 0.006655
23.369836 0.001975 0.010014 0.006644
23.371811 0.001975 0.010003 0.006632
23.373787 0.001976 0.009991 0.006621
23.375763 0.001976 0.009980 0.006609
23.377739 0.001976 0.009969 0.006598
23.379716 0.001977 0.009957 0.006587
23.381693 0.001977 0.009946 0.006575
23.383671 0.001978 0.009935 0.006564
23.385649 0.001978 0.009924 0.006553
23.387627 0.001978 0.009912 0.006542
23.389605 0.001978 0.009901 0.006531
23.391584 0.001979 0.009890 0.006519
23.393563 0.001979 0.009879 0.006508
23.395542 0.001979 0.009868 0.006497
23.397522 0.001979 0.009857 0.006486
23.399502 0.001980 0.009846 0.006475
23.401482 0.001980 0.009835 0.006464
23.403462 0.001980 0.009824 0.006453
23.405442 0.001981 0.009813 0.006443
23.407423 0.001981 0.009802 0.006432
23.409404 0.001981 0.009792 0.006421
23.411386 0.001981 0.009781 0.006410
23.413367 0.001982 0.009770 0.006399
23.415349 0.001982 0.009759 0.006389
23.417331 0.001982 0.009749 0.006378
23.419314 0.001982 0.009738 0.006367
23.421297 0.001983 0.009727 0.006357
23.423280 0.001983 0.009717 0.006346
23.425263 0.001983 0.009706 0.006335
23.427247 0.001984 0.009696 0.006325
23.429231 0.001984 0.009685 0.006314
23.431216 0.001985 0.009675 0.006304
23.433201 0.001985 0.009664 0.006293
23.435186 0.001985 0.009654 0.006283
23.437171 0.001986 0.009643 0.006272
23.439157 0.001986 0.009633 0.006262
23.441144 0.001986 0.009622 0.006252
23.443130 0.001987 0.009612 0.006241
23.445117 0.001987 0.009602 0.006231
23.447104 0.001987 0.009591 0.006221
23.449091 0.001987 0.009581 0.006210
23.451078 0.001987 0.009571 0.006200
23.453066 0.001988 0.009561 0.006190
23.455054 0.001988 0.009551 0.006180
23.457042 0.001988 0.009540 0.006170
23.459031 0.001988 0.009530 0.006160
23.461019 0.001989 0.009520 0.006150
23.463008 0.001989 0.009510 0.006139
23.464997 0.001989 0.009500 0.006129
23.466987 0.001989 0.009490 0.006119
23.468976 0.001990 0.009480 0.006109
23.470967 0.001990 0.009470 0.006100
23.472957 0.001990 0.009460 0.006090
23.474947 0.001991 0.009450 0.006080
23.476938 0.001991 0.009441 0.006070
23.478929 0.001991 0.009431 0.006060
23.480920 0.001991 0.009421 0.006050
23.482912 0.001991 0.009411 0.006041
23.484904 0.001992 0.009402 0.006031
23.486895 0.001992 0.009392 0.006021
23.488888 0.001992 0.009382 0.006011
23.490880 0.001992 0.009372 0.006002
23.492872 0.001992 0.009363 0.005992
23.494865 0.001993 0.009353 0.005983
23.496858 0.001993 0.009344 0.005973
23.498851 0.001993 0.009334 0.005964
23.500844 0.001993 0.009325 0.005954
23.502838 0.001993 0.009315 0.005945
23.504831 0.001994 0.009306 0.005935
23.506825 0.001994 0.009296 0.005926
23.508819 0.001994 0.009287 0.005916
23.510813 0.001994 0.009278 0.005907
23.512808 0.001994 0.009268 0.005898
23.514802 0.001995 0.009259 0.005888
23.516797 0.001995 0.009250 0.005879
23.518792 0.001995 0.009241 0.005870
23.520787 0.001995 0.009231 0.005861
23.522782 0.001995 0.009222 0.005851
23.524778 0.001996 0.009213 0.005842
23.526774 0.001996 0.009204 0.005833
23.528770 0.001996 0.009195 0.005824
23.530766 0.001996 0.009186 0.005815
23.532762 0.001996 0.009177 0.005806
23.534759 0.001997 0.009168 0.005797
23.536756 0.001997 0.009159 0.005788
23.538753 0.001997 0.009150 0.005779
23.540750 0.001997 0.009141 0.005770
23.542747 0.001997 0.009132 0.005761
23.544745 0.001998 0.009123 0.005752
23.546742 0.001998 0.009114 0.005743
23.548740 0.001998 0.009105 0.005735
23.550738 0.001998 0.009096 0.005726
23.552736 0.001998 0.009088 0.005717
23.554735 0.001998 0.009079 0.005708
23.556733 0.001998 0.009070 0.005700
23.558732 0.001999 0.009062 0.005691
23.560730 0.001999 0.009053 0.005682
23.562729 0.001998 0.009044 0.005674
23.564727 0.001998 0.009036 0.005665
23.566726 0.001998 0.009027 0.005657
23.568724 0.001998 0.009019 0.005648
23.570722 0.001998 0.009010 0.005640
23.572720 0.001998 0.009002 0.005631
23.574718 0.001998 0.008993 0.005623
23.576717 0.001998 0.008985 0.005614
23.578715 0.001998 0.008977 0.005606
23.580713 0.001998 0.008968 0.005598
23.582711 0.001998 0.008960 0.005589
23.584709 0.001998 0.008952 0.005581
23.586707 0.001998 0.008944 0.005573
23.588705 0.001998 0.008935 0.005565
23.590703 0.001998 0.008927 0.005557
23.592701 0.001998 0.008919 0.005548
23.594699 0.001998 0.008911 0.005540
23.596697 0.001998 0.008903 0.005532
23.598695 0.001998 0.008895 0.005524
23.600693 0.001998 0.008887 0.005516
23.602691 0.001998 0.008879 0.005508
23.604689 0.001998 0.008871 0.005500
23.606687 0.001998 0.008863 0.005492
23.608685 0.001998 0.008855 0.005485
23.610683 0.001998 0.008847 0.005477
23.612682 0.001998 0.008840 0.005469
23.614680 0.001998 0.008832 0.005461
23.616679 0.001998 0.008824 0.005453
23.618677 0.001999 0.008816 0.005446
23.620676 0.001999 0.008809 0.005438
23.622674 0.001999 0.008801 0.005430
23.624673 0.001999 0.008793 0.005422
23.626672 0.001999 0.008785 0.005415
23.628671 0.001999 0.008778 0.005407
23.630670 0.001999 0.008770 0.005400
23.632669 0.001999 0.008763 0.005392
23.634669 0.001999 0.008755 0.005384
23.636668 0.001999 0.008748 0.005377
23.638667 0.002000 0.008740 0.005369
23.640667 0.002000 0.008733 0.005362
23.642667 0.002000 0.008725 0.005354
23.644667 0.002000 0.008718 0.005347
23.646667 0.002000 0.008710 0.005340
23.648667 0.002000 0.008703 0.005332
23.650667 0.002000 0.008696 0.005325
23.652667 0.002000 0.008688 0.005318
23.654668 0.002001 0.008681 0.005310
23.656669 0.002001 0.008674 0.005303
23.658669 0.002001 0.008666 0.005296
23.660670 0.002001 0.008659 0.005288
23.662671 0.002001 0.008652 0.005281
23.664672 0.002001 0.008644 0.005274
23.666674 0.002001 0.008637 0.005266
23.668675 0.002001 0.008630 0.005259
23.670676 0.002001 0.008623 0.005252
23.672678 0.002002 0.008615 0.005245
23.674680 0.002002 0.008608 0.005238
23.676682 0.002002 0.008601 0.005230
23.678684 0.002002 0.008594 0.005223
23.680686 0.002002 0.008587 0.005216
23.682688 0.002002 0.008580 0.005209
23.684691 0.002002 0.008572 0.005202
23.686693 0.002003 0.008565 0.005195
23.688696 0.002003 0.008558 0.005188
23.690699 0.002003 0.008551 0.005180
23.692701 0.002003 0.008544 0.005173
23.694705 0.002003 0.008537 0.005166
23.696708 0.002003 0.008530 0.005159
23.698711 0.002003 0.008523 0.005152
23.700715 0.002003 0.008516 0.005145
23.702718 0.002004 0.008509 0.005138
23.704722 0.002004 0.008502 0.005131
23.706726 0.002004 0.008495 0.005124
23.708730 0.002004 0.008488 0.005117
23.710734 0.002004 0.008481 0.005110
23.712738 0.002004 0.008474 0.005103
23.714743 0.002004 0.008467 0.005096
23.716747 0.002005 0.008460 0.005089
23.718752 0.002005 0.008453 0.005082
23.720756 0.002005 0.008446 0.005075
23.722761 0.002005 0.008439 0.005068
23.724766 0.002005 0.008432 0.005062
23.726771 0.002005 0.008425 0.005055
23.728777 0.002005 0.008418 0.005048
23.730782 0.002005 0.008411 0.005041
23.732787 0.002005 0.008405 0.005034
23.734793 0.002006 0.008398 0.005027
23.736799 0.002006 0.008391 0.005020
23.738805 0.002006 0.008384 0.005013
23.740811 0.002006 0.008377 0.005006
23.742817 0.002006 0.008370 0.004999
23.744823 0.002006 0.008363 0.004992
23.746829 0.002006 0.008356 0.004985
23.748836 0.002006 0.008349 0.004979
23.750842 0.002007 0.008342 0.004972
23.752849 0.002007 0.008336 0.004965
23.754856 0.002007 0.008329 0.004958
23.756863 0.002007 0.008322 0.004951
23.758870 0.002007 0.008315 0.004944
23.760877 0.002007 0.008308 0.004937
23.762885 0.002007 0.008301 0.004930
23.764892 0.002008 0.008294 0.004924
23.766900 0.002008 0.008287 0.004917
23.768908 0.002008 0.008280 0.004910
23.770916 0.002008 0.008274 0.004903
23.772924 0.002008 0.008267 0.004896
23.774932 0.002008 0.008260 0.004889
23.776941 0.002008 0.008253 0.004882
23.778949 0.002009 0.008246 0.004875
23.780958 0.002009 0.008239 0.004868
23.782967 0.002009 0.008232 0.004862
23.784976 0.002009 0.008225 0.004855
23.786986 0.002009 0.008218 0.004848
23.788995 0.002010 0.008212 0.004841
23.791005 0.002010 0.008205 0.004834
23.793015 0.002010 0.008198 0.004827
23.795025 0.002010 0.008191 0.004820
23.797036 0.002011 0.008184 0.004813
23.799047 0.002011 0.008177 0.004806
23.801058 0.002011 0.008170 0.004799
23.803069 0.002011 0.008163 0.004793
23.805080 0.002011 0.008156 0.004786
23.807092 0.002012 0.008149 0.004779
23.809104 0.002012 0.008143 0.004772
23.811116 0.002012 0.008136 0.004765
23.813128 0.002012 0.008129 0.004758
23.815141 0.002013 0.008122 0.004751
23.817154 0.002013 0.008115 0.004744
23.819167 0.002013 0.008108 0.004737
23.821180 0.002013 0.008101 0.004730
23.823193 0.002013 0.008094 0.004723
23.825207 0.002014 0.008087 0.004717
23.827221 0.002014 0.008080 0.004710
23.829234 0.002014 0.008073 0.004703
23.831248 0.002014 0.008066 0.004696
23.833263 0.002014 0.008060 0.004689
23.835277 0.002014 0.008053 0.004682
23.837291 0.002014 0.008046 0.004675
23.839306 0.002015 0.008039 0.004668
23.841321 0.002015 0.008032 0.004661
23.843336 0.002015 0.008025 0.004654
23.845351 0.002015 0.008018 0.004647
23.847366 0.002015 0.008011 0.004640
23.849381 0.002015 0.008004 0.004633
23.851397 0.002016 0.007997 0.004626
23.853413 0.002016 0.007990 0.004619
23.855429 0.002016 0.007983 0.004612
23.857445 0.002016 0.007976 0.004605
23.859461 0.002016 0.007969 0.004598
23.861478 0.002016 0.007962 0.004591
23.863494 0.002016 0.007955 0.004584
23.865509 0.002015 0.007948 0.004577
23.867523 0.002014 0.007941 0.004570
23.869537 0.002014 0.007934 0.004563
23.871550 0.002013 0.007926 0.004556
23.873562 0.002012 0.007919 0.004549
23.875574 0.002012 0.007912 0.004542
23.877585 0.002011 0.007905 0.004534
23.879596 0.002011 0.007898 0.004527
23.881606 0.002010 0.007891 0.004520
23.883615 0.002010 0.007884 0.004513
23.885624 0.002009 0.007877 0.004506
23.887632 0.002008 0.007870 0.004499
23.889638 0.002006 0.007862 0.004492
23.891644 0.002005 0.007855 0.004484
23.893648 0.002004 0.007848 0.004477
23.895652 0.002003 0.007841 0.004470
23.897654 0.002003 0.007834 0.004463
23.899656 0.002002 0.007826 0.004456
23.901658 0.002001 0.007819 0.004448
23.903659 0.002001 0.007812 0.004441
23.905659 0.002000 0.007805 0.004434
23.907659 0.001999 0.007797 0.004427
23.909657 0.001998 0.007790 0.004419
23.911654 0.001997 0.007783 0.004412
23.913651 0.001996 0.007775 0.004405
23.915646 0.001996 0.007768 0.004397
23.917641 0.001995 0.007761 0.004390
23.919636 0.001994 0.007754 0.004383
23.921629 0.001994 0.007746 0.004376
23.923623 0.001993 0.007739 0.004368
23.925615 0.001993 0.007732 0.004361
23.927608 0.001993 0.007724 0.004354
23.929601 0.001993 0.007717 0.004346
23.931594 0.001993 0.007710 0.004339
23.933587 0.001993 0.007702 0.004331
23.935579 0.001992 0.007695 0.004324
23.937571 0.001992 0.007687 0.004317
23.939563 0.001992 0.007680 0.004309
23.941555 0.001992 0.007673 0.004302
23.943547 0.001992 0.007665 0.004295
23.945539 0.001992 0.007658 0.004287
23.947531 0.001992 0.007651 0.004280
23.949522 0.001992 0.007643 0.004272
23.951514 0.001992 0.007636 0.004265
23.953506 0.001992 0.007628 0.004258
23.955498 0.001992 0.007621 0.004250
23.957489 0.001992 0.007613 0.004243
23.959481 0.001992 0.007606 0.004235
23.961473 0.001992 0.007599 0.004228
23.963465 0.001992 0.007591 0.004220
23.965458 0.001993 0.007584 0.004213
23.967451 0.001993 0.007576 0.004205
23.969444 0.001993 0.007569 0.004198
23.971437 0.001993 0.007561 0.004190
23.973430 0.001993 0.007554 0.004183
23.975424 0.001993 0.007546 0.004175
23.977418 0.001994 0.007539 0.004168
23.979411 0.001994 0.007531 0.004160
23.981405 0.001994 0.007524 0.004153
23.983400 0.001994 0.007516 0.004145
23.985394 0.001994 0.007509 0.004138
23.987389 0.001995 0.007501 0.004130
23.989384 0.001995 0.007493 0.004123
23.991379 0.001995 0.007486 0.004115
23.993375 0.001996 0.007478 0.004108
23.995370 0.001996 0.007471 0.004100
23.997367 0.001996 0.007463 0.004092
23.999363 0.001996 0.007456 0.004085
24.001359 0.001997 0.007448 0.004077
24.003356 0.001997 0.007440 0.004070
24.005353 0.001997 0.007433 0.004062
24.007350 0.001997 0.007425 0.004055
24.009348 0.001997 0.007418 0.004047
24.011345 0.001998 0.007410 0.004039
24.013344 0.001998 0.007402 0.004032
24.015342 0.001998 0.007395 0.004024
24.017341 0.001999 0.007387 0.004016
24.019340 0.001999 0.007379 0.004009
24.021340 0.002000 0.007372 0.004001
24.023340 0.002000 0.007364 0.003993
24.025340 0.002000 0.007356 0.003986
24.027341 0.002001 0.007349 0.003978
24.029342 0.002001 0.007341 0.003970
24.031344 0.002002 0.007333 0.003963
24.033346 0.002002 0.007326 0.003955
24.035349 0.002003 0.007318 0.003947
24.037353 0.002003 0.007310 0.003940
24.039357 0.002004 0.007303 0.003932
24.041361 0.002005 0.007295 0.003924
24.043366 0.002005 0.007287 0.003916
24.045372 0.002006 0.007279 0.003909
24.047379 0.002007 0.007272 0.003901
24.049386 0.002007 0.007264 0.003893
24.051394 0.002008 0.007256 0.003885
24.053402 0.002009 0.007248 0.003878
24.055412 0.002009 0.007241 0.003870
24.057422 0.002010 0.007233 0.003862
24.059432 0.002010 0.007225 0.003854
24.061443 0.002011 0.007217 0.003846
24.063455 0.002012 0.007209 0.003839
24.065467 0.002012 0.007202 0.003831
24.067479 0.002013 0.007194 0.003823
24.069492 0.002013 0.007186 0.003815
24.071506 0.002014 0.007178 0.003807
24.073519 0.002013 0.007170 0.003800
24.075531 0.002012 0.007163 0.003792
24.077543 0.002012 0.007155 0.003784
24.079554 0.002011 0.007147 0.003776
24.081565 0.002010 0.007139 0.003768
24.083575 0.002010 0.007131 0.003761
24.085584 0.002010 0.007124 0.003753
24.087594 0.002010 0.007116 0.003745
24.089603 0.002009 0.007108 0.003737
24.091613 0.002009 0.007100 0.003729
24.093622 0.002009 0.007092 0.003722
24.095631 0.002009 0.007085 0.003714
24.097641 0.002010 0.007077 0.003706
24.099651 0.002010 0.007069 0.003698
24.101661 0.002010 0.007061 0.003691
24.103671 0.002010 0.007053 0.003683
24.105682 0.002011 0.007046 0.003675
24.107693 0.002011 0.007038 0.003667
24.109704 0.002011 0.007030 0.003659
24.111716 0.002012 0.007022 0.003652
24.113728 0.002012 0.007014 0.003644
24.115740 0.002013 0.007007 0.003636
24.117753 0.002013 0.006999 0.003628
24.119767 0.002013 0.006991 0.003620
24.121781 0.002014 0.006983 0.003613
24.123795 0.002014 0.006975 0.003605
24.125810 0.002015 0.006968 0.003597
24.127825 0.002015 0.006960 0.003589
24.129841 0.002016 0.006952 0.003581
24.131858 0.002017 0.006944 0.003573
24.133875 0.002017 0.006936 0.003566
24.135893 0.002018 0.006928 0.003558
24.137911 0.002018 0.006921 0.003550
24.139929 0.002019 0.006913 0.003542
24.141948 0.002019 0.006905 0.003534
24.143967 0.002019 0.006897 0.003526
24.145987 0.002020 0.006889 0.003519
24.148007 0.002020 0.006882 0.003511
24.150028 0.002021 0.006874 0.003503
24.152049 0.002021 0.006866 0.003495
24.154071 0.002022 0.006858 0.003487
24.156093 0.002022 0.006850 0.003480
24.158115 0.002022 0.006842 0.003472
24.160138 0.002023 0.006835 0.003464
24.162161 0.002023 0.006827 0.003456
24.164183 0.002023 0.006819 0.003448
24.166206 0.002023 0.006811 0.003441
24.168228 0.002023 0.006803 0.003433
24.170251 0.002022 0.006796 0.003425
24.172273 0.002022 0.006788 0.003417
24.174295 0.002022 0.006780 0.003409
24.176317 0.002022 0.006772 0.003402
24.178339 0.002022 0.006765 0.003394
24.180360 0.002021 0.006757 0.003386
24.182382 0.002021 0.006749 0.003378
24.184403 0.002021 0.006741 0.003371
24.186423 0.002021 0.006734 0.003363
24.188444 0.002021 0.006726 0.003355
24.190464 0.002020 0.006718 0.003347
24.192484 0.002020 0.006710 0.003340
24.194504 0.002020 0.006703 0.003332
24.196524 0.002020 0.006695 0.003324
24.198544 0.002020 0.006687 0.003317
24.200565 0.002020 0.006680 0.003309
24.202585 0.002020 0.006672 0.003301
24.204605 0.002020 0.006664 0.003294
24.206625 0.002020 0.006657 0.003286
24.208645 0.002020 0.006649 0.003278
24.210665 0.002020 0.006641 0.003271
24.212685 0.002020 0.006634 0.003263
24.214705 0.002020 0.006626 0.003255
24.216724 0.002020 0.006619 0.003248
24.218744 0.002020 0.006611 0.003240
24.220764 0.002020 0.006603 0.003233
24.222784 0.002020 0.006596 0.003225
24.224804 0.002020 0.006588 0.003217
24.226824 0.002020 0.006581 0.003210
24.228843 0.002020 0.006573 0.003202
24.230863 0.002020 0.006565 0.003195
24.232884 0.002020 0.006558 0.003187
24.234904 0.002020 0.006550 0.003180
24.236924 0.002020 0.006543 0.003172
24.238944 0.002020 0.006535 0.003164
24.240965 0.002021 0.006528 0.003157
24.242986 0.002021 0.006520 0.003149
24.245006 0.002021 0.006513 0.003142
24.247027 0.002021 0.006505 0.003134
24.249048 0.002021 0.006498 0.003127
24.251069 0.002021 0.006490 0.003119
24.253091 0.002021 0.006483 0.003112
24.255112 0.002021 0.006475 0.003104
24.257134 0.002021 0.006468 0.003097
24.259155 0.002022 0.006460 0.003089
24.261177 0.002022 0.006453 0.003082
24.263199 0.002022 0.006445 0.003074
24.265221 0.002022 0.006438 0.003067
24.267243 0.002022 0.006430 0.003059
24.269266 0.002022 0.006423 0.003052
24.271288 0.002022 0.006415 0.003044
24.273310 0.002022 0.006408 0.003037
24.275332 0.002022 0.006400 0.003030
24.277353 0.002022 0.006393 0.003022
24.279375 0.002021 0.006385 0.003015
24.281396 0.002021 0.006378 0.003007
24.283416 0.002021 0.006371 0.003000
24.285437 0.002020 0.006363 0.002992
24.287457 0.002020 0.006356 0.002985
24.289477 0.002020 0.006348 0.002978
24.291497 0.002020 0.006341 0.002970
24.293516 0.002020 0.006333 0.002963
24.295536 0.002019 0.006326 0.002955
24.297555 0.002019 0.006319 0.002948
24.299574 0.002019 0.006311 0.002941
24.301593 0.002019 0.006304 0.002933
24.303612 0.002019 0.006296 0.002926
24.305631 0.002019 0.006289 0.002918
24.307650 0.002019 0.006282 0.002911
24.309668 0.002019 0.006274 0.002904
24.311687 0.002019 0.006267 0.002896
24.313706 0.002019 0.006260 0.002889
24.315724 0.002018 0.006252 0.002882
24.317742 0.002018 0.006245 0.002874
24.319760 0.002018 0.006238 0.002867
24.321777 0.002017 0.006230 0.002860
24.323795 0.002017 0.006223 0.002852
24.325812 0.002017 0.006216 0.002845
24.327828 0.002017 0.006208 0.002838
24.329845 0.002017 0.006201 0.002830
24.331862 0.002017 0.006194 0.002823
24.333878 0.002017 0.006186 0.002816
24.335895 0.002016 0.006179 0.002808
24.337911 0.002016 0.006172 0.002801
24.339927 0.002016 0.006164 0.002794
24.341943 0.002016 0.006157 0.002786
24.343959 0.002016 0.006150 0.002779
24.345975 0.002016 0.006142 0.002772
24.347991 0.002016 0.006135 0.002764
24.350006 0.002016 0.006128 0.002757
24.352022 0.002016 0.006120 0.002750
24.354038 0.002016 0.006113 0.002742
24.356054 0.002016 0.006106 0.002735
24.358070 0.002016 0.006099 0.002728
24.360086 0.002016 0.006091 0.002721
24.362102 0.002016 0.006084 0.002713
24.364118 0.002016 0.006077 0.002706
24.366135 0.002016 0.006069 0.002699
24.368151 0.002017 0.006062 0.002691
24.370168 0.002017 0.006055 0.002684
24.372185 0.002017 0.006048 0.002677
24.374202 0.002017 0.006040 0.002670
24.376220 0.002018 0.006033 0.002662
24.378238 0.002018 0.006026 0.002655
24.380256 0.002018 0.006019 0.002648
24.382274 0.002018 0.006011 0.002641
24.384293 0.002019 0.006004 0.002634
24.386312 0.002019 0.005997 0.002626
24.388332 0.002020 0.005990 0.002619
24.390352 0.002020 0.005983 0.002612
24.392372 0.002021 0.005975 0.002605
24.394394 0.002021 0.005968 0.002597
24.396415 0.002022 0.005961 0.002590
24.398437 0.002022 0.005954 0.002583
24.400460 0.002023 0.005947 0.002576
24.402484 0.002024 0.005939 0.002569
24.404508 0.002024 0.005932 0.002562
24.406533 0.002025 0.005925 0.002554
24.408558 0.002025 0.005918 0.002547
24.410583 0.002025 0.005911 0.002540
24.412608 0.002025 0.005904 0.002533
24.414634 0.002026 0.005897 0.002526
24.416660 0.002026 0.005889 0.002519
24.418686 0.002026 0.005882 0.002512
24.420712 0.002026 0.005875 0.002505
24.422739 0.002027 0.005868 0.002497
24.424766 0.002027 0.005861 0.002490
24.426794 0.002027 0.005854 0.002483
24.428821 0.002028 0.005847 0.002476
24.430849 0.002028 0.005840 0.002469
24.432878 0.002028 0.005833 0.002462
24.434906 0.002029 0.005826 0.002455
24.436935 0.002029 0.005819 0.002448
24.438965 0.002029 0.005812 0.002441
24.440994 0.002030 0.005805 0.002434
24.443024 0.002030 0.005798 0.002427
24.445055 0.002030 0.005791 0.002420
24.447086 0.002031 0.005784 0.002413
24.449117 0.002031 0.005777 0.002406
24.451148 0.002032 0.005770 0.002399
24.453180 0.002032 0.005763 0.002392
24.455212 0.002032 0.005756 0.002385
24.457245 0.002033 0.005749 0.002378
24.459278 0.002033 0.005742 0.002371
24.461311 0.002033 0.005735 0.002364
24.463345 0.002034 0.005728 0.002358
24.465379 0.002034 0.005721 0.002351
24.467414 0.002035 0.005714 0.002344
24.469449 0.002035 0.005708 0.002337
24.471484 0.002035 0.005701 0.002330
24.473519 0.002035 0.005694 0.002323
24.475555 0.002035 0.005687 0.002316
24.477590 0.002035 0.005680 0.002309
24.479624 0.002035 0.005673 0.002303
24.481659 0.002034 0.005667 0.002296
24.483693 0.002034 0.005660 0.002289
24.485727 0.002034 0.005653 0.002282
24.487762 0.002034 0.005646 0.002276
24.489796 0.002034 0.005639 0.002269
24.491831 0.002034 0.005633 0.002262
24.493865 0.002035 0.005626 0.002255
24.495900 0.002035 0.005619 0.002249
24.497935 0.002035 0.005613 0.002242
24.499970 0.002035 0.005606 0.002235
24.502005 0.002035 0.005599 0.002228
24.504041 0.002035 0.005592 0.002222
24.506076 0.002035 0.005586 0.002215
24.508111 0.002035 0.005579 0.002208
24.510146 0.002035 0.005572 0.002202
24.512182 0.002035 0.005566 0.002195
24.514217 0.002035 0.005559 0.002188
24.516252 0.002035 0.005553 0.002182
24.518287 0.002035 0.005546 0.002175
24.520322 0.002035 0.005539 0.002169
24.522356 0.002035 0.005533 0.002162
24.524391 0.002035 0.005526 0.002155
24.526425 0.002035 0.005519 0.002149
24.528460 0.002035 0.005513 0.002142
24.530495 0.002035 0.005506 0.002136
24.532529 0.002035 0.005500 0.002129
24.534564 0.002035 0.005493 0.002123
24.536599 0.002035 0.005487 0.002116
24.538635 0.002035 0.005480 0.002109
24.540670 0.002036 0.005474 0.002103
24.542706 0.002036 0.005467 0.002096
24.544742 0.002036 0.005461 0.002090
24.546779 0.002037 0.005454 0.002083
24.548816 0.002037 0.005448 0.002077
24.550853 0.002037 0.005441 0.002070
24.552891 0.002038 0.005435 0.002064
24.554929 0.002038 0.005428 0.002057
24.556967 0.002038 0.005422 0.002051
24.559006 0.002039 0.005415 0.002044
24.561046 0.002039 0.005409 0.002038
24.563086 0.002040 0.005402 0.002031
24.565126 0.002041 0.005396 0.002025
24.567167 0.002041 0.005389 0.002019
24.569209 0.002042 0.005383 0.002012
24.571252 0.002043 0.005376 0.002006
24.573295 0.002043 0.005370 0.001999
24.575339 0.002044 0.005364 0.001993
24.577383 0.002044 0.005357 0.001986
24.579428 0.002045 0.005351 0.001980
24.581473 0.002045 0.005344 0.001974
24.583519 0.002046 0.005338 0.001967
24.585565 0.002046 0.005332 0.001961
24.587612 0.002047 0.005325 0.001954
24.589659 0.002047 0.005319 0.001948
24.591706 0.002047 0.005312 0.001942
24.593754 0.002048 0.005306 0.001935
24.595802 0.002048 0.005300 0.001929
24.597851 0.002049 0.005293 0.001923
24.599900 0.002049 0.005287 0.001916
24.601949 0.002049 0.005281 0.001910
24.603998 0.002049 0.005275 0.001904
24.606048 0.002050 0.005268 0.001898
24.608098 0.002050 0.005262 0.001891
24.610148 0.002050 0.005256 0.001885
24.612199 0.002050 0.005249 0.001879
24.614249 0.002051 0.005243 0.001873
24.616300 0.002051 0.005237 0.001866
24.618352 0.002051 0.005231 0.001860
24.620403 0.002051 0.005225 0.001854
24.622454 0.002052 0.005218 0.001848
24.624506 0.002052 0.005212 0.001841
24.626558 0.002052 0.005206 0.001835
24.628611 0.002052 0.005200 0.001829
24.630663 0.002053 0.005194 0.001823
24.632716 0.002053 0.005188 0.001817
24.634769 0.002053 0.005181 0.001811
24.636822 0.002053 0.005175 0.001805
24.638876 0.002053 0.005169 0.001798
24.640929 0.002053 0.005163 0.001792
24.642982 0.002053 0.005157 0.001786
24.645036 0.002054 0.005151 0.001780
24.647090 0.002054 0.005145 0.001774
24.649143 0.002054 0.005139 0.001768
24.651197 0.002054 0.005133 0.001762
24.653251 0.002054 0.005127 0.001756
24.655304 0.002054 0.005120 0.001750
24.657358 0.002054 0.005114 0.001744
24.659412 0.002054 0.005108 0.001738
24.661466 0.002054 0.005102 0.001732
24.663520 0.002054 0.005096 0.001725
24.665574 0.002054 0.005090 0.001719
24.667628 0.002054 0.005084 0.001713
24.669682 0.002054 0.005078 0.001707
24.671736 0.002054 0.005072 0.001701
24.673790 0.002054 0.005066 0.001695
24.675844 0.002054 0.005059 0.001689
24.677898 0.002054 0.005053 0.001683
24.679952 0.002054 0.005047 0.001676
24.682006 0.002054 0.005041 0.001670
24.684060 0.002054 0.005035 0.001664
24.686115 0.002054 0.005029 0.001658
24.688169 0.002054 0.005022 0.001652
24.690223 0.002054 0.005016 0.001645
24.692277 0.002054 0.005010 0.001639
24.694332 0.002054 0.005003 0.001633
24.696386 0.002054 0.004997 0.001626
24.698440 0.002054 0.004990 0.001620
24.700495 0.002054 0.004984 0.001613
24.702549 0.002055 0.004978 0.001607
24.704604 0.002055 0.004971 0.001600
24.706659 0.002055 0.004964 0.001594
24.708713 0.002055 0.004958 0.001587
24.710768 0.002054 0.004951 0.001581
24.712822 0.002054 0.004945 0.001574
24.714877 0.002055 0.004938 0.001567
24.716931 0.002055 0.004931 0.001561
24.718986 0.002055 0.004925 0.001554
24.721041 0.002055 0.004918 0.001547
24.723096 0.002055 0.004911 0.001540
24.725150 0.002055 0.004904 0.001533
24.727205 0.002055 0.004897 0.001527
24.729260 0.002055 0.004891 0.001520
24.731315 0.002055 0.004884 0.001513
24.733370 0.002055 0.004877 0.001506
24.735425 0.002055 0.004870 0.001499
24.737480 0.002055 0.004863 0.001492
24.739535 0.002055 0.004856 0.001485
24.741591 0.002055 0.004849 0.001478
24.743646 0.002055 0.004842 0.001471
24.745702 0.002056 0.004835 0.001464
24.747758 0.002056 0.004828 0.001457
24.749814 0.002056 0.004821 0.001450
24.751870 0.002056 0.004814 0.001444
24.753927 0.002056 0.004807 0.001437
24.755983 0.002057 0.004801 0.001430
24.758040 0.002057 0.004794 0.001423
24.760097 0.002057 0.004787 0.001416
24.762154 0.002057 0.004780 0.001409
24.764212 0.002057 0.004773 0.001403
24.766269 0.002058 0.004767 0.001396
24.768327 0.002058 0.004760 0.001389
24.770386 0.002058 0.004754 0.001383
24.772444 0.002058 0.004747 0.001377
24.774503 0.002059 0.004741 0.001370
24.776562 0.002059 0.004735 0.001364
24.778621 0.002059 0.004728 0.001358
24.780680 0.002059 0.004722 0.001352
24.782740 0.002060 0.004716 0.001346
24.784800 0.002060 0.004710 0.001340
24.786860 0.002060 0.004704 0.001334
24.788921 0.002061 0.004698 0.001328
24.790982 0.002061 0.004693 0.001322
24.793043 0.002061 0.004687 0.001316
24.795104 0.002061 0.004682 0.001311
24.797166 0.002062 0.004676 0.001305
24.799228 0.002062 0.004671 0.001300
24.801290 0.002062 0.004666 0.001295
24.803352 0.002062 0.004661 0.001290
24.805415 0.002063 0.004656 0.001285
24.807478 0.002063 0.004651 0.001281
24.809541 0.002063 0.004647 0.001276
24.811604 0.002063 0.004643 0.001272
24.813667 0.002063 0.004639 0.001268
24.815731 0.002064 0.004635 0.001264
24.817795 0.002064 0.004631 0.001260
24.819859 0.002064 0.004627 0.001257
24.821923 0.002064 0.004624 0.001253
24.823987 0.002064 0.004620 0.001250
24.826051 0.002065 0.004617 0.001247
24.828116 0.002065 0.004614 0.001244
24.830181 0.002065 0.004612 0.001241
24.832246 0.002065 0.004609 0.001238
24.834312 0.002065 0.004607 0.001236
24.836377 0.002066 0.004605 0.001234
24.838443 0.002066 0.004603 0.001232
24.840509 0.002066 0.004602 0.001231
24.842575 0.002066 0.004601 0.001230
24.844642 0.002066 0.004600 0.001229
24.846708 0.002067 0.004599 0.001228
24.848775 0.002067 0.004599 0.001228
24.850843 0.002067 0.004599 0.001228
24.852910 0.002067 0.004599 0.001228
24.854977 0.002067 0.004599 0.001228
24.857045 0.002068 0.004599 0.001229
24.859113 0.002068 0.004600 0.001229
24.861181 0.002068 0.004601 0.001230
24.863250 0.002068 0.004602 0.001231
24.865318 0.002069 0.004603 0.001232
24.867387 0.002069 0.004604 0.001234
24.869456 0.002069 0.004606 0.001235
24.871526 0.002069 0.004608 0.001237
24.873595 0.002070 0.004609 0.001239
24.875665 0.002070 0.004612 0.001241
24.877735 0.002070 0.004614 0.001243
24.879805 0.002070 0.004616 0.001245
24.881875 0.002070 0.004618 0.001248
24.883945 0.002070 0.004621 0.001250
24.886016 0.002070 0.004623 0.001252
24.888086 0.002070 0.004626 0.001255
24.890157 0.002071 0.004628 0.001257
24.892228 0.002071 0.004631 0.001260
24.894299 0.002071 0.004633 0.001263
24.896370 0.002071 0.004636 0.001265
24.898442 0.002071 0.004638 0.001268
24.900513 0.002072 0.004641 0.001270
24.902585 0.002072 0.004643 0.001272
24.904657 0.002072 0.004645 0.001275
24.906729 0.002072 0.004647 0.001277
24.908801 0.002072 0.004650 0.001279
24.910873 0.002072 0.004652 0.001281
24.912946 0.002073 0.004653 0.001283
24.915019 0.002073 0.004655 0.001284
24.917092 0.002073 0.004657 0.001286
24.919164 0.002073 0.004658 0.001287
24.921238 0.002073 0.004659 0.001289
24.923311 0.002073 0.004660 0.001290
24.925384 0.002073 0.004661 0.001291
24.927458 0.002074 0.004662 0.001291
24.929532 0.002074 0.004663 0.001292
24.931606 0.002074 0.004663 0.001292
24.933680 0.002074 0.004663 0.001293
24.935754 0.002074 0.004664 0.001293
24.937829 0.002074 0.004663 0.001293
24.939903 0.002075 0.004663 0.001292
24.941978 0.002075 0.004662 0.001292
24.944053 0.002075 0.004662 0.001291
24.946128 0.002075 0.004661 0.001290
24.948204 0.002075 0.004659 0.001289
24.950279 0.002076 0.004658 0.001287
24.952355 0.002076 0.004656 0.001286
24.954431 0.002076 0.004654 0.001284
24.956507 0.002076 0.004653 0.001282
24.958583 0.002076 0.004650 0.001280
24.960659 0.002076 0.004648 0.001277
24.962735 0.002076 0.004646 0.001275
24.964811 0.002076 0.004643 0.001272
24.966887 0.002076 0.004640 0.001269
24.968964 0.002076 0.004637 0.001266
24.971040 0.002076 0.004634 0.001263
24.973117 0.002077 0.004631 0.001260
24.975193 0.002077 0.004627 0.001257
24.977270 0.002077 0.004624 0.001253
24.979347 0.002077 0.004620 0.001249
24.981424 0.002077 0.004616 0.001245
24.983500 0.002076 0.004612 0.001241
24.985576 0.002075 0.004608 0.001237
24.987650 0.002074 0.004603 0.001233
24.989723 0.002073 0.004599 0.001228
24.991796 0.002072 0.004594 0.001224
24.993867 0.002072 0.004590 0.001219
24.995938 0.002071 0.004585 0.001214
24.998008 0.002070 0.004580 0.001209
25.000078 0.002070 0.004575 0.001205
25.002147 0.002069 0.004570 0.001199
25.004216 0.002069 0.004565 0.001194
25.006284 0.002068 0.004560 0.001189
25.008352 0.002068 0.004554 0.001183
25.010420 0.002068 0.004549 0.001178
25.012487 0.002067 0.004543 0.001172
25.014553 0.002066 0.004537 0.001167
25.016619 0.002065 0.004531 0.001161
25.018683 0.002064 0.004525 0.001155
25.020747 0.002064 0.004519 0.001149
25.022809 0.002063 0.004513 0.001143
25.024871 0.002062 0.004507 0.001136
25.026932 0.002061 0.004501 0.001130
25.028993 0.002060 0.004495 0.001124
25.031053 0.002060 0.004488 0.001118
25.033111 0.002059 0.004482 0.001111
25.035170 0.002058 0.004476 0.001105
25.037227 0.002058 0.004469 0.001099
25.039284 0.002057 0.004463 0.001092
25.041341 0.002056 0.004457 0.001086
25.043397 0.002056 0.004450 0.001080
25.045452 0.002055 0.004444 0.001073
25.047507 0.002055 0.004438 0.001067
25.049561 0.002054 0.004432 0.001061
25.051615 0.002054 0.004426 0.001055
25.053669 0.002054 0.004419 0.001049
25.055723 0.002054 0.004413 0.001043
25.057777 0.002054 0.004407 0.001037
25.059830 0.002054 0.004402 0.001031
25.061884 0.002053 0.004396 0.001025
25.063936 0.002053 0.004390 0.001019
25.065988 0.002052 0.004384 0.001013
25.068039 0.002051 0.004378 0.001008
25.070090 0.002050 0.004373 0.001002
25.072139 0.002050 0.004367 0.000997
25.074188 0.002049 0.004362 0.000991
25.076237 0.002048 0.004356 0.000986
25.078284 0.002048 0.004351 0.000980
25.080331 0.002047 0.004345 0.000975
25.082378 0.002046 0.004340 0.000969
25.084424 0.002046 0.004335 0.000964
25.086469 0.002045 0.004330 0.000959
25.088513 0.002044 0.004324 0.000954
25.090557 0.002044 0.004319 0.000948
25.092600 0.002043 0.004314 0.000943
25.094643 0.002043 0.004309 0.000938
25.096685 0.002042 0.004304 0.000933
25.098727 0.002042 0.004299 0.000928
25.100768 0.002041 0.004294 0.000924
25.102808 0.002040 0.004289 0.000919
25.104848 0.002040 0.004285 0.000914
25.106887 0.002039 0.004280 0.000909
25.108926 0.002039 0.004275 0.000904
25.110965 0.002039 0.004270 0.000900
25.113003 0.002038 0.004266 0.000895
25.115041 0.002038 0.004261 0.000891
25.117080 0.002038 0.004257 0.000886
25.119118 0.002038 0.004252 0.000881
25.121156 0.002038 0.004248 0.000877
25.123194 0.002038 0.004243 0.000873
25.125232 0.002038 0.004239 0.000868
25.127269 0.002037 0.004234 0.000864
25.129306 0.002037 0.004230 0.000859
25.131342 0.002036 0.004226 0.000855
25.133377 0.002035 0.004221 0.000851
25.135411 0.002035 0.004217 0.000846
25.137446 0.002034 0.004213 0.000842
25.139479 0.002034 0.004209 0.000838
25.141512 0.002033 0.004204 0.000834
25.143545 0.002033 0.004200 0.000829
25.145577 0.002032 0.004196 0.000825
25.147609 0.002032 0.004192 0.000821
25.149641 0.002032 0.004188 0.000817
25.151672 0.002031 0.004183 0.000813
25.153704 0.002031 0.004179 0.000808
25.155735 0.002031 0.004175 0.000804
25.157765 0.002031 0.004171 0.000800
25.159796 0.002031 0.004167 0.000796
25.161827 0.002031 0.004162 0.000792
25.163857 0.002031 0.004158 0.000787
25.165889 0.002031 0.004154 0.000783
25.167920 0.002031 0.004150 0.000779
25.169952 0.002032 0.004146 0.000775
25.171984 0.002032 0.004141 0.000771
25.174016 0.002032 0.004137 0.000766
25.176048 0.002032 0.004133 0.000762
25.178080 0.002032 0.004129 0.000758
25.180111 0.002032 0.004124 0.000754
25.182143 0.002031 0.004120 0.000750
25.184174 0.002031 0.004116 0.000745
25.186204 0.002031 0.004112 0.000741
25.188235 0.002031 0.004107 0.000737
25.190266 0.002031 0.004103 0.000732
25.192297 0.002031 0.004099 0.000728
25.194327 0.002031 0.004095 0.000724
25.196358 0.002031 0.004090 0.000720
25.198389 0.002031 0.004086 0.000715
25.200421 0.002032 0.004082 0.000711
25.202453 0.002032 0.004077 0.000707
25.204485 0.002033 0.004073 0.000702
25.206519 0.002033 0.004069 0.000698
25.208551 0.002033 0.004064 0.000694
25.210584 0.002033 0.004060 0.000689
25.212617 0.002033 0.004056 0.000685
25.214650 0.002033 0.004051 0.000681
25.216683 0.002033 0.004047 0.000676
25.218716 0.002033 0.004042 0.000672
25.220749 0.002033 0.004038 0.000667
25.222782 0.002033 0.004034 0.000663
25.224815 0.002034 0.004029 0.000659
25.226850 0.002034 0.004025 0.000654
25.228884 0.002035 0.004020 0.000650
25.230919 0.002035 0.004016 0.000645
25.232955 0.002036 0.004011 0.000641
25.234991 0.002036 0.004007 0.000636
25.237027 0.002036 0.004003 0.000632
25.239063 0.002036 0.003998 0.000627
25.241099 0.002036 0.003994 0.000623
25.243135 0.002036 0.003989 0.000619
25.245171 0.002036 0.003985 0.000614
25.247207 0.002036 0.003980 0.000610
25.249244 0.002036 0.003976 0.000605
25.251281 0.002037 0.003971 0.000601
25.253318 0.002037 0.003967 0.000596
25.255355 0.002037 0.003962 0.000592
25.257392 0.002038 0.003958 0.000587
25.259430 0.002038 0.003953 0.000583
25.261469 0.002039 0.003949 0.000578
25.263509 0.002039 0.003945 0.000574
25.265549 0.002040 0.003940 0.000569
25.267589 0.002040 0.003936 0.000565
25.269630 0.002041 0.003931 0.000560
25.271671 0.002041 0.003927 0.000556
25.273712 0.002041 0.003922 0.000551
25.275754 0.002042 0.003918 0.000547
25.277796 0.002042 0.003913 0.000542
25.279838 0.002042 0.003909 0.000538
25.281881 0.002042 0.003904 0.000533
25.283923 0.002043 0.003900 0.000529
25.285966 0.002043 0.003895 0.000525
25.288009 0.002043 0.003891 0.000520
25.290052 0.002043 0.003886 0.000516
25.292095 0.002043 0.003882 0.000511
25.294139 0.002044 0.003877 0.000507
25.296183 0.002044 0.003873 0.000502
25.298227 0.002044 0.003869 0.000498
25.300272 0.002045 0.003864 0.000493
25.302317 0.002045 0.003860 0.000489
25.304363 0.002046 0.003855 0.000484
25.306409 0.002046 0.003851 0.000480
25.308456 0.002047 0.003846 0.000476
25.310504 0.002048 0.003842 0.000471
25.312552 0.002048 0.003837 0.000467
25.314601 0.002049 0.003833 0.000462
25.316650 0.002049 0.003829 0.000458
25.318700 0.002050 0.003824 0.000454
25.320750 0.002050 0.003820 0.000449
25.322800 0.002050 0.003816 0.000445
25.324851 0.002051 0.003811 0.000440
25.326902 0.002051 0.003807 0.000436
25.328953 0.002051 0.003802 0.000432
25.331004 0.002052 0.003798 0.000427
25.333056 0.002052 0.003794 0.000423
25.335108 0.002052 0.003789 0.000419
25.337161 0.002053 0.003785 0.000414
25.339214 0.002053 0.003781 0.000410
25.341267 0.002053 0.003776 0.000406
25.343320 0.002053 0.003772 0.000401
25.345374 0.002054 0.003768 0.000397
25.347428 0.002054 0.003764 0.000393
25.349482 0.002054 0.003759 0.000388
25.351537 0.002055 0.003755 0.000384
25.353593 0.002055 0.003751 0.000380
25.355649 0.002056 0.003746 0.000376
25.357706 0.002057 0.003742 0.000371
25.359763 0.002058 0.003738 0.000367
25.361822 0.002058 0.003733 0.000363
25.363880 0.002059 0.003729 0.000358
25.365939 0.002059 0.003725 0.000354
25.367999 0.002060 0.003721 0.000350
25.370059 0.002060 0.003716 0.000346
25.372119 0.002060 0.003712 0.000341
25.374180 0.002061 0.003708 0.000337
25.376241 0.002061 0.003703 0.000333
25.378303 0.002061 0.003699 0.000329
25.380364 0.002062 0.003695 0.000324
25.382426 0.002062 0.003691 0.000320
25.384489 0.002062 0.003686 0.000316
25.386551 0.002063 0.003682 0.000311
25.388614 0.002063 0.003678 0.000307
25.390678 0.002063 0.003673 0.000303
25.392742 0.002064 0.003669 0.000299
25.394806 0.002064 0.003665 0.000294
25.396870 0.002064 0.003661 0.000290
25.398935 0.002065 0.003656 0.000286
25.401000 0.002065 0.003652 0.000281
25.403065 0.002066 0.003648 0.000277
25.405131 0.002066 0.003643 0.000273
25.407198 0.002067 0.003639 0.000268
25.409265 0.002067 0.003635 0.000264
25.411333 0.002068 0.003630 0.000260
25.413402 0.002068 0.003626 0.000255
25.415471 0.002069 0.003622 0.000251
25.417540 0.002069 0.003618 0.000247
25.419609 0.002069 0.003613 0.000243
25.421679 0.002070 0.003609 0.000238
25.423749 0.002070 0.003605 0.000234
25.425820 0.002071 0.003600 0.000230
25.427891 0.002071 0.003596 0.000225
25.429962 0.002071 0.003592 0.000221
25.432034 0.002072 0.003587 0.000217
25.434106 0.002072 0.003583 0.000212
25.436178 0.002072 0.003579 0.000208
25.438250 0.002072 0.003574 0.000204
25.440323 0.002073 0.003570 0.000199
25.442396 0.002073 0.003566 0.000195
25.444469 0.002073 0.003561 0.000191
25.446543 0.002074 0.003557 0.000186
25.448617 0.002074 0.003553 0.000182
25.450691 0.002074 0.003548 0.000177
25.452765 0.002074 0.003544 0.000173
25.454840 0.002075 0.003540 0.000169
25.456915 0.002075 0.003535 0.000165
25.458990 0.002076 0.003531 0.000160
25.461066 0.002076 0.003527 0.000156
25.463143 0.002076 0.003522 0.000152
25.465220 0.002077 0.003518 0.000147
25.467298 0.002078 0.003514 0.000143
25.469376 0.002079 0.003510 0.000139
25.471455 0.002079 0.003505 0.000135
25.473535 0.002079 0.003501 0.000130
25.475615 0.002080 0.003497 0.000126
25.477695 0.002080 0.003492 0.000122
25.479776 0.002081 0.003488 0.000117
25.481857 0.002081 0.003484 0.000113
25.483939 0.002082 0.003480 0.000109
25.486021 0.002082 0.003475 0.000105
25.488104 0.002083 0.003471 0.000100
25.490187 0.002083 0.003467 0.000096
25.492271 0.002084 0.003462 0.000092
25.494355 0.002084 0.003458 0.000087
25.496440 0.002085 0.003454 0.000083
25.498526 0.002086 0.003450 0.000079
25.500612 0.002086 0.003445 0.000075
25.502699 0.002087 0.003441 0.000070
25.504786 0.002087 0.003437 0.000066
25.506874 0.002088 0.003432 0.000062
25.508963 0.002089 0.003428 0.000057
25.511052 0.002089 0.003424 0.000053
25.513143 0.002090 0.003419 0.000049
25.515233 0.002091 0.003415 0.000044
25.517325 0.002092 0.003411 0.000040
25.519418 0.002093 0.003406 0.000036
25.521511 0.002093 0.003402 0.000031
25.523605 0.002094 0.003398 0.000027
25.525699 0.002094 0.003393 0.000023
25.527793 0.002095 0.003389 0.000018
25.529889 0.002095 0.003385 0.000014
25.531985 0.002096 0.003380 0.000010
25.534082 0.002097 0.003376 0.000005
25.536179 0.002097 0.003372 0.000001
25.538277 0.002098 0.003367 -0.000004
25.540375 0.002098 0.003363 -0.000008
25.542473 0.002098 0.003358 -0.000012
25.544572 0.002099 0.003354 -0.000017
25.546671 0.002099 0.003350 -0.000021
25.548771 0.002100 0.003345 -0.000026
25.550871 0.002100 0.003341 -0.000030
25.552972 0.002101 0.003336 -0.000034
25.555073 0.002101 0.003332 -0.000039
25.557175 0.002102 0.003327 -0.000043
25.559277 0.002103 0.003323 -0.000048
25.561381 0.002103 0.003319 -0.000052
25.563485 0.002104 0.003314 -0.000057
25.565590 0.002105 0.003310 -0.000061
25.567695 0.002105 0.003305 -0.000066
25.569800 0.002106 0.003301 -0.000070
25.571907 0.002106 0.003296 -0.000075
25.574013 0.002107 0.003292 -0.000079
25.576121 0.002107 0.003287 -0.000084
25.578228 0.002108 0.003283 -0.000088
25.580337 0.002108 0.003278 -0.000093
25.582445 0.002109 0.003273 -0.000097
25.584555 0.002109 0.003269 -0.000102
25.586664 0.002110 0.003264 -0.000106
25.588774 0.002110 0.003260 -0.000111
25.590884 0.002110 0.003255 -0.000115
25.592995 0.002111 0.003251 -0.000120
25.595106 0.002111 0.003246 -0.000125
25.597218 0.002111 0.003241 -0.000129
25.599330 0.002112 0.003237 -0.000134
25.601442 0.002112 0.003232 -0.000139
25.603554 0.002112 0.003228 -0.000143
25.605666 0.002112 0.003223 -0.000148
25.607779 0.002112 0.003218 -0.000152
25.609892 0.002113 0.003214 -0.000157
25.612004 0.002113 0.003209 -0.000162
25.614117 0.002113 0.003204 -0.000166
25.616230 0.002113 0.003200 -0.000171
25.618343 0.002113 0.003195 -0.000176
25.620456 0.002113 0.003190 -0.000180
25.622569 0.002113 0.003186 -0.000185
25.624682 0.002113 0.003181 -0.000190
25.626795 0.002113 0.003176 -0.000195
25.628909 0.002113 0.003171 -0.000199
25.631022 0.002113 0.003167 -0.000204
25.633136 0.002114 0.003162 -0.000209
25.635250 0.002114 0.003157 -0.000214
25.637363 0.002114 0.003152 -0.000218
25.639477 0.002114 0.003148 -0.000223
25.641591 0.002114 0.003143 -0.000228
25.643705 0.002114 0.003138 -0.000233
25.645819 0.002114 0.003133 -0.000237
25.647934 0.002114 0.003129 -0.000242
25.650048 0.002114 0.003124 -0.000247
25.652162 0.002114 0.003119 -0.000252
25.654277 0.002115 0.003114 -0.000256
25.656392 0.002115 0.003109 -0.000261
25.658506 0.002115 0.003105 -0.000266
25.660621 0.002115 0.003100 -0.000271
25.662736 0.002115 0.003095 -0.000276
25.664851 0.002115 0.003090 -0.000280
25.666966 0.002115 0.003085 -0.000285
25.669082 0.002115 0.003081 -0.000290
25.671197 0.002115 0.003076 -0.000295
25.673313 0.002115 0.003071 -0.000300
25.675428 0.002116 0.003066 -0.000304
25.677544 0.002116 0.003061 -0.000309
25.679660 0.002116 0.003057 -0.000314
25.681775 0.002116 0.003052 -0.000319
25.683891 0.002116 0.003047 -0.000324
25.686007 0.002116 0.003042 -0.000329
25.688123 0.002116 0.003037 -0.000333
25.690240 0.002116 0.003033 -0.000338
25.692356 0.002116 0.003028 -0.000343
25.694472 0.002116 0.003023 -0.000348
25.696589 0.002116 0.003018 -0.000353
25.698705 0.002117 0.003013 -0.000357
25.700822 0.002117 0.003008 -0.000362
25.702939 0.002117 0.003004 -0.000367
25.705056 0.002117 0.002999 -0.000372
25.707172 0.002117 0.002994 -0.000377
25.709289 0.002117 0.002989 -0.000382
25.711407 0.002117 0.002984 -0.000387
25.713524 0.002117 0.002979 -0.000391
25.715641 0.002117 0.002974 -0.000396
25.717758 0.002117 0.002969 -0.000401
25.719876 0.002117 0.002965 -0.000406
25.721993 0.002117 0.002960 -0.000411
25.724111 0.002118 0.002955 -0.000416
25.726228 0.002118 0.002950 -0.000421
25.728346 0.002118 0.002945 -0.000426
25.730464 0.002118 0.002940 -0.000431
25.732582 0.002118 0.002935 -0.000436
25.734700 0.002118 0.002930 -0.000441
25.736818 0.002118 0.002925 -0.000445
25.738936 0.002118 0.002920 -0.000450
25.741055 0.002118 0.002916 -0.000455
25.743173 0.002118 0.002911 -0.000460
25.745292 0.002119 0.002906 -0.000465
25.747410 0.002119 0.002901 -0.000470
25.749529 0.002119 0.002896 -0.000475
25.751648 0.002119 0.002891 -0.000480
25.753767 0.002119 0.002886 -0.000484
25.755886 0.002119 0.002881 -0.000489
25.758006 0.002119 0.002876 -0.000494
25.760125 0.002119 0.002872 -0.000499
25.762244 0.002119 0.002867 -0.000504
25.764364 0.002120 0.002862 -0.000509
25.766484 0.002120 0.002857 -0.000514
25.768604 0.002120 0.002852 -0.000519
25.770724 0.002120 0.002847 -0.000523
25.772844 0.002120 0.002842 -0.000528
25.774964 0.002120 0.002838 -0.000533
25.777084 0.002120 0.002833 -0.000538
25.779205 0.002121 0.002828 -0.000543
25.781326 0.002121 0.002823 -0.000548
25.783446 0.002121 0.002818 -0.000553
25.785567 0.002121 0.002813 -0.000557
25.787688 0.002121 0.002808 -0.000562
25.789809 0.002121 0.002804 -0.000567
25.791931 0.002121 0.002799 -0.000572
25.794052 0.002121 0.002794 -0.000577
25.796173 0.002121 0.002789 -0.000582
25.798295 0.002122 0.002784 -0.000586
25.800416 0.002122 0.002779 -0.000591
25.802538 0.002122 0.002775 -0.000596
25.804660 0.002122 0.002770 -0.000601
25.806782 0.002122 0.002765 -0.000606
25.808904 0.002122 0.002760 -0.000610
25.811026 0.002122 0.002755 -0.000615
25.813149 0.002122 0.002751 -0.000620
25.815271 0.002122 0.002746 -0.000625
25.817394 0.002123 0.002741 -0.000630
25.819516 0.002123 0.002736 -0.000634
25.821639 0.002123 0.002732 -0.000639
25.823762 0.002123 0.002727 -0.000644
25.825885 0.002123 0.002722 -0.000649
25.828008 0.002123 0.002717 -0.000653
25.830131 0.002123 0.002713 -0.000658
25.832255 0.002123 0.002708 -0.000663
25.834378 0.002123 0.002703 -0.000668
25.836502 0.002124 0.002698 -0.000672
25.838626 0.002124 0.002694 -0.000677
25.840749 0.002124 0.002689 -0.000682
25.842873 0.002124 0.002684 -0.000686
25.844997 0.002124 0.002679 -0.000691
25.847122 0.002124 0.002675 -0.000696
25.849246 0.002124 0.002670 -0.000701
25.851371 0.002125 0.002665 -0.000705
25.853495 0.002125 0.002661 -0.000710
25.855620 0.002125 0.002656 -0.000715
25.857745 0.002125 0.002651 -0.000719
25.859870 0.002125 0.002647 -0.000724
25.861995 0.002125 0.002642 -0.000729
25.864120 0.002125 0.002637 -0.000734
25.866246 0.002125 0.002632 -0.000738
25.868371 0.002126 0.002628 -0.000743
25.870497 0.002126 0.002623 -0.000748
25.872623 0.002126 0.002618 -0.000752
25.874749 0.002126 0.002614 -0.000757
25.876875 0.002126 0.002609 -0.000762
25.879001 0.002126 0.002604 -0.000766
25.881128 0.002126 0.002600 -0.000771
25.883254 0.002127 0.002595 -0.000776
25.885381 0.002127 0.002590 -0.000780
25.887508 0.002127 0.002586 -0.000785
25.889635 0.002127 0.002581 -0.000790
25.891762 0.002127 0.002576 -0.000795
25.893889 0.002127 0.002571 -0.000799
25.896016 0.002127 0.002567 -0.000804
25.898144 0.002128 0.002562 -0.000809
25.900272 0.002128 0.002557 -0.000813
25.902400 0.002128 0.002553 -0.000818
25.904528 0.002128 0.002548 -0.000823
25.906656 0.002128 0.002543 -0.000827
25.908784 0.002128 0.002539 -0.000832
25.910912 0.002128 0.002534 -0.000837
25.913041 0.002128 0.002529 -0.000841
25.915169 0.002129 0.002525 -0.000846
25.917298 0.002129 0.002520 -0.000851
25.919427 0.002129 0.002515 -0.000855
25.921556 0.002129 0.002511 -0.000860
25.923685 0.002129 0.002506 -0.000865
25.925814 0.002129 0.002501 -0.000869
25.927943 0.002129 0.002497 -0.000874
25.930072 0.002129 0.002492 -0.000879
25.932202 0.002129 0.002488 -0.000883
25.934331 0.002130 0.002483 -0.000888
25.936461 0.002130 0.002478 -0.000892
25.938591 0.002130 0.002474 -0.000897
25.940721 0.002130 0.002469 -0.000902
25.942851 0.002130 0.002464 -0.000907
25.944981 0.002130 0.002459 -0.000911
25.947112 0.002130 0.002455 -0.000916
25.949242 0.002131 0.002450 -0.000921
25.951373 0.002131 0.002445 -0.000925
25.953504 0.002131 0.002441 -0.000930
25.955635 0.002131 0.002436 -0.000935
25.957766 0.002131 0.002431 -0.000939
25.959897 0.002131 0.002426 -0.000944
25.962028 0.002131 0.002422 -0.000949
25.964160 0.002131 0.002417 -0.000954
25.966291 0.002132 0.002412 -0.000958
25.968423 0.002132 0.002408 -0.000963
25.970555 0.002132 0.002403 -0.000968
25.972687 0.002132 0.002398 -0.000973
25.974819 0.002132 0.002393 -0.000977
25.976951 0.002132 0.002388 -0.000982
25.979083 0.002132 0.002384 -0.000987
25.981216 0.002132 0.002379 -0.000992
25.983348 0.002132 0.002374 -0.000996
25.985480 0.002132 0.002369 -0.001001
25.987611 0.002132 0.002365 -0.001006
25.989743 0.002131 0.002360 -0.001011
25.991874 0.002131 0.002355 -0.001015
25.994005 0.002131 0.002350 -0.001020
25.996136 0.002131 0.002346 -0.001025
25.998267 0.002131 0.002341 -0.001030
26.000398 0.002131 0.002336 -0.001034
26.002528 0.002131 0.002332 -0.001039
26.004659 0.002131 0.002327 -0.001044
26.006790 0.002131 0.002322 -0.001049
26.008921 0.002131 0.002317 -0.001053
26.011051 0.002131 0.002313 -0.001058
26.013182 0.002131 0.002308 -0.001063
26.015313 0.002131 0.002303 -0.001068
26.017444 0.002131 0.002298 -0.001072
26.019575 0.002131 0.002294 -0.001077
26.021706 0.002131 0.002289 -0.001082
26.023837 0.002131 0.002284 -0.001086
26.025968 0.002131 0.002280 -0.001091
26.028099 0.002131 0.002275 -0.001096
26.030229 0.002131 0.002270 -0.001101
26.032360 0.002130 0.002265 -0.001105
26.034490 0.002130 0.002260 -0.001110
26.036620 0.002130 0.002256 -0.001115
26.038749 0.002130 0.002251 -0.001120
26.040879 0.002129 0.002246 -0.001125
26.043008 0.002129 0.002241 -0.001129
26.045137 0.002129 0.002236 -0.001134
26.047266 0.002129 0.002232 -0.001139
26.049395 0.002129 0.002227 -0.001144
26.051523 0.002129 0.002222 -0.001149
26.053652 0.002129 0.002217 -0.001154
26.055780 0.002128 0.002212 -0.001159
26.057908 0.002128 0.002207 -0.001163
26.060037 0.002128 0.002202 -0.001168
26.062165 0.002128 0.002198 -0.001173
26.064294 0.002129 0.002193 -0.001178
26.066423 0.002129 0.002188 -0.001183
26.068552 0.002129 0.002183 -0.001188
26.070681 0.002129 0.002178 -0.001193
26.072810 0.002129 0.002173 -0.001198
26.074940 0.002130 0.002168 -0.001203
26.077070 0.002130 0.002163 -0.001208
26.079201 0.002130 0.002158 -0.001212
26.081331 0.002131 0.002153 -0.001217
26.083462 0.002131 0.002148 -0.001222
26.085593 0.002131 0.002143 -0.001227
26.087724 0.002131 0.002138 -0.001232
26.089854 0.002131 0.002133 -0.001237
26.091985 0.002130 0.002129 -0.001242
26.094115 0.002130 0.002124 -0.001247
26.096246 0.002130 0.002119 -0.001252
26.098376 0.002130 0.002114 -0.001257
26.100506 0.002130 0.002109 -0.001262
26.102636 0.002130 0.002104 -0.001267
26.104767 0.002130 0.002099 -0.001272
26.106897 0.002130 0.002094 -0.001277
26.109027 0.002130 0.002089 -0.001282
26.111157 0.002130 0.002084 -0.001287
26.113288 0.002130 0.002079 -0.001292
26.115418 0.002130 0.002074 -0.001297
26.117548 0.002131 0.002069 -0.001302
26.119679 0.002131 0.002064 -0.001306
26.121810 0.002131 0.002059 -0.001311
26.123942 0.002131 0.002054 -0.001316
26.126073 0.002132 0.002050 -0.001321
26.128205 0.002132 0.002045 -0.001326
26.130338 0.002132 0.002040 -0.001331
26.132471 0.002133 0.002035 -0.001336
26.134604 0.002133 0.002030 -0.001341
26.136738 0.002134 0.002025 -0.001346
26.138872 0.002134 0.002020 -0.001351
26.141006 0.002134 0.002015 -0.001356
26.143140 0.002134 0.002010 -0.001360
26.145275 0.002134 0.002005 -0.001365
26.147409 0.002134 0.002000 -0.001370
26.149544 0.002135 0.001995 -0.001375
26.151678 0.002135 0.001991 -0.001380
26.153813 0.002135 0.001986 -0.001385
26.155948 0.002135 0.001981 -0.001390
26.158083 0.002135 0.001976 -0.001395
26.160218 0.002135 0.001971 -0.001400
26.162353 0.002135 0.001966 -0.001405
26.164488 0.002135 0.001961 -0.001410
26.166623 0.002135 0.001956 -0.001415
26.168758 0.002135 0.001951 -0.001419
26.170894 0.002136 0.001946 -0.001424
26.173030 0.002136 0.001941 -0.001429
26.175166 0.002136 0.001937 -0.001434
26.177302 0.002136 0.001932 -0.001439
26.179439 0.002137 0.001927 -0.001444
26.181575 0.002137 0.001922 -0.001449
26.183712 0.002137 0.001917 -0.001454
26.185848 0.002137 0.001912 -0.001459
26.187985 0.002137 0.001907 -0.001464
26.190122 0.002137 0.001902 -0.001469
26.192259 0.002137 0.001897 -0.001474
26.194396 0.002137 0.001892 -0.001478
26.196533 0.002137 0.001887 -0.001483
26.198670 0.002137 0.001882 -0.001488
26.200807 0.002137 0.001877 -0.001493
26.202944 0.002137 0.001872 -0.001498
26.205081 0.002137 0.001868 -0.001503
26.207219 0.002137 0.001863 -0.001508
26.209356 0.002137 0.001858 -0.001513
26.211494 0.002137 0.001853 -0.001518
26.213631 0.002138 0.001848 -0.001523
26.215769 0.002138 0.001843 -0.001528
26.217907 0.002138 0.001838 -0.001533
26.220044 0.002138 0.001833 -0.001538
26.222182 0.002138 0.001828 -0.001543
26.224320 0.002138 0.001823 -0.001548
26.226458 0.002138 0.001818 -0.001552
26.228596 0.002138 0.001813 -0.001557
26.230735 0.002138 0.001808 -0.001562
26.232873 0.002138 0.001803 -0.001567
26.235011 0.002138 0.001798 -0.001572
26.237149 0.002138 0.001794 -0.001577
26.239288 0.002138 0.001789 -0.001582
26.241426 0.002139 0.001784 -0.001587
26.243565 0.002139 0.001779 -0.001592
26.245704 0.002139 0.001774 -0.001597
26.247842 0.002139 0.001769 -0.001602
26.249981 0.002139 0.001764 -0.001607
26.252120 0.002139 0.001759 -0.001612
26.254259 0.002139 0.001754 -0.001617
26.256397 0.002139 0.001749 -0.001622
26.258536 0.002139 0.001744 -0.001627
26.260675 0.002139 0.001739 -0.001632
26.262814 0.002139 0.001734 -0.001637
26.264953 0.002139 0.001729 -0.001642
26.267092 0.002139 0.001724 -0.001647
26.269230 0.002139 0.001719 -0.001652
26.271369 0.002139 0.001714 -0.001657
26.273508 0.002139 0.001709 -0.001662
26.275647 0.002139 0.001704 -0.001667
26.277786 0.002139 0.001699 -0.001672
26.279925 0.002139 0.001694 -0.001677
26.282065 0.002139 0.001689 -0.001682
26.284204 0.002139 0.001684 -0.001687
26.286343 0.002139 0.001679 -0.001692
26.288482 0.002139 0.001674 -0.001697
26.290621 0.002139 0.001669 -0.001702
26.292760 0.002139 0.001664 -0.001707
26.294900 0.002139 0.001659 -0.001711
26.297039 0.002139 0.001654 -0.001716
26.299178 0.002139 0.001649 -0.001721
26.301317 0.002139 0.001644 -0.001726
26.303457 0.002139 0.001640 -0.001731
26.305596 0.002139 0.001635 -0.001736
26.307736 0.002139 0.001630 -0.001741
26.309875 0.002139 0.001625 -0.001746
26.312015 0.002140 0.001620 -0.001751
26.314154 0.002140 0.001615 -0.001755
26.316294 0.002140 0.001611 -0.001760
26.318434 0.002140 0.001606 -0.001765
26.320573 0.002140 0.001601 -0.001770
26.322713 0.002140 0.001596 -0.001775
26.324853 0.002140 0.001591 -0.001779
26.326993 0.002140 0.001587 -0.001784
26.329133 0.002140 0.001582 -0.001789
26.331273 0.002140 0.001577 -0.001794
26.333413 0.002140 0.001572 -0.001798
26.335554 0.002140 0.001567 -0.001803
26.337694 0.002140 0.001563 -0.001808
26.339834 0.002140 0.001558 -0.001813
26.341975 0.002140 0.001553 -0.001817
26.344115 0.002141 0.001549 -0.001822
26.346256 0.002141 0.001544 -0.001827
26.348397 0.002141 0.001539 -0.001832
26.350538 0.002141 0.001534 -0.001836
26.352678 0.002141 0.001530 -0.001841
26.354819 0.002141 0.001525 -0.001846
26.356961 0.002141 0.001520 -0.001850
26.359102 0.002141 0.001516 -0.001855
26.361243 0.002141 0.001511 -0.001859
26.363384 0.002141 0.001507 -0.001864
26.365526 0.002141 0.001502 -0.001869
26.367667 0.002141 0.001498 -0.001873
26.369809 0.002142 0.001493 -0.001878
26.371950 0.002142 0.001489 -0.001882
26.374092 0.002142 0.001484 -0.001887
26.376234 0.002142 0.001480 -0.001891
26.378376 0.002142 0.001475 -0.001896
26.380518 0.002142 0.001471 -0.001900
26.382660 0.002142 0.001466 -0.001904
26.384802 0.002142 0.001462 -0.001909
26.386944 0.002142 0.001457 -0.001913
26.389087 0.002142 0.001453 -0.001918
26.391229 0.002142 0.001449 -0.001922
26.393371 0.002142 0.001444 -0.001927
26.395514 0.002143 0.001440 -0.001931
26.397657 0.002143 0.001436 -0.001935
26.399799 0.002143 0.001431 -0.001940
26.401942 0.002143 0.001427 -0.001944
26.404085 0.002143 0.001423 -0.001948
26.406228 0.002143 0.001418 -0.001952
26.408371 0.002143 0.001414 -0.001957
26.410514 0.002143 0.001410 -0.001961
26.412658 0.002143 0.001406 -0.001965
26.414801 0.002143 0.001401 -0.001969
26.416944 0.002143 0.001397 -0.001973
26.419086 0.002143 0.001393 -0.001978
26.421229 0.002143 0.001389 -0.001982
26.423371 0.002142 0.001385 -0.001986
26.425513 0.002142 0.001381 -0.001990
26.427655 0.002142 0.001377 -0.001994
26.429797 0.002142 0.001373 -0.001998
26.431939 0.002142 0.001368 -0.002002
26.434081 0.002142 0.001364 -0.002006
26.436222 0.002141 0.001360 -0.002010
26.438364 0.002141 0.001356 -0.002014
26.440505 0.002141 0.001352 -0.002018
26.442646 0.002141 0.001348 -0.002022
26.444787 0.002141 0.001344 -0.002026
26.446928 0.002141 0.001340 -0.002030
26.449068 0.002141 0.001337 -0.002034
26.451209 0.002141 0.001333 -0.002038
26.453350 0.002140 0.001329 -0.002042
26.455490 0.002140 0.001325 -0.002046
26.457630 0.002140 0.001321 -0.002050
26.459770 0.002140 0.001317 -0.002054
26.461910 0.002140 0.001313 -0.002058
26.464050 0.002140 0.001309 -0.002061
26.466190 0.002140 0.001306 -0.002065
26.468330 0.002140 0.001302 -0.002069
26.470470 0.002140 0.001298 -0.002073
26.472609 0.002140 0.001294 -0.002077
26.474749 0.002140 0.001290 -0.002080
26.476888 0.002139 0.001287 -0.002084
26.479028 0.002139 0.001283 -0.002088
26.481167 0.002139 0.001279 -0.002092
26.483306 0.002139 0.001275 -0.002095
26.485446 0.002139 0.001272 -0.002099
26.487585 0.002139 0.001268 -0.002103
26.489724 0.002139 0.001264 -0.002106
26.491863 0.002139 0.001261 -0.002110
26.494002 0.002139 0.001257 -0.002114
26.496141 0.002139 0.001253 -0.002117
26.498280 0.002139 0.001250 -0.002121
26.500419 0.002139 0.001246 -0.002125
26.502558 0.002139 0.001242 -0.002128
26.504696 0.002139 0.001239 -0.002132
26.506835 0.002139 0.001235 -0.002135
26.508974 0.002139 0.001232 -0.002139
26.511113 0.002139 0.001228 -0.002143
26.513251 0.002139 0.001225 -0.002146
26.515390 0.002139 0.001221 -0.002150
26.517529 0.002139 0.001217 -0.002153
26.519667 0.002139 0.001214 -0.002157
26.521806 0.002139 0.001210 -0.002160
26.523945 0.002139 0.001207 -0.002164
26.526083 0.002139 0.001203 -0.002167
26.528222 0.002139 0.001200 -0.002171
26.530360 0.002138 0.001197 -0.002174
26.532498 0.002138 0.001193 -0.002178
26.534636 0.002137 0.001190 -0.002181
26.536773 0.002137 0.001186 -0.002185
26.538909 0.002137 0.001183 -0.002188
26.541046 0.002136 0.001179 -0.002192
26.543182 0.002136 0.001176 -0.002195
26.545317 0.002136 0.001172 -0.002198
26.547453 0.002135 0.001169 -0.002202
26.549588 0.002135 0.001165 -0.002205
26.551723 0.002135 0.001162 -0.002209
26.553858 0.002135 0.001159 -0.002212
26.555993 0.002135 0.001155 -0.002216
26.558128 0.002135 0.001152 -0.002219
26.560262 0.002135 0.001148 -0.002222
26.562397 0.002135 0.001145 -0.002226
26.564532 0.002135 0.001142 -0.002229
26.566666 0.002135 0.001138 -0.002232
26.568801 0.002135 0.001135 -0.002236
26.570936 0.002135 0.001132 -0.002239
26.573070 0.002135 0.001128 -0.002242
26.575205 0.002135 0.001125 -0.002246
26.577340 0.002135 0.001122 -0.002249
26.579476 0.002135 0.001119 -0.002252
26.581611 0.002135 0.001115 -0.002255
26.583747 0.002135 0.001112 -0.002259
26.585882 0.002136 0.001109 -0.002262
26.588018 0.002136 0.001106 -0.002265
26.590153 0.002136 0.001102 -0.002268
26.592289 0.002136 0.001099 -0.002271
26.594424 0.002135 0.001096 -0.002275
26.596560 0.002135 0.001093 -0.002278
26.598695 0.002135 0.001090 -0.002281
26.600830 0.002135 0.001087 -0.002284
26.602965 0.002135 0.001083 -0.002287
26.605100 0.002135 0.001080 -0.002290
26.607235 0.002135 0.001077 -0.002293
26.609370 0.002135 0.001074 -0.002297
26.611504 0.002135 0.001071 -0.002300
26.613639 0.002135 0.001068 -0.002303
26.615774 0.002135 0.001065 -0.002306
26.617908 0.002134 0.001062 -0.002309
26.620042 0.002134 0.001059 -0.002312
26.622177 0.002134 0.001056 -0.002315
26.624311 0.002134 0.001053 -0.002318
26.626445 0.002134 0.001050 -0.002321
26.628579 0.002134 0.001047 -0.002324
26.630714 0.002134 0.001043 -0.002327
26.632848 0.002134 0.001040 -0.002330
26.634982 0.002134 0.001037 -0.002333
26.637116 0.002134 0.001035 -0.002336
26.639250 0.002134 0.001032 -0.002339
26.641384 0.002134 0.001029 -0.002342
26.643518 0.002134 0.001026 -0.002345
26.645652 0.002134 0.001023 -0.002348
26.647785 0.002134 0.001020 -0.002351
26.649919 0.002134 0.001017 -0.002354
26.652053 0.002134 0.001014 -0.002357
26.654187 0.002134 0.001011 -0.002360
26.656320 0.002134 0.001008 -0.002362
26.658454 0.002134 0.001005 -0.002365
26.660587 0.002133 0.001003 -0.002368
26.662721 0.002133 0.001000 -0.002371
26.664854 0.002133 0.000997 -0.002374
26.666987 0.002133 0.000994 -0.002377
26.669120 0.002133 0.000991 -0.002379
26.671253 0.002133 0.000989 -0.002382
26.673386 0.002133 0.000986 -0.002385
26.675518 0.002133 0.000983 -0.002388
26.677651 0.002132 0.000980 -0.002390
26.679783 0.002132 0.000978 -0.002393
26.681915 0.002132 0.000975 -0.002396
26.684047 0.002132 0.000972 -0.002399
26.686179 0.002132 0.000969 -0.002401
26.688311 0.002132 0.000967 -0.002404
26.690442 0.002132 0.000964 -0.002407
26.692574 0.002131 0.000961 -0.002409
26.694705 0.002131 0.000959 -0.002412
26.696836 0.002131 0.000956 -0.002415
26.698967 0.002131 0.000954 -0.002417
26.701098 0.002131 0.000951 -0.002420
26.703229 0.002131 0.000948 -0.002422
26.705359 0.002131 0.000946 -0.002425
26.707490 0.002130 0.000943 -0.002428
26.709620 0.002130 0.000941 -0.002430
26.711750 0.002130 0.000938 -0.002433
26.713880 0.002130 0.000935 -0.002435
26.716010 0.002130 0.000933 -0.002438
26.718140 0.002130 0.000930 -0.002440
26.720270 0.002130 0.000928 -0.002443
26.722400 0.002130 0.000925 -0.002445
26.724529 0.002130 0.000923 -0.002448
26.726659 0.002129 0.000920 -0.002450
26.728788 0.002129 0.000918 -0.002453
26.730918 0.002129 0.000915 -0.002455
26.733047 0.002129 0.000913 -0.002458
26.735176 0.002129 0.000910 -0.002460
26.737305 0.002129 0.000908 -0.002463
26.739434 0.002129 0.000906 -0.002465
26.741563 0.002129 0.000903 -0.002468
26.743692 0.002129 0.000901 -0.002470
26.745821 0.002129 0.000898 -0.002472
26.747949 0.002129 0.000896 -0.002475
26.750078 0.002129 0.000893 -0.002477
26.752207 0.002129 0.000891 -0.002480
26.754335 0.002129 0.000889 -0.002482
26.756464 0.002129 0.000886 -0.002484
26.758593 0.002129 0.000884 -0.002487
26.760721 0.002129 0.000882 -0.002489
26.762850 0.002129 0.000879 -0.002491
26.764978 0.002129 0.000877 -0.002494
26.767107 0.002129 0.000875 -0.002496
26.769235 0.002129 0.000872 -0.002498
26.771364 0.002128 0.000870 -0.002501
26.773492 0.002128 0.000868 -0.002503
26.775621 0.002128 0.000866 -0.002505
26.777749 0.002128 0.000863 -0.002507
26.779878 0.002128 0.000861 -0.002510
26.782006 0.002128 0.000859 -0.002512
26.784134 0.002128 0.000857 -0.002514
26.786263 0.002128 0.000854 -0.002516
26.788391 0.002128 0.000852 -0.002519
26.790519 0.002128 0.000850 -0.002521
26.792647 0.002128 0.000848 -0.002523
26.794775 0.002128 0.000846 -0.002525
26.796903 0.002128 0.000844 -0.002527
26.799031 0.002128 0.000842 -0.002529
26.801158 0.002128 0.000839 -0.002531
26.803286 0.002127 0.000837 -0.002533
26.805413 0.002127 0.000835 -0.002535
26.807540 0.002127 0.000833 -0.002537
26.809667 0.002127 0.000831 -0.002539
26.811794 0.002127 0.000829 -0.002541
26.813921 0.002127 0.000827 -0.002543
26.816047 0.002127 0.000825 -0.002545
26.818174 0.002126 0.000823 -0.002547
26.820300 0.002126 0.000822 -0.002549
26.822426 0.002126 0.000820 -0.002551
26.824552 0.002126 0.000818 -0.002553
26.826678 0.002126 0.000816 -0.002555
26.828803 0.002126 0.000814 -0.002557
26.830929 0.002126 0.000812 -0.002559
26.833055 0.002125 0.000810 -0.002561
26.835180 0.002125 0.000808 -0.002562
26.837305 0.002125 0.000806 -0.002564
26.839430 0.002125 0.000805 -0.002566
26.841555 0.002125 0.000803 -0.002568
26.843680 0.002125 0.000801 -0.002570
26.845805 0.002125 0.000799 -0.002572
26.847930 0.002125 0.000797 -0.002573
26.850054 0.002125 0.000795 -0.002575
26.852179 0.002125 0.000794 -0.002577
26.854303 0.002124 0.000792 -0.002579
26.856427 0.002124 0.000790 -0.002581
26.858552 0.002124 0.000788 -0.002582
26.860676 0.002124 0.000786 -0.002584
26.862800 0.002124 0.000785 -0.002586
26.864924 0.002124 0.000783 -0.002588
26.867048 0.002124 0.000781 -0.002589
26.869172 0.002124 0.000779 -0.002591
26.871296 0.002124 0.000778 -0.002593
26.873420 0.002124 0.000776 -0.002595
26.875543 0.002124 0.000774 -0.002596
26.877667 0.002124 0.000773 -0.002598
26.879791 0.002124 0.000771 -0.002600
26.881914 0.002123 0.000769 -0.002602
26.884037 0.002123 0.000767 -0.002603
26.886160 0.002123 0.000766 -0.002605
26.888283 0.002123 0.000764 -0.002607
26.890406 0.002123 0.000762 -0.002608
26.892529 0.002123 0.000761 -0.002610
26.894651 0.002122 0.000759 -0.002612
26.896773 0.002122 0.000757 -0.002613
26.898895 0.002122 0.000756 -0.002615
26.901017 0.002122 0.000754 -0.002617
26.903139 0.002122 0.000753 -0.002618
26.905260 0.002121 0.000751 -0.002620
26.907382 0.002121 0.000749 -0.002621
26.909503 0.002121 0.000748 -0.002623
26.911624 0.002121 0.000746 -0.002625
26.913744 0.002121 0.000745 -0.002626
26.915865 0.002121 0.000743 -0.002628
26.917985 0.002120 0.000741 -0.002629
26.920106 0.002120 0.000740 -0.002631
26.922226 0.002120 0.000738 -0.002632
26.924345 0.002120 0.000737 -0.002634
26.926465 0.002120 0.000735 -0.002636
26.928585 0.002120 0.000734 -0.002637
26.930704 0.002119 0.000732 -0.002639
26.932823 0.002119 0.000731 -0.002640
26.934942 0.002119 0.000729 -0.002642
26.937061 0.002119 0.000727 -0.002643
26.939180 0.002119 0.000726 -0.002645
26.941299 0.002119 0.000724 -0.002646
26.943417 0.002118 0.000723 -0.002648
26.945536 0.002118 0.000721 -0.002649
26.947654 0.002118 0.000720 -0.002651
26.949772 0.002118 0.000718 -0.002652
26.951890 0.002118 0.000717 -0.002654
26.954008 0.002118 0.000716 -0.002655
26.956125 0.002118 0.000714 -0.002657
26.958243 0.002118 0.000713 -0.002658
26.960360 0.002117 0.000711 -0.002660
26.962478 0.002117 0.000710 -0.002661
26.964595 0.002117 0.000708 -0.002662
26.966712 0.002117 0.000707 -0.002664
26.968829 0.002117 0.000705 -0.002665
26.970946 0.002117 0.000704 -0.002667
26.973063 0.002117 0.000703 -0.002668
26.975179 0.002117 0.000701 -0.002670
26.977296 0.002117 0.000700 -0.002671
26.979412 0.002117 0.000698 -0.002672
26.981529 0.002116 0.000697 -0.002674
26.983645 0.002116 0.000696 -0.002675
26.985761 0.002116 0.000694 -0.002676
26.987878 0.002116 0.000693 -0.002678
26.989994 0.002116 0.000692 -0.002679
26.992110 0.002116 0.000690 -0.002681
26.994226 0.002116 0.000689 -0.002682
26.996342 0.002116 0.000687 -0.002683
26.998458 0.002116 0.000686 -0.002685
27.000573 0.002116 0.000685 -0.002686
27.002689 0.002116 0.000684 -0.002687
27.004805 0.002116 0.000682 -0.002689
27.006920 0.002116 0.000681 -0.002690
27.009036 0.002116 0.000680 -0.002691
27.011151 0.002116 0.000678 -0.002692
27.013267 0.002115 0.000677 -0.002694
27.015382 0.002115 0.000676 -0.002695
27.017498 0.002115 0.000674 -0.002696
27.019613 0.002115 0.000673 -0.002698
27.021729 0.002115 0.000672 -0.002699
27.023844 0.002115 0.000671 -0.002700
27.025959 0.002115 0.000669 -0.002701
27.028074 0.002115 0.000668 -0.002703
27.030190 0.002115 0.000667 -0.002704
27.032305 0.002115 0.000666 -0.002705
27.034420 0.002115 0.000664 -0.002706
27.036535 0.002115 0.000663 -0.002708
27.038650 0.002115 0.000662 -0.002709
27.040766 0.002115 0.000661 -0.002710
27.042881 0.002115 0.000659 -0.002711
27.044996 0.002115 0.000658 -0.002713
27.047111 0.002115 0.000657 -0.002714
27.049226 0.002115 0.000656 -0.002715
27.051341 0.002115 0.000654 -0.002716
27.053456 0.002115 0.000653 -0.002717
27.055572 0.002115 0.000652 -0.002719
27.057687 0.002115 0.000651 -0.002720
27.059802 0.002115 0.000650 -0.002721
27.061917 0.002115 0.000649 -0.002722
27.064032 0.002115 0.000647 -0.002723
27.066147 0.002115 0.000646 -0.002725
27.068262 0.002115 0.000645 -0.002726
27.070378 0.002115 0.000644 -0.002727
27.072493 0.002115 0.000643 -0.002728
27.074608 0.002115 0.000642 -0.002729
27.076723 0.002115 0.000640 -0.002730
27.078838 0.002115 0.000639 -0.002731
27.080953 0.002115 0.000638 -0.002733
27.083069 0.002115 0.000637 -0.002734
27.085184 0.002115 0.000636 -0.002735
27.087299 0.002115 0.000635 -0.002736
27.089414 0.002115 0.000634 -0.002737
27.091529 0.002115 0.000632 -0.002738
27.093644 0.002115 0.000631 -0.002739
27.095760 0.002115 0.000630 -0.002740
27.097875 0.002115 0.000629 -0.002742
27.099990 0.002115 0.000628 -0.002743
27.102105 0.002115 0.000627 -0.002744
27.104220 0.002115 0.000626 -0.002745
27.106335 0.002115 0.000625 -0.002746
27.108450 0.002115 0.000624 -0.002747
27.110565 0.002115 0.000623 -0.002748
27.112680 0.002115 0.000621 -0.002749
27.114795 0.002115 0.000620 -0.002750
27.116910 0.002115 0.000619 -0.002751
27.119025 0.002115 0.000618 -0.002752
27.121140 0.002115 0.000617 -0.002754
27.123255 0.002115 0.000616 -0.002755
27.125370 0.002115 0.000615 -0.002756
27.127484 0.002115 0.000614 -0.002757
27.129599 0.002115 0.000613 -0.002758
27.131714 0.002115 0.000612 -0.002759
27.133828 0.002115 0.000611 -0.002760
27.135943 0.002115 0.000610 -0.002761
27.138058 0.002115 0.000609 -0.002762
27.140172 0.002115 0.000608 -0.002763
27.142287 0.002115 0.000607 -0.002764
27.144402 0.002115 0.000606 -0.002765
27.146516 0.002115 0.000605 -0.002766
27.148631 0.002115 0.000604 -0.002767
27.150745 0.002115 0.000603 -0.002768
27.152860 0.002115 0.000602 -0.002769
27.154974 0.002115 0.000601 -0.002770
27.157089 0.002115 0.000600 -0.002771
27.159203 0.002115 0.000599 -0.002772
27.161318 0.002115 0.000598 -0.002773
27.163433 0.002115 0.000597 -0.002774
27.165547 0.002115 0.000596 -0.002775
27.167662 0.002115 0.000595 -0.002776
27.169776 0.002115 0.000594 -0.002777
27.171891 0.002115 0.000593 -0.002778
27.174006 0.002115 0.000592 -0.002779
27.176120 0.002115 0.000591 -0.002780
27.178235 0.002115 0.000590 -0.002781
27.180350 0.002115 0.000589 -0.002782
27.182465 0.002115 0.000588 -0.002783
27.184579 0.002115 0.000587 -0.002784
27.186694 0.002115 0.000586 -0.002784
27.188809 0.002115 0.000585 -0.002785
27.190924 0.002115 0.000584 -0.002786
27.193039 0.002115 0.000583 -0.002787
27.195154 0.002115 0.000582 -0.002788
27.197269 0.002115 0.000582 -0.002789
27.199384 0.002115 0.000581 -0.002790
27.201500 0.002115 0.000580 -0.002791
27.203615 0.002115 0.000579 -0.002792
27.205730 0.002115 0.000578 -0.002793
27.207845 0.002115 0.000577 -0.002794
27.209959 0.002114 0.000576 -0.002795
27.212073 0.002114 0.000575 -0.002796
27.214186 0.002113 0.000574 -0.002796
27.216299 0.002113 0.000573 -0.002797
27.218411 0.002112 0.000572 -0.002798
27.220523 0.002112 0.000572 -0.002799
27.222634 0.002111 0.000571 -0.002800
27.224744 0.002110 0.000570 -0.002801
27.226853 0.002109 0.000569 -0.002802
27.228962 0.002109 0.000568 -0.002803
27.231070 0.002108 0.000567 -0.002804
27.233177 0.002107 0.000566 -0.002804
27.235284 0.002107 0.000565 -0.002805
27.237390 0.002106 0.000564 -0.002806
27.239495 0.002105 0.000564 -0.002807
27.241599 0.002105 0.000563 -0.002808
27.243703 0.002104 0.000562 -0.002809
27.245806 0.002103 0.000561 -0.002810
27.247908 0.002102 0.000560 -0.002811
27.250010 0.002101 0.000559 -0.002811
27.252110 0.002101 0.000558 -0.002812
27.254210 0.002100 0.000558 -0.002813
27.256309 0.002099 0.000557 -0.002814
27.258408 0.002098 0.000556 -0.002815
27.260505 0.002098 0.000555 -0.002816
27.262602 0.002097 0.000554 -0.002816
27.264698 0.002096 0.000553 -0.002817
27.266793 0.002095 0.000553 -0.002818
27.268887 0.002094 0.000552 -0.002819
27.270980 0.002093 0.000551 -0.002820
27.273072 0.002092 0.000550 -0.002821
27.275163 0.002091 0.000549 -0.002821
27.277253 0.002090 0.000548 -0.002822
27.279341 0.002089 0.000548 -0.002823
27.281429 0.002088 0.000547 -0.002824
27.283517 0.002087 0.000546 -0.002825
27.285603 0.002086 0.000545 -0.002826
27.287689 0.002086 0.000544 -0.002826
27.289774 0.002085 0.000544 -0.002827
27.291858 0.002084 0.000543 -0.002828
27.293942 0.002084 0.000542 -0.002829
27.296024 0.002083 0.000541 -0.002830
27.298106 0.002081 0.000540 -0.002830
27.300186 0.002080 0.000540 -0.002831
27.302266 0.002079 0.000539 -0.002832
27.304344 0.002079 0.000538 -0.002833
27.306422 0.002078 0.000537 -0.002834
27.308499 0.002077 0.000536 -0.002834
27.310576 0.002076 0.000536 -0.002835
27.312651 0.002076 0.000535 -0.002836
27.314726 0.002075 0.000534 -0.002837
27.316801 0.002074 0.000533 -0.002837
27.318874 0.002074 0.000532 -0.002838
27.320947 0.002073 0.000532 -0.002839
27.323019 0.002072 0.000531 -0.002840
27.325090 0.002071 0.000530 -0.002841
27.327159 0.002070 0.000529 -0.002841
27.329228 0.002069 0.000529 -0.002842
27.331296 0.002068 0.000528 -0.002843
27.333363 0.002067 0.000527 -0.002844
27.335430 0.002067 0.000526 -0.002844
27.337496 0.002066 0.000526 -0.002845
27.339561 0.002066 0.000525 -0.002846
27.341627 0.002065 0.000524 -0.002847
27.343691 0.002065 0.000523 -0.002847
27.345755 0.002064 0.000523 -0.002848
27.347818 0.002063 0.000522 -0.002849
27.349881 0.002062 0.000521 -0.002850
27.351942 0.002061 0.000520 -0.002850
27.354003 0.002061 0.000520 -0.002851
27.356063 0.002060 0.000519 -0.002852
27.358123 0.002060 0.000518 -0.002853
27.360182 0.002060 0.000517 -0.002853
27.362241 0.002059 0.000517 -0.002854
27.364300 0.002059 0.000516 -0.002855
27.366359 0.002059 0.000515 -0.002855
27.368417 0.002058 0.000514 -0.002856
27.370474 0.002057 0.000514 -0.002857
27.372531 0.002057 0.000513 -0.002858
27.374587 0.002056 0.000512 -0.002858
27.376642 0.002055 0.000512 -0.002859
27.378696 0.002054 0.000511 -0.002860
27.380750 0.002054 0.000510 -0.002860
27.382803 0.002053 0.000510 -0.002861
27.384856 0.002053 0.000509 -0.002862
27.386909 0.002053 0.000508 -0.002863
27.388961 0.002052 0.000507 -0.002863
27.391013 0.002052 0.000507 -0.002864
27.393065 0.002052 0.000506 -0.002865
27.395117 0.002052 0.000505 -0.002865
27.397168 0.002051 0.000505 -0.002866
27.399218 0.002050 0.000504 -0.002867
27.401268 0.002050 0.000503 -0.002867
27.403317 0.002049 0.000503 -0.002868
27.405366 0.002049 0.000502 -0.002869
27.407414 0.002048 0.000501 -0.002869
27.409462 0.002048 0.000501 -0.002870
27.411509 0.002047 0.000500 -0.002871
27.413556 0.002047 0.000499 -0.002871
27.415602 0.002047 0.000499 -0.002872
27.417649 0.002046 0.000498 -0.002873
27.419695 0.002046 0.000497 -0.002873
27.421740 0.002046 0.000497 -0.002874
27.423786 0.002046 0.000496 -0.002875
27.425832 0.002046 0.000495 -0.002875
27.427878 0.002046 0.000495 -0.002876
27.429923 0.002046 0.000494 -0.002877
27.431968 0.002045 0.000493 -0.002877
27.434012 0.002044 0.000493 -0.002878
27.436056 0.002044 0.000492 -0.002879
27.438099 0.002043 0.000491 -0.002879
27.440142 0.002043 0.000491 -0.002880
27.442184 0.002042 0.000490 -0.002881
27.444226 0.002042 0.000490 -0.002881
27.446268 0.002041 0.000489 -0.002882
27.448309 0.002041 0.000488 -0.002882
27.450349 0.002041 0.000488 -0.002883
27.452389 0.002040 0.000487 -0.002884
27.454430 0.002040 0.000486 -0.002884
27.456470 0.002040 0.000486 -0.002885
27.458509 0.002040 0.000485 -0.002886
27.460549 0.002039 0.000485 -0.002886
27.462588 0.002039 0.000484 -0.002887
27.464627 0.002039 0.000483 -0.002887
27.466666 0.002039 0.000483 -0.002888
27.468705 0.002039 0.000482 -0.002889
27.470744 0.002039 0.000481 -0.002889
27.472783 0.002039 0.000481 -0.002890
27.474822 0.002038 0.000480 -0.002890
27.476859 0.002038 0.000480 -0.002891
27.478896 0.002037 0.000479 -0.002892
27.480932 0.002036 0.000478 -0.002892
27.482968 0.002036 0.000478 -0.002893
27.485004 0.002035 0.000477 -0.002893
27.487039 0.002035 0.000477 -0.002894
27.489074 0.002035 0.000476 -0.002895
27.491108 0.002035 0.000475 -0.002895
27.493143 0.002035 0.000475 -0.002896
27.495178 0.002035 0.000474 -0.002896
27.497212 0.002034 0.000474 -0.002897
27.499246 0.002034 0.000473 -0.002898
27.501280 0.002034 0.000473 -0.002898
27.503314 0.002034 0.000472 -0.002899
27.505348 0.002034 0.000471 -0.002899
27.507381 0.002034 0.000471 -0.002900
27.509415 0.002034 0.000470 -0.002900
27.511449 0.002034 0.000470 -0.002901
27.513483 0.002034 0.000469 -0.002902
27.515516 0.002033 0.000468 -0.002902
27.517550 0.002033 0.000468 -0.002903
27.519582 0.002033 0.000467 -0.002903
27.521615 0.002032 0.000467 -0.002904
27.523647 0.002032 0.000466 -0.002904
27.525678 0.002032 0.000466 -0.002905
27.527710 0.002031 0.000465 -0.002906
27.529741 0.002031 0.000465 -0.002906
27.531772 0.002031 0.000464 -0.002907
27.533803 0.002031 0.000463 -0.002907
27.535834 0.002031 0.000463 -0.002908
27.537864 0.002030 0.000462 -0.002908
27.539894 0.002030 0.000462 -0.002909
27.541924 0.002030 0.000461 -0.002910
27.543954 0.002030 0.000461 -0.002910
27.545984 0.002030 0.000460 -0.002911
27.548014 0.002030 0.000459 -0.002911
27.550043 0.002030 0.000459 -0.002912
27.552073 0.002030 0.000458 -0.002912
27.554103 0.002030 0.000458 -0.002913
27.556132 0.002029 0.000457 -0.002913
27.558162 0.002029 0.000457 -0.002914
27.560191 0.002029 0.000456 -0.002915
27.562219 0.002029 0.000456 -0.002915
27.564248 0.002029 0.000455 -0.002916
27.566276 0.002028 0.000455 -0.002916
27.568305 0.002028 0.000454 -0.002917
27.570333 0.002028 0.000453 -0.002917
27.572360 0.002028 0.000453 -0.002918
27.574388 0.002027 0.000452 -0.002918
27.576415 0.002027 0.000452 -0.002919
27.578442 0.002027 0.000451 -0.002919
27.580469 0.002027 0.000451 -0.002920
27.582496 0.002027 0.000450 -0.002921
27.584522 0.002027 0.000450 -0.002921
27.586549 0.002026 0.000449 -0.002922
27.588575 0.002026 0.000448 -0.002922
27.590601 0.002026 0.000448 -0.002923
27.592627 0.002026 0.000447 -0.002923
27.594653 0.002026 0.000447 -0.002924
27.596679 0.002026 0.000446 -0.002924
27.598705 0.002026 0.000446 -0.002925
27.600731 0.002026 0.000445 -0.002925
27.602756 0.002026 0.000445 -0.002926
27.604782 0.002025 0.000444 -0.002927
27.606807 0.002025 0.000444 -0.002927
27.608832 0.002025 0.000443 -0.002928
27.610856 0.002025 0.000443 -0.002928
27.612881 0.002025 0.000442 -0.002929
27.614905 0.002024 0.000442 -0.002929
27.616929 0.002024 0.000441 -0.002930
27.618953 0.002024 0.000440 -0.002930
27.620976 0.002024 0.000440 -0.002931
27.623000 0.002023 0.000439 -0.002931
27.625023 0.002023 0.000439 -0.002932
27.627046 0.002023 0.000438 -0.002932
27.629069 0.002023 0.000438 -0.002933
27.631092 0.002023 0.000437 -0.002933
27.633114 0.002022 0.000437 -0.002934
27.635137 0.002022 0.000436 -0.002934
27.637159 0.002022 0.000436 -0.002935
27.639181 0.002022 0.000435 -0.002936
27.641203 0.002022 0.000435 -0.002936
27.643226 0.002022 0.000434 -0.002937
27.645248 0.002022 0.000434 -0.002937
27.647270 0.002022 0.000433 -0.002938
27.649292 0.002022 0.000433 -0.002938
27.651314 0.002022 0.000432 -0.002939
27.653336 0.002022 0.000432 -0.002939
27.655357 0.002021 0.000431 -0.002940
27.657379 0.002021 0.000431 -0.002940
27.659400 0.002021 0.000430 -0.002941
27.661420 0.002021 0.000430 -0.002941
27.663441 0.002021 0.000429 -0.002942
27.665462 0.002021 0.000429 -0.002942
27.667482 0.002021 0.000428 -0.002943
27.669503 0.002021 0.000428 -0.002943
27.671524 0.002021 0.000427 -0.002944
27.673545 0.002021 0.000427 -0.002944
27.675565 0.002021 0.000426 -0.002945
27.677586 0.002021 0.000426 -0.002945
27.679606 0.002020 0.000425 -0.002946
27.681627 0.002020 0.000425 -0.002946
27.683647 0.002020 0.000424 -0.002947
27.685667 0.002020 0.000424 -0.002947
27.687686 0.002020 0.000423 -0.002948
27.689706 0.002020 0.000423 -0.002948
27.691725 0.002019 0.000422 -0.002949
27.693744 0.002019 0.000422 -0.002949
27.695764 0.002019 0.000421 -0.002950
27.697783 0.002019 0.000421 -0.002950
27.699802 0.002019 0.000420 -0.002951
27.701821 0.002019 0.000420 -0.002951
27.703840 0.002019 0.000419 -0.002951
27.705858 0.002019 0.000419 -0.002952
27.707877 0.002019 0.000418 -0.002952
27.709896 0.002019 0.000418 -0.002953
27.711915 0.002019 0.000417 -0.002953
27.713934 0.002019 0.000417 -0.002954
27.715953 0.002019 0.000416 -0.002954
27.717972 0.002019 0.000416 -0.002955
27.719991 0.002019 0.000415 -0.002955
27.722010 0.002019 0.000415 -0.002956
27.724028 0.002019 0.000414 -0.002956
27.726047 0.002019 0.000414 -0.002957
27.728066 0.002019 0.000414 -0.002957
27.730084 0.002019 0.000413 -0.002958
27.732103 0.002018 0.000413 -0.002958
27.734121 0.002019 0.000412 -0.002959
27.736140 0.002019 0.000412 -0.002959
27.738158 0.002019 0.000411 -0.002960
27.740177 0.002019 0.000411 -0.002960
27.742195 0.002018 0.000410 -0.002960
27.744214 0.002018 0.000410 -0.002961
27.746232 0.002019 0.000409 -0.002961
27.748251 0.002019 0.000409 -0.002962
27.750269 0.002019 0.000408 -0.002962
27.752288 0.002019 0.000408 -0.002963
27.754308 0.002019 0.000407 -0.002963
27.756327 0.002019 0.000407 -0.002964
27.758347 0.002020 0.000407 -0.002964
27.760366 0.002020 0.000406 -0.002965
27.762386 0.002020 0.000406 -0.002965
27.764406 0.002020 0.000405 -0.002965
27.766425 0.002020 0.000405 -0.002966
27.768445 0.002020 0.000404 -0.002966
27.770465 0.002020 0.000404 -0.002967
27.772485 0.002020 0.000403 -0.002967
27.774504 0.002020 0.000403 -0.002968
27.776524 0.002020 0.000403 -0.002968
27.778544 0.002020 0.000402 -0.002969
27.780564 0.002020 0.000402 -0.002969
27.782584 0.002020 0.000401 -0.002970
27.784605 0.002020 0.000401 -0.002970
27.786625 0.002020 0.000400 -0.002970
27.788646 0.002021 0.000400 -0.002971
27.790666 0.002021 0.000399 -0.002971
27.792687 0.002021 0.000399 -0.002972
27.794708 0.002021 0.000398 -0.002972
27.796730 0.002021 0.000398 -0.002973
27.798751 0.002021 0.000398 -0.002973
27.800773 0.002022 0.000397 -0.002974
27.802794 0.002022 0.000397 -0.002974
27.804816 0.002022 0.000396 -0.002974
27.806838 0.002022 0.000396 -0.002975
27.808860 0.002022 0.000395 -0.002975
27.810882 0.002022 0.000395 -0.002976
27.812904 0.002022 0.000395 -0.002976
27.814926 0.002022 0.000394 -0.002977
27.816948 0.002022 0.000394 -0.002977
27.818970 0.002022 0.000393 -0.002977
27.820992 0.002022 0.000393 -0.002978
27.823015 0.002022 0.000392 -0.002978
27.825037 0.002022 0.000392 -0.002979
27.827060 0.002022 0.000391 -0.002979
27.829082 0.002023 0.000391 -0.002980
27.831105 0.002023 0.000391 -0.002980
27.833128 0.002023 0.000390 -0.002980
27.835151 0.002023 0.000390 -0.002981
27.837174 0.002023 0.000389 -0.002981
27.839197 0.002023 0.000389 -0.002982
27.841221 0.002023 0.000389 -0.002982
27.843244 0.002024 0.000388 -0.002983
27.845268 0.002024 0.000388 -0.002983
27.847291 0.002024 0.000387 -0.002983
27.849315 0.002024 0.000387 -0.002984
27.851339 0.002024 0.000386 -0.002984
27.853363 0.002024 0.000386 -0.002985
27.855387 0.002024 0.000386 -0.002985
27.857412 0.002024 0.000385 -0.002986
27.859436 0.002024 0.000385 -0.002986
27.861460 0.002024 0.000384 -0.002986
27.863485 0.002025 0.000384 -0.002987
27.865510 0.002025 0.000383 -0.002987
27.867535 0.002025 0.000383 -0.002988
27.869560 0.002025 0.000383 -0.002988
27.871585 0.002025 0.000382 -0.002988
27.873611 0.002025 0.000382 -0.002989
27.875636 0.002025 0.000381 -0.002989
27.877661 0.002025 0.000381 -0.002990
27.879687 0.002026 0.000381 -0.002990
27.881713 0.002026 0.000380 -0.002990
27.883738 0.002026 0.000380 -0.002991
27.885764 0.002026 0.000379 -0.002991
27.887790 0.002026 0.000379 -0.002992
27.889816 0.002026 0.000379 -0.002992
27.891842 0.002026 0.000378 -0.002992
27.893869 0.002026 0.000378 -0.002993
27.895896 0.002027 0.000377 -0.002993
27.897923 0.002027 0.000377 -0.002994
27.899950 0.002027 0.000377 -0.002994
27.901977 0.002027 0.000376 -0.002994
27.904005 0.002028 0.000376 -0.002995
27.906033 0.002028 0.000375 -0.002995
27.908061 0.002028 0.000375 -0.002996
27.910089 0.002028 0.000375 -0.002996
27.912118 0.002029 0.000374 -0.002996
27.914147 0.002029 0.000374 -0.002997
27.916176 0.002029 0.000374 -0.002997
27.918206 0.002030 0.000373 -0.002998
27.920236 0.002030 0.000373 -0.002998
27.922266 0.002030 0.000372 -0.002998
27.924297 0.002030 0.000372 -0.002999
27.926327 0.002031 0.000372 -0.002999
27.928358 0.002031 0.000371 -0.002999
27.930389 0.002031 0.000371 -0.003000
27.932420 0.002031 0.000370 -0.003000
27.934451 0.002031 0.000370 -0.003001
27.936482 0.002031 0.000370 -0.003001
27.938514 0.002031 0.000369 -0.003001
27.940545 0.002032 0.000369 -0.003002
27.942577 0.002032 0.000369 -0.003002
27.944609 0.002032 0.000368 -0.003002
27.946642 0.002032 0.000368 -0.003003
27.948675 0.002033 0.000367 -0.003003
27.950708 0.002033 0.000367 -0.003004
27.952741 0.002033 0.000367 -0.003004
27.954775 0.002034 0.000366 -0.003004
27.956808 0.002034 0.000366 -0.003005
27.958843 0.002034 0.000366 -0.003005
27.960877 0.002035 0.000365 -0.003005
27.962912 0.002035 0.000365 -0.003006
27.964947 0.002035 0.000365 -0.003006
27.966983 0.002036 0.000364 -0.003007
27.969019 0.002036 0.000364 -0.003007
27.971055 0.002036 0.000363 -0.003007
27.973092 0.002037 0.000363 -0.003008
27.975129 0.002037 0.000363 -0.003008
27.977166 0.002037 0.000362 -0.003008
27.979203 0.002038 0.000362 -0.003009
27.981241 0.002038 0.000362 -0.003009
27.983279 0.002038 0.000361 -0.003009
27.985318 0.002038 0.000361 -0.003010
27.987356 0.002039 0.000361 -0.003010
27.989395 0.002039 0.000360 -0.003010
27.991434 0.002039 0.000360 -0.003011
27.993474 0.002039 0.000360 -0.003011
27.995514 0.002040 0.000359 -0.003011
27.997554 0.002040 0.000359 -0.003012
27.999594 0.002040 0.000359 -0.003012
28.001635 0.002041 0.000358 -0.003012
28.003675 0.002041 0.000358 -0.003013
28.005717 0.002041 0.000358 -0.003013
28.007758 0.002042 0.000357 -0.003013
28.009800 0.002042 0.000357 -0.003014
28.011842 0.002042 0.000357 -0.003014
28.013884 0.002042 0.000356 -0.003014
28.015927 0.002043 0.000356 -0.003015
28.017969 0.002043 0.000356 -0.003015
28.020012 0.002043 0.000355 -0.003015
28.022056 0.002043 0.000355 -0.003016
28.024099 0.002043 0.000355 -0.003016
28.026143 0.002044 0.000355 -0.003016
28.028187 0.002044 0.000354 -0.003016
28.030231 0.002044 0.000354 -0.003017
28.032276 0.002045 0.000354 -0.003017
28.034321 0.002045 0.000353 -0.003017
28.036366 0.002045 0.000353 -0.003018
28.038411 0.002045 0.000353 -0.003018
28.040457 0.002046 0.000352 -0.003018
28.042503 0.002046 0.000352 -0.003019
28.044549 0.002046 0.000352 -0.003019
28.046596 0.002047 0.000352 -0.003019
28.048643 0.002047 0.000351 -0.003019
28.050690 0.002047 0.000351 -0.003020
28.052738 0.002048 0.000351 -0.003020
28.054786 0.002048 0.000350 -0.003020
28.056834 0.002048 0.000350 -0.003021
28.058883 0.002049 0.000350 -0.003021
28.060932 0.002049 0.000349 -0.003021
28.062981 0.002049 0.000349 -0.003022
28.065030 0.002049 0.000349 -0.003022
28.067080 0.002050 0.000348 -0.003022
28.069130 0.002050 0.000348 -0.003023
28.071180 0.002050 0.000348 -0.003023
28.073231 0.002051 0.000348 -0.003023
28.075281 0.002051 0.000347 -0.003024
28.077333 0.002051 0.000347 -0.003024
28.079384 0.002052 0.000347 -0.003024
28.081436 0.002052 0.000346 -0.003024
28.083489 0.002052 0.000346 -0.003025
28.085541 0.002053 0.000346 -0.003025
28.087594 0.002053 0.000345 -0.003025
28.089647 0.002053 0.000345 -0.003026
28.091701 0.002054 0.000345 -0.003026
28.093755 0.002054 0.000344 -0.003026
28.095809 0.002054 0.000344 -0.003027
28.097863 0.002054 0.000344 -0.003027
28.099918 0.002055 0.000343 -0.003027
28.101973 0.002055 0.000343 -0.003028
28.104028 0.002055 0.000343 -0.003028
28.106083 0.002055 0.000343 -0.003028
28.108139 0.002056 0.000342 -0.003028
28.110195 0.002056 0.000342 -0.003029
28.112250 0.002056 0.000342 -0.003029
28.114307 0.002056 0.000341 -0.003029
28.116363 0.002056 0.000341 -0.003030
28.118419 0.002056 0.000341 -0.003030
28.120476 0.002057 0.000340 -0.003030
28.122532 0.002056 0.000340 -0.003031
28.124588 0.002056 0.000340 -0.003031
28.126644 0.002056 0.000339 -0.003031
28.128699 0.002055 0.000339 -0.003032
28.130755 0.002055 0.000339 -0.003032
28.132809 0.002055 0.000339 -0.003032
28.134863 0.002054 0.000338 -0.003032
28.136916 0.002053 0.000338 -0.003033
28.138968 0.002052 0.000338 -0.003033
28.141020 0.002052 0.000337 -0.003033
28.143071 0.002051 0.000337 -0.003034
28.145121 0.002050 0.000337 -0.003034
28.147171 0.002050 0.000336 -0.003034
28.149220 0.002049 0.000336 -0.003035
28.151268 0.002048 0.000336 -0.003035
28.153316 0.002048 0.000336 -0.003035
28.155363 0.002047 0.000335 -0.003035
28.157409 0.002046 0.000335 -0.003036
28.159455 0.002046 0.000335 -0.003036
28.161500 0.002045 0.000334 -0.003036
28.163544 0.002045 0.000334 -0.003037
28.165588 0.002044 0.000334 -0.003037
28.167632 0.002044 0.000334 -0.003037
28.169675 0.002043 0.000333 -0.003037
28.171717 0.002043 0.000333 -0.003038
28.173760 0.002042 0.000333 -0.003038
28.175801 0.002042 0.000332 -0.003038
28.177842 0.002041 0.000332 -0.003039
28.179883 0.002041 0.000332 -0.003039
28.181923 0.002040 0.000331 -0.003039
28.183963 0.002039 0.000331 -0.003039
28.186001 0.002039 0.000331 -0.003040
28.188040 0.002038 0.000331 -0.003040
28.190077 0.002037 0.000330 -0.003040
28.192114 0.002037 0.000330 -0.003041
28.194150 0.002036 0.000330 -0.003041
28.196185 0.002036 0.000329 -0.003041
28.198220 0.002035 0.000329 -0.003041
28.200254 0.002034 0.000329 -0.003042
28.202287 0.002033 0.000329 -0.003042
28.204320 0.002032 0.000328 -0.003042
28.206351 0.002032 0.000328 -0.003043
28.208382 0.002031 0.000328 -0.003043
28.210412 0.002030 0.000328 -0.003043
28.212442 0.002030 0.000327 -0.003043
28.214471 0.002029 0.000327 -0.003044
28.216499 0.002028 0.000327 -0.003044
28.218527 0.002028 0.000326 -0.003044
28.220554 0.002027 0.000326 -0.003045
28.222580 0.002026 0.000326 -0.003045
28.224606 0.002026 0.000326 -0.003045
28.226631 0.002025 0.000325 -0.003045
28.228655 0.002024 0.000325 -0.003046
28.230678 0.002023 0.000325 -0.003046
28.232700 0.002022 0.000324 -0.003046
28.234722 0.002021 0.000324 -0.003047
28.236742 0.002021 0.000324 -0.003047
28.238762 0.002020 0.000323 -0.003047
28.240780 0.002019 0.000323 -0.003048
28.242798 0.002018 0.000323 -0.003048
28.244815 0.002017 0.000323 -0.003048
28.246830 0.002016 0.000322 -0.003048
28.248845 0.002015 0.000322 -0.003049
28.250859 0.002014 0.000322 -0.003049
28.252872 0.002013 0.000321 -0.003049
28.254883 0.002012 0.000321 -0.003050
28.256894 0.002011 0.000321 -0.003050
28.258904 0.002010 0.000321 -0.003050
28.260913 0.002009 0.000320 -0.003050
28.262922 0.002008 0.000320 -0.003051
28.264929 0.002007 0.000320 -0.003051
28.266936 0.002007 0.000319 -0.003051
28.268942 0.002006 0.000319 -0.003052
28.270947 0.002005 0.000319 -0.003052
28.272952 0.002005 0.000318 -0.003052
28.274957 0.002004 0.000318 -0.003053
28.276960 0.002004 0.000318 -0.003053
28.278963 0.002003 0.000318 -0.003053
28.280965 0.002002 0.000317 -0.003053
28.282967 0.002001 0.000317 -0.003054
28.284968 0.002001 0.000317 -0.003054
28.286967 0.002000 0.000316 -0.003054
28.288967 0.001999 0.000316 -0.003055
28.290965 0.001998 0.000316 -0.003055
28.292962 0.001997 0.000316 -0.003055
28.294959 0.001997 0.000315 -0.003055
28.296955 0.001996 0.000315 -0.003056
28.298950 0.001995 0.000315 -0.003056
28.300944 0.001994 0.000315 -0.003056
28.302938 0.001994 0.000314 -0.003056
28.304931 0.001993 0.000314 -0.003057
28.306923 0.001992 0.000314 -0.003057
28.308914 0.001991 0.000313 -0.003057
28.310905 0.001991 0.000313 -0.003058
28.312895 0.001990 0.000313 -0.003058
28.314885 0.001990 0.000313 -0.003058
28.316874 0.001989 0.000312 -0.003058
28.318860 0.001987 0.000312 -0.003059
28.320846 0.001985 0.000312 -0.003059
28.322829 0.001984 0.000312 -0.003059
28.324812 0.001983 0.000311 -0.003059
28.326793 0.001981 0.000311 -0.003060
28.328773 0.001980 0.000311 -0.003060
28.330752 0.001978 0.000311 -0.003060
28.332728 0.001977 0.000310 -0.003060
28.334704 0.001975 0.000310 -0.003061
28.336677 0.001974 0.000310 -0.003061
28.338650 0.001973 0.000310 -0.003061
28.340622 0.001972 0.000309 -0.003061
28.342593 0.001971 0.000309 -0.003062
28.344564 0.001970 0.000309 -0.003062
28.346533 0.001969 0.000309 -0.003062
28.348501 0.001968 0.000308 -0.003062
28.350469 0.001968 0.000308 -0.003063
28.352436 0.001967 0.000308 -0.003063
28.354402 0.001966 0.000308 -0.003063
28.356367 0.001965 0.000307 -0.003063
28.358332 0.001965 0.000307 -0.003064
28.360297 0.001965 0.000307 -0.003064
28.362261 0.001964 0.000307 -0.003064
28.364225 0.001964 0.000306 -0.003064
28.366189 0.001964 0.000306 -0.003064
28.368152 0.001963 0.000306 -0.003065
28.370115 0.001963 0.000306 -0.003065
28.372077 0.001962 0.000306 -0.003065
28.374039 0.001962 0.000305 -0.003065
28.376001 0.001962 0.000305 -0.003066
28.377963 0.001962 0.000305 -0.003066
28.379925 0.001962 0.000305 -0.003066
28.381887 0.001962 0.000304 -0.003066
28.383849 0.001962 0.000304 -0.003067
28.385811 0.001962 0.000304 -0.003067
28.387774 0.001963 0.000304 -0.003067
28.389737 0.001963 0.000303 -0.003067
28.391700 0.001963 0.000303 -0.003067
28.393664 0.001964 0.000303 -0.003068
28.395628 0.001964 0.000303 -0.003068
28.397592 0.001964 0.000303 -0.003068
28.399556 0.001964 0.000302 -0.003068
28.401520 0.001964 0.000302 -0.003069
28.403484 0.001964 0.000302 -0.003069
28.405448 0.001964 0.000302 -0.003069
28.407412 0.001964 0.000301 -0.003069
28.409376 0.001964 0.000301 -0.003069
28.411341 0.001965 0.000301 -0.003070
28.413306 0.001965 0.000301 -0.003070
28.415271 0.001965 0.000301 -0.003070
28.417237 0.001966 0.000300 -0.003070
28.419204 0.001967 0.000300 -0.003071
28.421172 0.001967 0.000300 -0.003071
28.423140 0.001969 0.000300 -0.003071
28.425110 0.001970 0.000299 -0.003071
28.427082 0.001972 0.000299 -0.003071
28.429056 0.001975 0.000299 -0.003072
28.431033 0.001976 0.000299 -0.003072
28.433010 0.001977 0.000299 -0.003072
28.434986 0.001977 0.000298 -0.003072
28.436963 0.001977 0.000298 -0.003073
28.438940 0.001977 0.000298 -0.003073
28.440917 0.001977 0.000298 -0.003073
28.442894 0.001977 0.000298 -0.003073
28.444872 0.001977 0.000297 -0.003073
28.446850 0.001978 0.000297 -0.003074
28.448828 0.001979 0.000297 -0.003074
28.450808 0.001980 0.000297 -0.003074
28.452791 0.001982 0.000296 -0.003074
28.454777 0.001986 0.000296 -0.003075
28.456768 0.001991 0.000296 -0.003075
28.458761 0.001993 0.000296 -0.003075
28.460755 0.001994 0.000296 -0.003075
28.462750 0.001995 0.000295 -0.003075
28.464745 0.001995 0.000295 -0.003076
28.466741 0.001996 0.000295 -0.003076
28.468740 0.001998 0.000295 -0.003076
28.470740 0.002000 0.000294 -0.003076
28.472739 0.002000 0.000294 -0.003076
28.474738 0.001999 0.000294 -0.003077
28.476732 0.001994 0.000294 -0.003077
28.478722 0.001990 0.000294 -0.003077
28.480711 0.001989 0.000293 -0.003077
28.482697 0.001986 0.000293 -0.003078
28.484679 0.001983 0.000293 -0.003078
28.486660 0.001981 0.000293 -0.003078
28.488640 0.001980 0.000293 -0.003078
28.490619 0.001979 0.000292 -0.003078
28.492598 0.001979 0.000292 -0.003079
28.494576 0.001979 0.000292 -0.003079
28.496555 0.001979 0.000292 -0.003079
28.498533 0.001978 0.000291 -0.003079
28.500511 0.001978 0.000291 -0.003079
28.502488 0.001977 0.000291 -0.003080
28.504464 0.001976 0.000291 -0.003080
28.506438 0.001974 0.000291 -0.003080
28.508411 0.001973 0.000290 -0.003080
28.510382 0.001971 0.000290 -0.003080
28.512352 0.001970 0.000290 -0.003081
28.514321 0.001969 0.000290 -0.003081
28.516288 0.001968 0.000290 -0.003081
28.518255 0.001967 0.000289 -0.003081
28.520222 0.001966 0.000289 -0.003081
28.522187 0.001965 0.000289 -0.003082
28.524152 0.001965 0.000289 -0.003082
28.526116 0.001964 0.000289 -0.003082
28.528080 0.001964 0.000288 -0.003082
28.530044 0.001964 0.000288 -0.003083
28.532008 0.001964 0.000288 -0.003083
28.533972 0.001964 0.000288 -0.003083
28.535935 0.001964 0.000288 -0.003083
28.537899 0.001964 0.000287 -0.003083
28.539863 0.001964 0.000287 -0.003084
28.541826 0.001964 0.000287 -0.003084
28.543790 0.001964 0.000287 -0.003084
28.545753 0.001963 0.000287 -0.003084
28.547717 0.001963 0.000286 -0.003084
28.549680 0.001963 0.000286 -0.003085
28.551644 0.001963 0.000286 -0.003085
28.553607 0.001963 0.000286 -0.003085
28.555570 0.001963 0.000286 -0.003085
28.557534 0.001963 0.000285 -0.003085
28.559497 0.001963 0.000285 -0.003086
28.561460 0.001963 0.000285 -0.003086
28.563423 0.001963 0.000285 -0.003086
28.565386 0.001962 0.000285 -0.003086
28.567347 0.001962 0.000284 -0.003086
28.569309 0.001961 0.000284 -0.003086
28.571270 0.001961 0.000284 -0.003087
28.573230 0.001960 0.000284 -0.003087
28.575190 0.001960 0.000284 -0.003087
28.577149 0.001959 0.000283 -0.003087
28.579107 0.001958 0.000283 -0.003087
28.581065 0.001958 0.000283 -0.003088
28.583022 0.001957 0.000283 -0.003088
28.584978 0.001956 0.000283 -0.003088
28.586933 0.001956 0.000282 -0.003088
28.588888 0.001955 0.000282 -0.003088
28.590842 0.001954 0.000282 -0.003089
28.592796 0.001953 0.000282 -0.003089
28.594748 0.001953 0.000282 -0.003089
28.596700 0.001952 0.000282 -0.003089
28.598652 0.001952 0.000281 -0.003089
28.600603 0.001951 0.000281 -0.003090
28.602553 0.001950 0.000281 -0.003090
28.604503 0.001950 0.000281 -0.003090
28.606453 0.001950 0.000281 -0.003090
28.608402 0.001949 0.000280 -0.003090
28.610351 0.001949 0.000280 -0.003090
28.612300 0.001949 0.000280 -0.003091
28.614248 0.001949 0.000280 -0.003091
28.616197 0.001949 0.000280 -0.003091
28.618146 0.001949 0.000280 -0.003091
28.620095 0.001949 0.000279 -0.003091
28.622043 0.001949 0.000279 -0.003092
28.623992 0.001948 0.000279 -0.003092
28.625940 0.001948 0.000279 -0.003092
28.627888 0.001948 0.000279 -0.003092
28.629835 0.001948 0.000278 -0.003092
28.631782 0.001947 0.000278 -0.003093
28.633729 0.001946 0.000278 -0.003093
28.635674 0.001946 0.000278 -0.003093
28.637619 0.001945 0.000278 -0.003093
28.639563 0.001944 0.000277 -0.003093
28.641507 0.001944 0.000277 -0.003094
28.643450 0.001943 0.000277 -0.003094
28.645392 0.001942 0.000277 -0.003094
28.647334 0.001942 0.000277 -0.003094
28.649275 0.001941 0.000276 -0.003094
28.651216 0.001941 0.000276 -0.003094
28.653157 0.001941 0.000276 -0.003095
28.655098 0.001940 0.000276 -0.003095
28.657038 0.001940 0.000276 -0.003095
28.658977 0.001940 0.000275 -0.003095
28.660917 0.001939 0.000275 -0.003095
28.662856 0.001939 0.000275 -0.003096
28.664795 0.001939 0.000275 -0.003096
28.666733 0.001938 0.000275 -0.003096
28.668671 0.001938 0.000274 -0.003096
28.670608 0.001937 0.000274 -0.003096
28.672545 0.001937 0.000274 -0.003097
28.674482 0.001937 0.000274 -0.003097
28.676419 0.001936 0.000274 -0.003097
28.678354 0.001936 0.000273 -0.003097
28.680290 0.001935 0.000273 -0.003097
28.682225 0.001935 0.000273 -0.003098
28.684159 0.001935 0.000273 -0.003098
28.686094 0.001934 0.000273 -0.003098
28.688027 0.001934 0.000273 -0.003098
28.689961 0.001934 0.000272 -0.003098
28.691894 0.001933 0.000272 -0.003099
28.693827 0.001933 0.000272 -0.003099
28.695760 0.001932 0.000272 -0.003099
28.697692 0.001932 0.000272 -0.003099
28.699623 0.001932 0.000271 -0.003099
28.701555 0.001931 0.000271 -0.003100
28.703485 0.001931 0.000271 -0.003100
28.705415 0.001930 0.000271 -0.003100
28.707345 0.001930 0.000271 -0.003100
28.709274 0.001929 0.000270 -0.003100
28.711203 0.001929 0.000270 -0.003100
28.713132 0.001928 0.000270 -0.003101
28.715060 0.001928 0.000270 -0.003101
28.716987 0.001927 0.000270 -0.003101
28.718913 0.001926 0.000270 -0.003101
28.720839 0.001926 0.000269 -0.003101
28.722765 0.001926 0.000269 -0.003102
28.724690 0.001926 0.000269 -0.003102
28.726615 0.001925 0.000269 -0.003102
28.728539 0.001924 0.000269 -0.003102
28.730462 0.001923 0.000268 -0.003102
28.732385 0.001922 0.000268 -0.003102
28.734307 0.001922 0.000268 -0.003103
28.736228 0.001921 0.000268 -0.003103
28.738148 0.001921 0.000268 -0.003103
28.740069 0.001920 0.000268 -0.003103
28.741989 0.001920 0.000267 -0.003103
28.743909 0.001920 0.000267 -0.003104
28.745828 0.001919 0.000267 -0.003104
28.747745 0.001918 0.000267 -0.003104
28.749662 0.001917 0.000267 -0.003104
28.751579 0.001916 0.000267 -0.003104
28.753494 0.001915 0.000266 -0.003104
28.755409 0.001915 0.000266 -0.003105
28.757323 0.001914 0.000266 -0.003105
28.759236 0.001913 0.000266 -0.003105
28.761149 0.001913 0.000266 -0.003105
28.763061 0.001912 0.000265 -0.003105
28.764973 0.001912 0.000265 -0.003105
28.766885 0.001912 0.000265 -0.003106
28.768797 0.001912 0.000265 -0.003106
28.770707 0.001911 0.000265 -0.003106
28.772617 0.001910 0.000265 -0.003106
28.774525 0.001909 0.000264 -0.003106
28.776433 0.001908 0.000264 -0.003106
28.778340 0.001907 0.000264 -0.003107
28.780246 0.001906 0.000264 -0.003107
28.782151 0.001905 0.000264 -0.003107
28.784055 0.001904 0.000264 -0.003107
28.785959 0.001904 0.000263 -0.003107
28.787862 0.001903 0.000263 -0.003107
28.789765 0.001903 0.000263 -0.003108
28.791667 0.001903 0.000263 -0.003108
28.793570 0.001903 0.000263 -0.003108
28.795472 0.001902 0.000263 -0.003108
28.797372 0.001901 0.000263 -0.003108
28.799272 0.001900 0.000262 -0.003108
28.801171 0.001899 0.000262 -0.003108
28.803069 0.001898 0.000262 -0.003109
28.804966 0.001897 0.000262 -0.003109
28.806863 0.001896 0.000262 -0.003109
28.808759 0.001896 0.000262 -0.003109
28.810654 0.001895 0.000261 -0.003109
28.812548 0.001895 0.000261 -0.003109
28.814443 0.001895 0.000261 -0.003110
28.816337 0.001894 0.000261 -0.003110
28.818231 0.001894 0.000261 -0.003110
28.820124 0.001893 0.000261 -0.003110
28.822016 0.001892 0.000260 -0.003110
28.823907 0.001891 0.000260 -0.003110
28.825798 0.001890 0.000260 -0.003111
28.827687 0.001890 0.000260 -0.003111
28.829576 0.001889 0.000260 -0.003111
28.831464 0.001888 0.000260 -0.003111
28.833352 0.001888 0.000260 -0.003111
28.835239 0.001887 0.000259 -0.003111
28.837127 0.001887 0.000259 -0.003111
28.839014 0.001887 0.000259 -0.003112
28.840900 0.001886 0.000259 -0.003112
28.842785 0.001885 0.000259 -0.003112
28.844670 0.001884 0.000259 -0.003112
28.846553 0.001884 0.000259 -0.003112
28.848436 0.001883 0.000258 -0.003112
28.850318 0.001882 0.000258 -0.003112
28.852199 0.001881 0.000258 -0.003113
28.854081 0.001881 0.000258 -0.003113
28.855961 0.001881 0.000258 -0.003113
28.857842 0.001881 0.000258 -0.003113
28.859723 0.001881 0.000257 -0.003113
28.861602 0.001880 0.000257 -0.003113
28.863481 0.001879 0.000257 -0.003114
28.865359 0.001878 0.000257 -0.003114
28.867236 0.001877 0.000257 -0.003114
28.869112 0.001876 0.000257 -0.003114
28.870987 0.001875 0.000257 -0.003114
28.872862 0.001875 0.000256 -0.003114
28.874736 0.001874 0.000256 -0.003114
28.876610 0.001874 0.000256 -0.003115
28.878484 0.001874 0.000256 -0.003115
28.880358 0.001874 0.000256 -0.003115
28.882231 0.001873 0.000256 -0.003115
28.884103 0.001872 0.000256 -0.003115
28.885974 0.001871 0.000255 -0.003115
28.887845 0.001870 0.000255 -0.003115
28.889714 0.001870 0.000255 -0.003116
28.891583 0.001869 0.000255 -0.003116
28.893451 0.001868 0.000255 -0.003116
28.895319 0.001867 0.000255 -0.003116
28.897185 0.001867 0.000255 -0.003116
28.899052 0.001867 0.000254 -0.003116
28.900919 0.001867 0.000254 -0.003116
28.902786 0.001867 0.000254 -0.003117
28.904652 0.001866 0.000254 -0.003117
28.906517 0.001865 0.000254 -0.003117
28.908381 0.001864 0.000254 -0.003117
28.910244 0.001863 0.000254 -0.003117
28.912107 0.001862 0.000253 -0.003117
28.913968 0.001862 0.000253 -0.003117
28.915829 0.001861 0.000253 -0.003118
28.917689 0.001860 0.000253 -0.003118
28.919549 0.001860 0.000253 -0.003118
28.921408 0.001859 0.000253 -0.003118
28.923267 0.001859 0.000253 -0.003118
28.925126 0.001859 0.000252 -0.003118
28.926985 0.001859 0.000252 -0.003118
28.928843 0.001859 0.000252 -0.003119
28.930701 0.001858 0.000252 -0.003119
28.932559 0.001857 0.000252 -0.003119
28.934415 0.001856 0.000252 -0.003119
28.936270 0.001855 0.000252 -0.003119
28.938124 0.001854 0.000251 -0.003119
28.939978 0.001854 0.000251 -0.003119
28.941831 0.001853 0.000251 -0.003120
28.943683 0.001852 0.000251 -0.003120
28.945535 0.001852 0.000251 -0.003120
28.947386 0.001851 0.000251 -0.003120
28.949238 0.001851 0.000251 -0.003120
28.951089 0.001851 0.000250 -0.003120
28.952941 0.001851 0.000250 -0.003120
28.954792 0.001851 0.000250 -0.003121
28.956642 0.001851 0.000250 -0.003121
28.958492 0.001850 0.000250 -0.003121
28.960342 0.001850 0.000250 -0.003121
28.962192 0.001850 0.000250 -0.003121
28.964041 0.001849 0.000250 -0.003121
28.965889 0.001848 0.000249 -0.003121
28.967736 0.001847 0.000249 -0.003121
28.969583 0.001847 0.000249 -0.003122
28.971429 0.001846 0.000249 -0.003122
28.973275 0.001846 0.000249 -0.003122
28.975120 0.001845 0.000249 -0.003122
28.976965 0.001845 0.000249 -0.003122
28.978811 0.001845 0.000248 -0.003122
28.980656 0.001845 0.000248 -0.003122
28.982501 0.001845 0.000248 -0.003123
28.984346 0.001845 0.000248 -0.003123
28.986191 0.001845 0.000248 -0.003123
28.988035 0.001845 0.000248 -0.003123
28.989880 0.001844 0.000248 -0.003123
28.991724 0.001844 0.000247 -0.003123
28.993567 0.001844 0.000247 -0.003123
28.995411 0.001843 0.000247 -0.003124
28.997254 0.001843 0.000247 -0.003124
28.999097 0.001843 0.000247 -0.003124
29.000940 0.001843 0.000247 -0.003124
29.002782 0.001842 0.000247 -0.003124
29.004624 0.001842 0.000247 -0.003124
29.006466 0.001842 0.000246 -0.003124
29.008308 0.001842 0.000246 -0.003124
29.010150 0.001842 0.000246 -0.003125
29.011991 0.001841 0.000246 -0.003125
29.013832 0.001841 0.000246 -0.003125
29.015673 0.001841 0.000246 -0.003125
29.017513 0.001840 0.000246 -0.003125
29.019353 0.001840 0.000245 -0.003125
29.021193 0.001840 0.000245 -0.003125
29.023033 0.001840 0.000245 -0.003126
29.024872 0.001839 0.000245 -0.003126
29.026711 0.001839 0.000245 -0.003126
29.028550 0.001839 0.000245 -0.003126
29.030388 0.001838 0.000245 -0.003126
29.032226 0.001838 0.000244 -0.003126
29.034064 0.001838 0.000244 -0.003126
29.035902 0.001838 0.000244 -0.003126
29.037739 0.001837 0.000244 -0.003127
29.039576 0.001837 0.000244 -0.003127
29.041413 0.001837 0.000244 -0.003127
29.043249 0.001836 0.000244 -0.003127
29.045084 0.001835 0.000244 -0.003127
29.046919 0.001835 0.000243 -0.003127
29.048752 0.001834 0.000243 -0.003127
29.050586 0.001833 0.000243 -0.003128
29.052418 0.001832 0.000243 -0.003128
29.054250 0.001832 0.000243 -0.003128
29.056082 0.001832 0.000243 -0.003128
29.057913 0.001831 0.000243 -0.003128
29.059743 0.001831 0.000243 -0.003128
29.061573 0.001830 0.000242 -0.003128
29.063402 0.001829 0.000242 -0.003128
29.065231 0.001828 0.000242 -0.003129
29.067058 0.001827 0.000242 -0.003129
29.068884 0.001826 0.000242 -0.003129
29.070710 0.001826 0.000242 -0.003129
29.072535 0.001825 0.000242 -0.003129
29.074360 0.001825 0.000241 -0.003129
29.076184 0.001824 0.000241 -0.003129
29.078008 0.001824 0.000241 -0.003129
29.079832 0.001824 0.000241 -0.003130
29.081656 0.001824 0.000241 -0.003130
29.083480 0.001824 0.000241 -0.003130
29.085303 0.001823 0.000241 -0.003130
29.087126 0.001823 0.000241 -0.003130
29.088948 0.001823 0.000240 -0.003130
29.090770 0.001822 0.000240 -0.003130
29.092591 0.001821 0.000240 -0.003130
29.094411 0.001820 0.000240 -0.003131
29.096230 0.001819 0.000240 -0.003131
29.098048 0.001819 0.000240 -0.003131
29.099867 0.001818 0.000240 -0.003131
29.101685 0.001818 0.000240 -0.003131
29.103503 0.001818 0.000239 -0.003131
29.105322 0.001819 0.000239 -0.003131
29.107141 0.001819 0.000239 -0.003132
29.108959 0.001819 0.000239 -0.003132
29.110778 0.001819 0.000239 -0.003132
29.112596 0.001818 0.000239 -0.003132
29.114415 0.001818 0.000239 -0.003132
29.116233 0.001818 0.000239 -0.003132
29.118051 0.001818 0.000238 -0.003132
29.119869 0.001818 0.000238 -0.003132
29.121687 0.001818 0.000238 -0.003133
29.123505 0.001818 0.000238 -0.003133
29.125322 0.001817 0.000238 -0.003133
29.127140 0.001817 0.000238 -0.003133
29.128957 0.001817 0.000238 -0.003133
29.130774 0.001817 0.000238 -0.003133
29.132591 0.001817 0.000237 -0.003133
29.134408 0.001817 0.000237 -0.003133
29.136224 0.001817 0.000237 -0.003134
29.138041 0.001817 0.000237 -0.003134
29.139858 0.001816 0.000237 -0.003134
29.141674 0.001816 0.000237 -0.003134
29.143490 0.001816 0.000237 -0.003134
29.145306 0.001816 0.000237 -0.003134
29.147122 0.001816 0.000236 -0.003134
29.148939 0.001816 0.000236 -0.003134
29.150755 0.001816 0.000236 -0.003135
29.152571 0.001817 0.000236 -0.003135
29.154388 0.001817 0.000236 -0.003135
29.156205 0.001817 0.000236 -0.003135
29.158023 0.001817 0.000236 -0.003135
29.159840 0.001817 0.000236 -0.003135
29.161658 0.001818 0.000235 -0.003135
29.163475 0.001818 0.000235 -0.003135
29.165293 0.001818 0.000235 -0.003135
29.167111 0.001818 0.000235 -0.003136
29.168929 0.001818 0.000235 -0.003136
29.170747 0.001818 0.000235 -0.003136
29.172566 0.001818 0.000235 -0.003136
29.174384 0.001818 0.000235 -0.003136
29.176202 0.001818 0.000234 -0.003136
29.178020 0.001818 0.000234 -0.003136
29.179838 0.001818 0.000234 -0.003136
29.181656 0.001818 0.000234 -0.003137
29.183474 0.001818 0.000234 -0.003137
29.185293 0.001819 0.000234 -0.003137
29.187111 0.001819 0.000234 -0.003137
29.188931 0.001820 0.000234 -0.003137
29.190751 0.001820 0.000233 -0.003137
29.192572 0.001821 0.000233 -0.003137
29.194393 0.001821 0.000233 -0.003137
29.196215 0.001822 0.000233 -0.003138
29.198038 0.001823 0.000233 -0.003138
29.199860 0.001822 0.000233 -0.003138
29.201683 0.001822 0.000233 -0.003138
29.203504 0.001822 0.000233 -0.003138
29.205325 0.001821 0.000233 -0.003138
29.207146 0.001821 0.000232 -0.003138
29.208967 0.001820 0.000232 -0.003138
29.210787 0.001820 0.000232 -0.003139
29.212607 0.001820 0.000232 -0.003139
29.214426 0.001819 0.000232 -0.003139
29.216244 0.001818 0.000232 -0.003139
29.218062 0.001818 0.000232 -0.003139
29.219879 0.001817 0.000232 -0.003139
29.221696 0.001817 0.000231 -0.003139
29.223512 0.001816 0.000231 -0.003139
29.225328 0.001816 0.000231 -0.003139
29.227144 0.001816 0.000231 -0.003140
29.228959 0.001815 0.000231 -0.003140
29.230774 0.001815 0.000231 -0.003140
29.232589 0.001815 0.000231 -0.003140
29.234403 0.001814 0.000231 -0.003140
29.236218 0.001814 0.000231 -0.003140
29.238031 0.001814 0.000230 -0.003140
29.239845 0.001813 0.000230 -0.003140
29.241658 0.001813 0.000230 -0.003141
29.243470 0.001812 0.000230 -0.003141
29.245282 0.001812 0.000230 -0.003141
29.247094 0.001812 0.000230 -0.003141
29.248905 0.001811 0.000230 -0.003141
29.250716 0.001811 0.000230 -0.003141
29.252526 0.001810 0.000229 -0.003141
29.254336 0.001810 0.000229 -0.003141
29.256145 0.001809 0.000229 -0.003141
29.257954 0.001809 0.000229 -0.003142
29.259762 0.001808 0.000229 -0.003142
29.261570 0.001808 0.000229 -0.003142
29.263377 0.001808 0.000229 -0.003142
29.265185 0.001808 0.000229 -0.003142
29.266992 0.001807 0.000228 -0.003142
29.268800 0.001807 0.000228 -0.003142
29.270607 0.001807 0.000228 -0.003142
29.272414 0.001807 0.000228 -0.003143
29.274221 0.001807 0.000228 -0.003143
29.276027 0.001806 0.000228 -0.003143
29.277833 0.001806 0.000228 -0.003143
29.279639 0.001806 0.000228 -0.003143
29.281445 0.001806 0.000228 -0.003143
29.283251 0.001806 0.000227 -0.003143
29.285058 0.001807 0.000227 -0.003143
29.286865 0.001807 0.000227 -0.003144
29.288673 0.001807 0.000227 -0.003144
29.290481 0.001808 0.000227 -0.003144
29.292289 0.001809 0.000227 -0.003144
29.294099 0.001809 0.000227 -0.003144
29.295908 0.001810 0.000227 -0.003144
29.297718 0.001810 0.000226 -0.003144
29.299528 0.001810 0.000226 -0.003144
29.301338 0.001810 0.000226 -0.003144
29.303147 0.001809 0.000226 -0.003145
29.304956 0.001809 0.000226 -0.003145
29.306766 0.001809 0.000226 -0.003145
29.308575 0.001809 0.000226 -0.003145
29.310384 0.001809 0.000226 -0.003145
29.312193 0.001809 0.000225 -0.003145
29.314002 0.001809 0.000225 -0.003145
29.315810 0.001809 0.000225 -0.003145
29.317618 0.001808 0.000225 -0.003146
29.319427 0.001808 0.000225 -0.003146
29.321235 0.001808 0.000225 -0.003146
29.323044 0.001809 0.000225 -0.003146
29.324853 0.001809 0.000225 -0.003146
29.326663 0.001810 0.000225 -0.003146
29.328474 0.001811 0.000224 -0.003146
29.330285 0.001812 0.000224 -0.003146
29.332098 0.001812 0.000224 -0.003147
29.333911 0.001813 0.000224 -0.003147
29.335724 0.001813 0.000224 -0.003147
29.337537 0.001814 0.000224 -0.003147
29.339351 0.001814 0.000224 -0.003147
29.341166 0.001815 0.000224 -0.003147
29.342981 0.001815 0.000223 -0.003147
29.344797 0.001816 0.000223 -0.003147
29.346615 0.001817 0.000223 -0.003148
29.348433 0.001818 0.000223 -0.003148
29.350251 0.001818 0.000223 -0.003148
29.352070 0.001819 0.000223 -0.003148
29.353890 0.001820 0.000223 -0.003148
29.355710 0.001820 0.000223 -0.003148
29.357531 0.001821 0.000222 -0.003148
29.359351 0.001821 0.000222 -0.003148
29.361172 0.001821 0.000222 -0.003149
29.362993 0.001821 0.000222 -0.003149
29.364815 0.001821 0.000222 -0.003149
29.366636 0.001821 0.000222 -0.003149
29.368458 0.001822 0.000222 -0.003149
29.370279 0.001822 0.000222 -0.003149
29.372101 0.001822 0.000221 -0.003149
29.373924 0.001822 0.000221 -0.003149
29.375746 0.001823 0.000221 -0.003149
29.377570 0.001823 0.000221 -0.003150
29.379393 0.001824 0.000221 -0.003150
29.381217 0.001824 0.000221 -0.003150
29.383042 0.001825 0.000221 -0.003150
29.384867 0.001825 0.000221 -0.003150
29.386693 0.001826 0.000220 -0.003150
29.388519 0.001826 0.000220 -0.003150
29.390345 0.001826 0.000220 -0.003150
29.392172 0.001827 0.000220 -0.003151
29.393999 0.001827 0.000220 -0.003151
29.395826 0.001827 0.000220 -0.003151
29.397654 0.001828 0.000220 -0.003151
29.399483 0.001828 0.000220 -0.003151
29.401312 0.001829 0.000220 -0.003151
29.403141 0.001830 0.000219 -0.003151
29.404971 0.001830 0.000219 -0.003151
29.406802 0.001831 0.000219 -0.003152
29.408633 0.001831 0.000219 -0.003152
29.410466 0.001832 0.000219 -0.003152
29.412298 0.001833 0.000219 -0.003152
29.414131 0.001833 0.000219 -0.003152
29.415965 0.001833 0.000219 -0.003152
29.417798 0.001834 0.000218 -0.003152
29.419632 0.001834 0.000218 -0.003152
29.421466 0.001834 0.000218 -0.003153
29.423301 0.001835 0.000218 -0.003153
29.425136 0.001835 0.000218 -0.003153
29.426972 0.001836 0.000218 -0.003153
29.428809 0.001837 0.000218 -0.003153
29.430646 0.001837 0.000218 -0.003153
29.432485 0.001838 0.000217 -0.003153
29.434324 0.001839 0.000217 -0.003153
29.436163 0.001839 0.000217 -0.003153
29.438002 0.001839 0.000217 -0.003154
29.439841 0.001839 0.000217 -0.003154
29.441681 0.001840 0.000217 -0.003154
29.443521 0.001840 0.000217 -0.003154
29.445361 0.001840 0.000217 -0.003154
29.447202 0.001840 0.000217 -0.003154
29.449043 0.001841 0.000216 -0.003154
29.450884 0.001841 0.000216 -0.003154
29.452726 0.001842 0.000216 -0.003155
29.454568 0.001842 0.000216 -0.003155
29.456410 0.001842 0.000216 -0.003155
29.458253 0.001843 0.000216 -0.003155
29.460095 0.001843 0.000216 -0.003155
29.461939 0.001843 0.000216 -0.003155
29.463782 0.001843 0.000215 -0.003155
29.465625 0.001843 0.000215 -0.003155
29.467468 0.001843 0.000215 -0.003155
29.469312 0.001844 0.000215 -0.003156
29.471156 0.001844 0.000215 -0.003156
29.473000 0.001844 0.000215 -0.003156
29.474844 0.001844 0.000215 -0.003156
29.476688 0.001844 0.000215 -0.003156
29.478533 0.001845 0.000215 -0.003156
29.480378 0.001845 0.000214 -0.003156
29.482223 0.001845 0.000214 -0.003156
29.484069 0.001846 0.000214 -0.003156
29.485916 0.001846 0.000214 -0.003157
29.487763 0.001847 0.000214 -0.003157
29.489610 0.001847 0.000214 -0.003157
29.491458 0.001848 0.000214 -0.003157
29.493306 0.001848 0.000214 -0.003157
29.495155 0.001849 0.000214 -0.003157
29.497004 0.001849 0.000214 -0.003157
29.498853 0.001849 0.000213 -0.003157
29.500702 0.001849 0.000213 -0.003157
29.502552 0.001850 0.000213 -0.003158
29.504402 0.001850 0.000213 -0.003158
29.506253 0.001851 0.000213 -0.003158
29.508104 0.001851 0.000213 -0.003158
29.509955 0.001851 0.000213 -0.003158
29.511806 0.001852 0.000213 -0.003158
29.513659 0.001852 0.000213 -0.003158
29.515511 0.001853 0.000212 -0.003158
29.517364 0.001853 0.000212 -0.003158
29.519218 0.001853 0.000212 -0.003158
29.521071 0.001854 0.000212 -0.003159
29.522925 0.001854 0.000212 -0.003159
29.524780 0.001854 0.000212 -0.003159
29.526634 0.001855 0.000212 -0.003159
29.528489 0.001855 0.000212 -0.003159
29.530344 0.001855 0.000212 -0.003159
29.532200 0.001856 0.000212 -0.003159
29.534057 0.001856 0.000211 -0.003159
29.535913 0.001857 0.000211 -0.003159
29.537771 0.001857 0.000211 -0.003159
29.539629 0.001858 0.000211 -0.003160
29.541487 0.001858 0.000211 -0.003160
29.543346 0.001858 0.000211 -0.003160
29.545204 0.001859 0.000211 -0.003160
29.547063 0.001859 0.000211 -0.003160
29.548923 0.001859 0.000211 -0.003160
29.550782 0.001860 0.000210 -0.003160
29.552643 0.001860 0.000210 -0.003160
29.554503 0.001861 0.000210 -0.003160
29.556364 0.001861 0.000210 -0.003161
29.558225 0.001861 0.000210 -0.003161
29.560087 0.001862 0.000210 -0.003161
29.561950 0.001862 0.000210 -0.003161
29.563812 0.001863 0.000210 -0.003161
29.565676 0.001863 0.000210 -0.003161
29.567540 0.001864 0.000210 -0.003161
29.569404 0.001865 0.000209 -0.003161
29.571269 0.001865 0.000209 -0.003161
29.573134 0.001865 0.000209 -0.003161
29.575000 0.001866 0.000209 -0.003162
29.576866 0.001866 0.000209 -0.003162
29.578733 0.001866 0.000209 -0.003162
29.580599 0.001867 0.000209 -0.003162
29.582467 0.001867 0.000209 -0.003162
29.584335 0.001868 0.000209 -0.003162
29.586203 0.001868 0.000209 -0.003162
29.588072 0.001869 0.000208 -0.003162
29.589941 0.001869 0.000208 -0.003162
29.591811 0.001870 0.000208 -0.003162
29.593682 0.001871 0.000208 -0.003163
29.595553 0.001871 0.000208 -0.003163
29.597425 0.001872 0.000208 -0.003163
29.599297 0.001872 0.000208 -0.003163
29.601170 0.001873 0.000208 -0.003163
29.603044 0.001874 0.000208 -0.003163
29.604918 0.001874 0.000207 -0.003163
29.606793 0.001875 0.000207 -0.003163
29.608669 0.001876 0.000207 -0.003163
29.610546 0.001876 0.000207 -0.003164
29.612423 0.001877 0.000207 -0.003164
29.614300 0.001878 0.000207 -0.003164
29.616179 0.001878 0.000207 -0.003164
29.618057 0.001879 0.000207 -0.003164
29.619937 0.001879 0.000207 -0.003164
29.621817 0.001880 0.000207 -0.003164
29.623698 0.001881 0.000206 -0.003164
29.625579 0.001881 0.000206 -0.003164
29.627461 0.001882 0.000206 -0.003164
29.629344 0.001883 0.000206 -0.003165
29.631227 0.001883 0.000206 -0.003165
29.633112 0.001884 0.000206 -0.003165
29.634996 0.001885 0.000206 -0.003165
29.636882 0.001886 0.000206 -0.003165
29.638768 0.001886 0.000206 -0.003165
29.640655 0.001887 0.000206 -0.003165
29.642543 0.001888 0.000205 -0.003165
29.644431 0.001888 0.000205 -0.003165
29.646320 0.001889 0.000205 -0.003165
29.648210 0.001890 0.000205 -0.003166
29.650100 0.001890 0.000205 -0.003166
29.651991 0.001891 0.000205 -0.003166
29.653882 0.001891 0.000205 -0.003166
29.655774 0.001892 0.000205 -0.003166
29.657667 0.001893 0.000205 -0.003166
29.659560 0.001893 0.000205 -0.003166
29.661454 0.001894 0.000204 -0.003166
29.663349 0.001894 0.000204 -0.003166
29.665244 0.001895 0.000204 -0.003166
29.667140 0.001896 0.000204 -0.003167
29.669036 0.001896 0.000204 -0.003167
29.670933 0.001897 0.000204 -0.003167
29.672830 0.001897 0.000204 -0.003167
29.674728 0.001898 0.000204 -0.003167
29.676627 0.001898 0.000204 -0.003167
29.678526 0.001899 0.000204 -0.003167
29.680425 0.001900 0.000203 -0.003167
29.682325 0.001900 0.000203 -0.003167
29.684226 0.001901 0.000203 -0.003167
29.686127 0.001901 0.000203 -0.003168
29.688029 0.001902 0.000203 -0.003168
29.689931 0.001902 0.000203 -0.003168
29.691834 0.001903 0.000203 -0.003168
29.693737 0.001903 0.000203 -0.003168
29.695641 0.001904 0.000203 -0.003168
29.697546 0.001905 0.000203 -0.003168
29.699451 0.001905 0.000202 -0.003168
29.701357 0.001906 0.000202 -0.003168
29.703263 0.001906 0.000202 -0.003168
29.705170 0.001907 0.000202 -0.003169
29.707078 0.001907 0.000202 -0.003169
29.708986 0.001908 0.000202 -0.003169
29.710894 0.001908 0.000202 -0.003169
29.712803 0.001909 0.000202 -0.003169
29.714712 0.001909 0.000202 -0.003169
29.716622 0.001910 0.000202 -0.003169
29.718533 0.001910 0.000201 -0.003169
29.720444 0.001911 0.000201 -0.003169
29.722355 0.001911 0.000201 -0.003169
29.724267 0.001912 0.000201 -0.003170
29.726180 0.001912 0.000201 -0.003170
29.728093 0.001913 0.000201 -0.003170
29.730006 0.001913 0.000201 -0.003170
29.731920 0.001914 0.000201 -0.003170
29.733834 0.001914 0.000201 -0.003170
29.735749 0.001915 0.000201 -0.003170
29.737665 0.001915 0.000200 -0.003170
29.739580 0.001916 0.000200 -0.003170
29.741497 0.001916 0.000200 -0.003170
29.743414 0.001917 0.000200 -0.003171
29.745331 0.001917 0.000200 -0.003171
29.747249 0.001918 0.000200 -0.003171
29.749167 0.001918 0.000200 -0.003171
29.751086 0.001919 0.000200 -0.003171
29.753006 0.001919 0.000200 -0.003171
29.754926 0.001920 0.000200 -0.003171
29.756846 0.001920 0.000200 -0.003171
29.758767 0.001921 0.000199 -0.003171
29.760688 0.001921 0.000199 -0.003171
29.762610 0.001922 0.000199 -0.003171
29.764533 0.001922 0.000199 -0.003172
29.766456 0.001923 0.000199 -0.003172
29.768379 0.001923 0.000199 -0.003172
29.770303 0.001924 0.000199 -0.003172
29.772227 0.001924 0.000199 -0.003172
29.774152 0.001925 0.000199 -0.003172
29.776077 0.001925 0.000199 -0.003172
29.778003 0.001926 0.000198 -0.003172
29.779929 0.001926 0.000198 -0.003172
29.781855 0.001927 0.000198 -0.003172
29.783782 0.001927 0.000198 -0.003173
29.785710 0.001927 0.000198 -0.003173
29.787638 0.001928 0.000198 -0.003173
29.789566 0.001928 0.000198 -0.003173
29.791495 0.001929 0.000198 -0.003173
29.793424 0.001929 0.000198 -0.003173
29.795354 0.001930 0.000198 -0.003173
29.797284 0.001930 0.000197 -0.003173
29.799214 0.001930 0.000197 -0.003173
29.801145 0.001931 0.000197 -0.003173
29.803076 0.001931 0.000197 -0.003174
29.805007 0.001931 0.000197 -0.003174
29.806939 0.001932 0.000197 -0.003174
29.808871 0.001932 0.000197 -0.003174
29.810804 0.001933 0.000197 -0.003174
29.812736 0.001933 0.000197 -0.003174
29.814670 0.001933 0.000197 -0.003174
29.816603 0.001934 0.000197 -0.003174
29.818537 0.001934 0.000196 -0.003174
29.820471 0.001934 0.000196 -0.003174
29.822406 0.001935 0.000196 -0.003174
29.824341 0.001935 0.000196 -0.003175
29.826276 0.001935 0.000196 -0.003175
29.828212 0.001936 0.000196 -0.003175
29.830148 0.001936 0.000196 -0.003175
29.832084 0.001936 0.000196 -0.003175
29.834021 0.001937 0.000196 -0.003175
29.835958 0.001937 0.000196 -0.003175
29.837895 0.001937 0.000195 -0.003175
29.839832 0.001937 0.000195 -0.003175
29.841770 0.001938 0.000195 -0.003175
29.843708 0.001938 0.000195 -0.003176
29.845646 0.001938 0.000195 -0.003176
29.847585 0.001939 0.000195 -0.003176
29.849524 0.001939 0.000195 -0.003176
29.851463 0.001939 0.000195 -0.003176
29.853402 0.001939 0.000195 -0.003176
29.855342 0.001940 0.000195 -0.003176
29.857282 0.001940 0.000195 -0.003176
29.859222 0.001940 0.000194 -0.003176
29.861162 0.001940 0.000194 -0.003176
29.863102 0.001941 0.000194 -0.003176
29.865043 0.001941 0.000194 -0.003177
29.866984 0.001941 0.000194 -0.003177
29.868925 0.001941 0.000194 -0.003177
29.870867 0.001941 0.000194 -0.003177
29.872809 0.001942 0.000194 -0.003177
29.874751 0.001942 0.000194 -0.003177
29.876693 0.001942 0.000194 -0.003177
29.878635 0.001942 0.000193 -0.003177
29.880577 0.001942 0.000193 -0.003177
29.882519 0.001942 0.000193 -0.003177
29.884460 0.001941 0.000193 -0.003178
29.886401 0.001941 0.000193 -0.003178
29.888341 0.001940 0.000193 -0.003178
29.890281 0.001940 0.000193 -0.003178
29.892220 0.001939 0.000193 -0.003178
29.894158 0.001939 0.000193 -0.003178
29.896096 0.001938 0.000193 -0.003178
29.898034 0.001937 0.000193 -0.003178
29.899971 0.001937 0.000192 -0.003178
29.901907 0.001936 0.000192 -0.003178
29.903843 0.001936 0.000192 -0.003178
29.905778 0.001935 0.000192 -0.003179
29.907713 0.001935 0.000192 -0.003179
29.909647 0.001934 0.000192 -0.003179
29.911581 0.001934 0.000192 -0.003179
29.913515 0.001933 0.000192 -0.003179
29.915447 0.001933 0.000192 -0.003179
29.917380 0.001932 0.000192 -0.003179
29.919311 0.001932 0.000192 -0.003179
29.921242 0.001931 0.000191 -0.003179
29.923173 0.001931 0.000191 -0.003179
29.925103 0.001930 0.000191 -0.003179
29.927033 0.001930 0.000191 -0.003180
29.928962 0.001929 0.000191 -0.003180
29.930890 0.001928 0.000191 -0.003180
29.932818 0.001928 0.000191 -0.003180
29.934745 0.001927 0.000191 -0.003180
29.936672 0.001927 0.000191 -0.003180
29.938599 0.001926 0.000191 -0.003180
29.940524 0.001926 0.000190 -0.003180
29.942450 0.001925 0.000190 -0.003180
29.944375 0.001925 0.000190 -0.003180
29.946299 0.001924 0.000190 -0.003180
29.948223 0.001924 0.000190 -0.003181
29.950147 0.001924 0.000190 -0.003181
29.952070 0.001923 0.000190 -0.003181
29.953993 0.001923 0.000190 -0.003181
29.955916 0.001923 0.000190 -0.003181
29.957838 0.001922 0.000190 -0.003181
29.959760 0.001922 0.000190 -0.003181
29.961681 0.001921 0.000189 -0.003181
29.963602 0.001921 0.000189 -0.003181
29.965523 0.001921 0.000189 -0.003181
29.967443 0.001920 0.000189 -0.003181
29.969364 0.001920 0.000189 -0.003182
29.971284 0.001920 0.000189 -0.003182
29.973203 0.001920 0.000189 -0.003182
29.975123 0.001919 0.000189 -0.003182
29.977042 0.001919 0.000189 -0.003182
29.978961 0.001919 0.000189 -0.003182
29.980880 0.001919 0.000189 -0.003182
29.982799 0.001919 0.000189 -0.003182
29.984717 0.001919 0.000188 -0.003182
29.986635 0.001918 0.000188 -0.003182
29.988554 0.001918 0.000188 -0.003182
29.990472 0.001918 0.000188 -0.003183
29.992390 0.001918 0.000188 -0.003183
29.994308 0.001918 0.000188 -0.003183
29.996226 0.001918 0.000188 -0.003183
29.998144 0.001918 0.000188 -0.003183
30.000000 0.001856 0.000188 -0.003183
