Gauge gauge_0 Location: X=4.521, Y=1.196
Time(s) dt(s) Depth(m) Elevation(m)
0.002172 0.002172 0.011905 0.000000
0.004343 0.002172 0.011905 0.000000
0.006515 0.002172 0.011905 0.000000
0.008686 0.002172 0.011905 0.000000
0.010858 0.002172 0.011905 0.000000
0.013029 0.002172 0.011905 0.000000
0.015201 0.002172 0.011905 0.000000
0.017373 0.002172 0.011905 0.000000
0.019544 0.002172 0.011905 0.000000
0.021716 0.002172 0.011905 0.000000
0.023887 0.002172 0.011905 0.000000
0.026059 0.002172 0.011905 0.000000
0.028231 0.002172 0.011905 0.000000
0.030402 0.002172 0.011905 0.000000
0.032574 0.002172 0.011905 0.000000
0.034745 0.002172 0.011905 0.000000
0.036917 0.002172 0.011905 0.000000
0.039088 0.002172 0.011905 0.000000
0.041260 0.002172 0.011905 0.000000
0.043432 0.002172 0.011905 0.000000
0.045603 0.002172 0.011905 0.000000
0.047775 0.002172 0.011905 0.000000
0.049946 0.002172 0.011905 0.000000
0.052118 0.002172 0.011905 0.000000
0.054290 0.002172 0.011905 0.000000
0.056461 0.002172 0.011905 0.000000
0.058633 0.002172 0.011905 0.000000
0.060804 0.002172 0.011905 0.000000
0.062976 0.002172 0.011905 0.000000
0.065147 0.002172 0.011905 0.000000
0.067319 0.002172 0.011905 0.000000
0.069491 0.002172 0.011905 0.000000
0.071662 0.002172 0.011905 0.000000
0.073834 0.002172 0.011905 0.000000
0.076005 0.002172 0.011905 0.000000
0.078177 0.002172 0.011905 0.000000
0.080348 0.002172 0.011905 0.000000
0.082520 0.002172 0.011905 0.000000
0.084692 0.002172 0.011905 0.000000
0.086863 0.002172 0.011905 0.000000
0.089035 0.002172 0.011905 0.000000
0.091206 0.002172 0.011905 0.000000
0.093378 0.002172 0.011905 0.000000
0.095549 0.002172 0.011905 0.000000
0.097721 0.002172 0.011905 0.000000
0.099892 0.002172 0.011905 0.000000
0.102064 0.002171 0.011905 0.000000
0.104235 0.002171 0.011905 0.000000
0.106407 0.002171 0.011905 0.000000
0.108578 0.002171 0.011905 0.000000
0.110750 0.002171 0.011905 0.000000
0.112921 0.002171 0.011905 0.000000
0.115093 0.002171 0.011905 0.000000
0.117264 0.002171 0.011905 0.000000
0.119435 0.002171 0.011905 0.000000
0.121607 0.002171 0.011905 0.000000
0.123778 0.002171 0.011905 0.000000
0.125950 0.002171 0.011905 0.000000
0.128121 0.002171 0.011905 0.000000
0.130293 0.002171 0.011905 0.000000
0.132464 0.002171 0.011905 0.000000
0.134635 0.002171 0.011905 0.000000
0.136807 0.002171 0.011905 0.000000
0.138978 0.002171 0.011905 0.000000
0.141150 0.002171 0.011905 0.000000
0.143321 0.002171 0.011905 0.000000
0.145492 0.002171 0.011905 0.000000
0.147664 0.002171 0.011905 0.000000
0.149835 0.002171 0.011905 0.000000
0.152007 0.002171 0.011905 0.000000
0.154178 0.002171 0.011905 0.000000
0.156349 0.002171 0.011905 0.000000
0.158521 0.002171 0.011905 0.000000
0.160692 0.002171 0.011905 0.000000
0.162863 0.002171 0.011905 0.000000
0.165035 0.002171 0.011905 0.000000
0.167206 0.002171 0.011905 0.000000
0.169377 0.002171 0.011905 0.000000
0.171549 0.002171 0.011905 0.000000
0.173720 0.002171 0.011905 0.000000
0.175891 0.002171 0.011905 0.000000
0.178062 0.002171 0.011905 0.000000
0.180234 0.002171 0.011905 0.000000
0.182405 0.002171 0.011905 0.000000
0.184576 0.002171 0.011905 0.000000
0.186748 0.002171 0.011905 0.000000
0.188919 0.002171 0.011905 0.000000
0.191090 0.002171 0.011905 0.000000
0.193261 0.002171 0.011905 0.000000
0.195433 0.002171 0.011905 0.000000
0.197604 0.002171 0.011905 0.000000
0.199775 0.002171 0.011905 0.000000
0.201946 0.002171 0.011905 0.000000
0.204118 0.002171 0.011905 0.000000
0.206289 0.002171 0.011905 0.000000
0.208460 0.002171 0.011905 0.000000
0.210631 0.002171 0.011905 0.000000
0.212803 0.002171 0.011905 0.000000
0.214974 0.002171 0.011905 0.000000
0.217145 0.002171 0.011905 0.000000
0.219316 0.002171 0.011905 0.000000
0.221487 0.002171 0.011905 0.000000
0.223659 0.002171 0.011905 0.000000
0.225830 0.002171 0.011905 0.000000
0.228001 0.002171 0.011905 0.000000
0.230172 0.002171 0.011905 0.000000
0.232343 0.002171 0.011905 0.000000
0.234515 0.002171 0.011905 0.000000
0.236686 0.002171 0.011905 0.000000
0.238857 0.002171 0.011905 0.000000
0.241028 0.002171 0.011905 0.000000
0.243199 0.002171 0.011905 0.000000
0.245370 0.002171 0.011905 0.000000
0.247542 0.002171 0.011905 0.000000
0.249713 0.002171 0.011905 0.000000
0.251884 0.002171 0.011905 0.000000
0.254055 0.002171 0.011905 0.000000
0.256226 0.002171 0.011905 0.000000
0.258397 0.002171 0.011905 0.000000
0.260568 0.002171 0.011905 0.000000
0.262740 0.002171 0.011905 0.000000
0.264911 0.002171 0.011905 0.000000
0.267082 0.002171 0.011905 0.000000
0.269253 0.002171 0.011905 0.000000
0.271424 0.002171 0.011905 0.000000
0.273595 0.002171 0.011905 0.000000
0.275766 0.002171 0.011905 0.000000
0.277937 0.002171 0.011905 0.000000
0.280108 0.002171 0.011905 0.000000
0.282280 0.002171 0.011905 0.000000
0.284451 0.002171 0.011905 0.000000
0.286622 0.002171 0.011905 0.000000
0.288793 0.002171 0.011905 0.000000
0.290964 0.002171 0.011905 0.000000
0.293135 0.002171 0.011905 0.000000
0.295306 0.002171 0.011905 0.000000
0.297477 0.002171 0.011905 0.000000
0.299648 0.002171 0.011905 0.000000
0.301819 0.002171 0.011905 0.000000
0.303990 0.002171 0.011905 0.000000
0.306161 0.002171 0.011905 0.000000
0.308332 0.002171 0.011905 0.000000
0.310504 0.002171 0.011905 0.000000
0.312675 0.002171 0.011905 0.000000
0.314846 0.002171 0.011905 0.000000
0.317017 0.002171 0.011905 0.000000
0.319188 0.002171 0.011905 0.000000
0.321359 0.002171 0.011905 0.000000
0.323530 0.002171 0.011905 0.000000
0.325701 0.002171 0.011905 0.000000
0.327872 0.002171 0.011905 0.000000
0.330043 0.002171 0.011905 0.000000
0.332214 0.002171 0.011905 0.000000
0.334385 0.002171 0.011905 0.000000
0.336556 0.002171 0.011905 0.000000
0.338727 0.002171 0.011905 0.000000
0.340898 0.002171 0.011905 0.000000
0.343069 0.002171 0.011905 0.000000
0.345240 0.002171 0.011905 0.000000
0.347411 0.002171 0.011905 0.000000
0.349582 0.002171 0.011905 0.000000
0.351753 0.002171 0.011905 0.000000
0.353924 0.002171 0.011905 0.000000
0.356095 0.002171 0.011905 0.000000
0.358266 0.002171 0.011905 0.000000
0.360437 0.002171 0.011905 0.000000
0.362608 0.002171 0.011905 0.000000
0.364779 0.002171 0.011905 0.000000
0.366950 0.002171 0.011905 0.000000
0.369121 0.002171 0.011905 0.000000
0.371292 0.002171 0.011905 0.000000
0.373463 0.002171 0.011905 0.000000
0.375634 0.002171 0.011905 0.000000
0.377805 0.002171 0.011905 0.000000
0.379976 0.002171 0.011905 0.000000
0.382147 0.002171 0.011905 0.000000
0.384318 0.002171 0.011905 0.000000
0.386489 0.002171 0.011905 0.000000
0.388660 0.002171 0.011905 0.000000
0.390831 0.002171 0.011905 0.000000
0.393002 0.002171 0.011905 0.000000
0.395173 0.002171 0.011905 0.000000
0.397344 0.002171 0.011905 0.000000
0.399515 0.002171 0.011905 0.000000
0.401686 0.002171 0.011905 0.000000
0.403857 0.002171 0.011905 0.000000
0.406028 0.002171 0.011905 0.000000
0.408199 0.002171 0.011905 0.000000
0.410370 0.002171 0.011905 0.000000
0.412541 0.002171 0.011905 0.000000
0.414712 0.002171 0.011905 0.000000
0.416883 0.002171 0.011905 0.000000
0.419054 0.002171 0.011905 0.000000
0.421225 0.002171 0.011905 0.000000
0.423396 0.002171 0.011905 0.000000
0.425567 0.002171 0.011905 0.000000
0.427738 0.002171 0.011905 0.000000
0.429909 0.002171 0.011905 0.000000
0.432080 0.002171 0.011905 0.000000
0.434251 0.002171 0.011905 0.000000
0.436422 0.002171 0.011905 0.000000
0.438593 0.002171 0.011905 0.000000
0.440764 0.002171 0.011905 0.000000
0.442935 0.002171 0.011905 0.000000
0.445106 0.002171 0.011905 0.000000
0.447277 0.002171 0.011905 0.000000
0.449448 0.002171 0.011905 0.000000
0.451619 0.002171 0.011905 0.000000
0.453790 0.002171 0.011905 0.000000
0.455961 0.002171 0.011905 0.000000
0.458132 0.002171 0.011905 0.000000
0.460303 0.002171 0.011905 0.000000
0.462474 0.002171 0.011905 0.000000
0.464644 0.002171 0.011905 0.000000
0.466815 0.002171 0.011905 0.000000
0.468986 0.002171 0.011905 0.000000
0.471157 0.002171 0.011905 0.000000
0.473328 0.002171 0.011905 0.000000
0.475499 0.002171 0.011905 0.000000
0.477670 0.002171 0.011905 0.000000
0.479841 0.002171 0.011905 0.000000
0.482012 0.002171 0.011905 0.000000
0.484183 0.002171 0.011905 0.000000
0.486354 0.002171 0.011905 0.000000
0.488525 0.002171 0.011905 0.000000
0.490696 0.002171 0.011905 0.000000
0.492867 0.002171 0.011905 0.000000
0.495038 0.002171 0.011905 0.000000
0.497209 0.002171 0.011905 0.000000
0.499380 0.002171 0.011905 0.000000
0.501551 0.002171 0.011905 0.000000
0.503722 0.002171 0.011905 0.000000
0.505893 0.002171 0.011905 0.000000
0.508064 0.002171 0.011905 0.000000
0.510235 0.002171 0.011905 0.000000
0.512406 0.002171 0.011905 0.000000
0.514577 0.002171 0.011905 0.000000
0.516748 0.002171 0.011905 0.000000
0.518919 0.002171 0.011905 0.000000
0.521090 0.002171 0.011905 0.000000
0.523261 0.002171 0.011905 0.000000
0.525432 0.002171 0.011905 0.000000
0.527603 0.002171 0.011905 0.000000
0.529774 0.002171 0.011905 0.000000
0.531944 0.002171 0.011905 0.000000
0.534115 0.002171 0.011905 0.000000
0.536286 0.002171 0.011905 0.000000
0.538457 0.002171 0.011905 0.000000
0.540628 0.002171 0.011905 0.000000
0.542799 0.002171 0.011905 0.000000
0.544970 0.002171 0.011905 0.000000
0.547141 0.002171 0.011905 0.000000
0.549312 0.002171 0.011905 0.000000
0.551483 0.002171 0.011905 0.000000
0.553654 0.002171 0.011905 0.000000
0.555825 0.002171 0.011905 0.000000
0.557996 0.002171 0.011905 0.000000
0.560167 0.002171 0.011905 0.000000
0.562338 0.002171 0.011905 0.000000
0.564509 0.002171 0.011905 0.000000
0.566680 0.002171 0.011905 0.000000
0.568851 0.002171 0.011905 0.000000
0.571022 0.002171 0.011905 0.000000
0.573193 0.002171 0.011905 0.000000
0.575364 0.002171 0.011905 0.000000
0.577535 0.002171 0.011905 0.000000
0.579706 0.002171 0.011905 0.000000
0.581877 0.002171 0.011905 0.000000
0.584048 0.002171 0.011905 0.000000
0.586219 0.002171 0.011905 0.000000
0.588390 0.002171 0.011905 0.000000
0.590561 0.002171 0.011905 0.000000
0.592732 0.002171 0.011905 0.000000
0.594903 0.002171 0.011905 0.000000
0.597074 0.002171 0.011905 0.000000
0.599245 0.002171 0.011905 0.000000
0.601416 0.002171 0.011905 0.000000
0.603587 0.002171 0.011905 0.000000
0.605758 0.002171 0.011905 0.000000
0.607929 0.002171 0.011905 0.000000
0.610100 0.002171 0.011905 0.000000
0.612271 0.002171 0.011905 0.000000
0.614442 0.002171 0.011905 0.000000
0.616613 0.002171 0.011905 0.000000
0.618784 0.002171 0.011905 0.000000
0.620955 0.002171 0.011905 0.000000
0.623126 0.002171 0.011905 0.000000
0.625297 0.002171 0.011905 0.000000
0.627468 0.002171 0.011905 0.000000
0.629639 0.002171 0.011905 0.000000
0.631810 0.002171 0.011905 0.000000
0.633981 0.002171 0.011905 0.000000
0.636152 0.002171 0.011905 0.000000
0.638323 0.002171 0.011905 0.000000
0.640494 0.002171 0.011905 0.000000
0.642665 0.002171 0.011905 0.000000
0.644836 0.002171 0.011905 0.000000
0.647007 0.002171 0.011905 0.000000
0.649178 0.002171 0.011905 0.000000
0.651349 0.002171 0.011905 0.000000
0.653520 0.002171 0.011905 0.000000
0.655691 0.002171 0.011905 0.000000
0.657862 0.002171 0.011905 0.000000
0.660033 0.002171 0.011905 0.000000
0.662204 0.002171 0.011905 0.000000
0.664375 0.002171 0.011905 0.000000
0.666546 0.002171 0.011905 0.000000
0.668718 0.002171 0.011905 0.000000
0.670889 0.002171 0.011905 0.000000
0.673060 0.002171 0.011905 0.000000
0.675231 0.002171 0.011905 0.000000
0.677402 0.002171 0.011905 0.000000
0.679573 0.002171 0.011905 0.000000
0.681744 0.002171 0.011905 0.000000
0.683915 0.002171 0.011905 0.000000
0.686086 0.002171 0.011905 0.000000
0.688257 0.002171 0.011905 0.000000
0.690428 0.002171 0.011905 0.000000
0.692599 0.002171 0.011905 0.000000
0.694770 0.002171 0.011905 0.000000
0.696941 0.002171 0.011905 0.000000
0.699112 0.002171 0.011905 0.000000
0.701283 0.002171 0.011905 0.000000
0.703454 0.002171 0.011905 0.000000
0.705625 0.002171 0.011905 0.000000
0.707796 0.002171 0.011905 0.000000
0.709967 0.002171 0.011905 0.000000
0.712139 0.002171 0.011905 0.000000
0.714310 0.002171 0.011905 0.000000
0.716481 0.002171 0.011905 0.000000
0.718652 0.002171 0.011905 0.000000
0.720823 0.002171 0.011905 0.000000
0.722994 0.002171 0.011905 0.000000
0.725165 0.002171 0.011905 0.000000
0.727336 0.002171 0.011905 0.000000
0.729507 0.002171 0.011905 0.000000
0.731678 0.002171 0.011905 0.000000
0.733849 0.002171 0.011905 0.000000
0.736020 0.002171 0.011905 0.000000
0.738191 0.002171 0.011905 0.000000
0.740362 0.002171 0.011905 0.000000
0.742534 0.002171 0.011905 0.000000
0.744705 0.002171 0.011905 0.000000
0.746876 0.002171 0.011905 0.000000
0.749047 0.002171 0.011905 0.000000
0.751218 0.002171 0.011905 0.000000
0.753389 0.002171 0.011905 0.000000
0.755560 0.002171 0.011905 0.000000
0.757731 0.002171 0.011905 0.000000
0.759902 0.002171 0.011905 0.000000
0.762073 0.002171 0.011905 0.000000
0.764244 0.002171 0.011905 0.000000
0.766415 0.002171 0.011905 0.000000
0.768587 0.002171 0.011905 0.000000
0.770758 0.002171 0.011905 0.000000
0.772929 0.002171 0.011905 0.000000
0.775100 0.002171 0.011905 0.000000
0.777271 0.002171 0.011905 0.000000
0.779442 0.002171 0.011905 0.000000
0.781613 0.002171 0.011905 0.000000
0.783784 0.002171 0.011905 0.000000
0.785955 0.002171 0.011905 0.000000
0.788126 0.002171 0.011905 0.000000
0.790298 0.002171 0.011905 0.000000
0.792469 0.002171 0.011905 0.000000
0.794640 0.002171 0.011905 0.000000
0.796811 0.002171 0.011905 0.000000
0.798982 0.002171 0.011905 0.000000
0.801153 0.002171 0.011905 0.000000
0.803324 0.002171 0.011905 0.000000
0.805495 0.002171 0.011905 0.000000
0.807667 0.002171 0.011905 0.000000
0.809838 0.002171 0.011905 0.000000
0.812009 0.002171 0.011905 0.000000
0.814180 0.002171 0.011905 0.000000
0.816351 0.002171 0.011905 0.000000
0.818522 0.002171 0.011905 0.000000
0.820693 0.002171 0.011905 0.000000
0.822864 0.002171 0.011905 0.000000
0.825035 0.002171 0.011905 0.000000
0.827207 0.002171 0.011905 0.000000
0.829378 0.002171 0.011905 0.000000
0.831549 0.002171 0.011905 0.000000
0.833720 0.002171 0.011905 0.000000
0.835891 0.002171 0.011905 0.000000
0.838062 0.002171 0.011905 0.000000
0.840233 0.002171 0.011905 0.000000
0.842405 0.002171 0.011905 0.000000
0.844576 0.002171 0.011905 0.000000
0.846747 0.002171 0.011905 0.000000
0.848918 0.002171 0.011905 0.000000
0.851089 0.002171 0.011905 0.000000
0.853260 0.002171 0.011905 0.000000
0.855431 0.002171 0.011905 0.000000
0.857602 0.002171 0.011905 0.000000
0.859774 0.002171 0.011905 0.000000
0.861945 0.002171 0.011905 0.000000
0.864116 0.002171 0.011905 0.000000
0.866287 0.002171 0.011905 0.000000
0.868458 0.002171 0.011905 0.000000
0.870629 0.002171 0.011905 0.000000
0.872800 0.002171 0.011905 0.000000
0.874972 0.002171 0.011905 0.000000
0.877143 0.002171 0.011905 0.000000
0.879314 0.002171 0.011905 0.000000
0.881485 0.002171 0.011905 0.000000
0.883656 0.002171 0.011905 0.000000
0.885827 0.002171 0.011905 0.000000
0.887999 0.002171 0.011905 0.000000
0.890170 0.002171 0.011905 0.000000
0.892341 0.002171 0.011905 0.000000
0.894512 0.002171 0.011905 0.000000
0.896683 0.002171 0.011905 0.000000
0.898854 0.002171 0.011905 0.000000
0.901025 0.002171 0.011905 0.000000
0.903197 0.002171 0.011905 0.000000
0.905368 0.002171 0.011905 0.000000
0.907539 0.002171 0.011905 0.000000
0.909710 0.002171 0.011905 0.000000
0.911881 0.002171 0.011905 0.000000
0.914052 0.002171 0.011905 0.000000
0.916224 0.002171 0.011905 0.000000
0.918395 0.002171 0.011905 0.000000
0.920566 0.002171 0.011905 0.000000
0.922737 0.002171 0.011905 0.000000
0.924908 0.002171 0.011905 0.000000
0.927079 0.002171 0.011905 0.000000
0.929251 0.002171 0.011905 0.000000
0.931422 0.002171 0.011905 0.000000
0.933593 0.002171 0.011905 0.000000
0.935764 0.002171 0.011905 0.000000
0.937935 0.002171 0.011905 0.000000
0.940106 0.002171 0.011905 0.000000
0.942278 0.002171 0.011905 0.000000
0.944449 0.002171 0.011905 0.000000
0.946620 0.002171 0.011905 0.000000
0.948791 0.002171 0.011905 0.000000
0.950962 0.002171 0.011905 0.000000
0.953133 0.002171 0.011905 0.000000
0.955305 0.002171 0.011905 0.000000
0.957476 0.002171 0.011905 0.000000
0.959647 0.002171 0.011905 0.000000
0.961818 0.002171 0.011905 0.000000
0.963989 0.002171 0.011905 0.000000
0.966160 0.002171 0.011905 0.000000
0.968332 0.002171 0.011905 0.000000
0.970503 0.002171 0.011905 0.000000
0.972674 0.002171 0.011905 0.000000
0.974845 0.002171 0.011905 0.000000
0.977016 0.002171 0.011905 0.000000
0.979187 0.002171 0.011905 0.000000
0.981359 0.002171 0.011905 0.000000
0.983530 0.002171 0.011905 0.000000
0.985701 0.002171 0.011905 0.000000
0.987872 0.002171 0.011905 0.000000
0.990043 0.002171 0.011905 0.000000
0.992214 0.002171 0.011905 0.000000
0.994386 0.002171 0.011905 0.000000
0.996557 0.002171 0.011905 0.000000
0.998728 0.002171 0.011905 0.000000
1.000899 0.002171 0.011905 0.000000
1.003070 0.002171 0.011905 0.000000
1.005241 0.002171 0.011905 0.000000
1.007413 0.002171 0.011905 0.000000
1.009584 0.002171 0.011905 0.000000
1.011755 0.002171 0.011905 0.000000
1.013926 0.002171 0.011905 0.000000
1.016097 0.002171 0.011905 0.000000
1.018269 0.002171 0.011905 0.000000
1.020440 0.002171 0.011905 0.000000
1.022611 0.002171 0.011905 0.000000
1.024782 0.002171 0.011905 0.000000
1.026953 0.002171 0.011905 0.000000
1.029124 0.002171 0.011905 0.000000
1.031296 0.002171 0.011905 0.000000
1.033467 0.002171 0.011905 0.000000
1.035638 0.002171 0.011905 0.000000
1.037809 0.002171 0.011905 0.000000
1.039980 0.002171 0.011905 0.000000
1.042151 0.002171 0.011905 0.000000
1.044323 0.002171 0.011905 0.000000
1.046494 0.002171 0.011905 0.000000
1.048665 0.002171 0.011905 0.000000
1.050836 0.002171 0.011905 0.000000
1.053007 0.002171 0.011905 0.000000
1.055179 0.002171 0.011905 0.000000
1.057350 0.002171 0.011905 0.000000
1.059521 0.002171 0.011905 0.000000
1.061692 0.002171 0.011905 0.000000
1.063863 0.002171 0.011905 0.000000
1.066034 0.002171 0.011905 0.000000
1.068206 0.002171 0.011905 0.000000
1.070377 0.002171 0.011905 0.000000
1.072548 0.002171 0.011905 0.000000
1.074719 0.002171 0.011905 0.000000
1.076890 0.002171 0.011905 0.000000
1.079061 0.002171 0.011905 0.000000
1.081233 0.002171 0.011905 0.000000
1.083404 0.002171 0.011905 0.000000
1.085575 0.002171 0.011905 0.000000
1.087746 0.002171 0.011905 0.000000
1.089917 0.002171 0.011905 0.000000
1.092088 0.002171 0.011905 0.000000
1.094260 0.002171 0.011905 0.000000
1.096431 0.002171 0.011905 0.000000
1.098602 0.002171 0.011905 0.000000
1.100773 0.002171 0.011905 0.000000
1.102944 0.002171 0.011905 0.000000
1.105116 0.002171 0.011905 0.000000
1.107287 0.002171 0.011905 0.000000
1.109458 0.002171 0.011905 0.000000
1.111629 0.002171 0.011905 0.000000
1.113800 0.002171 0.011905 -0.000000
1.115971 0.002171 0.011905 -0.000000
1.118143 0.002171 0.011905 -0.000000
1.120314 0.002171 0.011905 -0.000000
1.122485 0.002171 0.011905 -0.000000
1.124656 0.002171 0.011905 -0.000000
1.126827 0.002171 0.011905 -0.000000
1.128998 0.002171 0.011905 -0.000000
1.131170 0.002171 0.011905 -0.000000
1.133341 0.002171 0.011905 -0.000000
1.135512 0.002171 0.011905 -0.000000
1.137683 0.002171 0.011905 -0.000000
1.139854 0.002171 0.011905 -0.000000
1.142025 0.002171 0.011905 -0.000000
1.144196 0.002171 0.011905 -0.000000
1.146368 0.002171 0.011905 -0.000000
1.148539 0.002171 0.011905 -0.000000
1.150710 0.002171 0.011905 -0.000000
1.152881 0.002171 0.011905 -0.000000
1.155052 0.002171 0.011905 -0.000000
1.157223 0.002171 0.011905 -0.000000
1.159395 0.002171 0.011905 -0.000000
1.161566 0.002171 0.011905 -0.000000
1.163737 0.002171 0.011905 -0.000000
1.165908 0.002171 0.011905 -0.000000
1.168079 0.002171 0.011905 -0.000000
1.170250 0.002171 0.011905 -0.000000
1.172422 0.002171 0.011905 -0.000000
1.174593 0.002171 0.011905 -0.000000
1.176764 0.002171 0.011905 -0.000000
1.178935 0.002171 0.011905 -0.000000
1.181106 0.002171 0.011905 -0.000000
1.183277 0.002171 0.011905 -0.000000
1.185448 0.002171 0.011905 -0.000000
1.187620 0.002171 0.011905 -0.000000
1.189791 0.002171 0.011905 -0.000000
1.191962 0.002171 0.011905 -0.000000
1.194133 0.002171 0.011905 -0.000000
1.196304 0.002171 0.011905 -0.000000
1.198475 0.002171 0.011905 -0.000000
1.200646 0.002171 0.011905 -0.000000
1.202818 0.002171 0.011905 -0.000000
1.204989 0.002171 0.011905 -0.000000
1.207160 0.002171 0.011905 -0.000000
1.209331 0.002171 0.011905 -0.000000
1.211502 0.002171 0.011905 -0.000000
1.213673 0.002171 0.011905 -0.000000
1.215844 0.002171 0.011905 -0.000000
1.218016 0.002171 0.011905 -0.000000
1.220187 0.002171 0.011905 -0.000000
1.222358 0.002171 0.011905 -0.000000
1.224529 0.002171 0.011905 -0.000000
1.226700 0.002171 0.011905 -0.000000
1.228871 0.002171 0.011905 -0.000000
1.231042 0.002171 0.011905 -0.000000
1.233214 0.002171 0.011905 -0.000000
1.235385 0.002171 0.011905 -0.000000
1.237556 0.002171 0.011905 -0.000000
1.239727 0.002171 0.011905 -0.000000
1.241898 0.002171 0.011905 -0.000000
1.244069 0.002171 0.011905 -0.000000
1.246240 0.002171 0.011905 -0.000000
1.248411 0.002171 0.011905 -0.000000
1.250583 0.002171 0.011905 -0.000000
1.252754 0.002171 0.011905 -0.000000
1.254925 0.002171 0.011905 -0.000000
1.257096 0.002171 0.011905 -0.000000
1.259267 0.002171 0.011905 -0.000000
1.261438 0.002171 0.011905 -0.000000
1.263609 0.002171 0.011905 -0.000000
1.265780 0.002171 0.011905 -0.000000
1.267952 0.002171 0.011905 -0.000000
1.270123 0.002171 0.011905 -0.000000
1.272294 0.002171 0.011905 -0.000000
1.274465 0.002171 0.011905 -0.000000
1.276636 0.002171 0.011905 -0.000000
1.278807 0.002171 0.011905 -0.000000
1.280978 0.002171 0.011905 -0.000000
1.283149 0.002171 0.011905 -0.000000
1.285321 0.002171 0.011905 -0.000000
1.287492 0.002171 0.011905 -0.000000
1.289663 0.002171 0.011905 -0.000000
1.291834 0.002171 0.011905 -0.000000
1.294005 0.002171 0.011905 -0.000000
1.296176 0.002171 0.011905 -0.000000
1.298347 0.002171 0.011905 -0.000000
1.300518 0.002171 0.011905 -0.000000
1.302689 0.002171 0.011905 -0.000000
1.304861 0.002171 0.011905 -0.000000
1.307032 0.002171 0.011905 -0.000000
1.309203 0.002171 0.011905 -0.000000
1.311374 0.002171 0.011905 -0.000000
1.313545 0.002171 0.011905 -0.000000
1.315716 0.002171 0.011905 -0.000000
1.317887 0.002171 0.011905 -0.000000
1.320058 0.002171 0.011905 -0.000000
1.322229 0.002171 0.011905 -0.000000
1.324400 0.002171 0.011905 -0.000000
1.326572 0.002171 0.011905 -0.000000
1.328743 0.002171 0.011905 -0.000000
1.330914 0.002171 0.011905 -0.000000
1.333085 0.002171 0.011905 -0.000000
1.335256 0.002171 0.011905 -0.000000
1.337427 0.002171 0.011905 -0.000000
1.339598 0.002171 0.011905 -0.000000
1.341769 0.002171 0.011905 -0.000000
1.343940 0.002171 0.011905 -0.000000
1.346111 0.002171 0.011905 -0.000000
1.348282 0.002171 0.011905 -0.000000
1.350454 0.002171 0.011905 -0.000000
1.352625 0.002171 0.011905 -0.000000
1.354796 0.002171 0.011905 -0.000000
1.356967 0.002171 0.011905 -0.000000
1.359138 0.002171 0.011905 -0.000000
1.361309 0.002171 0.011905 -0.000000
1.363480 0.002171 0.011905 -0.000000
1.365651 0.002171 0.011905 -0.000000
1.367822 0.002171 0.011905 -0.000000
1.369993 0.002171 0.011905 -0.000000
1.372164 0.002171 0.011905 -0.000000
1.374335 0.002171 0.011905 -0.000000
1.376507 0.002171 0.011905 -0.000000
1.378678 0.002171 0.011905 -0.000000
1.380849 0.002171 0.011905 -0.000000
1.383020 0.002171 0.011905 -0.000000
1.385191 0.002171 0.011905 -0.000000
1.387362 0.002171 0.011905 -0.000000
1.389533 0.002171 0.011905 -0.000000
1.391704 0.002171 0.011905 -0.000000
1.393875 0.002171 0.011905 -0.000000
1.396046 0.002171 0.011905 -0.000000
1.398217 0.002171 0.011905 -0.000000
1.400388 0.002171 0.011905 -0.000000
1.402559 0.002171 0.011905 -0.000000
1.404730 0.002171 0.011905 -0.000000
1.406902 0.002171 0.011905 -0.000000
1.409073 0.002171 0.011905 -0.000000
1.411244 0.002171 0.011905 -0.000000
1.413415 0.002171 0.011905 -0.000000
1.415586 0.002171 0.011905 -0.000000
1.417757 0.002171 0.011905 -0.000000
1.419928 0.002171 0.011905 -0.000000
1.422099 0.002171 0.011905 -0.000000
1.424270 0.002171 0.011905 -0.000000
1.426441 0.002171 0.011905 -0.000000
1.428612 0.002171 0.011905 -0.000000
1.430783 0.002171 0.011905 -0.000000
1.432954 0.002171 0.011905 -0.000000
1.435125 0.002171 0.011905 -0.000000
1.437296 0.002171 0.011905 -0.000000
1.439467 0.002171 0.011905 -0.000000
1.441638 0.002171 0.011905 -0.000000
1.443809 0.002171 0.011905 -0.000000
1.445980 0.002171 0.011905 -0.000000
1.448151 0.002171 0.011905 -0.000000
1.450323 0.002171 0.011905 -0.000000
1.452494 0.002171 0.011905 -0.000000
1.454665 0.002171 0.011905 -0.000000
1.456836 0.002171 0.011905 -0.000000
1.459007 0.002171 0.011905 -0.000000
1.461178 0.002171 0.011905 -0.000000
1.463349 0.002171 0.011905 -0.000000
1.465520 0.002171 0.011905 -0.000000
1.467691 0.002171 0.011905 -0.000000
1.469862 0.002171 0.011905 -0.000000
1.472033 0.002171 0.011905 -0.000000
1.474204 0.002171 0.011905 -0.000000
1.476375 0.002171 0.011905 -0.000000
1.478546 0.002171 0.011905 -0.000000
1.480717 0.002171 0.011905 -0.000000
1.482888 0.002171 0.011905 -0.000000
1.485059 0.002171 0.011905 -0.000000
1.487230 0.002171 0.011905 -0.000000
1.489401 0.002171 0.011905 -0.000000
1.491572 0.002171 0.011905 -0.000000
1.493743 0.002171 0.011905 -0.000000
1.495914 0.002171 0.011905 -0.000000
1.498085 0.002171 0.011905 -0.000000
1.500256 0.002171 0.011905 -0.000000
1.502427 0.002171 0.011905 -0.000000
1.504598 0.002171 0.011905 -0.000000
1.506769 0.002171 0.011905 -0.000000
1.508940 0.002171 0.011905 -0.000000
1.511111 0.002171 0.011905 -0.000000
1.513282 0.002171 0.011905 -0.000000
1.515453 0.002171 0.011905 -0.000000
1.517624 0.002171 0.011905 -0.000000
1.519795 0.002171 0.011905 -0.000000
1.521966 0.002171 0.011905 -0.000000
1.524137 0.002171 0.011905 -0.000000
1.526308 0.002171 0.011905 -0.000000
1.528479 0.002171 0.011905 -0.000000
1.530650 0.002171 0.011905 -0.000000
1.532821 0.002171 0.011905 -0.000000
1.534992 0.002171 0.011905 -0.000000
1.537163 0.002171 0.011905 -0.000000
1.539334 0.002171 0.011905 -0.000000
1.541505 0.002171 0.011905 -0.000000
1.543676 0.002171 0.011905 -0.000000
1.545847 0.002171 0.011905 -0.000000
1.548018 0.002171 0.011905 -0.000000
1.550189 0.002171 0.011905 -0.000000
1.552360 0.002171 0.011905 -0.000000
1.554531 0.002171 0.011905 -0.000000
1.556702 0.002171 0.011905 -0.000000
1.558873 0.002171 0.011905 -0.000000
1.561044 0.002171 0.011905 -0.000000
1.563215 0.002171 0.011905 -0.000000
1.565386 0.002171 0.011905 -0.000000
1.567557 0.002171 0.011905 -0.000000
1.569728 0.002171 0.011905 -0.000000
1.571899 0.002171 0.011905 -0.000000
1.574070 0.002171 0.011905 -0.000000
1.576241 0.002171 0.011905 -0.000000
1.578412 0.002171 0.011905 -0.000000
1.580583 0.002171 0.011905 -0.000000
1.582754 0.002171 0.011905 -0.000000
1.584925 0.002171 0.011905 -0.000000
1.587096 0.002171 0.011905 -0.000000
1.589267 0.002171 0.011905 -0.000000
1.591438 0.002171 0.011905 -0.000000
1.593609 0.002171 0.011905 -0.000000
1.595780 0.002171 0.011905 -0.000000
1.597951 0.002171 0.011905 -0.000000
1.600121 0.002171 0.011905 -0.000000
1.602292 0.002171 0.011905 -0.000000
1.604463 0.002171 0.011905 -0.000000
1.606634 0.002171 0.011905 -0.000000
1.608805 0.002171 0.011905 -0.000000
1.610976 0.002171 0.011905 -0.000000
1.613147 0.002171 0.011905 -0.000000
1.615318 0.002171 0.011905 -0.000000
1.617489 0.002171 0.011905 -0.000000
1.619660 0.002171 0.011905 -0.000000
1.621831 0.002171 0.011905 -0.000000
1.624002 0.002171 0.011905 -0.000000
1.626173 0.002171 0.011905 -0.000000
1.628344 0.002171 0.011905 -0.000000
1.630515 0.002171 0.011905 -0.000000
1.632686 0.002171 0.011905 -0.000000
1.634857 0.002171 0.011905 -0.000000
1.637028 0.002171 0.011905 -0.000000
1.639199 0.002171 0.011905 -0.000000
1.641369 0.002171 0.011905 -0.000000
1.643540 0.002171 0.011905 -0.000000
1.645711 0.002171 0.011905 -0.000000
1.647882 0.002171 0.011905 -0.000000
1.650053 0.002171 0.011905 -0.000000
1.652224 0.002171 0.011905 -0.000000
1.654395 0.002171 0.011905 -0.000001
1.656566 0.002171 0.011905 -0.000001
1.658737 0.002171 0.011905 -0.000001
1.660908 0.002171 0.011905 -0.000001
1.663079 0.002171 0.011904 -0.000001
1.665250 0.002171 0.011904 -0.000001
1.667421 0.002171 0.011904 -0.000001
1.669591 0.002171 0.011904 -0.000001
1.671762 0.002171 0.011904 -0.000001
1.673933 0.002171 0.011904 -0.000001
1.676104 0.002171 0.011904 -0.000001
1.678275 0.002171 0.011904 -0.000001
1.680446 0.002171 0.011904 -0.000001
1.682617 0.002171 0.011904 -0.000001
1.684788 0.002171 0.011904 -0.000001
1.686959 0.002171 0.011904 -0.000001
1.689130 0.002171 0.011904 -0.000002
1.691300 0.002171 0.011904 -0.000002
1.693471 0.002171 0.011904 -0.000002
1.695642 0.002171 0.011903 -0.000002
1.697813 0.002171 0.011903 -0.000002
1.699984 0.002171 0.011903 -0.000002
1.702155 0.002171 0.011903 -0.000002
1.704326 0.002171 0.011903 -0.000002
1.706497 0.002171 0.011903 -0.000002
1.708668 0.002171 0.011903 -0.000002
1.710839 0.002171 0.011903 -0.000002
1.713009 0.002171 0.011903 -0.000002
1.715180 0.002171 0.011903 -0.000002
1.717351 0.002171 0.011903 -0.000003
1.719522 0.002171 0.011903 -0.000003
1.721693 0.002171 0.011903 -0.000003
1.723864 0.002171 0.011902 -0.000003
1.726035 0.002171 0.011902 -0.000003
1.728206 0.002171 0.011902 -0.000003
1.730376 0.002171 0.011902 -0.000003
1.732547 0.002171 0.011902 -0.000003
1.734718 0.002171 0.011902 -0.000003
1.736889 0.002171 0.011902 -0.000003
1.739060 0.002171 0.011902 -0.000003
1.741231 0.002171 0.011902 -0.000003
1.743402 0.002171 0.011902 -0.000003
1.745573 0.002171 0.011902 -0.000003
1.747743 0.002171 0.011902 -0.000003
1.749914 0.002171 0.011902 -0.000004
1.752085 0.002171 0.011902 -0.000004
1.754256 0.002171 0.011902 -0.000004
1.756427 0.002171 0.011901 -0.000004
1.758598 0.002171 0.011901 -0.000004
1.760769 0.002171 0.011901 -0.000004
1.762939 0.002171 0.011901 -0.000004
1.765110 0.002171 0.011901 -0.000004
1.767281 0.002171 0.011901 -0.000004
1.769452 0.002171 0.011901 -0.000004
1.771623 0.002171 0.011901 -0.000004
1.773794 0.002171 0.011901 -0.000004
1.775964 0.002171 0.011901 -0.000004
1.778135 0.002171 0.011901 -0.000004
1.780306 0.002171 0.011901 -0.000004
1.782477 0.002171 0.011901 -0.000004
1.784648 0.002171 0.011901 -0.000004
1.786819 0.002171 0.011901 -0.000004
1.788990 0.002171 0.011901 -0.000004
1.791160 0.002171 0.011901 -0.000004
1.793331 0.002171 0.011901 -0.000004
1.795502 0.002171 0.011901 -0.000004
1.797673 0.002171 0.011901 -0.000004
1.799844 0.002171 0.011901 -0.000004
1.802014 0.002171 0.011901 -0.000004
1.804185 0.002171 0.011901 -0.000004
1.806356 0.002171 0.011901 -0.000004
1.808527 0.002171 0.011901 -0.000004
1.810698 0.002171 0.011901 -0.000004
1.812869 0.002171 0.011901 -0.000004
1.815039 0.002171 0.011901 -0.000004
1.817210 0.002171 0.011901 -0.000004
1.819381 0.002171 0.011901 -0.000004
1.821552 0.002171 0.011901 -0.000004
1.823723 0.002171 0.011901 -0.000004
1.825894 0.002171 0.011901 -0.000004
1.828064 0.002171 0.011901 -0.000004
1.830235 0.002171 0.011901 -0.000004
1.832406 0.002171 0.011901 -0.000004
1.834577 0.002171 0.011901 -0.000004
1.836748 0.002171 0.011901 -0.000004
1.838918 0.002171 0.011901 -0.000004
1.841089 0.002171 0.011901 -0.000004
1.843260 0.002171 0.011901 -0.000004
1.845431 0.002171 0.011901 -0.000004
1.847602 0.002171 0.011901 -0.000004
1.849772 0.002171 0.011901 -0.000004
1.851943 0.002171 0.011901 -0.000004
1.854114 0.002171 0.011901 -0.000004
1.856285 0.002171 0.011901 -0.000004
1.858456 0.002171 0.011901 -0.000004
1.860626 0.002171 0.011901 -0.000004
1.862797 0.002171 0.011901 -0.000004
1.864968 0.002171 0.011901 -0.000004
1.867139 0.002171 0.011901 -0.000004
1.869309 0.002171 0.011901 -0.000004
1.871480 0.002171 0.011901 -0.000004
1.873651 0.002171 0.011901 -0.000004
1.875822 0.002171 0.011901 -0.000004
1.877993 0.002171 0.011901 -0.000004
1.880163 0.002171 0.011901 -0.000004
1.882334 0.002171 0.011901 -0.000004
1.884505 0.002171 0.011901 -0.000004
1.886676 0.002171 0.011901 -0.000004
1.888847 0.002171 0.011901 -0.000004
1.891017 0.002171 0.011901 -0.000004
1.893188 0.002171 0.011901 -0.000004
1.895359 0.002171 0.011901 -0.000004
1.897530 0.002171 0.011901 -0.000004
1.899700 0.002171 0.011901 -0.000004
1.901871 0.002171 0.011901 -0.000004
1.904042 0.002171 0.011901 -0.000004
1.906213 0.002171 0.011901 -0.000004
1.908383 0.002171 0.011901 -0.000004
1.910554 0.002171 0.011901 -0.000004
1.912725 0.002171 0.011901 -0.000004
1.914896 0.002171 0.011901 -0.000004
1.917067 0.002171 0.011901 -0.000004
1.919237 0.002171 0.011901 -0.000004
1.921408 0.002171 0.011902 -0.000004
1.923579 0.002171 0.011902 -0.000004
1.925750 0.002171 0.011902 -0.000004
1.927920 0.002171 0.011902 -0.000003
1.930091 0.002171 0.011902 -0.000003
1.932262 0.002171 0.011902 -0.000003
1.934433 0.002171 0.011902 -0.000003
1.936603 0.002171 0.011902 -0.000003
1.938774 0.002171 0.011902 -0.000003
1.940945 0.002171 0.011902 -0.000003
1.943116 0.002171 0.011902 -0.000003
1.945286 0.002171 0.011902 -0.000003
1.947457 0.002171 0.011902 -0.000003
1.949628 0.002171 0.011902 -0.000003
1.951799 0.002171 0.011903 -0.000003
1.953969 0.002171 0.011903 -0.000003
1.956140 0.002171 0.011903 -0.000002
1.958311 0.002171 0.011903 -0.000002
1.960482 0.002171 0.011903 -0.000002
1.962652 0.002171 0.011903 -0.000002
1.964823 0.002171 0.011903 -0.000002
1.966994 0.002171 0.011903 -0.000002
1.969165 0.002171 0.011903 -0.000002
1.971335 0.002171 0.011903 -0.000002
1.973506 0.002171 0.011903 -0.000002
1.975677 0.002171 0.011903 -0.000002
1.977848 0.002171 0.011904 -0.000002
1.980018 0.002171 0.011904 -0.000002
1.982189 0.002171 0.011904 -0.000001
1.984360 0.002171 0.011904 -0.000001
1.986530 0.002171 0.011904 -0.000001
1.988701 0.002171 0.011904 -0.000001
1.990872 0.002171 0.011904 -0.000001
1.993043 0.002171 0.011904 -0.000001
1.995213 0.002171 0.011904 -0.000001
1.997384 0.002171 0.011904 -0.000001
1.999555 0.002171 0.011904 -0.000001
2.001726 0.002171 0.011904 -0.000001
2.003896 0.002171 0.011904 -0.000001
2.006067 0.002171 0.011904 -0.000001
2.008238 0.002171 0.011905 -0.000001
2.010409 0.002171 0.011905 -0.000001
2.012579 0.002171 0.011905 -0.000001
2.014750 0.002171 0.011905 -0.000000
2.016921 0.002171 0.011905 -0.000000
2.019092 0.002171 0.011905 -0.000000
2.021262 0.002171 0.011905 -0.000000
2.023433 0.002171 0.011905 -0.000000
2.025604 0.002171 0.011905 -0.000000
2.027774 0.002171 0.011905 -0.000000
2.029945 0.002171 0.011905 -0.000000
2.032116 0.002171 0.011905 -0.000000
2.034287 0.002171 0.011905 -0.000000
2.036457 0.002171 0.011905 -0.000000
2.038628 0.002171 0.011905 -0.000000
2.040799 0.002171 0.011905 0.000000
2.042970 0.002171 0.011905 0.000000
2.045140 0.002171 0.011905 0.000000
2.047311 0.002171 0.011905 0.000000
2.049482 0.002171 0.011905 0.000000
2.051653 0.002171 0.011905 0.000000
2.053823 0.002171 0.011905 0.000000
2.055994 0.002171 0.011905 0.000000
2.058165 0.002171 0.011905 0.000000
2.060335 0.002171 0.011905 0.000000
2.062506 0.002171 0.011905 0.000000
2.064677 0.002171 0.011905 0.000000
2.066848 0.002171 0.011905 0.000000
2.069018 0.002171 0.011905 0.000000
2.071189 0.002171 0.011905 0.000000
2.073360 0.002171 0.011906 0.000000
2.075531 0.002171 0.011906 0.000000
2.077701 0.002171 0.011906 0.000000
2.079872 0.002171 0.011906 0.000000
2.082043 0.002171 0.011906 0.000000
2.084214 0.002171 0.011906 0.000000
2.086384 0.002171 0.011906 0.000000
2.088555 0.002171 0.011906 0.000000
2.090726 0.002171 0.011906 0.000000
2.092897 0.002171 0.011906 0.000000
2.095067 0.002171 0.011905 0.000000
2.097238 0.002171 0.011905 0.000000
2.099409 0.002171 0.011905 0.000000
2.101580 0.002171 0.011905 0.000000
2.103750 0.002171 0.011905 0.000000
2.105921 0.002171 0.011905 0.000000
2.108092 0.002171 0.011905 0.000000
2.110263 0.002171 0.011905 0.000000
2.112433 0.002171 0.011905 0.000000
2.114604 0.002171 0.011905 0.000000
2.116775 0.002171 0.011905 0.000000
2.118946 0.002171 0.011905 0.000000
2.121116 0.002171 0.011905 0.000000
2.123287 0.002171 0.011905 0.000000
2.125458 0.002171 0.011905 0.000000
2.127629 0.002171 0.011905 0.000000
2.129799 0.002171 0.011905 0.000000
2.131970 0.002171 0.011905 0.000000
2.134141 0.002171 0.011905 0.000000
2.136312 0.002171 0.011905 0.000000
2.138483 0.002171 0.011905 -0.000000
2.140653 0.002171 0.011905 -0.000000
2.142824 0.002171 0.011905 -0.000000
2.144995 0.002171 0.011905 -0.000000
2.147166 0.002171 0.011905 -0.000000
2.149336 0.002171 0.011905 -0.000000
2.151507 0.002171 0.011905 -0.000000
2.153678 0.002171 0.011905 -0.000000
2.155849 0.002171 0.011905 -0.000000
2.158020 0.002171 0.011905 -0.000000
2.160190 0.002171 0.011905 -0.000000
2.162361 0.002171 0.011905 -0.000000
2.164532 0.002171 0.011905 -0.000000
2.166703 0.002171 0.011905 -0.000000
2.168874 0.002171 0.011905 -0.000000
2.171044 0.002171 0.011905 -0.000000
2.173215 0.002171 0.011905 -0.000000
2.175386 0.002171 0.011905 -0.000000
2.177557 0.002171 0.011905 -0.000000
2.179728 0.002171 0.011905 -0.000000
2.181898 0.002171 0.011905 -0.000000
2.184069 0.002171 0.011905 -0.000000
2.186240 0.002171 0.011905 -0.000000
2.188411 0.002171 0.011905 -0.000000
2.190582 0.002171 0.011905 -0.000000
2.192753 0.002171 0.011905 -0.000000
2.194923 0.002171 0.011905 -0.000000
2.197094 0.002171 0.011905 -0.000000
2.199265 0.002171 0.011905 -0.000000
2.201436 0.002171 0.011905 -0.000000
2.203607 0.002171 0.011905 -0.000000
2.205778 0.002171 0.011905 -0.000000
2.207948 0.002171 0.011905 -0.000001
2.210119 0.002171 0.011905 -0.000001
2.212290 0.002171 0.011905 -0.000001
2.214461 0.002171 0.011905 -0.000001
2.216632 0.002171 0.011905 -0.000001
2.218803 0.002171 0.011905 -0.000001
2.220974 0.002171 0.011905 -0.000001
2.223144 0.002171 0.011905 -0.000001
2.225315 0.002171 0.011905 -0.000001
2.227486 0.002171 0.011905 -0.000001
2.229657 0.002171 0.011905 -0.000001
2.231828 0.002171 0.011905 -0.000001
2.233999 0.002171 0.011905 -0.000001
2.236170 0.002171 0.011905 -0.000001
2.238341 0.002171 0.011905 -0.000001
2.240512 0.002171 0.011904 -0.000001
2.242683 0.002171 0.011904 -0.000001
2.244853 0.002171 0.011904 -0.000001
2.247024 0.002171 0.011904 -0.000001
2.249195 0.002171 0.011904 -0.000001
2.251366 0.002171 0.011904 -0.000001
2.253537 0.002171 0.011904 -0.000001
2.255708 0.002171 0.011904 -0.000001
2.257879 0.002171 0.011904 -0.000001
2.260050 0.002171 0.011904 -0.000001
2.262221 0.002171 0.011904 -0.000001
2.264392 0.002171 0.011904 -0.000001
2.266563 0.002171 0.011904 -0.000001
2.268734 0.002171 0.011904 -0.000001
2.270905 0.002171 0.011904 -0.000001
2.273076 0.002171 0.011904 -0.000001
2.275247 0.002171 0.011904 -0.000001
2.277418 0.002171 0.011904 -0.000001
2.279589 0.002171 0.011904 -0.000001
2.281760 0.002171 0.011904 -0.000001
2.283931 0.002171 0.011904 -0.000001
2.286102 0.002171 0.011904 -0.000001
2.288273 0.002171 0.011904 -0.000001
2.290444 0.002171 0.011904 -0.000001
2.292615 0.002171 0.011904 -0.000001
2.294786 0.002171 0.011904 -0.000001
2.296957 0.002171 0.011904 -0.000001
2.299128 0.002171 0.011904 -0.000001
2.301299 0.002171 0.011904 -0.000001
2.303470 0.002171 0.011904 -0.000001
2.305641 0.002171 0.011904 -0.000001
2.307812 0.002171 0.011904 -0.000001
2.309983 0.002171 0.011904 -0.000001
2.312154 0.002171 0.011904 -0.000001
2.314325 0.002171 0.011904 -0.000001
2.316496 0.002171 0.011904 -0.000001
2.318667 0.002171 0.011904 -0.000001
2.320838 0.002171 0.011904 -0.000001
2.323009 0.002171 0.011904 -0.000001
2.325180 0.002171 0.011904 -0.000001
2.327352 0.002171 0.011904 -0.000001
2.329523 0.002171 0.011904 -0.000001
2.331694 0.002171 0.011904 -0.000001
2.333865 0.002171 0.011904 -0.000001
2.336036 0.002171 0.011904 -0.000001
2.338207 0.002171 0.011904 -0.000001
2.340378 0.002171 0.011904 -0.000001
2.342549 0.002171 0.011904 -0.000001
2.344721 0.002171 0.011904 -0.000001
2.346892 0.002171 0.011904 -0.000001
2.349063 0.002171 0.011904 -0.000001
2.351234 0.002171 0.011904 -0.000001
2.353405 0.002171 0.011904 -0.000001
2.355576 0.002171 0.011904 -0.000001
2.357748 0.002171 0.011904 -0.000001
2.359919 0.002171 0.011904 -0.000001
2.362090 0.002171 0.011904 -0.000001
2.364261 0.002171 0.011904 -0.000001
2.366432 0.002171 0.011904 -0.000001
2.368604 0.002171 0.011904 -0.000001
2.370775 0.002171 0.011904 -0.000001
2.372946 0.002171 0.011904 -0.000001
2.375117 0.002171 0.011904 -0.000001
2.377289 0.002171 0.011905 -0.000001
2.379460 0.002171 0.011905 -0.000001
2.381631 0.002171 0.011905 -0.000001
2.383803 0.002171 0.011905 -0.000001
2.385974 0.002171 0.011905 -0.000001
2.388145 0.002171 0.011905 -0.000001
2.390316 0.002171 0.011905 -0.000001
2.392488 0.002171 0.011905 -0.000001
2.394659 0.002171 0.011905 -0.000001
2.396830 0.002171 0.011905 -0.000001
2.399002 0.002171 0.011905 -0.000001
2.401173 0.002171 0.011905 -0.000000
2.403344 0.002171 0.011905 -0.000000
2.405516 0.002171 0.011905 -0.000000
2.407687 0.002171 0.011905 -0.000000
2.409859 0.002171 0.011905 -0.000000
2.412030 0.002171 0.011905 -0.000000
2.414201 0.002171 0.011905 -0.000000
2.416373 0.002171 0.011905 -0.000000
2.418544 0.002171 0.011905 -0.000000
2.420716 0.002171 0.011905 -0.000000
2.422887 0.002171 0.011905 -0.000000
2.425058 0.002171 0.011905 -0.000000
2.427230 0.002171 0.011905 -0.000000
2.429401 0.002171 0.011905 -0.000000
2.431573 0.002171 0.011905 -0.000000
2.433744 0.002171 0.011905 -0.000000
2.435916 0.002171 0.011905 -0.000000
2.438087 0.002171 0.011905 -0.000000
2.440259 0.002172 0.011905 -0.000000
2.442430 0.002172 0.011905 -0.000000
2.444602 0.002172 0.011905 -0.000000
2.446773 0.002172 0.011905 -0.000000
2.448945 0.002172 0.011905 0.000000
2.451116 0.002172 0.011905 0.000000
2.453288 0.002172 0.011905 0.000000
2.455459 0.002172 0.011905 0.000000
2.457631 0.002172 0.011905 0.000000
2.459803 0.002172 0.011905 0.000000
2.461974 0.002172 0.011905 0.000000
2.464146 0.002172 0.011905 0.000000
2.466317 0.002172 0.011905 0.000000
2.468489 0.002172 0.011905 0.000000
2.470660 0.002172 0.011905 0.000000
2.472832 0.002172 0.011905 0.000000
2.475003 0.002172 0.011906 0.000000
2.477175 0.002172 0.011906 0.000000
2.479346 0.002172 0.011906 0.000000
2.481518 0.002172 0.011906 0.000000
2.483689 0.002172 0.011906 0.000000
2.485861 0.002172 0.011906 0.000000
2.488032 0.002172 0.011906 0.000000
2.490204 0.002172 0.011906 0.000000
2.492376 0.002172 0.011906 0.000001
2.494547 0.002172 0.011906 0.000001
2.496719 0.002172 0.011906 0.000001
2.498890 0.002172 0.011906 0.000001
2.501062 0.002172 0.011906 0.000001
2.503233 0.002172 0.011906 0.000001
2.505405 0.002172 0.011906 0.000001
2.507576 0.002172 0.011906 0.000001
2.509748 0.002172 0.011906 0.000001
2.511919 0.002172 0.011906 0.000001
2.514091 0.002172 0.011906 0.000001
2.516262 0.002172 0.011906 0.000001
2.518434 0.002172 0.011906 0.000001
2.520605 0.002172 0.011906 0.000001
2.522777 0.002172 0.011906 0.000001
2.524948 0.002172 0.011906 0.000001
2.527120 0.002172 0.011906 0.000001
2.529292 0.002172 0.011906 0.000001
2.531463 0.002172 0.011906 0.000001
2.533635 0.002172 0.011906 0.000001
2.535806 0.002172 0.011906 0.000001
2.537978 0.002172 0.011906 0.000001
2.540149 0.002172 0.011906 0.000001
2.542321 0.002172 0.011906 0.000001
2.544492 0.002172 0.011906 0.000001
2.546664 0.002172 0.011906 0.000001
2.548835 0.002172 0.011906 0.000001
2.551007 0.002172 0.011906 0.000001
2.553178 0.002172 0.011906 0.000001
2.555350 0.002172 0.011906 0.000001
2.557521 0.002172 0.011906 0.000001
2.559693 0.002172 0.011906 0.000001
2.561865 0.002172 0.011906 0.000001
2.564036 0.002172 0.011906 0.000001
2.566208 0.002172 0.011906 0.000001
2.568379 0.002172 0.011906 0.000001
2.570551 0.002172 0.011906 0.000001
2.572722 0.002172 0.011906 0.000001
2.574894 0.002172 0.011906 0.000001
2.577065 0.002172 0.011906 0.000001
2.579237 0.002172 0.011906 0.000001
2.581408 0.002172 0.011906 0.000001
2.583580 0.002172 0.011906 0.000001
2.585751 0.002172 0.011906 0.000001
2.587923 0.002172 0.011906 0.000001
2.590094 0.002172 0.011906 0.000001
2.592266 0.002172 0.011906 0.000001
2.594438 0.002172 0.011906 0.000001
2.596609 0.002172 0.011906 0.000001
2.598781 0.002172 0.011906 0.000001
2.600952 0.002172 0.011906 0.000001
2.603124 0.002172 0.011906 0.000001
2.605295 0.002172 0.011906 0.000001
2.607467 0.002172 0.011907 0.000001
2.609638 0.002172 0.011907 0.000001
2.611810 0.002172 0.011907 0.000001
2.613981 0.002172 0.011907 0.000001
2.616153 0.002172 0.011907 0.000001
2.618324 0.002172 0.011907 0.000001
2.620496 0.002172 0.011907 0.000001
2.622667 0.002172 0.011907 0.000001
2.624839 0.002172 0.011907 0.000001
2.627011 0.002172 0.011907 0.000001
2.629182 0.002172 0.011907 0.000001
2.631354 0.002172 0.011907 0.000001
2.633525 0.002172 0.011907 0.000001
2.635697 0.002172 0.011907 0.000001
2.637868 0.002172 0.011907 0.000001
2.640040 0.002172 0.011907 0.000001
2.642211 0.002172 0.011907 0.000001
2.644383 0.002172 0.011907 0.000001
2.646554 0.002172 0.011907 0.000001
2.648726 0.002172 0.011906 0.000001
2.650897 0.002172 0.011906 0.000001
2.653069 0.002172 0.011906 0.000001
2.655240 0.002172 0.011906 0.000001
2.657412 0.002172 0.011906 0.000001
2.659584 0.002172 0.011906 0.000001
2.661755 0.002172 0.011906 0.000001
2.663927 0.002172 0.011906 0.000001
2.666098 0.002172 0.011906 0.000001
2.668270 0.002172 0.011906 0.000001
2.670441 0.002172 0.011906 0.000001
2.672613 0.002172 0.011906 0.000001
2.674784 0.002172 0.011906 0.000001
2.676956 0.002172 0.011906 0.000001
2.679127 0.002172 0.011906 0.000001
2.681299 0.002172 0.011906 0.000001
2.683470 0.002172 0.011906 0.000001
2.685642 0.002172 0.011906 0.000001
2.687814 0.002172 0.011906 0.000001
2.689985 0.002172 0.011906 0.000001
2.692157 0.002172 0.011906 0.000001
2.694328 0.002172 0.011906 0.000001
2.696500 0.002172 0.011906 0.000001
2.698671 0.002172 0.011906 0.000001
2.700843 0.002172 0.011906 0.000001
2.703014 0.002172 0.011906 0.000001
2.705186 0.002172 0.011906 0.000001
2.707357 0.002172 0.011906 0.000001
2.709529 0.002172 0.011906 0.000001
2.711700 0.002172 0.011906 0.000000
2.713872 0.002172 0.011906 0.000000
2.716044 0.002172 0.011906 0.000000
2.718215 0.002172 0.011905 0.000000
2.720387 0.002172 0.011905 0.000000
2.722558 0.002172 0.011905 0.000000
2.724730 0.002172 0.011905 -0.000000
2.726901 0.002172 0.011905 -0.000000
2.729073 0.002172 0.011905 -0.000000
2.731244 0.002172 0.011905 -0.000000
2.733416 0.002172 0.011905 -0.000001
2.735587 0.002172 0.011904 -0.000001
2.737759 0.002172 0.011904 -0.000001
2.739930 0.002172 0.011904 -0.000001
2.742102 0.002172 0.011904 -0.000001
2.744274 0.002172 0.011904 -0.000001
2.746445 0.002172 0.011904 -0.000002
2.748617 0.002172 0.011903 -0.000002
2.750788 0.002172 0.011903 -0.000002
2.752960 0.002172 0.011903 -0.000002
2.755131 0.002172 0.011903 -0.000002
2.757303 0.002172 0.011903 -0.000003
2.759474 0.002172 0.011902 -0.000003
2.761646 0.002172 0.011902 -0.000003
2.763817 0.002172 0.011902 -0.000003
2.765989 0.002172 0.011902 -0.000003
2.768161 0.002172 0.011902 -0.000004
2.770332 0.002172 0.011901 -0.000004
2.772504 0.002172 0.011901 -0.000004
2.774675 0.002172 0.011901 -0.000004
2.776847 0.002172 0.011901 -0.000004
2.779018 0.002172 0.011901 -0.000004
2.781190 0.002172 0.011901 -0.000005
2.783361 0.002172 0.011900 -0.000005
2.785533 0.002172 0.011900 -0.000005
2.787704 0.002172 0.011900 -0.000005
2.789876 0.002172 0.011900 -0.000005
2.792047 0.002172 0.011900 -0.000005
2.794219 0.002172 0.011900 -0.000006
2.796391 0.002172 0.011900 -0.000006
2.798562 0.002172 0.011899 -0.000006
2.800734 0.002172 0.011899 -0.000006
2.802905 0.002172 0.011899 -0.000006
2.805077 0.002172 0.011899 -0.000006
2.807248 0.002172 0.011899 -0.000006
2.809420 0.002172 0.011899 -0.000006
2.811591 0.002172 0.011899 -0.000006
2.813763 0.002172 0.011899 -0.000007
2.815935 0.002172 0.011899 -0.000007
2.818106 0.002172 0.011898 -0.000007
2.820278 0.002172 0.011898 -0.000007
2.822449 0.002172 0.011898 -0.000007
2.824621 0.002172 0.011898 -0.000007
2.826792 0.002172 0.011898 -0.000007
2.828964 0.002172 0.011898 -0.000007
2.831135 0.002172 0.011898 -0.000007
2.833307 0.002172 0.011898 -0.000007
2.835478 0.002172 0.011898 -0.000007
2.837650 0.002172 0.011898 -0.000007
2.839822 0.002172 0.011898 -0.000007
2.841993 0.002172 0.011898 -0.000007
2.844165 0.002172 0.011898 -0.000007
2.846336 0.002172 0.011898 -0.000007
2.848508 0.002172 0.011898 -0.000007
2.850679 0.002172 0.011898 -0.000008
2.852851 0.002172 0.011898 -0.000008
2.855022 0.002172 0.011898 -0.000008
2.857194 0.002172 0.011898 -0.000008
2.859366 0.002172 0.011898 -0.000008
2.861537 0.002172 0.011898 -0.000008
2.863709 0.002172 0.011898 -0.000008
2.865880 0.002172 0.011898 -0.000008
2.868052 0.002172 0.011898 -0.000008
2.870223 0.002172 0.011898 -0.000008
2.872395 0.002172 0.011898 -0.000008
2.874566 0.002172 0.011897 -0.000008
2.876738 0.002172 0.011897 -0.000008
2.878910 0.002172 0.011897 -0.000008
2.881081 0.002172 0.011897 -0.000008
2.883253 0.002172 0.011897 -0.000008
2.885424 0.002172 0.011897 -0.000008
2.887596 0.002172 0.011897 -0.000008
2.889767 0.002172 0.011897 -0.000008
2.891939 0.002172 0.011897 -0.000008
2.894110 0.002172 0.011898 -0.000008
2.896282 0.002172 0.011898 -0.000008
2.898454 0.002172 0.011898 -0.000008
2.900625 0.002172 0.011898 -0.000008
2.902797 0.002172 0.011898 -0.000008
2.904968 0.002172 0.011898 -0.000008
2.907140 0.002172 0.011898 -0.000007
2.909311 0.002172 0.011898 -0.000007
2.911483 0.002172 0.011898 -0.000007
2.913654 0.002172 0.011898 -0.000007
2.915826 0.002172 0.011898 -0.000007
2.917998 0.002172 0.011898 -0.000007
2.920169 0.002172 0.011898 -0.000007
2.922341 0.002172 0.011898 -0.000007
2.924512 0.002172 0.011898 -0.000007
2.926684 0.002172 0.011899 -0.000007
2.928855 0.002172 0.011899 -0.000006
2.931027 0.002172 0.011899 -0.000006
2.933199 0.002172 0.011899 -0.000006
2.935370 0.002172 0.011899 -0.000006
2.937542 0.002172 0.011899 -0.000006
2.939713 0.002172 0.011900 -0.000006
2.941885 0.002172 0.011900 -0.000005
2.944056 0.002172 0.011900 -0.000005
2.946228 0.002172 0.011900 -0.000005
2.948399 0.002172 0.011901 -0.000005
2.950571 0.002172 0.011901 -0.000004
2.952743 0.002172 0.011901 -0.000004
2.954914 0.002172 0.011901 -0.000004
2.957086 0.002172 0.011901 -0.000004
2.959257 0.002172 0.011902 -0.000004
2.961429 0.002172 0.011902 -0.000003
2.963600 0.002172 0.011902 -0.000003
2.965772 0.002172 0.011902 -0.000003
2.967944 0.002172 0.011903 -0.000003
2.970115 0.002172 0.011903 -0.000002
2.972287 0.002172 0.011903 -0.000002
2.974458 0.002172 0.011903 -0.000002
2.976630 0.002172 0.011904 -0.000002
2.978801 0.002172 0.011904 -0.000001
2.980973 0.002172 0.011904 -0.000001
2.983145 0.002172 0.011904 -0.000001
2.985316 0.002172 0.011904 -0.000001
2.987488 0.002172 0.011905 -0.000001
2.989659 0.002172 0.011905 -0.000000
2.991831 0.002172 0.011905 -0.000000
2.994002 0.002172 0.011905 -0.000000
2.996174 0.002172 0.011905 0.000000
2.998346 0.002172 0.011905 0.000000
3.000517 0.002172 0.011906 0.000000
3.002689 0.002172 0.011906 0.000001
3.004860 0.002172 0.011906 0.000001
3.007032 0.002172 0.011906 0.000001
3.009203 0.002172 0.011906 0.000001
3.011375 0.002172 0.011906 0.000001
3.013547 0.002172 0.011907 0.000001
3.015718 0.002172 0.011907 0.000001
3.017890 0.002172 0.011907 0.000002
3.020061 0.002172 0.011907 0.000002
3.022233 0.002172 0.011907 0.000002
3.024405 0.002172 0.011907 0.000002
3.026576 0.002172 0.011907 0.000002
3.028748 0.002172 0.011907 0.000002
3.030919 0.002172 0.011907 0.000002
3.033091 0.002172 0.011908 0.000002
3.035262 0.002172 0.011908 0.000002
3.037434 0.002172 0.011908 0.000002
3.039606 0.002172 0.011908 0.000003
3.041777 0.002172 0.011908 0.000003
3.043949 0.002172 0.011908 0.000003
3.046120 0.002172 0.011908 0.000003
3.048292 0.002172 0.011908 0.000003
3.050463 0.002172 0.011908 0.000003
3.052635 0.002172 0.011908 0.000003
3.054807 0.002172 0.011908 0.000003
3.056978 0.002172 0.011908 0.000003
3.059150 0.002172 0.011908 0.000003
3.061321 0.002172 0.011908 0.000003
3.063493 0.002172 0.011908 0.000003
3.065665 0.002172 0.011908 0.000003
3.067836 0.002172 0.011908 0.000003
3.070008 0.002172 0.011908 0.000003
3.072179 0.002172 0.011909 0.000003
3.074351 0.002172 0.011909 0.000003
3.076523 0.002172 0.011909 0.000003
3.078694 0.002172 0.011909 0.000003
3.080866 0.002172 0.011909 0.000003
3.083037 0.002172 0.011909 0.000003
3.085209 0.002172 0.011909 0.000003
3.087380 0.002172 0.011909 0.000003
3.089552 0.002172 0.011909 0.000004
3.091724 0.002172 0.011909 0.000004
3.093895 0.002172 0.011909 0.000004
3.096067 0.002172 0.011909 0.000004
3.098238 0.002172 0.011909 0.000004
3.100410 0.002172 0.011909 0.000004
3.102582 0.002172 0.011909 0.000004
3.104753 0.002172 0.011909 0.000004
3.106925 0.002172 0.011909 0.000004
3.109096 0.002172 0.011909 0.000004
3.111268 0.002172 0.011909 0.000004
3.113440 0.002172 0.011909 0.000004
3.115611 0.002172 0.011909 0.000004
3.117783 0.002172 0.011909 0.000004
3.119954 0.002172 0.011909 0.000004
3.122126 0.002172 0.011909 0.000004
3.124298 0.002172 0.011909 0.000004
3.126469 0.002172 0.011909 0.000004
3.128641 0.002172 0.011909 0.000004
3.130812 0.002172 0.011909 0.000004
3.132984 0.002172 0.011909 0.000004
3.135156 0.002172 0.011909 0.000004
3.137327 0.002172 0.011909 0.000004
3.139499 0.002172 0.011909 0.000004
3.141670 0.002172 0.011909 0.000004
3.143842 0.002172 0.011909 0.000004
3.146014 0.002172 0.011909 0.000004
3.148185 0.002172 0.011909 0.000004
3.150357 0.002172 0.011909 0.000004
3.152528 0.002172 0.011909 0.000004
3.154700 0.002172 0.011909 0.000004
3.156872 0.002172 0.011909 0.000004
3.159043 0.002172 0.011909 0.000004
3.161215 0.002172 0.011909 0.000004
3.163386 0.002172 0.011909 0.000004
3.165558 0.002172 0.011909 0.000004
3.167730 0.002172 0.011909 0.000004
3.169901 0.002172 0.011909 0.000004
3.172073 0.002172 0.011909 0.000004
3.174244 0.002172 0.011909 0.000004
3.176416 0.002172 0.011909 0.000004
3.178588 0.002172 0.011909 0.000004
3.180759 0.002172 0.011909 0.000004
3.182931 0.002172 0.011909 0.000004
3.185102 0.002172 0.011909 0.000004
3.187274 0.002172 0.011909 0.000004
3.189446 0.002172 0.011909 0.000004
3.191617 0.002172 0.011909 0.000004
3.193789 0.002172 0.011909 0.000003
3.195961 0.002172 0.011909 0.000003
3.198132 0.002172 0.011909 0.000003
3.200304 0.002172 0.011909 0.000003
3.202475 0.002172 0.011909 0.000003
3.204647 0.002172 0.011909 0.000003
3.206819 0.002172 0.011909 0.000003
3.208990 0.002172 0.011909 0.000003
3.211162 0.002172 0.011908 0.000003
3.213333 0.002172 0.011908 0.000003
3.215505 0.002172 0.011908 0.000003
3.217677 0.002172 0.011908 0.000003
3.219848 0.002172 0.011908 0.000003
3.222020 0.002172 0.011908 0.000003
3.224192 0.002172 0.011908 0.000003
3.226363 0.002172 0.011908 0.000003
3.228535 0.002172 0.011908 0.000003
3.230706 0.002172 0.011908 0.000003
3.232878 0.002172 0.011908 0.000003
3.235050 0.002172 0.011908 0.000003
3.237221 0.002172 0.011908 0.000003
3.239393 0.002172 0.011908 0.000003
3.241565 0.002172 0.011908 0.000003
3.243736 0.002172 0.011908 0.000003
3.245908 0.002172 0.011908 0.000003
3.248079 0.002172 0.011908 0.000003
3.250251 0.002172 0.011908 0.000003
3.252423 0.002172 0.011908 0.000003
3.254594 0.002172 0.011908 0.000003
3.256766 0.002172 0.011908 0.000003
3.258938 0.002172 0.011908 0.000003
3.261109 0.002172 0.011908 0.000003
3.263281 0.002172 0.011908 0.000003
3.265452 0.002172 0.011908 0.000003
3.267624 0.002172 0.011908 0.000003
3.269796 0.002172 0.011908 0.000003
3.271967 0.002172 0.011908 0.000003
3.274139 0.002172 0.011908 0.000003
3.276311 0.002172 0.011908 0.000003
3.278482 0.002172 0.011908 0.000003
3.280654 0.002172 0.011908 0.000003
3.282825 0.002172 0.011908 0.000003
3.284997 0.002172 0.011908 0.000003
3.287169 0.002172 0.011908 0.000003
3.289340 0.002172 0.011908 0.000003
3.291512 0.002172 0.011908 0.000003
3.293684 0.002172 0.011908 0.000003
3.295855 0.002172 0.011908 0.000003
3.298027 0.002172 0.011908 0.000003
3.300198 0.002172 0.011908 0.000003
3.302370 0.002172 0.011908 0.000003
3.304542 0.002172 0.011908 0.000003
3.306713 0.002172 0.011908 0.000003
3.308885 0.002172 0.011908 0.000003
3.311057 0.002172 0.011908 0.000003
3.313228 0.002172 0.011908 0.000002
3.315400 0.002172 0.011908 0.000002
3.317572 0.002172 0.011908 0.000002
3.319743 0.002172 0.011908 0.000002
3.321915 0.002172 0.011908 0.000002
3.324087 0.002172 0.011908 0.000002
3.326258 0.002172 0.011908 0.000002
3.328430 0.002172 0.011908 0.000002
3.330601 0.002172 0.011908 0.000002
3.332773 0.002172 0.011907 0.000002
3.334945 0.002172 0.011907 0.000002
3.337116 0.002172 0.011907 0.000002
3.339288 0.002172 0.011907 0.000002
3.341460 0.002172 0.011907 0.000002
3.343631 0.002172 0.011907 0.000002
3.345803 0.002172 0.011907 0.000002
3.347975 0.002172 0.011907 0.000002
3.350146 0.002172 0.011907 0.000002
3.352318 0.002172 0.011907 0.000002
3.354490 0.002172 0.011907 0.000002
3.356661 0.002172 0.011907 0.000002
3.358833 0.002172 0.011907 0.000002
3.361004 0.002172 0.011907 0.000002
3.363176 0.002172 0.011907 0.000002
3.365348 0.002172 0.011907 0.000002
3.367519 0.002172 0.011907 0.000002
3.369691 0.002172 0.011907 0.000002
3.371863 0.002172 0.011907 0.000002
3.374034 0.002172 0.011907 0.000002
3.376206 0.002172 0.011907 0.000002
3.378378 0.002172 0.011907 0.000002
3.380549 0.002172 0.011907 0.000002
3.382721 0.002172 0.011907 0.000002
3.384893 0.002172 0.011907 0.000002
3.387064 0.002172 0.011907 0.000002
3.389236 0.002172 0.011907 0.000002
3.391408 0.002172 0.011907 0.000002
3.393579 0.002172 0.011907 0.000002
3.395751 0.002172 0.011907 0.000002
3.397923 0.002172 0.011907 0.000002
3.400094 0.002172 0.011907 0.000002
3.402266 0.002172 0.011907 0.000002
3.404438 0.002172 0.011907 0.000002
3.406609 0.002172 0.011907 0.000002
3.408781 0.002172 0.011907 0.000001
3.410953 0.002172 0.011907 0.000001
3.413124 0.002172 0.011907 0.000001
3.415296 0.002172 0.011907 0.000001
3.417468 0.002172 0.011907 0.000001
3.419639 0.002172 0.011907 0.000001
3.421811 0.002172 0.011907 0.000001
3.423983 0.002172 0.011907 0.000001
3.426154 0.002172 0.011906 0.000001
3.428326 0.002172 0.011906 0.000001
3.430498 0.002172 0.011906 0.000001
3.432669 0.002172 0.011906 0.000001
3.434841 0.002172 0.011906 0.000001
3.437013 0.002172 0.011906 0.000001
3.439184 0.002172 0.011906 0.000001
3.441356 0.002172 0.011906 0.000001
3.443528 0.002172 0.011906 0.000001
3.445699 0.002172 0.011906 0.000001
3.447871 0.002172 0.011906 0.000001
3.450043 0.002172 0.011906 0.000001
3.452214 0.002172 0.011906 0.000001
3.454386 0.002172 0.011906 0.000001
3.456558 0.002172 0.011906 0.000001
3.458729 0.002172 0.011906 0.000001
3.460901 0.002172 0.011906 0.000001
3.463073 0.002172 0.011906 0.000001
3.465244 0.002172 0.011906 0.000001
3.467416 0.002172 0.011906 0.000001
3.469588 0.002172 0.011906 0.000001
3.471759 0.002172 0.011906 0.000001
3.473931 0.002172 0.011906 0.000001
3.476103 0.002172 0.011906 0.000001
3.478274 0.002172 0.011906 0.000001
3.480446 0.002172 0.011906 0.000001
3.482618 0.002172 0.011906 0.000001
3.484789 0.002172 0.011906 0.000001
3.486961 0.002172 0.011906 0.000001
3.489133 0.002172 0.011906 0.000001
3.491304 0.002172 0.011906 0.000001
3.493476 0.002172 0.011906 0.000001
3.495648 0.002172 0.011906 0.000001
3.497819 0.002172 0.011906 0.000001
3.499991 0.002172 0.011906 0.000001
3.502163 0.002172 0.011906 0.000001
3.504334 0.002172 0.011906 0.000001
3.506506 0.002172 0.011906 0.000001
3.508678 0.002172 0.011906 0.000001
3.510850 0.002172 0.011906 0.000001
3.513021 0.002172 0.011906 0.000001
3.515193 0.002172 0.011906 0.000001
3.517365 0.002172 0.011906 0.000001
3.519536 0.002172 0.011906 0.000001
3.521708 0.002172 0.011906 0.000001
3.523880 0.002172 0.011906 0.000001
3.526051 0.002172 0.011906 0.000001
3.528223 0.002172 0.011906 0.000001
3.530395 0.002172 0.011906 0.000001
3.532566 0.002172 0.011906 0.000000
3.534738 0.002172 0.011906 0.000000
3.536910 0.002172 0.011906 0.000000
3.539081 0.002172 0.011906 0.000000
3.541253 0.002172 0.011906 0.000000
3.543425 0.002172 0.011906 0.000000
3.545597 0.002172 0.011906 0.000000
3.547768 0.002172 0.011906 0.000000
3.549940 0.002172 0.011906 0.000000
3.552112 0.002172 0.011906 0.000000
3.554283 0.002172 0.011906 0.000000
3.556455 0.002172 0.011906 0.000000
3.558627 0.002172 0.011906 0.000000
3.560798 0.002172 0.011906 0.000000
3.562970 0.002172 0.011905 0.000000
3.565142 0.002172 0.011905 0.000000
3.567314 0.002172 0.011905 0.000000
3.569485 0.002172 0.011905 0.000000
3.571657 0.002172 0.011905 0.000000
3.573829 0.002172 0.011905 0.000000
3.576000 0.002172 0.011905 0.000000
3.578172 0.002172 0.011905 0.000000
3.580344 0.002172 0.011905 0.000000
3.582515 0.002172 0.011905 0.000000
3.584687 0.002172 0.011905 0.000000
3.586859 0.002172 0.011905 0.000000
3.589031 0.002172 0.011905 0.000000
3.591202 0.002172 0.011905 0.000000
3.593374 0.002172 0.011905 0.000000
3.595546 0.002172 0.011905 0.000000
3.597717 0.002172 0.011905 0.000000
3.599889 0.002172 0.011905 0.000000
3.602061 0.002172 0.011905 0.000000
3.604233 0.002172 0.011905 0.000000
3.606404 0.002172 0.011905 0.000000
3.608576 0.002172 0.011905 0.000000
3.610748 0.002172 0.011905 0.000000
3.612919 0.002172 0.011905 0.000000
3.615091 0.002172 0.011905 -0.000000
3.617263 0.002172 0.011905 -0.000000
3.619435 0.002172 0.011905 -0.000000
3.621606 0.002172 0.011905 -0.000000
3.623778 0.002172 0.011905 -0.000000
3.625950 0.002172 0.011905 -0.000000
3.628121 0.002172 0.011905 -0.000000
3.630293 0.002172 0.011905 -0.000000
3.632465 0.002172 0.011905 -0.000000
3.634637 0.002172 0.011905 -0.000000
3.636808 0.002172 0.011905 -0.000000
3.638980 0.002172 0.011905 -0.000000
3.641152 0.002172 0.011905 -0.000000
3.643323 0.002172 0.011905 -0.000000
3.645495 0.002172 0.011905 -0.000000
3.647667 0.002172 0.011905 -0.000000
3.649839 0.002172 0.011905 -0.000000
3.652010 0.002172 0.011905 -0.000000
3.654182 0.002172 0.011905 -0.000000
3.656354 0.002172 0.011905 -0.000000
3.658526 0.002172 0.011905 -0.000000
3.660697 0.002172 0.011905 -0.000000
3.662869 0.002172 0.011905 -0.000000
3.665041 0.002172 0.011905 -0.000000
3.667212 0.002172 0.011905 -0.000000
3.669384 0.002172 0.011905 -0.000000
3.671556 0.002172 0.011905 -0.000000
3.673728 0.002172 0.011905 -0.000000
3.675899 0.002172 0.011905 -0.000000
3.678071 0.002172 0.011905 -0.000000
3.680243 0.002172 0.011905 -0.000000
3.682415 0.002172 0.011905 -0.000000
3.684586 0.002172 0.011905 -0.000000
3.686758 0.002172 0.011905 -0.000000
3.688930 0.002172 0.011905 -0.000000
3.691101 0.002172 0.011905 -0.000000
3.693273 0.002172 0.011905 -0.000000
3.695445 0.002172 0.011905 -0.000000
3.697617 0.002172 0.011905 -0.000000
3.699788 0.002172 0.011905 -0.000000
3.701960 0.002172 0.011905 -0.000000
3.704132 0.002172 0.011905 -0.000000
3.706304 0.002172 0.011905 -0.000000
3.708475 0.002172 0.011905 -0.000000
3.710647 0.002172 0.011905 -0.000000
3.712819 0.002172 0.011905 -0.000000
3.714991 0.002172 0.011905 -0.000000
3.717162 0.002172 0.011905 -0.000000
3.719334 0.002172 0.011905 -0.000000
3.721506 0.002172 0.011905 -0.000000
3.723678 0.002172 0.011905 -0.000000
3.725849 0.002172 0.011905 -0.000000
3.728021 0.002172 0.011905 -0.000000
3.730193 0.002172 0.011905 -0.000000
3.732365 0.002172 0.011905 -0.000000
3.734536 0.002172 0.011905 -0.000000
3.736708 0.002172 0.011905 -0.000000
3.738880 0.002172 0.011905 -0.000000
3.741052 0.002172 0.011905 -0.000000
3.743223 0.002172 0.011905 -0.000000
3.745395 0.002172 0.011905 -0.000000
3.747567 0.002172 0.011905 -0.000000
3.749739 0.002172 0.011905 -0.000000
3.751910 0.002172 0.011905 -0.000000
3.754082 0.002172 0.011905 -0.000000
3.756254 0.002172 0.011905 -0.000000
3.758426 0.002172 0.011905 -0.000000
3.760597 0.002172 0.011905 -0.000000
3.762769 0.002172 0.011905 -0.000000
3.764941 0.002172 0.011905 -0.000000
3.767113 0.002172 0.011905 -0.000000
3.769284 0.002172 0.011905 -0.000000
3.771456 0.002172 0.011905 0.000000
3.773628 0.002172 0.011905 0.000000
3.775800 0.002172 0.011905 0.000000
3.777971 0.002172 0.011905 0.000000
3.780143 0.002172 0.011905 0.000000
3.782315 0.002172 0.011905 0.000000
3.784487 0.002172 0.011905 0.000000
3.786659 0.002172 0.011905 0.000000
3.788830 0.002172 0.011905 0.000000
3.791002 0.002172 0.011905 0.000000
3.793174 0.002172 0.011906 0.000000
3.795346 0.002172 0.011906 0.000000
3.797517 0.002172 0.011906 0.000000
3.799689 0.002172 0.011906 0.000000
3.801861 0.002172 0.011906 0.000000
3.804033 0.002172 0.011906 0.000001
3.806205 0.002172 0.011906 0.000001
3.808376 0.002172 0.011906 0.000001
3.810548 0.002172 0.011906 0.000001
3.812720 0.002172 0.011906 0.000001
3.814892 0.002172 0.011906 0.000001
3.817063 0.002172 0.011906 0.000001
3.819235 0.002172 0.011906 0.000001
3.821407 0.002172 0.011906 0.000001
3.823579 0.002172 0.011906 0.000001
3.825751 0.002172 0.011906 0.000001
3.827922 0.002172 0.011906 0.000001
3.830094 0.002172 0.011906 0.000001
3.832266 0.002172 0.011906 0.000001
3.834438 0.002172 0.011906 0.000001
3.836609 0.002172 0.011906 0.000001
3.838781 0.002172 0.011906 0.000001
3.840953 0.002172 0.011906 0.000001
3.843125 0.002172 0.011906 0.000001
3.845297 0.002172 0.011906 0.000001
3.847468 0.002172 0.011906 0.000001
3.849640 0.002172 0.011906 0.000001
3.851812 0.002172 0.011906 0.000001
3.853984 0.002172 0.011906 0.000001
3.856156 0.002172 0.011906 0.000001
3.858327 0.002172 0.011906 0.000001
3.860499 0.002172 0.011906 0.000001
3.862671 0.002172 0.011906 0.000001
3.864843 0.002172 0.011906 0.000001
3.867015 0.002172 0.011907 0.000001
3.869186 0.002172 0.011907 0.000001
3.871358 0.002172 0.011907 0.000001
3.873530 0.002172 0.011907 0.000001
3.875702 0.002172 0.011907 0.000001
3.877874 0.002172 0.011907 0.000001
3.880046 0.002172 0.011907 0.000001
3.882217 0.002172 0.011907 0.000001
3.884389 0.002172 0.011907 0.000001
3.886561 0.002172 0.011907 0.000001
3.888733 0.002172 0.011907 0.000001
3.890905 0.002172 0.011907 0.000002
3.893076 0.002172 0.011907 0.000002
3.895248 0.002172 0.011907 0.000002
3.897420 0.002172 0.011907 0.000002
3.899592 0.002172 0.011907 0.000002
3.901764 0.002172 0.011907 0.000002
3.903935 0.002172 0.011907 0.000002
3.906107 0.002172 0.011907 0.000002
3.908279 0.002172 0.011907 0.000002
3.910451 0.002172 0.011907 0.000002
3.912623 0.002172 0.011907 0.000002
3.914795 0.002172 0.011907 0.000002
3.916966 0.002172 0.011907 0.000002
3.919138 0.002172 0.011907 0.000002
3.921310 0.002172 0.011907 0.000002
3.923482 0.002172 0.011907 0.000002
3.925654 0.002172 0.011907 0.000002
3.927826 0.002172 0.011907 0.000002
3.929997 0.002172 0.011907 0.000002
3.932169 0.002172 0.011907 0.000002
3.934341 0.002172 0.011907 0.000002
3.936513 0.002172 0.011907 0.000002
3.938685 0.002172 0.011907 0.000002
3.940857 0.002172 0.011907 0.000002
3.943028 0.002172 0.011907 0.000002
3.945200 0.002172 0.011907 0.000002
3.947372 0.002172 0.011907 0.000002
3.949544 0.002172 0.011907 0.000002
3.951716 0.002172 0.011907 0.000002
3.953888 0.002172 0.011907 0.000002
3.956060 0.002172 0.011907 0.000002
3.958231 0.002172 0.011907 0.000002
3.960403 0.002172 0.011907 0.000002
3.962575 0.002172 0.011907 0.000002
3.964747 0.002172 0.011907 0.000002
3.966919 0.002172 0.011907 0.000002
3.969091 0.002172 0.011907 0.000002
3.971262 0.002172 0.011907 0.000002
3.973434 0.002172 0.011907 0.000002
3.975606 0.002172 0.011907 0.000002
3.977778 0.002172 0.011907 0.000002
3.979950 0.002172 0.011907 0.000002
3.982122 0.002172 0.011907 0.000002
3.984294 0.002172 0.011907 0.000002
3.986465 0.002172 0.011907 0.000002
3.988637 0.002172 0.011907 0.000002
3.990809 0.002172 0.011907 0.000002
3.992981 0.002172 0.011907 0.000002
3.995153 0.002172 0.011907 0.000002
3.997325 0.002172 0.011907 0.000002
3.999496 0.002172 0.011907 0.000002
4.001668 0.002172 0.011907 0.000002
4.003840 0.002172 0.011907 0.000002
4.006012 0.002172 0.011907 0.000002
4.008184 0.002172 0.011907 0.000002
4.010356 0.002172 0.011907 0.000002
4.012528 0.002172 0.011907 0.000002
4.014699 0.002172 0.011907 0.000002
4.016871 0.002172 0.011907 0.000002
4.019043 0.002172 0.011907 0.000002
4.021215 0.002172 0.011907 0.000002
4.023387 0.002172 0.011907 0.000002
4.025559 0.002172 0.011907 0.000002
4.027730 0.002172 0.011907 0.000002
4.029902 0.002172 0.011907 0.000002
4.032074 0.002172 0.011907 0.000002
4.034246 0.002172 0.011907 0.000002
4.036418 0.002172 0.011907 0.000002
4.038590 0.002172 0.011907 0.000002
4.040762 0.002172 0.011907 0.000002
4.042933 0.002172 0.011907 0.000002
4.045105 0.002172 0.011907 0.000002
4.047277 0.002172 0.011907 0.000002
4.049449 0.002172 0.011907 0.000002
4.051621 0.002172 0.011907 0.000002
4.053793 0.002172 0.011907 0.000002
4.055965 0.002172 0.011907 0.000002
4.058137 0.002172 0.011907 0.000002
4.060308 0.002172 0.011907 0.000002
4.062480 0.002172 0.011907 0.000001
4.064652 0.002172 0.011907 0.000001
4.066824 0.002172 0.011907 0.000001
4.068996 0.002172 0.011907 0.000001
4.071168 0.002172 0.011907 0.000001
4.073340 0.002172 0.011907 0.000001
4.075512 0.002172 0.011907 0.000001
4.077683 0.002172 0.011907 0.000001
4.079855 0.002172 0.011907 0.000001
4.082027 0.002172 0.011907 0.000001
4.084199 0.002172 0.011907 0.000001
4.086371 0.002172 0.011907 0.000001
4.088543 0.002172 0.011907 0.000001
4.090715 0.002172 0.011907 0.000001
4.092887 0.002172 0.011907 0.000001
4.095058 0.002172 0.011907 0.000001
4.097230 0.002172 0.011907 0.000001
4.099402 0.002172 0.011907 0.000001
4.101574 0.002172 0.011907 0.000001
4.103746 0.002172 0.011907 0.000001
4.105918 0.002172 0.011907 0.000001
4.108090 0.002172 0.011907 0.000001
4.110262 0.002172 0.011907 0.000001
4.112434 0.002172 0.011907 0.000001
4.114606 0.002172 0.011907 0.000001
4.116777 0.002172 0.011907 0.000001
4.118949 0.002172 0.011907 0.000001
4.121121 0.002172 0.011906 0.000001
4.123293 0.002172 0.011906 0.000001
4.125465 0.002172 0.011906 0.000001
4.127637 0.002172 0.011906 0.000001
4.129809 0.002172 0.011906 0.000001
4.131981 0.002172 0.011906 0.000001
4.134153 0.002172 0.011906 0.000001
4.136325 0.002172 0.011906 0.000001
4.138497 0.002172 0.011906 0.000001
4.140668 0.002172 0.011906 0.000001
4.142840 0.002172 0.011906 0.000001
4.145012 0.002172 0.011906 0.000001
4.147184 0.002172 0.011906 0.000001
4.149356 0.002172 0.011906 0.000001
4.151528 0.002172 0.011906 0.000001
4.153700 0.002172 0.011906 0.000001
4.155872 0.002172 0.011906 0.000001
4.158044 0.002172 0.011906 0.000001
4.160216 0.002172 0.011906 0.000001
4.162388 0.002172 0.011906 0.000001
4.164560 0.002172 0.011906 0.000001
4.166732 0.002172 0.011906 0.000001
4.168904 0.002172 0.011906 0.000001
4.171075 0.002172 0.011906 0.000001
4.173247 0.002172 0.011906 0.000001
4.175419 0.002172 0.011906 0.000001
4.177591 0.002172 0.011906 0.000001
4.179763 0.002172 0.011906 0.000001
4.181935 0.002172 0.011906 0.000001
4.184107 0.002172 0.011906 0.000001
4.186279 0.002172 0.011906 0.000001
4.188451 0.002172 0.011906 0.000001
4.190623 0.002172 0.011906 0.000001
4.192795 0.002172 0.011906 0.000001
4.194967 0.002172 0.011906 0.000001
4.197139 0.002172 0.011906 0.000001
4.199311 0.002172 0.011906 0.000001
4.201483 0.002172 0.011906 0.000001
4.203655 0.002172 0.011906 0.000001
4.205827 0.002172 0.011906 0.000001
4.207999 0.002172 0.011906 0.000001
4.210171 0.002172 0.011906 0.000001
4.212343 0.002172 0.011906 0.000001
4.214515 0.002172 0.011906 0.000001
4.216687 0.002172 0.011906 0.000001
4.218859 0.002172 0.011906 0.000001
4.221031 0.002172 0.011906 0.000001
4.223203 0.002172 0.011906 0.000001
4.225375 0.002172 0.011906 0.000001
4.227547 0.002172 0.011906 0.000001
4.229719 0.002172 0.011906 0.000001
4.231891 0.002172 0.011906 0.000001
4.234063 0.002172 0.011906 0.000001
4.236235 0.002172 0.011906 0.000001
4.238407 0.002172 0.011906 0.000001
4.240579 0.002172 0.011906 0.000001
4.242751 0.002172 0.011906 0.000001
4.244923 0.002172 0.011906 0.000001
4.247095 0.002172 0.011906 0.000001
4.249267 0.002172 0.011906 0.000001
4.251439 0.002172 0.011906 0.000001
4.253611 0.002172 0.011906 0.000001
4.255783 0.002172 0.011906 0.000001
4.257955 0.002172 0.011906 0.000001
4.260127 0.002172 0.011906 0.000001
4.262299 0.002172 0.011906 0.000001
4.264471 0.002172 0.011906 0.000001
4.266643 0.002172 0.011906 0.000001
4.268815 0.002172 0.011906 0.000001
4.270987 0.002172 0.011906 0.000001
4.273159 0.002172 0.011906 0.000001
4.275331 0.002172 0.011906 0.000001
4.277503 0.002172 0.011906 0.000001
4.279675 0.002172 0.011906 0.000001
4.281847 0.002172 0.011906 0.000001
4.284019 0.002172 0.011906 0.000001
4.286191 0.002172 0.011906 0.000001
4.288363 0.002172 0.011906 0.000001
4.290535 0.002172 0.011906 0.000001
4.292707 0.002172 0.011906 0.000001
4.294879 0.002172 0.011906 0.000001
4.297051 0.002172 0.011906 0.000001
4.299223 0.002172 0.011906 0.000001
4.301395 0.002172 0.011906 0.000001
4.303567 0.002172 0.011906 0.000001
4.305739 0.002172 0.011906 0.000001
4.307912 0.002172 0.011906 0.000001
4.310084 0.002172 0.011906 0.000001
4.312256 0.002172 0.011906 0.000001
4.314428 0.002172 0.011906 0.000001
4.316600 0.002172 0.011906 0.000001
4.318772 0.002172 0.011906 0.000001
4.320944 0.002172 0.011906 0.000001
4.323116 0.002172 0.011906 0.000001
4.325288 0.002172 0.011906 0.000001
4.327460 0.002172 0.011906 0.000001
4.329632 0.002172 0.011906 0.000001
4.331804 0.002172 0.011906 0.000001
4.333976 0.002172 0.011906 0.000001
4.336149 0.002172 0.011906 0.000001
4.338321 0.002172 0.011906 0.000001
4.340493 0.002172 0.011906 0.000001
4.342665 0.002172 0.011906 0.000001
4.344837 0.002172 0.011906 0.000001
4.347009 0.002172 0.011906 0.000001
4.349181 0.002172 0.011906 0.000001
4.351353 0.002172 0.011906 0.000001
4.353525 0.002172 0.011906 0.000001
4.355697 0.002172 0.011906 0.000001
4.357870 0.002172 0.011906 0.000001
4.360042 0.002172 0.011906 0.000001
4.362214 0.002172 0.011906 0.000001
4.364386 0.002172 0.011906 0.000001
4.366558 0.002172 0.011906 0.000001
4.368730 0.002172 0.011906 0.000001
4.370902 0.002172 0.011906 0.000001
4.373074 0.002172 0.011906 0.000001
4.375247 0.002172 0.011906 0.000001
4.377419 0.002172 0.011906 0.000001
4.379591 0.002172 0.011906 0.000001
4.381763 0.002172 0.011906 0.000001
4.383935 0.002172 0.011906 0.000001
4.386107 0.002172 0.011906 0.000001
4.388279 0.002172 0.011906 0.000001
4.390452 0.002172 0.011906 0.000001
4.392624 0.002172 0.011906 0.000001
4.394796 0.002172 0.011906 0.000000
4.396968 0.002172 0.011906 0.000000
4.399140 0.002172 0.011906 0.000000
4.401312 0.002172 0.011906 0.000000
4.403484 0.002172 0.011906 0.000000
4.405657 0.002172 0.011906 0.000000
4.407829 0.002172 0.011906 0.000000
4.410001 0.002172 0.011906 0.000000
4.412173 0.002172 0.011906 0.000000
4.414345 0.002172 0.011906 0.000000
4.416517 0.002172 0.011906 0.000000
4.418690 0.002172 0.011906 0.000000
4.420862 0.002172 0.011906 0.000000
4.423034 0.002172 0.011906 0.000000
4.425206 0.002172 0.011906 0.000000
4.427378 0.002172 0.011906 0.000000
4.429550 0.002172 0.011906 0.000000
4.431723 0.002172 0.011906 0.000000
4.433895 0.002172 0.011906 0.000000
4.436067 0.002172 0.011906 0.000000
4.438239 0.002172 0.011906 0.000000
4.440411 0.002172 0.011906 0.000000
4.442583 0.002172 0.011906 0.000000
4.444756 0.002172 0.011906 0.000000
4.446928 0.002172 0.011906 0.000000
4.449100 0.002172 0.011906 0.000000
4.451272 0.002172 0.011906 0.000000
4.453444 0.002172 0.011906 0.000000
4.455617 0.002172 0.011906 0.000000
4.457789 0.002172 0.011906 0.000000
4.459961 0.002172 0.011905 0.000000
4.462133 0.002172 0.011905 0.000000
4.464305 0.002172 0.011905 0.000000
4.466477 0.002172 0.011905 0.000000
4.468650 0.002172 0.011905 0.000000
4.470822 0.002172 0.011905 0.000000
4.472994 0.002172 0.011905 0.000000
4.475166 0.002172 0.011905 0.000000
4.477338 0.002172 0.011905 0.000000
4.479511 0.002172 0.011905 0.000000
4.481683 0.002172 0.011905 0.000000
4.483855 0.002172 0.011905 0.000000
4.486027 0.002172 0.011905 0.000000
4.488200 0.002172 0.011905 0.000000
4.490372 0.002172 0.011905 0.000000
4.492544 0.002172 0.011905 0.000000
4.494716 0.002172 0.011905 0.000000
4.496888 0.002172 0.011905 0.000000
4.499061 0.002172 0.011905 0.000000
4.501233 0.002172 0.011905 0.000000
4.503405 0.002172 0.011905 0.000000
4.505577 0.002172 0.011905 0.000000
4.507750 0.002172 0.011905 0.000000
4.509922 0.002172 0.011905 0.000000
4.512094 0.002172 0.011905 0.000000
4.514266 0.002172 0.011905 0.000000
4.516439 0.002172 0.011905 0.000000
4.518611 0.002172 0.011905 0.000000
4.520783 0.002172 0.011905 0.000000
4.522955 0.002172 0.011905 0.000000
4.525128 0.002172 0.011905 0.000000
4.527300 0.002172 0.011905 0.000000
4.529472 0.002172 0.011905 0.000000
4.531644 0.002172 0.011905 0.000000
4.533817 0.002172 0.011905 0.000000
4.535989 0.002172 0.011905 0.000000
4.538161 0.002172 0.011905 0.000000
4.540334 0.002172 0.011905 0.000000
4.542506 0.002172 0.011905 0.000000
4.544678 0.002172 0.011905 0.000000
4.546850 0.002172 0.011905 0.000000
4.549023 0.002172 0.011905 -0.000000
4.551195 0.002172 0.011905 -0.000000
4.553367 0.002172 0.011905 -0.000000
4.555540 0.002172 0.011905 -0.000000
4.557712 0.002172 0.011905 -0.000000
4.559884 0.002172 0.011905 -0.000000
4.562057 0.002172 0.011905 -0.000000
4.564229 0.002172 0.011905 -0.000000
4.566401 0.002172 0.011905 -0.000000
4.568573 0.002172 0.011905 -0.000000
4.570746 0.002172 0.011905 -0.000000
4.572918 0.002172 0.011905 -0.000000
4.575090 0.002172 0.011905 -0.000000
4.577263 0.002172 0.011905 -0.000000
4.579435 0.002172 0.011905 -0.000000
4.581607 0.002172 0.011905 -0.000000
4.583780 0.002172 0.011905 -0.000000
4.585952 0.002172 0.011905 -0.000000
4.588124 0.002172 0.011905 -0.000000
4.590297 0.002172 0.011905 -0.000000
4.592469 0.002172 0.011905 -0.000000
4.594641 0.002172 0.011905 -0.000000
4.596814 0.002172 0.011905 -0.000000
4.598986 0.002172 0.011905 -0.000000
4.601158 0.002172 0.011905 -0.000000
4.603330 0.002172 0.011905 -0.000000
4.605503 0.002172 0.011905 -0.000000
4.607675 0.002172 0.011905 -0.000000
4.609848 0.002172 0.011905 -0.000000
4.612020 0.002172 0.011905 -0.000000
4.614192 0.002172 0.011905 -0.000000
4.616365 0.002172 0.011905 -0.000000
4.618537 0.002172 0.011905 -0.000000
4.620709 0.002172 0.011905 -0.000000
4.622882 0.002172 0.011905 -0.000000
4.625054 0.002172 0.011905 -0.000000
4.627226 0.002172 0.011905 -0.000000
4.629399 0.002172 0.011905 -0.000000
4.631571 0.002172 0.011905 -0.000000
4.633743 0.002172 0.011905 -0.000000
4.635916 0.002172 0.011905 -0.000000
4.638088 0.002172 0.011905 -0.000000
4.640261 0.002172 0.011905 -0.000000
4.642433 0.002172 0.011905 -0.000000
4.644605 0.002172 0.011905 -0.000000
4.646778 0.002172 0.011905 -0.000000
4.648950 0.002172 0.011905 -0.000000
4.651122 0.002172 0.011905 -0.000000
4.653295 0.002172 0.011905 -0.000000
4.655467 0.002172 0.011905 -0.000000
4.657640 0.002172 0.011905 -0.000000
4.659812 0.002172 0.011905 -0.000000
4.661984 0.002172 0.011905 -0.000000
4.664157 0.002172 0.011905 -0.000000
4.666329 0.002172 0.011905 -0.000000
4.668502 0.002172 0.011905 -0.000000
4.670674 0.002172 0.011905 -0.000000
4.672847 0.002172 0.011905 -0.000000
4.675019 0.002172 0.011905 -0.000000
4.677191 0.002172 0.011905 -0.000000
4.679364 0.002172 0.011905 -0.000000
4.681536 0.002172 0.011905 -0.000000
4.683709 0.002172 0.011905 -0.000000
4.685881 0.002172 0.011905 -0.000000
4.688054 0.002172 0.011905 -0.000000
4.690226 0.002172 0.011905 -0.000000
4.692399 0.002172 0.011905 -0.000000
4.694571 0.002172 0.011905 -0.000000
4.696744 0.002172 0.011905 -0.000000
4.698916 0.002172 0.011905 -0.000000
4.701089 0.002172 0.011905 -0.000000
4.703261 0.002172 0.011905 -0.000000
4.705433 0.002172 0.011905 -0.000000
4.707606 0.002172 0.011905 -0.000000
4.709778 0.002172 0.011905 -0.000000
4.711951 0.002172 0.011905 -0.000000
4.714123 0.002172 0.011905 -0.000000
4.716296 0.002172 0.011905 -0.000000
4.718468 0.002173 0.011905 -0.000000
4.720641 0.002173 0.011905 -0.000000
4.722813 0.002173 0.011905 -0.000000
4.724986 0.002173 0.011905 -0.000000
4.727158 0.002173 0.011905 -0.000000
4.729331 0.002173 0.011905 -0.000000
4.731503 0.002173 0.011905 -0.000000
4.733676 0.002173 0.011905 -0.000000
4.735849 0.002173 0.011905 -0.000000
4.738021 0.002173 0.011905 -0.000000
4.740194 0.002173 0.011905 -0.000000
4.742366 0.002173 0.011905 -0.000000
4.744539 0.002173 0.011905 -0.000000
4.746711 0.002173 0.011905 -0.000000
4.748884 0.002173 0.011905 -0.000000
4.751056 0.002173 0.011905 -0.000000
4.753229 0.002173 0.011905 -0.000000
4.755401 0.002173 0.011905 -0.000000
4.757574 0.002173 0.011905 -0.000000
4.759746 0.002173 0.011905 -0.000000
4.761919 0.002173 0.011905 -0.000000
4.764092 0.002173 0.011905 -0.000000
4.766264 0.002173 0.011905 -0.000000
4.768437 0.002173 0.011905 -0.000000
4.770609 0.002173 0.011905 -0.000000
4.772782 0.002173 0.011905 -0.000000
4.774954 0.002173 0.011905 -0.000000
4.777127 0.002173 0.011905 -0.000000
4.779300 0.002173 0.011905 -0.000000
4.781472 0.002173 0.011905 -0.000000
4.783645 0.002173 0.011905 -0.000000
4.785817 0.002173 0.011905 -0.000000
4.787990 0.002173 0.011905 -0.000000
4.790162 0.002173 0.011905 -0.000000
4.792335 0.002173 0.011905 -0.000000
4.794508 0.002173 0.011905 -0.000000
4.796680 0.002173 0.011905 -0.000000
4.798853 0.002173 0.011905 -0.000000
4.801025 0.002173 0.011905 -0.000000
4.803198 0.002173 0.011905 -0.000000
4.805371 0.002173 0.011905 -0.000000
4.807543 0.002173 0.011905 -0.000000
4.809716 0.002173 0.011905 -0.000000
4.811889 0.002173 0.011905 -0.000000
4.814061 0.002173 0.011905 -0.000000
4.816234 0.002173 0.011905 -0.000000
4.818406 0.002173 0.011905 -0.000000
4.820579 0.002173 0.011905 -0.000000
4.822752 0.002173 0.011905 -0.000000
4.824924 0.002173 0.011905 -0.000000
4.827097 0.002173 0.011905 -0.000000
4.829270 0.002173 0.011905 -0.000000
4.831442 0.002173 0.011905 -0.000000
4.833615 0.002173 0.011905 -0.000000
4.835788 0.002173 0.011905 -0.000000
4.837960 0.002173 0.011905 -0.000000
4.840133 0.002173 0.011905 -0.000000
4.842306 0.002173 0.011905 -0.000000
4.844478 0.002173 0.011905 -0.000000
4.846651 0.002173 0.011905 -0.000000
4.848824 0.002173 0.011905 -0.000000
4.850996 0.002173 0.011905 -0.000000
4.853169 0.002173 0.011905 -0.000000
4.855342 0.002173 0.011905 -0.000000
4.857514 0.002173 0.011905 -0.000000
4.859687 0.002173 0.011905 -0.000000
4.861860 0.002173 0.011905 -0.000000
4.864032 0.002173 0.011905 -0.000000
4.866205 0.002173 0.011905 -0.000000
4.868378 0.002173 0.011905 -0.000000
4.870550 0.002173 0.011905 -0.000000
4.872723 0.002173 0.011905 -0.000000
4.874896 0.002173 0.011905 -0.000000
4.877068 0.002173 0.011905 -0.000000
4.879241 0.002173 0.011905 -0.000000
4.881414 0.002173 0.011905 -0.000000
4.883587 0.002173 0.011905 -0.000000
4.885759 0.002173 0.011905 -0.000000
4.887932 0.002173 0.011905 -0.000000
4.890105 0.002173 0.011905 -0.000000
4.892277 0.002173 0.011905 -0.000000
4.894450 0.002173 0.011905 -0.000000
4.896623 0.002173 0.011905 -0.000000
4.898796 0.002173 0.011905 -0.000000
4.900968 0.002173 0.011905 -0.000000
4.903141 0.002173 0.011905 -0.000000
4.905314 0.002173 0.011905 -0.000000
4.907487 0.002173 0.011905 -0.000000
4.909659 0.002173 0.011905 -0.000000
4.911832 0.002173 0.011905 -0.000000
4.914005 0.002173 0.011905 -0.000000
4.916178 0.002173 0.011905 -0.000000
4.918350 0.002173 0.011905 -0.000000
4.920523 0.002173 0.011905 -0.000000
4.922696 0.002173 0.011905 -0.000000
4.924869 0.002173 0.011905 -0.000000
4.927041 0.002173 0.011905 -0.000000
4.929214 0.002173 0.011905 -0.000000
4.931387 0.002173 0.011905 -0.000000
4.933560 0.002173 0.011905 -0.000000
4.935732 0.002173 0.011905 -0.000000
4.937905 0.002173 0.011905 -0.000000
4.940078 0.002173 0.011905 -0.000000
4.942251 0.002173 0.011905 -0.000000
4.944424 0.002173 0.011905 -0.000000
4.946596 0.002173 0.011905 -0.000000
4.948769 0.002173 0.011905 -0.000000
4.950942 0.002173 0.011905 -0.000000
4.953115 0.002173 0.011905 -0.000000
4.955287 0.002173 0.011905 -0.000000
4.957460 0.002173 0.011905 -0.000000
4.959633 0.002173 0.011905 -0.000000
4.961806 0.002173 0.011905 -0.000000
4.963979 0.002173 0.011905 -0.000000
4.966151 0.002173 0.011905 -0.000000
4.968324 0.002173 0.011905 -0.000000
4.970497 0.002173 0.011905 -0.000000
4.972670 0.002173 0.011905 -0.000000
4.974843 0.002173 0.011905 -0.000000
4.977016 0.002173 0.011905 -0.000000
4.979188 0.002173 0.011905 -0.000000
4.981361 0.002173 0.011905 -0.000000
4.983534 0.002173 0.011905 -0.000000
4.985707 0.002173 0.011905 -0.000000
4.987880 0.002173 0.011905 -0.000000
4.990053 0.002173 0.011905 -0.000000
4.992225 0.002173 0.011905 -0.000000
4.994398 0.002173 0.011905 -0.000000
4.996571 0.002173 0.011905 -0.000000
4.998744 0.002173 0.011905 -0.000000
5.000917 0.002173 0.011905 -0.000000
5.003090 0.002173 0.011905 -0.000000
5.005262 0.002173 0.011905 -0.000000
5.007435 0.002173 0.011905 -0.000000
5.009608 0.002173 0.011905 -0.000000
5.011781 0.002173 0.011905 -0.000000
5.013954 0.002173 0.011905 -0.000000
5.016127 0.002173 0.011905 -0.000000
5.018300 0.002173 0.011905 -0.000000
5.020472 0.002173 0.011905 -0.000000
5.022645 0.002173 0.011905 -0.000000
5.024818 0.002173 0.011905 -0.000000
5.026991 0.002173 0.011905 -0.000000
5.029164 0.002173 0.011905 -0.000000
5.031337 0.002173 0.011905 -0.000000
5.033510 0.002173 0.011905 -0.000000
5.035683 0.002173 0.011905 -0.000000
5.037856 0.002173 0.011905 -0.000000
5.040028 0.002173 0.011905 -0.000000
5.042201 0.002173 0.011905 -0.000000
5.044374 0.002173 0.011905 -0.000000
5.046547 0.002173 0.011905 -0.000000
5.048720 0.002173 0.011905 -0.000000
5.050893 0.002173 0.011905 -0.000000
5.053066 0.002173 0.011905 -0.000000
5.055239 0.002173 0.011905 -0.000000
5.057412 0.002173 0.011905 -0.000000
5.059585 0.002173 0.011905 -0.000000
5.061757 0.002173 0.011905 -0.000000
5.063930 0.002173 0.011905 -0.000000
5.066103 0.002173 0.011905 -0.000000
5.068276 0.002173 0.011905 -0.000000
5.070449 0.002173 0.011905 -0.000000
5.072622 0.002173 0.011905 -0.000000
5.074795 0.002173 0.011905 -0.000000
5.076968 0.002173 0.011905 -0.000000
5.079141 0.002173 0.011905 -0.000000
5.081314 0.002173 0.011905 -0.000000
5.083487 0.002173 0.011905 -0.000000
5.085660 0.002173 0.011905 -0.000000
5.087833 0.002173 0.011905 -0.000000
5.090006 0.002173 0.011905 -0.000000
5.092179 0.002173 0.011905 -0.000000
5.094352 0.002173 0.011905 -0.000000
5.096524 0.002173 0.011905 -0.000000
5.098697 0.002173 0.011905 -0.000000
5.100870 0.002173 0.011905 -0.000000
5.103043 0.002173 0.011905 -0.000000
5.105216 0.002173 0.011905 -0.000000
5.107389 0.002173 0.011905 -0.000000
5.109562 0.002173 0.011905 -0.000000
5.111735 0.002173 0.011905 -0.000000
5.113908 0.002173 0.011905 -0.000000
5.116081 0.002173 0.011905 -0.000000
5.118254 0.002173 0.011905 -0.000000
5.120427 0.002173 0.011905 -0.000000
5.122600 0.002173 0.011905 -0.000000
5.124773 0.002173 0.011905 -0.000000
5.126946 0.002173 0.011905 -0.000000
5.129119 0.002173 0.011905 -0.000000
5.131292 0.002173 0.011905 -0.000000
5.133465 0.002173 0.011905 0.000000
5.135638 0.002173 0.011905 0.000000
5.137811 0.002173 0.011905 0.000000
5.139984 0.002173 0.011905 0.000000
5.142157 0.002173 0.011905 0.000000
5.144330 0.002173 0.011905 0.000000
5.146503 0.002173 0.011905 0.000000
5.148676 0.002173 0.011905 0.000000
5.150849 0.002173 0.011905 0.000000
5.153022 0.002173 0.011905 0.000000
5.155195 0.002173 0.011905 0.000000
5.157368 0.002173 0.011905 0.000000
5.159541 0.002173 0.011905 0.000000
5.161714 0.002173 0.011905 0.000000
5.163887 0.002173 0.011905 0.000000
5.166060 0.002173 0.011905 0.000000
5.168233 0.002173 0.011905 0.000000
5.170407 0.002173 0.011905 0.000000
5.172580 0.002173 0.011905 0.000000
5.174753 0.002173 0.011905 0.000000
5.176926 0.002173 0.011905 0.000000
5.179099 0.002173 0.011905 0.000000
5.181272 0.002173 0.011905 0.000000
5.183445 0.002173 0.011905 0.000000
5.185618 0.002173 0.011905 0.000000
5.187791 0.002173 0.011905 0.000000
5.189964 0.002173 0.011905 0.000000
5.192137 0.002173 0.011905 0.000000
5.194310 0.002173 0.011905 0.000000
5.196483 0.002173 0.011905 0.000000
5.198656 0.002173 0.011905 0.000000
5.200829 0.002173 0.011906 0.000000
5.203003 0.002173 0.011906 0.000000
5.205176 0.002173 0.011906 0.000000
5.207349 0.002173 0.011906 0.000000
5.209522 0.002173 0.011906 0.000000
5.211695 0.002173 0.011906 0.000000
5.213868 0.002173 0.011906 0.000000
5.216041 0.002173 0.011906 0.000000
5.218214 0.002173 0.011906 0.000000
5.220387 0.002173 0.011906 0.000000
5.222560 0.002173 0.011906 0.000000
5.224734 0.002173 0.011906 0.000000
5.226907 0.002173 0.011906 0.000000
5.229080 0.002173 0.011906 0.000000
5.231253 0.002173 0.011906 0.000000
5.233426 0.002173 0.011906 0.000000
5.235599 0.002173 0.011906 0.000000
5.237772 0.002173 0.011906 0.000000
5.239945 0.002173 0.011906 0.000000
5.242119 0.002173 0.011906 0.000000
5.244292 0.002173 0.011906 0.000000
5.246465 0.002173 0.011906 0.000000
5.248638 0.002173 0.011906 0.000000
5.250811 0.002173 0.011906 0.000001
5.252984 0.002173 0.011906 0.000001
5.255157 0.002173 0.011906 0.000001
5.257331 0.002173 0.011906 0.000001
5.259504 0.002173 0.011906 0.000001
5.261677 0.002173 0.011906 0.000001
5.263850 0.002173 0.011906 0.000001
5.266023 0.002173 0.011906 0.000001
5.268196 0.002173 0.011906 0.000001
5.270369 0.002173 0.011906 0.000001
5.272543 0.002173 0.011906 0.000001
5.274716 0.002173 0.011906 0.000001
5.276889 0.002173 0.011906 0.000001
5.279062 0.002173 0.011906 0.000001
5.281235 0.002173 0.011906 0.000001
5.283409 0.002173 0.011906 0.000001
5.285582 0.002173 0.011906 0.000001
5.287755 0.002173 0.011906 0.000001
5.289928 0.002173 0.011906 0.000001
5.292101 0.002173 0.011906 0.000001
5.294275 0.002173 0.011906 0.000001
5.296448 0.002173 0.011906 0.000001
5.298621 0.002173 0.011906 0.000001
5.300794 0.002173 0.011906 0.000001
5.302967 0.002173 0.011906 0.000001
5.305141 0.002173 0.011906 0.000001
5.307314 0.002173 0.011906 0.000001
5.309487 0.002173 0.011906 0.000001
5.311660 0.002173 0.011906 0.000001
5.313833 0.002173 0.011906 0.000001
5.316007 0.002173 0.011906 0.000001
5.318180 0.002173 0.011906 0.000001
5.320353 0.002173 0.011906 0.000001
5.322526 0.002173 0.011906 0.000001
5.324700 0.002173 0.011906 0.000001
5.326873 0.002173 0.011906 0.000001
5.329046 0.002173 0.011906 0.000001
5.331219 0.002173 0.011906 0.000001
5.333393 0.002173 0.011906 0.000001
5.335566 0.002173 0.011906 0.000001
5.337739 0.002173 0.011906 0.000001
5.339912 0.002173 0.011906 0.000001
5.342086 0.002173 0.011906 0.000001
5.344259 0.002173 0.011906 0.000001
5.346432 0.002173 0.011906 0.000001
5.348605 0.002173 0.011906 0.000001
5.350779 0.002173 0.011906 0.000001
5.352952 0.002173 0.011906 0.000001
5.355125 0.002173 0.011906 0.000001
5.357298 0.002173 0.011906 0.000001
5.359472 0.002173 0.011906 0.000001
5.361645 0.002173 0.011906 0.000001
5.363818 0.002173 0.011906 0.000001
5.365992 0.002173 0.011906 0.000001
5.368165 0.002173 0.011906 0.000001
5.370338 0.002173 0.011906 0.000001
5.372511 0.002173 0.011906 0.000001
5.374685 0.002173 0.011906 0.000001
5.376858 0.002173 0.011906 0.000001
5.379031 0.002173 0.011906 0.000001
5.381205 0.002173 0.011906 0.000001
5.383378 0.002173 0.011906 0.000001
5.385551 0.002173 0.011906 0.000001
5.387725 0.002173 0.011906 0.000001
5.389898 0.002173 0.011906 0.000001
5.392071 0.002173 0.011906 0.000001
5.394245 0.002173 0.011906 0.000001
5.396418 0.002173 0.011906 0.000001
5.398591 0.002173 0.011906 0.000001
5.400765 0.002173 0.011906 0.000001
5.402938 0.002173 0.011906 0.000001
5.405111 0.002173 0.011906 0.000001
5.407285 0.002173 0.011906 0.000001
5.409458 0.002173 0.011906 0.000001
5.411631 0.002173 0.011906 0.000001
5.413805 0.002173 0.011906 0.000001
5.415978 0.002173 0.011906 0.000001
5.418151 0.002173 0.011906 0.000001
5.420325 0.002173 0.011906 0.000001
5.422498 0.002173 0.011906 0.000001
5.424671 0.002173 0.011906 0.000001
5.426845 0.002173 0.011906 0.000001
5.429018 0.002173 0.011906 0.000001
5.431192 0.002173 0.011906 0.000001
5.433365 0.002173 0.011906 0.000001
5.435538 0.002173 0.011906 0.000001
5.437712 0.002173 0.011906 0.000001
5.439885 0.002173 0.011906 0.000001
5.442058 0.002173 0.011906 0.000001
5.444232 0.002173 0.011906 0.000001
5.446405 0.002173 0.011906 0.000001
5.448579 0.002173 0.011906 0.000001
5.450752 0.002173 0.011906 0.000001
5.452925 0.002173 0.011906 0.000001
5.455099 0.002173 0.011906 0.000001
5.457272 0.002173 0.011906 0.000001
5.459446 0.002173 0.011906 0.000001
5.461619 0.002173 0.011906 0.000001
5.463792 0.002173 0.011906 0.000001
5.465966 0.002173 0.011906 0.000000
5.468139 0.002173 0.011906 0.000000
5.470313 0.002173 0.011906 0.000000
5.472486 0.002173 0.011906 0.000000
5.474660 0.002173 0.011905 0.000000
5.476833 0.002173 0.011905 0.000000
5.479006 0.002173 0.011905 0.000000
5.481180 0.002173 0.011905 -0.000000
5.483353 0.002173 0.011905 -0.000000
5.485527 0.002173 0.011905 -0.000000
5.487700 0.002173 0.011905 -0.000000
5.489874 0.002173 0.011905 -0.000001
5.492047 0.002173 0.011904 -0.000001
5.494221 0.002173 0.011904 -0.000001
5.496394 0.002173 0.011904 -0.000001
5.498567 0.002173 0.011904 -0.000001
5.500741 0.002173 0.011904 -0.000001
5.502914 0.002173 0.011904 -0.000002
5.505088 0.002173 0.011903 -0.000002
5.507261 0.002173 0.011903 -0.000002
5.509435 0.002173 0.011903 -0.000002
5.511608 0.002173 0.011903 -0.000002
5.513782 0.002173 0.011903 -0.000002
5.515955 0.002173 0.011903 -0.000003
5.518129 0.002173 0.011902 -0.000003
5.520302 0.002173 0.011902 -0.000003
5.522476 0.002173 0.011902 -0.000003
5.524649 0.002173 0.011902 -0.000003
5.526823 0.002173 0.011902 -0.000004
5.528996 0.002174 0.011901 -0.000004
5.531170 0.002174 0.011901 -0.000004
5.533343 0.002174 0.011901 -0.000004
5.535517 0.002174 0.011901 -0.000004
5.537690 0.002174 0.011901 -0.000004
5.539864 0.002174 0.011901 -0.000005
5.542037 0.002174 0.011900 -0.000005
5.544211 0.002174 0.011900 -0.000005
5.546384 0.002174 0.011900 -0.000005
5.548558 0.002174 0.011900 -0.000005
5.550731 0.002174 0.011900 -0.000005
5.552905 0.002174 0.011900 -0.000005
5.555078 0.002174 0.011900 -0.000006
5.557252 0.002174 0.011899 -0.000006
5.559426 0.002174 0.011899 -0.000006
5.561599 0.002174 0.011899 -0.000006
5.563773 0.002174 0.011899 -0.000006
5.565946 0.002174 0.011899 -0.000006
5.568120 0.002174 0.011899 -0.000006
5.570293 0.002174 0.011899 -0.000006
5.572467 0.002174 0.011899 -0.000006
5.574641 0.002174 0.011899 -0.000007
5.576814 0.002174 0.011899 -0.000007
5.578988 0.002174 0.011899 -0.000007
5.581161 0.002174 0.011898 -0.000007
5.583335 0.002174 0.011898 -0.000007
5.585508 0.002174 0.011898 -0.000007
5.587682 0.002174 0.011898 -0.000007
5.589856 0.002174 0.011898 -0.000007
5.592029 0.002174 0.011898 -0.000007
5.594203 0.002174 0.011898 -0.000007
5.596376 0.002174 0.011898 -0.000007
5.598550 0.002174 0.011898 -0.000007
5.600724 0.002174 0.011898 -0.000007
5.602897 0.002174 0.011898 -0.000007
5.605071 0.002174 0.011898 -0.000007
5.607245 0.002174 0.011898 -0.000007
5.609418 0.002174 0.011898 -0.000007
5.611592 0.002174 0.011898 -0.000007
5.613765 0.002174 0.011898 -0.000007
5.615939 0.002174 0.011898 -0.000007
5.618113 0.002174 0.011898 -0.000007
5.620286 0.002174 0.011898 -0.000007
5.622460 0.002174 0.011898 -0.000007
5.624633 0.002174 0.011898 -0.000007
5.626807 0.002174 0.011898 -0.000007
5.628981 0.002174 0.011898 -0.000007
5.631154 0.002174 0.011898 -0.000008
5.633328 0.002174 0.011898 -0.000008
5.635502 0.002174 0.011898 -0.000008
5.637675 0.002174 0.011898 -0.000008
5.639849 0.002174 0.011898 -0.000008
5.642023 0.002174 0.011898 -0.000008
5.644196 0.002174 0.011898 -0.000007
5.646370 0.002174 0.011898 -0.000007
5.648543 0.002174 0.011898 -0.000007
5.650717 0.002174 0.011898 -0.000007
5.652891 0.002174 0.011898 -0.000007
5.655064 0.002174 0.011898 -0.000007
5.657238 0.002174 0.011898 -0.000007
5.659412 0.002174 0.011898 -0.000007
5.661585 0.002174 0.011898 -0.000007
5.663759 0.002174 0.011898 -0.000007
5.665933 0.002174 0.011898 -0.000007
5.668106 0.002174 0.011898 -0.000007
5.670280 0.002174 0.011899 -0.000007
5.672454 0.002174 0.011899 -0.000006
5.674627 0.002174 0.011899 -0.000006
5.676801 0.002174 0.011899 -0.000006
5.678975 0.002174 0.011899 -0.000006
5.681149 0.002174 0.011899 -0.000006
5.683322 0.002174 0.011900 -0.000005
5.685496 0.002174 0.011900 -0.000005
5.687670 0.002174 0.011900 -0.000005
5.689843 0.002174 0.011900 -0.000005
5.692017 0.002174 0.011901 -0.000005
5.694191 0.002174 0.011901 -0.000004
5.696364 0.002174 0.011901 -0.000004
5.698538 0.002174 0.011901 -0.000004
5.700712 0.002174 0.011902 -0.000003
5.702886 0.002174 0.011902 -0.000003
5.705059 0.002174 0.011902 -0.000003
5.707233 0.002174 0.011903 -0.000003
5.709407 0.002174 0.011903 -0.000002
5.711581 0.002174 0.011903 -0.000002
5.713754 0.002174 0.011903 -0.000002
5.715928 0.002174 0.011904 -0.000002
5.718102 0.002174 0.011904 -0.000001
5.720275 0.002174 0.011904 -0.000001
5.722449 0.002174 0.011904 -0.000001
5.724623 0.002174 0.011905 -0.000000
5.726797 0.002174 0.011905 -0.000000
5.728971 0.002174 0.011905 0.000000
5.731144 0.002174 0.011905 0.000000
5.733318 0.002174 0.011906 0.000000
5.735492 0.002174 0.011906 0.000001
5.737666 0.002174 0.011906 0.000001
5.739839 0.002174 0.011906 0.000001
5.742013 0.002174 0.011907 0.000001
5.744187 0.002174 0.011907 0.000002
5.746361 0.002174 0.011907 0.000002
5.748535 0.002174 0.011907 0.000002
5.750708 0.002174 0.011907 0.000002
5.752882 0.002174 0.011908 0.000002
5.755056 0.002174 0.011908 0.000003
5.757230 0.002174 0.011908 0.000003
5.759404 0.002174 0.011908 0.000003
5.761577 0.002174 0.011908 0.000003
5.763751 0.002174 0.011908 0.000003
5.765925 0.002174 0.011908 0.000003
5.768099 0.002174 0.011909 0.000003
5.770273 0.002174 0.011909 0.000003
5.772447 0.002174 0.011909 0.000004
5.774620 0.002174 0.011909 0.000004
5.776794 0.002174 0.011909 0.000004
5.778968 0.002174 0.011909 0.000004
5.781142 0.002174 0.011909 0.000004
5.783316 0.002174 0.011909 0.000004
5.785490 0.002174 0.011909 0.000004
5.787664 0.002174 0.011909 0.000004
5.789837 0.002174 0.011909 0.000004
5.792011 0.002174 0.011909 0.000004
5.794185 0.002174 0.011909 0.000004
5.796359 0.002174 0.011910 0.000004
5.798533 0.002174 0.011910 0.000004
5.800707 0.002174 0.011910 0.000004
5.802881 0.002174 0.011910 0.000004
5.805055 0.002174 0.011910 0.000004
5.807228 0.002174 0.011910 0.000004
5.809402 0.002174 0.011910 0.000004
5.811576 0.002174 0.011910 0.000004
5.813750 0.002174 0.011910 0.000005
5.815924 0.002174 0.011910 0.000005
5.818098 0.002174 0.011910 0.000005
5.820272 0.002174 0.011910 0.000005
5.822446 0.002174 0.011910 0.000005
5.824620 0.002174 0.011910 0.000005
5.826794 0.002174 0.011910 0.000005
5.828968 0.002174 0.011910 0.000005
5.831141 0.002174 0.011910 0.000005
5.833315 0.002174 0.011910 0.000005
5.835489 0.002174 0.011910 0.000005
5.837663 0.002174 0.011910 0.000005
5.839837 0.002174 0.011910 0.000005
5.842011 0.002174 0.011910 0.000004
5.844185 0.002174 0.011910 0.000004
5.846359 0.002174 0.011910 0.000004
5.848533 0.002174 0.011910 0.000004
5.850707 0.002174 0.011910 0.000004
5.852881 0.002174 0.011910 0.000004
5.855055 0.002174 0.011910 0.000004
5.857229 0.002174 0.011910 0.000004
5.859403 0.002174 0.011910 0.000004
5.861577 0.002174 0.011910 0.000004
5.863751 0.002174 0.011910 0.000004
5.865925 0.002174 0.011910 0.000004
5.868099 0.002174 0.011910 0.000004
5.870273 0.002174 0.011910 0.000004
5.872447 0.002174 0.011909 0.000004
5.874621 0.002174 0.011909 0.000004
5.876795 0.002174 0.011909 0.000004
5.878969 0.002174 0.011909 0.000004
5.881143 0.002174 0.011909 0.000004
5.883317 0.002174 0.011909 0.000004
5.885491 0.002174 0.011909 0.000004
5.887665 0.002174 0.011909 0.000004
5.889839 0.002174 0.011909 0.000004
5.892013 0.002174 0.011909 0.000004
5.894187 0.002174 0.011909 0.000004
5.896361 0.002174 0.011909 0.000004
5.898535 0.002174 0.011909 0.000004
5.900709 0.002174 0.011909 0.000004
5.902883 0.002174 0.011909 0.000004
5.905057 0.002174 0.011909 0.000004
5.907231 0.002174 0.011909 0.000004
5.909405 0.002174 0.011909 0.000003
5.911579 0.002174 0.011909 0.000003
5.913753 0.002174 0.011908 0.000003
5.915927 0.002174 0.011908 0.000003
5.918101 0.002174 0.011908 0.000003
5.920275 0.002174 0.011908 0.000003
5.922449 0.002174 0.011908 0.000003
5.924623 0.002174 0.011908 0.000003
5.926797 0.002174 0.011908 0.000003
5.928971 0.002174 0.011908 0.000003
5.931146 0.002174 0.011908 0.000003
5.933320 0.002174 0.011908 0.000003
5.935494 0.002174 0.011908 0.000002
5.937668 0.002174 0.011908 0.000002
5.939842 0.002174 0.011908 0.000002
5.942016 0.002174 0.011907 0.000002
5.944190 0.002174 0.011907 0.000002
5.946364 0.002174 0.011907 0.000002
5.948538 0.002174 0.011907 0.000002
5.950712 0.002174 0.011907 0.000002
5.952887 0.002174 0.011907 0.000002
5.955061 0.002174 0.011907 0.000002
5.957235 0.002174 0.011907 0.000002
5.959409 0.002174 0.011907 0.000002
5.961583 0.002174 0.011907 0.000002
5.963757 0.002174 0.011907 0.000002
5.965931 0.002174 0.011907 0.000002
5.968105 0.002174 0.011907 0.000001
5.970279 0.002174 0.011907 0.000001
5.972454 0.002174 0.011907 0.000001
5.974628 0.002174 0.011906 0.000001
5.976802 0.002174 0.011906 0.000001
5.978976 0.002174 0.011906 0.000001
5.981150 0.002174 0.011906 0.000001
5.983324 0.002174 0.011906 0.000001
5.985499 0.002174 0.011906 0.000001
5.987673 0.002174 0.011906 0.000001
5.989847 0.002174 0.011906 0.000001
5.992021 0.002174 0.011906 0.000001
5.994195 0.002174 0.011906 0.000001
5.996369 0.002174 0.011906 0.000001
5.998544 0.002174 0.011906 0.000001
6.000718 0.002174 0.011906 0.000001
6.002892 0.002174 0.011906 0.000001
6.005066 0.002174 0.011906 0.000001
6.007240 0.002174 0.011906 0.000001
6.009414 0.002174 0.011906 0.000001
6.011589 0.002174 0.011906 0.000001
6.013763 0.002174 0.011906 0.000001
6.015937 0.002174 0.011906 0.000001
6.018111 0.002174 0.011906 0.000001
6.020286 0.002174 0.011906 0.000001
6.022460 0.002174 0.011906 0.000000
6.024634 0.002174 0.011906 0.000000
6.026808 0.002174 0.011906 0.000000
6.028982 0.002174 0.011906 0.000000
6.031157 0.002174 0.011906 0.000000
6.033331 0.002174 0.011906 0.000000
6.035505 0.002174 0.011905 0.000000
6.037679 0.002174 0.011905 0.000000
6.039854 0.002174 0.011905 0.000000
6.042028 0.002174 0.011905 0.000000
6.044202 0.002174 0.011905 0.000000
6.046376 0.002174 0.011905 0.000000
6.048551 0.002174 0.011905 0.000000
6.050725 0.002174 0.011905 0.000000
6.052899 0.002174 0.011905 0.000000
6.055073 0.002174 0.011905 0.000000
6.057248 0.002174 0.011905 -0.000000
6.059422 0.002174 0.011905 -0.000000
6.061596 0.002174 0.011905 -0.000000
6.063770 0.002174 0.011905 -0.000000
6.065945 0.002174 0.011905 -0.000000
6.068119 0.002174 0.011905 -0.000000
6.070293 0.002174 0.011905 -0.000000
6.072468 0.002174 0.011905 -0.000000
6.074642 0.002174 0.011905 -0.000000
6.076816 0.002174 0.011905 -0.000000
6.078991 0.002174 0.011905 -0.000000
6.081165 0.002174 0.011905 -0.000000
6.083339 0.002174 0.011905 -0.000001
6.085513 0.002174 0.011905 -0.000001
6.087688 0.002174 0.011905 -0.000001
6.089862 0.002174 0.011904 -0.000001
6.092036 0.002174 0.011904 -0.000001
6.094211 0.002174 0.011904 -0.000001
6.096385 0.002174 0.011904 -0.000001
6.098559 0.002174 0.011904 -0.000001
6.100734 0.002174 0.011904 -0.000001
6.102908 0.002174 0.011904 -0.000001
6.105082 0.002174 0.011904 -0.000001
6.107257 0.002174 0.011904 -0.000001
6.109431 0.002174 0.011904 -0.000001
6.111606 0.002174 0.011904 -0.000001
6.113780 0.002174 0.011904 -0.000001
6.115954 0.002174 0.011904 -0.000001
6.118129 0.002174 0.011904 -0.000002
6.120303 0.002174 0.011904 -0.000002
6.122477 0.002174 0.011904 -0.000002
6.124652 0.002174 0.011903 -0.000002
6.126826 0.002174 0.011903 -0.000002
6.129001 0.002174 0.011903 -0.000002
6.131175 0.002174 0.011903 -0.000002
6.133349 0.002174 0.011903 -0.000002
6.135524 0.002174 0.011903 -0.000002
6.137698 0.002174 0.011903 -0.000002
6.139872 0.002174 0.011903 -0.000002
6.142047 0.002174 0.011903 -0.000002
6.144221 0.002174 0.011903 -0.000002
6.146396 0.002174 0.011903 -0.000002
6.148570 0.002174 0.011903 -0.000002
6.150745 0.002174 0.011903 -0.000002
6.152919 0.002174 0.011903 -0.000003
6.155093 0.002174 0.011903 -0.000003
6.157268 0.002174 0.011903 -0.000003
6.159442 0.002174 0.011903 -0.000003
6.161617 0.002174 0.011902 -0.000003
6.163791 0.002174 0.011902 -0.000003
6.165966 0.002174 0.011902 -0.000003
6.168140 0.002174 0.011902 -0.000003
6.170314 0.002174 0.011902 -0.000003
6.172489 0.002174 0.011902 -0.000003
6.174663 0.002174 0.011902 -0.000003
6.176838 0.002174 0.011902 -0.000003
6.179012 0.002174 0.011902 -0.000003
6.181187 0.002174 0.011902 -0.000003
6.183361 0.002174 0.011902 -0.000003
6.185536 0.002174 0.011902 -0.000003
6.187710 0.002174 0.011902 -0.000003
6.189885 0.002174 0.011902 -0.000003
6.192059 0.002174 0.011902 -0.000003
6.194234 0.002174 0.011902 -0.000003
6.196408 0.002174 0.011902 -0.000003
6.198583 0.002174 0.011902 -0.000003
6.200757 0.002174 0.011902 -0.000003
6.202932 0.002174 0.011902 -0.000003
6.205106 0.002174 0.011902 -0.000003
6.207281 0.002175 0.011902 -0.000003
6.209455 0.002175 0.011902 -0.000003
6.211630 0.002175 0.011902 -0.000003
6.213804 0.002175 0.011902 -0.000003
6.215979 0.002175 0.011902 -0.000003
6.218153 0.002175 0.011902 -0.000003
6.220328 0.002175 0.011902 -0.000003
6.222502 0.002175 0.011902 -0.000003
6.224677 0.002175 0.011902 -0.000003
6.226851 0.002175 0.011902 -0.000003
6.229026 0.002175 0.011902 -0.000003
6.231200 0.002175 0.011902 -0.000003
6.233375 0.002175 0.011902 -0.000003
6.235549 0.002175 0.011902 -0.000003
6.237724 0.002175 0.011902 -0.000003
6.239898 0.002175 0.011902 -0.000003
6.242073 0.002175 0.011902 -0.000003
6.244248 0.002175 0.011902 -0.000003
6.246422 0.002175 0.011902 -0.000003
6.248597 0.002175 0.011902 -0.000003
6.250771 0.002175 0.011902 -0.000003
6.252946 0.002175 0.011902 -0.000003
6.255120 0.002175 0.011902 -0.000003
6.257295 0.002175 0.011902 -0.000003
6.259470 0.002175 0.011902 -0.000003
6.261644 0.002175 0.011902 -0.000003
6.263819 0.002175 0.011902 -0.000003
6.265993 0.002175 0.011902 -0.000003
6.268168 0.002175 0.011902 -0.000003
6.270342 0.002175 0.011902 -0.000003
6.272517 0.002175 0.011902 -0.000003
6.274692 0.002175 0.011902 -0.000003
6.276866 0.002175 0.011902 -0.000003
6.279041 0.002175 0.011902 -0.000003
6.281216 0.002175 0.011902 -0.000003
6.283390 0.002175 0.011903 -0.000003
6.285565 0.002175 0.011903 -0.000003
6.287739 0.002175 0.011903 -0.000002
6.289914 0.002175 0.011903 -0.000002
6.292089 0.002175 0.011903 -0.000002
6.294263 0.002175 0.011903 -0.000002
6.296438 0.002175 0.011904 -0.000002
6.298613 0.002175 0.011904 -0.000001
6.300787 0.002175 0.011904 -0.000001
6.302962 0.002175 0.011904 -0.000001
6.305136 0.002175 0.011905 -0.000001
6.307311 0.002175 0.011905 -0.000000
6.309486 0.002175 0.011905 0.000000
6.311660 0.002175 0.011906 0.000000
6.313835 0.002175 0.011906 0.000001
6.316010 0.002175 0.011906 0.000001
6.318184 0.002175 0.011907 0.000001
6.320359 0.002175 0.011907 0.000002
6.322534 0.002175 0.011907 0.000002
6.324708 0.002175 0.011908 0.000003
6.326883 0.002175 0.011908 0.000003
6.329058 0.002175 0.011908 0.000003
6.331232 0.002175 0.011909 0.000004
6.333407 0.002175 0.011909 0.000004
6.335582 0.002175 0.011910 0.000004
6.337757 0.002175 0.011910 0.000005
6.339931 0.002175 0.011910 0.000005
6.342106 0.002175 0.011911 0.000006
6.344281 0.002175 0.011911 0.000006
6.346455 0.002175 0.011912 0.000006
6.348630 0.002175 0.011912 0.000007
6.350805 0.002175 0.011912 0.000007
6.352980 0.002175 0.011913 0.000008
6.355154 0.002175 0.011913 0.000008
6.357329 0.002175 0.011914 0.000008
6.359504 0.002175 0.011914 0.000009
6.361678 0.002175 0.011914 0.000009
6.363853 0.002175 0.011915 0.000010
6.366028 0.002175 0.011915 0.000010
6.368203 0.002175 0.011916 0.000010
6.370377 0.002175 0.011916 0.000011
6.372552 0.002175 0.011916 0.000011
6.374727 0.002175 0.011917 0.000012
6.376902 0.002175 0.011917 0.000012
6.379076 0.002175 0.011917 0.000012
6.381251 0.002175 0.011918 0.000013
6.383426 0.002175 0.011918 0.000013
6.385601 0.002175 0.011919 0.000013
6.387775 0.002175 0.011919 0.000014
6.389950 0.002175 0.011919 0.000014
6.392125 0.002175 0.011920 0.000015
6.394300 0.002175 0.011920 0.000015
6.396475 0.002175 0.011921 0.000015
6.398649 0.002175 0.011921 0.000016
6.400824 0.002175 0.011921 0.000016
6.402999 0.002175 0.011922 0.000016
6.405174 0.002175 0.011922 0.000017
6.407349 0.002175 0.011922 0.000017
6.409523 0.002175 0.011923 0.000018
6.411698 0.002175 0.011923 0.000018
6.413873 0.002175 0.011924 0.000018
6.416048 0.002175 0.011924 0.000019
6.418223 0.002175 0.011924 0.000019
6.420397 0.002175 0.011925 0.000019
6.422572 0.002175 0.011925 0.000020
6.424747 0.002175 0.011925 0.000020
6.426922 0.002175 0.011926 0.000020
6.429097 0.002175 0.011926 0.000021
6.431272 0.002175 0.011926 0.000021
6.433446 0.002175 0.011927 0.000022
6.435621 0.002175 0.011927 0.000022
6.437796 0.002175 0.011927 0.000022
6.439971 0.002175 0.011928 0.000023
6.442146 0.002175 0.011928 0.000023
6.444321 0.002175 0.011928 0.000023
6.446496 0.002175 0.011929 0.000024
6.448670 0.002175 0.011929 0.000024
6.450845 0.002175 0.011929 0.000024
6.453020 0.002175 0.011930 0.000025
6.455195 0.002175 0.011930 0.000025
6.457370 0.002175 0.011930 0.000025
6.459545 0.002175 0.011931 0.000026
6.461720 0.002175 0.011931 0.000026
6.463895 0.002175 0.011931 0.000026
6.466069 0.002175 0.011932 0.000027
6.468244 0.002175 0.011932 0.000027
6.470419 0.002175 0.011932 0.000027
6.472594 0.002175 0.011933 0.000027
6.474769 0.002175 0.011933 0.000028
6.476944 0.002175 0.011933 0.000028
6.479119 0.002175 0.011934 0.000028
6.481294 0.002175 0.011934 0.000029
6.483469 0.002175 0.011934 0.000029
6.485644 0.002175 0.011935 0.000029
6.487819 0.002175 0.011935 0.000030
6.489993 0.002175 0.011935 0.000030
6.492168 0.002175 0.011935 0.000030
6.494343 0.002175 0.011936 0.000031
6.496518 0.002175 0.011936 0.000031
6.498693 0.002175 0.011936 0.000031
6.500868 0.002175 0.011937 0.000031
6.503043 0.002175 0.011937 0.000032
6.505218 0.002175 0.011937 0.000032
6.507393 0.002175 0.011937 0.000032
6.509568 0.002175 0.011938 0.000033
6.511743 0.002175 0.011938 0.000033
6.513918 0.002175 0.011938 0.000033
6.516093 0.002175 0.011939 0.000033
6.518268 0.002175 0.011939 0.000034
6.520443 0.002175 0.011939 0.000034
6.522618 0.002175 0.011939 0.000034
6.524793 0.002175 0.011940 0.000035
6.526968 0.002175 0.011940 0.000035
6.529143 0.002175 0.011940 0.000035
6.531318 0.002175 0.011941 0.000035
6.533493 0.002175 0.011941 0.000036
6.535668 0.002175 0.011941 0.000036
6.537843 0.002175 0.011941 0.000036
6.540018 0.002175 0.011942 0.000036
6.542193 0.002175 0.011942 0.000037
6.544368 0.002175 0.011942 0.000037
6.546543 0.002175 0.011942 0.000037
6.548718 0.002175 0.011943 0.000037
6.550893 0.002175 0.011943 0.000038
6.553068 0.002175 0.011943 0.000038
6.555243 0.002175 0.011943 0.000038
6.557418 0.002175 0.011944 0.000038
6.559593 0.002175 0.011944 0.000039
6.561768 0.002175 0.011944 0.000039
6.563943 0.002175 0.011944 0.000039
6.566118 0.002175 0.011945 0.000039
6.568293 0.002175 0.011945 0.000040
6.570468 0.002175 0.011945 0.000040
6.572643 0.002175 0.011945 0.000040
6.574818 0.002175 0.011946 0.000040
6.576993 0.002175 0.011946 0.000041
6.579168 0.002175 0.011946 0.000041
6.581343 0.002175 0.011946 0.000041
6.583518 0.002175 0.011946 0.000041
6.585693 0.002175 0.011947 0.000042
6.587869 0.002175 0.011947 0.000042
6.590044 0.002175 0.011947 0.000042
6.592219 0.002175 0.011947 0.000042
6.594394 0.002175 0.011948 0.000042
6.596569 0.002175 0.011948 0.000043
6.598744 0.002175 0.011948 0.000043
6.600919 0.002175 0.011948 0.000043
6.603094 0.002175 0.011948 0.000043
6.605269 0.002175 0.011949 0.000043
6.607444 0.002175 0.011949 0.000044
6.609619 0.002175 0.011949 0.000044
6.611795 0.002175 0.011949 0.000044
6.613970 0.002175 0.011949 0.000044
6.616145 0.002175 0.011950 0.000045
6.618320 0.002175 0.011950 0.000045
6.620495 0.002175 0.011950 0.000045
6.622670 0.002175 0.011950 0.000045
6.624845 0.002175 0.011950 0.000045
6.627020 0.002175 0.011951 0.000045
6.629196 0.002175 0.011951 0.000046
6.631371 0.002175 0.011951 0.000046
6.633546 0.002175 0.011951 0.000046
6.635721 0.002175 0.011951 0.000046
6.637896 0.002175 0.011952 0.000046
6.640071 0.002175 0.011952 0.000047
6.642246 0.002175 0.011952 0.000047
6.644422 0.002175 0.011952 0.000047
6.646597 0.002175 0.011952 0.000047
6.648772 0.002175 0.011952 0.000047
6.650947 0.002175 0.011953 0.000047
6.653122 0.002175 0.011953 0.000048
6.655297 0.002175 0.011953 0.000048
6.657473 0.002175 0.011953 0.000048
6.659648 0.002175 0.011953 0.000048
6.661823 0.002175 0.011953 0.000048
6.663998 0.002175 0.011954 0.000048
6.666173 0.002175 0.011954 0.000049
6.668349 0.002175 0.011954 0.000049
6.670524 0.002175 0.011954 0.000049
6.672699 0.002175 0.011954 0.000049
6.674874 0.002175 0.011954 0.000049
6.677049 0.002175 0.011954 0.000049
6.679225 0.002175 0.011955 0.000049
6.681400 0.002175 0.011955 0.000050
6.683575 0.002175 0.011955 0.000050
6.685750 0.002175 0.011955 0.000050
6.687925 0.002175 0.011955 0.000050
6.690101 0.002175 0.011955 0.000050
6.692276 0.002175 0.011955 0.000050
6.694451 0.002175 0.011955 0.000050
6.696626 0.002175 0.011956 0.000050
6.698802 0.002175 0.011956 0.000050
6.700977 0.002175 0.011956 0.000051
6.703152 0.002175 0.011956 0.000051
6.705327 0.002175 0.011956 0.000051
6.707503 0.002175 0.011956 0.000051
6.709678 0.002175 0.011956 0.000051
6.711853 0.002175 0.011956 0.000051
6.714028 0.002175 0.011956 0.000051
6.716204 0.002175 0.011957 0.000051
6.718379 0.002175 0.011957 0.000051
6.720554 0.002175 0.011957 0.000052
6.722730 0.002175 0.011957 0.000052
6.724905 0.002175 0.011957 0.000052
6.727080 0.002175 0.011957 0.000052
6.729255 0.002175 0.011957 0.000052
6.731431 0.002175 0.011957 0.000052
6.733606 0.002175 0.011957 0.000052
6.735781 0.002175 0.011957 0.000052
6.737957 0.002175 0.011957 0.000052
6.740132 0.002175 0.011957 0.000052
6.742307 0.002175 0.011958 0.000052
6.744482 0.002175 0.011958 0.000052
6.746658 0.002175 0.011958 0.000052
6.748833 0.002175 0.011958 0.000053
6.751008 0.002175 0.011958 0.000053
6.753184 0.002175 0.011958 0.000053
6.755359 0.002175 0.011958 0.000053
6.757534 0.002175 0.011958 0.000053
6.759710 0.002175 0.011958 0.000053
6.761885 0.002175 0.011958 0.000053
6.764060 0.002175 0.011958 0.000053
6.766236 0.002175 0.011958 0.000053
6.768411 0.002175 0.011958 0.000053
6.770586 0.002175 0.011958 0.000053
6.772762 0.002175 0.011958 0.000053
6.774937 0.002175 0.011958 0.000053
6.777113 0.002175 0.011958 0.000053
6.779288 0.002175 0.011959 0.000053
6.781463 0.002175 0.011959 0.000053
6.783639 0.002175 0.011959 0.000053
6.785814 0.002175 0.011959 0.000053
6.787989 0.002175 0.011959 0.000053
6.790165 0.002175 0.011959 0.000054
6.792340 0.002175 0.011959 0.000054
6.794515 0.002175 0.011959 0.000054
6.796691 0.002175 0.011959 0.000054
6.798866 0.002175 0.011959 0.000054
6.801042 0.002175 0.011959 0.000054
6.803217 0.002175 0.011959 0.000054
6.805392 0.002175 0.011959 0.000054
6.807568 0.002175 0.011959 0.000054
6.809743 0.002175 0.011959 0.000054
6.811919 0.002175 0.011959 0.000054
6.814094 0.002175 0.011959 0.000054
6.816270 0.002175 0.011959 0.000054
6.818445 0.002175 0.011959 0.000054
6.820620 0.002175 0.011959 0.000054
6.822796 0.002175 0.011959 0.000054
6.824971 0.002175 0.011959 0.000054
6.827147 0.002175 0.011959 0.000054
6.829322 0.002175 0.011959 0.000054
6.831498 0.002175 0.011959 0.000054
6.833673 0.002175 0.011959 0.000054
6.835848 0.002175 0.011959 0.000054
6.838024 0.002175 0.011959 0.000054
6.840199 0.002175 0.011959 0.000054
6.842375 0.002175 0.011959 0.000054
6.844550 0.002175 0.011959 0.000054
6.846726 0.002175 0.011959 0.000054
6.848901 0.002175 0.011959 0.000054
6.851077 0.002175 0.011959 0.000054
6.853252 0.002175 0.011959 0.000054
6.855428 0.002175 0.011959 0.000054
6.857603 0.002175 0.011959 0.000054
6.859779 0.002175 0.011959 0.000054
6.861954 0.002175 0.011959 0.000053
6.864129 0.002175 0.011959 0.000053
6.866305 0.002175 0.011959 0.000053
6.868480 0.002175 0.011959 0.000053
6.870656 0.002175 0.011958 0.000053
6.872831 0.002175 0.011958 0.000053
6.875007 0.002176 0.011958 0.000053
6.877182 0.002176 0.011958 0.000053
6.879358 0.002176 0.011958 0.000053
6.881533 0.002176 0.011958 0.000053
6.883709 0.002176 0.011958 0.000053
6.885885 0.002176 0.011958 0.000053
6.888060 0.002176 0.011958 0.000053
6.890236 0.002176 0.011958 0.000053
6.892411 0.002176 0.011958 0.000053
6.894587 0.002176 0.011958 0.000053
6.896762 0.002176 0.011958 0.000053
6.898938 0.002176 0.011958 0.000053
6.901113 0.002176 0.011958 0.000052
6.903289 0.002176 0.011958 0.000052
6.905464 0.002176 0.011957 0.000052
6.907640 0.002176 0.011957 0.000052
6.909815 0.002176 0.011957 0.000052
6.911991 0.002176 0.011957 0.000052
6.914167 0.002176 0.011957 0.000052
6.916342 0.002176 0.011957 0.000052
6.918518 0.002176 0.011957 0.000052
6.920693 0.002176 0.011957 0.000052
6.922869 0.002176 0.011957 0.000052
6.925044 0.002176 0.011957 0.000052
6.927220 0.002176 0.011957 0.000052
6.929396 0.002176 0.011957 0.000051
6.931571 0.002176 0.011957 0.000051
6.933747 0.002176 0.011957 0.000051
6.935922 0.002176 0.011956 0.000051
6.938098 0.002176 0.011956 0.000051
6.940273 0.002176 0.011956 0.000051
6.942449 0.002176 0.011956 0.000051
6.944625 0.002176 0.011956 0.000051
6.946800 0.002176 0.011956 0.000051
6.948976 0.002176 0.011956 0.000051
6.951151 0.002176 0.011956 0.000051
6.953327 0.002176 0.011956 0.000051
6.955503 0.002176 0.011956 0.000051
6.957678 0.002176 0.011956 0.000050
6.959854 0.002176 0.011956 0.000050
6.962030 0.002176 0.011955 0.000050
6.964205 0.002176 0.011955 0.000050
6.966381 0.002176 0.011955 0.000050
6.968556 0.002176 0.011955 0.000050
6.970732 0.002176 0.011955 0.000050
6.972908 0.002176 0.011955 0.000050
6.975083 0.002176 0.011955 0.000050
6.977259 0.002176 0.011955 0.000050
6.979435 0.002176 0.011955 0.000050
6.981610 0.002176 0.011955 0.000049
6.983786 0.002176 0.011955 0.000049
6.985962 0.002176 0.011955 0.000049
6.988137 0.002176 0.011954 0.000049
6.990313 0.002176 0.011954 0.000049
6.992489 0.002176 0.011954 0.000049
6.994664 0.002176 0.011954 0.000049
6.996840 0.002176 0.011954 0.000049
6.999016 0.002176 0.011954 0.000049
7.001191 0.002176 0.011954 0.000049
7.003367 0.002176 0.011954 0.000049
7.005543 0.002176 0.011954 0.000048
7.007718 0.002176 0.011954 0.000048
7.009894 0.002176 0.011954 0.000048
7.012070 0.002176 0.011953 0.000048
7.014246 0.002176 0.011953 0.000048
7.016421 0.002176 0.011953 0.000048
7.018597 0.002176 0.011953 0.000048
7.020773 0.002176 0.011953 0.000048
7.022948 0.002176 0.011953 0.000048
7.025124 0.002176 0.011953 0.000048
7.027300 0.002176 0.011953 0.000048
7.029476 0.002176 0.011953 0.000047
7.031651 0.002176 0.011953 0.000047
7.033827 0.002176 0.011952 0.000047
7.036003 0.002176 0.011952 0.000047
7.038179 0.002176 0.011952 0.000047
7.040354 0.002176 0.011952 0.000047
7.042530 0.002176 0.011952 0.000047
7.044706 0.002176 0.011952 0.000047
7.046882 0.002176 0.011952 0.000047
7.049057 0.002176 0.011952 0.000047
7.051233 0.002176 0.011952 0.000047
7.053409 0.002176 0.011952 0.000046
7.055585 0.002176 0.011952 0.000046
7.057760 0.002176 0.011951 0.000046
7.059936 0.002176 0.011951 0.000046
7.062112 0.002176 0.011951 0.000046
7.064288 0.002176 0.011951 0.000046
7.066463 0.002176 0.011951 0.000046
7.068639 0.002176 0.011951 0.000046
7.070815 0.002176 0.011951 0.000046
7.072991 0.002176 0.011951 0.000046
7.075167 0.002176 0.011951 0.000045
7.077342 0.002176 0.011951 0.000045
7.079518 0.002176 0.011950 0.000045
7.081694 0.002176 0.011950 0.000045
7.083870 0.002176 0.011950 0.000045
7.086046 0.002176 0.011950 0.000045
7.088221 0.002176 0.011950 0.000045
7.090397 0.002176 0.011950 0.000045
7.092573 0.002176 0.011950 0.000045
7.094749 0.002176 0.011950 0.000045
7.096925 0.002176 0.011950 0.000045
7.099101 0.002176 0.011950 0.000044
7.101276 0.002176 0.011950 0.000044
7.103452 0.002176 0.011949 0.000044
7.105628 0.002176 0.011949 0.000044
7.107804 0.002176 0.011949 0.000044
7.109980 0.002176 0.011949 0.000044
7.112156 0.002176 0.011949 0.000044
7.114332 0.002176 0.011949 0.000044
7.116507 0.002176 0.011949 0.000044
7.118683 0.002176 0.011949 0.000044
7.120859 0.002176 0.011949 0.000044
7.123035 0.002176 0.011949 0.000043
7.125211 0.002176 0.011949 0.000043
7.127387 0.002176 0.011948 0.000043
7.129563 0.002176 0.011948 0.000043
7.131738 0.002176 0.011948 0.000043
7.133914 0.002176 0.011948 0.000043
7.136090 0.002176 0.011948 0.000043
7.138266 0.002176 0.011948 0.000043
7.140442 0.002176 0.011948 0.000043
7.142618 0.002176 0.011948 0.000043
7.144794 0.002176 0.011948 0.000043
7.146970 0.002176 0.011948 0.000043
7.149146 0.002176 0.011948 0.000043
7.151321 0.002176 0.011948 0.000042
7.153497 0.002176 0.011948 0.000042
7.155673 0.002176 0.011947 0.000042
7.157849 0.002176 0.011947 0.000042
7.160025 0.002176 0.011947 0.000042
7.162201 0.002176 0.011947 0.000042
7.164377 0.002176 0.011947 0.000042
7.166553 0.002176 0.011947 0.000042
7.168729 0.002176 0.011947 0.000042
7.170905 0.002176 0.011947 0.000042
7.173081 0.002176 0.011947 0.000042
7.175256 0.002176 0.011947 0.000042
7.177432 0.002176 0.011947 0.000042
7.179608 0.002176 0.011947 0.000042
7.181784 0.002176 0.011947 0.000042
7.183960 0.002176 0.011947 0.000042
7.186136 0.002176 0.011947 0.000042
7.188312 0.002176 0.011947 0.000041
7.190488 0.002176 0.011947 0.000041
7.192664 0.002176 0.011947 0.000041
7.194840 0.002176 0.011947 0.000041
7.197016 0.002176 0.011947 0.000041
7.199192 0.002176 0.011946 0.000041
7.201368 0.002176 0.011946 0.000041
7.203544 0.002176 0.011946 0.000041
7.205720 0.002176 0.011946 0.000041
7.207896 0.002176 0.011946 0.000041
7.210072 0.002176 0.011946 0.000041
7.212248 0.002176 0.011946 0.000041
7.214424 0.002176 0.011946 0.000041
7.216600 0.002176 0.011946 0.000041
7.218776 0.002176 0.011946 0.000041
7.220952 0.002176 0.011946 0.000041
7.223128 0.002176 0.011946 0.000041
7.225304 0.002176 0.011946 0.000041
7.227480 0.002176 0.011946 0.000041
7.229656 0.002176 0.011946 0.000041
7.231832 0.002176 0.011946 0.000041
7.234008 0.002176 0.011946 0.000041
7.236184 0.002176 0.011946 0.000041
7.238360 0.002176 0.011946 0.000041
7.240536 0.002176 0.011946 0.000041
7.242712 0.002176 0.011946 0.000041
7.244888 0.002176 0.011946 0.000041
7.247064 0.002176 0.011946 0.000041
7.249240 0.002176 0.011946 0.000041
7.251416 0.002176 0.011946 0.000041
7.253592 0.002176 0.011946 0.000041
7.255768 0.002176 0.011946 0.000041
7.257944 0.002176 0.011946 0.000041
7.260120 0.002176 0.011946 0.000041
7.262296 0.002176 0.011946 0.000041
7.264472 0.002176 0.011946 0.000041
7.266648 0.002176 0.011946 0.000041
7.268824 0.002176 0.011946 0.000041
7.271000 0.002176 0.011946 0.000041
7.273176 0.002176 0.011946 0.000041
7.275352 0.002176 0.011946 0.000041
7.277528 0.002176 0.011946 0.000041
7.279704 0.002176 0.011946 0.000041
7.281880 0.002176 0.011946 0.000041
7.284056 0.002176 0.011946 0.000041
7.286233 0.002176 0.011946 0.000041
7.288409 0.002176 0.011946 0.000041
7.290585 0.002176 0.011946 0.000041
7.292761 0.002176 0.011946 0.000041
7.294937 0.002176 0.011946 0.000041
7.297113 0.002176 0.011946 0.000041
7.299289 0.002176 0.011946 0.000041
7.301465 0.002176 0.011946 0.000041
7.303641 0.002176 0.011946 0.000041
7.305817 0.002176 0.011946 0.000041
7.307993 0.002176 0.011947 0.000041
7.310170 0.002176 0.011947 0.000041
7.312346 0.002176 0.011947 0.000041
7.314522 0.002176 0.011947 0.000041
7.316698 0.002176 0.011947 0.000041
7.318874 0.002176 0.011947 0.000042
7.321050 0.002176 0.011947 0.000042
7.323226 0.002176 0.011947 0.000042
7.325402 0.002176 0.011947 0.000042
7.327579 0.002176 0.011947 0.000042
7.329755 0.002176 0.011947 0.000042
7.331931 0.002176 0.011947 0.000042
7.334107 0.002176 0.011947 0.000042
7.336283 0.002176 0.011947 0.000042
7.338459 0.002176 0.011947 0.000042
7.340635 0.002176 0.011947 0.000042
7.342812 0.002176 0.011947 0.000042
7.344988 0.002176 0.011947 0.000042
7.347164 0.002176 0.011947 0.000042
7.349340 0.002176 0.011947 0.000042
7.351516 0.002176 0.011947 0.000042
7.353692 0.002176 0.011948 0.000042
7.355869 0.002176 0.011948 0.000042
7.358045 0.002176 0.011948 0.000043
7.360221 0.002176 0.011948 0.000043
7.362397 0.002176 0.011948 0.000043
7.364573 0.002176 0.011948 0.000043
7.366749 0.002176 0.011948 0.000043
7.368926 0.002176 0.011948 0.000043
7.371102 0.002176 0.011948 0.000043
7.373278 0.002176 0.011948 0.000043
7.375454 0.002176 0.011948 0.000043
7.377630 0.002176 0.011949 0.000043
7.379807 0.002176 0.011949 0.000043
7.381983 0.002176 0.011949 0.000044
7.384159 0.002176 0.011949 0.000044
7.386335 0.002176 0.011949 0.000044
7.388511 0.002176 0.011949 0.000044
7.390688 0.002176 0.011949 0.000044
7.392864 0.002176 0.011949 0.000044
7.395040 0.002176 0.011949 0.000044
7.397216 0.002176 0.011950 0.000044
7.399393 0.002176 0.011950 0.000045
7.401569 0.002176 0.011950 0.000045
7.403745 0.002176 0.011950 0.000045
7.405921 0.002176 0.011950 0.000045
7.408098 0.002176 0.011950 0.000045
7.410274 0.002176 0.011950 0.000045
7.412450 0.002176 0.011950 0.000045
7.414626 0.002176 0.011951 0.000045
7.416802 0.002176 0.011951 0.000046
7.418979 0.002176 0.011951 0.000046
7.421155 0.002176 0.011951 0.000046
7.423331 0.002176 0.011951 0.000046
7.425507 0.002176 0.011951 0.000046
7.427684 0.002176 0.011951 0.000046
7.429860 0.002176 0.011952 0.000046
7.432036 0.002176 0.011952 0.000046
7.434213 0.002176 0.011952 0.000047
7.436389 0.002176 0.011952 0.000047
7.438565 0.002176 0.011952 0.000047
7.440741 0.002176 0.011952 0.000047
7.442918 0.002176 0.011952 0.000047
7.445094 0.002176 0.011952 0.000047
7.447270 0.002176 0.011953 0.000047
7.449447 0.002176 0.011953 0.000048
7.451623 0.002176 0.011953 0.000048
7.453799 0.002176 0.011953 0.000048
7.455975 0.002176 0.011953 0.000048
7.458152 0.002176 0.011953 0.000048
7.460328 0.002176 0.011953 0.000048
7.462504 0.002176 0.011953 0.000048
7.464681 0.002176 0.011954 0.000048
7.466857 0.002176 0.011954 0.000049
7.469033 0.002176 0.011954 0.000049
7.471209 0.002176 0.011954 0.000049
7.473386 0.002176 0.011954 0.000049
7.475562 0.002176 0.011954 0.000049
7.477738 0.002176 0.011954 0.000049
7.479915 0.002176 0.011954 0.000049
7.482091 0.002176 0.011955 0.000049
7.484267 0.002176 0.011955 0.000050
7.486444 0.002176 0.011955 0.000050
7.488620 0.002176 0.011955 0.000050
7.490796 0.002176 0.011955 0.000050
7.492973 0.002176 0.011955 0.000050
7.495149 0.002176 0.011955 0.000050
7.497325 0.002176 0.011955 0.000050
7.499502 0.002176 0.011956 0.000050
7.501678 0.002176 0.011956 0.000050
7.503854 0.002176 0.011956 0.000051
7.506031 0.002176 0.011956 0.000051
7.508207 0.002176 0.011956 0.000051
7.510383 0.002176 0.011956 0.000051
7.512560 0.002176 0.011956 0.000051
7.514736 0.002176 0.011956 0.000051
7.516913 0.002176 0.011956 0.000051
7.519089 0.002176 0.011957 0.000051
7.521265 0.002176 0.011957 0.000051
7.523442 0.002176 0.011957 0.000052
7.525618 0.002176 0.011957 0.000052
7.527794 0.002176 0.011957 0.000052
7.529971 0.002176 0.011957 0.000052
7.532147 0.002176 0.011957 0.000052
7.534324 0.002176 0.011957 0.000052
7.536500 0.002176 0.011957 0.000052
7.538676 0.002176 0.011957 0.000052
7.540853 0.002176 0.011957 0.000052
7.543029 0.002176 0.011958 0.000052
7.545205 0.002176 0.011958 0.000052
7.547382 0.002176 0.011958 0.000053
7.549558 0.002176 0.011958 0.000053
7.551735 0.002176 0.011958 0.000053
7.553911 0.002176 0.011958 0.000053
7.556087 0.002176 0.011958 0.000053
7.558264 0.002176 0.011958 0.000053
7.560440 0.002176 0.011958 0.000053
7.562617 0.002176 0.011958 0.000053
7.564793 0.002176 0.011958 0.000053
7.566969 0.002176 0.011958 0.000053
7.569146 0.002176 0.011958 0.000053
7.571322 0.002176 0.011959 0.000053
7.573499 0.002176 0.011959 0.000053
7.575675 0.002176 0.011959 0.000054
7.577852 0.002176 0.011959 0.000054
7.580028 0.002176 0.011959 0.000054
7.582204 0.002176 0.011959 0.000054
7.584381 0.002176 0.011959 0.000054
7.586557 0.002176 0.011959 0.000054
7.588734 0.002176 0.011959 0.000054
7.590910 0.002176 0.011959 0.000054
7.593087 0.002176 0.011959 0.000054
7.595263 0.002176 0.011959 0.000054
7.597439 0.002176 0.011959 0.000054
7.599616 0.002176 0.011959 0.000054
7.601792 0.002176 0.011960 0.000054
7.603969 0.002176 0.011960 0.000054
7.606145 0.002176 0.011960 0.000054
7.608322 0.002176 0.011960 0.000055
7.610498 0.002176 0.011960 0.000055
7.612675 0.002176 0.011960 0.000055
7.614851 0.002176 0.011960 0.000055
7.617027 0.002176 0.011960 0.000055
7.619204 0.002176 0.011960 0.000055
7.621380 0.002176 0.011960 0.000055
7.623557 0.002176 0.011960 0.000055
7.625733 0.002176 0.011960 0.000055
7.627910 0.002176 0.011960 0.000055
7.630086 0.002176 0.011960 0.000055
7.632263 0.002176 0.011960 0.000055
7.634439 0.002176 0.011960 0.000055
7.636616 0.002176 0.011961 0.000055
7.638792 0.002176 0.011961 0.000055
7.640969 0.002176 0.011961 0.000055
7.643145 0.002176 0.011961 0.000056
7.645322 0.002176 0.011961 0.000056
7.647498 0.002176 0.011961 0.000056
7.649674 0.002176 0.011961 0.000056
7.651851 0.002176 0.011961 0.000056
7.654027 0.002176 0.011961 0.000056
7.656204 0.002176 0.011961 0.000056
7.658380 0.002176 0.011961 0.000056
7.660557 0.002176 0.011961 0.000056
7.662733 0.002176 0.011961 0.000056
7.664910 0.002176 0.011961 0.000056
7.667086 0.002176 0.011961 0.000056
7.669263 0.002176 0.011961 0.000056
7.671439 0.002177 0.011961 0.000056
7.673616 0.002177 0.011961 0.000056
7.675792 0.002177 0.011961 0.000056
7.677969 0.002177 0.011961 0.000056
7.680145 0.002177 0.011961 0.000056
7.682322 0.002177 0.011961 0.000056
7.684498 0.002177 0.011962 0.000056
7.686675 0.002177 0.011962 0.000056
7.688851 0.002177 0.011962 0.000056
7.691028 0.002177 0.011962 0.000056
7.693205 0.002177 0.011962 0.000056
7.695381 0.002177 0.011962 0.000057
7.697558 0.002177 0.011962 0.000057
7.699734 0.002177 0.011962 0.000057
7.701911 0.002177 0.011962 0.000057
7.704087 0.002177 0.011962 0.000057
7.706264 0.002177 0.011962 0.000057
7.708440 0.002177 0.011962 0.000057
7.710617 0.002177 0.011962 0.000057
7.712793 0.002177 0.011962 0.000057
7.714970 0.002177 0.011962 0.000057
7.717146 0.002177 0.011962 0.000057
7.719323 0.002177 0.011962 0.000057
7.721499 0.002177 0.011962 0.000057
7.723676 0.002177 0.011962 0.000057
7.725853 0.002177 0.011962 0.000057
7.728029 0.002177 0.011962 0.000057
7.730206 0.002177 0.011962 0.000057
7.732382 0.002177 0.011962 0.000057
7.734559 0.002177 0.011962 0.000057
7.736735 0.002177 0.011962 0.000057
7.738912 0.002177 0.011962 0.000057
7.741088 0.002177 0.011962 0.000057
7.743265 0.002177 0.011962 0.000057
7.745441 0.002177 0.011962 0.000057
7.747618 0.002177 0.011962 0.000057
7.749795 0.002177 0.011963 0.000057
7.751971 0.002177 0.011963 0.000057
7.754148 0.002177 0.011963 0.000057
7.756324 0.002177 0.011963 0.000057
7.758501 0.002177 0.011963 0.000057
7.760677 0.002177 0.011963 0.000057
7.762854 0.002177 0.011963 0.000058
7.765031 0.002177 0.011963 0.000058
7.767207 0.002177 0.011963 0.000058
7.769384 0.002177 0.011963 0.000058
7.771560 0.002177 0.011963 0.000058
7.773737 0.002177 0.011963 0.000058
7.775913 0.002177 0.011963 0.000058
7.778090 0.002177 0.011963 0.000058
7.780267 0.002177 0.011963 0.000058
7.782443 0.002177 0.011963 0.000058
7.784620 0.002177 0.011963 0.000058
7.786796 0.002177 0.011963 0.000058
7.788973 0.002177 0.011963 0.000058
7.791150 0.002177 0.011963 0.000058
7.793326 0.002177 0.011963 0.000058
7.795503 0.002177 0.011963 0.000058
7.797679 0.002177 0.011963 0.000058
7.799856 0.002177 0.011963 0.000058
7.802032 0.002177 0.011963 0.000058
7.804209 0.002177 0.011963 0.000058
7.806386 0.002177 0.011963 0.000058
7.808562 0.002177 0.011963 0.000058
7.810739 0.002177 0.011963 0.000058
7.812915 0.002177 0.011964 0.000058
7.815092 0.002177 0.011964 0.000058
7.817269 0.002177 0.011964 0.000058
7.819445 0.002177 0.011964 0.000058
7.821622 0.002177 0.011964 0.000058
7.823798 0.002177 0.011964 0.000059
7.825975 0.002177 0.011964 0.000059
7.828152 0.002177 0.011964 0.000059
7.830328 0.002177 0.011964 0.000059
7.832505 0.002177 0.011964 0.000059
7.834682 0.002177 0.011964 0.000059
7.836858 0.002177 0.011964 0.000059
7.839035 0.002177 0.011964 0.000059
7.841211 0.002177 0.011964 0.000059
7.843388 0.002177 0.011964 0.000059
7.845565 0.002177 0.011964 0.000059
7.847741 0.002177 0.011964 0.000059
7.849918 0.002177 0.011964 0.000059
7.852094 0.002177 0.011964 0.000059
7.854271 0.002177 0.011964 0.000059
7.856448 0.002177 0.011964 0.000059
7.858624 0.002177 0.011964 0.000059
7.860801 0.002177 0.011965 0.000059
7.862978 0.002177 0.011965 0.000059
7.865154 0.002177 0.011965 0.000059
7.867331 0.002177 0.011965 0.000060
7.869507 0.002177 0.011965 0.000060
7.871684 0.002177 0.011965 0.000060
7.873861 0.002177 0.011965 0.000060
7.876037 0.002177 0.011965 0.000060
7.878214 0.002177 0.011965 0.000060
7.880391 0.002177 0.011965 0.000060
7.882567 0.002177 0.011965 0.000060
7.884744 0.002177 0.011965 0.000060
7.886921 0.002177 0.011965 0.000060
7.889097 0.002177 0.011965 0.000060
7.891274 0.002177 0.011965 0.000060
7.893450 0.002177 0.011965 0.000060
7.895627 0.002177 0.011965 0.000060
7.897804 0.002177 0.011966 0.000060
7.899980 0.002177 0.011966 0.000060
7.902157 0.002177 0.011966 0.000061
7.904334 0.002177 0.011966 0.000061
7.906510 0.002177 0.011966 0.000061
7.908687 0.002177 0.011966 0.000061
7.910864 0.002177 0.011966 0.000061
7.913040 0.002177 0.011966 0.000061
7.915217 0.002177 0.011966 0.000061
7.917394 0.002177 0.011966 0.000061
7.919570 0.002177 0.011966 0.000061
7.921747 0.002177 0.011966 0.000061
7.923924 0.002177 0.011966 0.000061
7.926100 0.002177 0.011967 0.000061
7.928277 0.002177 0.011967 0.000061
7.930454 0.002177 0.011967 0.000061
7.932630 0.002177 0.011967 0.000062
7.934807 0.002177 0.011967 0.000062
7.936984 0.002177 0.011967 0.000062
7.939160 0.002177 0.011967 0.000062
7.941337 0.002177 0.011967 0.000062
7.943513 0.002177 0.011967 0.000062
7.945690 0.002177 0.011967 0.000062
7.947867 0.002177 0.011967 0.000062
7.950043 0.002177 0.011967 0.000062
7.952220 0.002177 0.011967 0.000062
7.954397 0.002177 0.011968 0.000062
7.956574 0.002177 0.011968 0.000062
7.958750 0.002177 0.011968 0.000063
7.960927 0.002177 0.011968 0.000063
7.963104 0.002177 0.011968 0.000063
7.965280 0.002177 0.011968 0.000063
7.967457 0.002177 0.011968 0.000063
7.969634 0.002177 0.011968 0.000063
7.971810 0.002177 0.011968 0.000063
7.973987 0.002177 0.011968 0.000063
7.976164 0.002177 0.011969 0.000063
7.978340 0.002177 0.011969 0.000063
7.980517 0.002177 0.011969 0.000064
7.982694 0.002177 0.011969 0.000064
7.984870 0.002177 0.011969 0.000064
7.987047 0.002177 0.011969 0.000064
7.989224 0.002177 0.011969 0.000064
7.991400 0.002177 0.011969 0.000064
7.993577 0.002177 0.011969 0.000064
7.995754 0.002177 0.011969 0.000064
7.997930 0.002177 0.011970 0.000064
8.000107 0.002177 0.011970 0.000064
8.002284 0.002177 0.011970 0.000065
8.004460 0.002177 0.011970 0.000065
8.006637 0.002177 0.011970 0.000065
8.008814 0.002177 0.011970 0.000065
8.010991 0.002177 0.011970 0.000065
8.013167 0.002177 0.011970 0.000065
8.015344 0.002177 0.011970 0.000065
8.017521 0.002177 0.011971 0.000065
8.019697 0.002177 0.011971 0.000065
8.021874 0.002177 0.011971 0.000066
8.024051 0.002177 0.011971 0.000066
8.026227 0.002177 0.011971 0.000066
8.028404 0.002177 0.011971 0.000066
8.030581 0.002177 0.011971 0.000066
8.032758 0.002177 0.011971 0.000066
8.034934 0.002177 0.011971 0.000066
8.037111 0.002177 0.011972 0.000066
8.039288 0.002177 0.011972 0.000066
8.041464 0.002177 0.011972 0.000067
8.043641 0.002177 0.011972 0.000067
8.045818 0.002177 0.011972 0.000067
8.047994 0.002177 0.011972 0.000067
8.050171 0.002177 0.011972 0.000067
8.052348 0.002177 0.011972 0.000067
8.054525 0.002177 0.011972 0.000067
8.056701 0.002177 0.011973 0.000067
8.058878 0.002177 0.011973 0.000067
8.061055 0.002177 0.011973 0.000068
8.063231 0.002177 0.011973 0.000068
8.065408 0.002177 0.011973 0.000068
8.067585 0.002177 0.011973 0.000068
8.069762 0.002177 0.011973 0.000068
8.071938 0.002177 0.011973 0.000068
8.074115 0.002177 0.011973 0.000068
8.076292 0.002177 0.011974 0.000068
8.078468 0.002177 0.011974 0.000068
8.080645 0.002177 0.011974 0.000069
8.082822 0.002177 0.011974 0.000069
8.084999 0.002177 0.011974 0.000069
8.087175 0.002177 0.011974 0.000069
8.089352 0.002177 0.011974 0.000069
8.091529 0.002177 0.011974 0.000069
8.093705 0.002177 0.011974 0.000069
8.095882 0.002177 0.011975 0.000069
8.098059 0.002177 0.011975 0.000069
8.100236 0.002177 0.011975 0.000070
8.102412 0.002177 0.011975 0.000070
8.104589 0.002177 0.011975 0.000070
8.106766 0.002177 0.011975 0.000070
8.108943 0.002177 0.011975 0.000070
8.111119 0.002177 0.011975 0.000070
8.113296 0.002177 0.011975 0.000070
8.115473 0.002177 0.011975 0.000070
8.117649 0.002177 0.011976 0.000070
8.119826 0.002177 0.011976 0.000070
8.122003 0.002177 0.011976 0.000071
8.124180 0.002177 0.011976 0.000071
8.126356 0.002177 0.011976 0.000071
8.128533 0.002177 0.011976 0.000071
8.130710 0.002177 0.011976 0.000071
8.132886 0.002177 0.011976 0.000071
8.135063 0.002177 0.011976 0.000071
8.137240 0.002177 0.011976 0.000071
8.139417 0.002177 0.011977 0.000071
8.141593 0.002177 0.011977 0.000071
8.143770 0.002177 0.011977 0.000071
8.145947 0.002177 0.011977 0.000072
8.148124 0.002177 0.011977 0.000072
8.150300 0.002177 0.011977 0.000072
8.152477 0.002177 0.011977 0.000072
8.154654 0.002177 0.011977 0.000072
8.156830 0.002177 0.011977 0.000072
8.159007 0.002177 0.011977 0.000072
8.161184 0.002177 0.011977 0.000072
8.163361 0.002177 0.011977 0.000072
8.165537 0.002177 0.011978 0.000072
8.167714 0.002177 0.011978 0.000072
8.169891 0.002177 0.011978 0.000073
8.172068 0.002177 0.011978 0.000073
8.174244 0.002177 0.011978 0.000073
8.176421 0.002177 0.011978 0.000073
8.178598 0.002177 0.011978 0.000073
8.180774 0.002177 0.011978 0.000073
8.182951 0.002177 0.011978 0.000073
8.185128 0.002177 0.011978 0.000073
8.187305 0.002177 0.011978 0.000073
8.189481 0.002177 0.011978 0.000073
8.191658 0.002177 0.011979 0.000073
8.193835 0.002177 0.011979 0.000073
8.196012 0.002177 0.011979 0.000074
8.198188 0.002177 0.011979 0.000074
8.200365 0.002177 0.011979 0.000074
8.202542 0.002177 0.011979 0.000074
8.204718 0.002177 0.011979 0.000074
8.206895 0.002177 0.011979 0.000074
8.209072 0.002177 0.011979 0.000074
8.211249 0.002177 0.011979 0.000074
8.213425 0.002177 0.011979 0.000074
8.215602 0.002177 0.011979 0.000074
8.217779 0.002177 0.011979 0.000074
8.219956 0.002177 0.011980 0.000074
8.222132 0.002177 0.011980 0.000074
8.224309 0.002177 0.011980 0.000074
8.226486 0.002177 0.011980 0.000075
8.228662 0.002177 0.011980 0.000075
8.230839 0.002177 0.011980 0.000075
8.233016 0.002177 0.011980 0.000075
8.235193 0.002177 0.011980 0.000075
8.237369 0.002177 0.011980 0.000075
8.239546 0.002177 0.011980 0.000075
8.241723 0.002177 0.011980 0.000075
8.243900 0.002177 0.011980 0.000075
8.246076 0.002177 0.011980 0.000075
8.248253 0.002177 0.011980 0.000075
8.250430 0.002177 0.011980 0.000075
8.252606 0.002177 0.011980 0.000075
8.254783 0.002177 0.011981 0.000075
8.256960 0.002177 0.011981 0.000075
8.259136 0.002176 0.011981 0.000075
8.261313 0.002176 0.011981 0.000075
8.263489 0.002176 0.011981 0.000076
8.265665 0.002176 0.011981 0.000076
8.267841 0.002176 0.011981 0.000076
8.270017 0.002176 0.011981 0.000076
8.272193 0.002176 0.011981 0.000076
8.274369 0.002176 0.011981 0.000076
8.276545 0.002176 0.011981 0.000076
8.278721 0.002176 0.011981 0.000076
8.280896 0.002176 0.011981 0.000076
8.283072 0.002176 0.011981 0.000076
8.285247 0.002175 0.011981 0.000076
8.287423 0.002175 0.011981 0.000076
8.289598 0.002175 0.011981 0.000076
8.291773 0.002175 0.011981 0.000076
8.293948 0.002175 0.011981 0.000076
8.296123 0.002175 0.011981 0.000076
8.298298 0.002175 0.011981 0.000076
8.300473 0.002175 0.011981 0.000076
8.302648 0.002175 0.011981 0.000076
8.304823 0.002175 0.011981 0.000076
8.306997 0.002175 0.011981 0.000076
8.309172 0.002175 0.011981 0.000076
8.311346 0.002174 0.011981 0.000076
8.313521 0.002174 0.011981 0.000076
8.315695 0.002174 0.011982 0.000076
8.317869 0.002174 0.011982 0.000076
8.320043 0.002174 0.011982 0.000076
8.322218 0.002174 0.011982 0.000076
8.324391 0.002174 0.011982 0.000076
8.326565 0.002174 0.011982 0.000076
8.328739 0.002174 0.011982 0.000076
8.330913 0.002174 0.011982 0.000076
8.333087 0.002174 0.011982 0.000076
8.335260 0.002174 0.011982 0.000076
8.337434 0.002173 0.011982 0.000076
8.339607 0.002173 0.011982 0.000076
8.341780 0.002173 0.011982 0.000076
8.343953 0.002173 0.011982 0.000076
8.346127 0.002173 0.011982 0.000076
8.348300 0.002173 0.011982 0.000076
8.350473 0.002173 0.011982 0.000076
8.352645 0.002173 0.011982 0.000076
8.354818 0.002173 0.011982 0.000076
8.356991 0.002173 0.011982 0.000076
8.359164 0.002173 0.011982 0.000076
8.361336 0.002173 0.011982 0.000076
8.363509 0.002172 0.011982 0.000076
8.365681 0.002172 0.011982 0.000076
8.367853 0.002172 0.011981 0.000076
8.370026 0.002172 0.011981 0.000076
8.372198 0.002172 0.011981 0.000076
8.374370 0.002172 0.011981 0.000076
8.376542 0.002172 0.011981 0.000076
8.378714 0.002172 0.011981 0.000076
8.380885 0.002172 0.011981 0.000076
8.383057 0.002172 0.011981 0.000076
8.385229 0.002172 0.011981 0.000076
8.387400 0.002172 0.011981 0.000076
8.389572 0.002171 0.011981 0.000076
8.391743 0.002171 0.011981 0.000076
8.393914 0.002171 0.011981 0.000076
8.396085 0.002171 0.011981 0.000076
8.398257 0.002171 0.011981 0.000076
8.400428 0.002171 0.011981 0.000076
8.402599 0.002171 0.011981 0.000075
8.404769 0.002171 0.011981 0.000075
8.406940 0.002171 0.011980 0.000075
8.409111 0.002171 0.011980 0.000075
8.411282 0.002171 0.011980 0.000075
8.413452 0.002171 0.011980 0.000075
8.415623 0.002170 0.011980 0.000075
8.417793 0.002170 0.011980 0.000075
8.419963 0.002170 0.011980 0.000075
8.422133 0.002170 0.011980 0.000075
8.424303 0.002170 0.011980 0.000074
8.426473 0.002170 0.011980 0.000074
8.428643 0.002170 0.011979 0.000074
8.430813 0.002170 0.011979 0.000074
8.432983 0.002170 0.011979 0.000074
8.435153 0.002170 0.011979 0.000074
8.437322 0.002170 0.011979 0.000074
8.439492 0.002169 0.011979 0.000074
8.441661 0.002169 0.011979 0.000074
8.443830 0.002169 0.011979 0.000073
8.446000 0.002169 0.011978 0.000073
8.448169 0.002169 0.011978 0.000073
8.450338 0.002169 0.011978 0.000073
8.452507 0.002169 0.011978 0.000073
8.454676 0.002169 0.011978 0.000073
8.456845 0.002169 0.011978 0.000072
8.459013 0.002169 0.011978 0.000072
8.461182 0.002169 0.011977 0.000072
8.463351 0.002169 0.011977 0.000072
8.465519 0.002168 0.011977 0.000072
8.467687 0.002168 0.011977 0.000072
8.469856 0.002168 0.011977 0.000071
8.472024 0.002168 0.011976 0.000071
8.474192 0.002168 0.011976 0.000071
8.476360 0.002168 0.011976 0.000071
8.478528 0.002168 0.011976 0.000071
8.480696 0.002168 0.011976 0.000070
8.482864 0.002168 0.011975 0.000070
8.485031 0.002168 0.011975 0.000070
8.487199 0.002168 0.011975 0.000070
8.489366 0.002167 0.011975 0.000070
8.491534 0.002167 0.011975 0.000069
8.493701 0.002167 0.011974 0.000069
8.495868 0.002167 0.011974 0.000069
8.498035 0.002167 0.011974 0.000069
8.500202 0.002167 0.011974 0.000068
8.502369 0.002167 0.011973 0.000068
8.504536 0.002167 0.011973 0.000068
8.506703 0.002167 0.011973 0.000068
8.508870 0.002167 0.011973 0.000067
8.511036 0.002167 0.011972 0.000067
8.513203 0.002167 0.011972 0.000067
8.515369 0.002166 0.011972 0.000067
8.517535 0.002166 0.011972 0.000066
8.519702 0.002166 0.011971 0.000066
8.521868 0.002166 0.011971 0.000066
8.524034 0.002166 0.011971 0.000066
8.526200 0.002166 0.011970 0.000065
8.528366 0.002166 0.011970 0.000065
8.530531 0.002166 0.011970 0.000065
8.532697 0.002166 0.011969 0.000064
8.534863 0.002166 0.011969 0.000064
8.537028 0.002165 0.011969 0.000064
8.539194 0.002165 0.011969 0.000063
8.541359 0.002165 0.011968 0.000063
8.543524 0.002165 0.011968 0.000063
8.545689 0.002165 0.011968 0.000062
8.547854 0.002165 0.011967 0.000062
8.550019 0.002165 0.011967 0.000062
8.552184 0.002165 0.011966 0.000061
8.554349 0.002165 0.011966 0.000061
8.556513 0.002165 0.011966 0.000061
8.558678 0.002165 0.011965 0.000060
8.560842 0.002164 0.011965 0.000060
8.563007 0.002164 0.011965 0.000059
8.565171 0.002164 0.011964 0.000059
8.567335 0.002164 0.011964 0.000059
8.569499 0.002164 0.011963 0.000058
8.571663 0.002164 0.011963 0.000058
8.573827 0.002164 0.011963 0.000057
8.575991 0.002164 0.011962 0.000057
8.578154 0.002164 0.011962 0.000057
8.580318 0.002164 0.011961 0.000056
8.582481 0.002163 0.011961 0.000056
8.584645 0.002163 0.011961 0.000055
8.586808 0.002163 0.011960 0.000055
8.588971 0.002163 0.011960 0.000054
8.591134 0.002163 0.011959 0.000054
8.593297 0.002163 0.011959 0.000054
8.595460 0.002163 0.011958 0.000053
8.597623 0.002163 0.011958 0.000053
8.599786 0.002163 0.011957 0.000052
8.601948 0.002163 0.011957 0.000052
8.604111 0.002162 0.011956 0.000051
8.606273 0.002162 0.011956 0.000051
8.608435 0.002162 0.011956 0.000050
8.610598 0.002162 0.011955 0.000050
8.612760 0.002162 0.011955 0.000049
8.614922 0.002162 0.011954 0.000049
8.617084 0.002162 0.011954 0.000048
8.619245 0.002162 0.011953 0.000048
8.621407 0.002162 0.011953 0.000047
8.623569 0.002162 0.011952 0.000047
8.625730 0.002161 0.011952 0.000046
8.627891 0.002161 0.011951 0.000046
8.630053 0.002161 0.011950 0.000045
8.632214 0.002161 0.011950 0.000045
8.634375 0.002161 0.011949 0.000044
8.636536 0.002161 0.011949 0.000044
8.638697 0.002161 0.011948 0.000043
8.640857 0.002161 0.011948 0.000043
8.643018 0.002161 0.011947 0.000042
8.645178 0.002161 0.011947 0.000041
8.647339 0.002160 0.011946 0.000041
8.649499 0.002160 0.011945 0.000040
8.651659 0.002160 0.011945 0.000040
8.653819 0.002160 0.011944 0.000039
8.655979 0.002160 0.011944 0.000039
8.658139 0.002160 0.011943 0.000038
8.660299 0.002160 0.011943 0.000037
8.662459 0.002160 0.011942 0.000037
8.664618 0.002160 0.011941 0.000036
8.666778 0.002159 0.011941 0.000036
8.668937 0.002159 0.011940 0.000035
8.671096 0.002159 0.011939 0.000034
8.673255 0.002159 0.011939 0.000034
8.675414 0.002159 0.011938 0.000033
8.677573 0.002159 0.011938 0.000032
8.679732 0.002159 0.011937 0.000032
8.681890 0.002159 0.011936 0.000031
8.684049 0.002159 0.011936 0.000030
8.686207 0.002158 0.011935 0.000030
8.688366 0.002158 0.011934 0.000029
8.690524 0.002158 0.011934 0.000029
8.692682 0.002158 0.011933 0.000028
8.694840 0.002158 0.011932 0.000027
8.696998 0.002158 0.011932 0.000027
8.699155 0.002158 0.011931 0.000026
8.701313 0.002158 0.011930 0.000025
8.703471 0.002158 0.011930 0.000024
8.705628 0.002157 0.011929 0.000024
8.707785 0.002157 0.011928 0.000023
8.709942 0.002157 0.011928 0.000022
8.712099 0.002157 0.011927 0.000022
8.714256 0.002157 0.011926 0.000021
8.716413 0.002157 0.011925 0.000020
8.718570 0.002157 0.011925 0.000020
8.720726 0.002157 0.011924 0.000019
8.722883 0.002156 0.011923 0.000018
8.725039 0.002156 0.011923 0.000017
8.727195 0.002156 0.011922 0.000017
8.729351 0.002156 0.011921 0.000016
8.731507 0.002156 0.011920 0.000015
8.733663 0.002156 0.011920 0.000014
8.735819 0.002156 0.011919 0.000014
8.737974 0.002156 0.011918 0.000013
8.740130 0.002155 0.011917 0.000012
8.742285 0.002155 0.011917 0.000011
8.744441 0.002155 0.011916 0.000011
8.746596 0.002155 0.011915 0.000010
8.748751 0.002155 0.011914 0.000009
8.750905 0.002155 0.011914 0.000008
8.753060 0.002155 0.011913 0.000008
8.755215 0.002155 0.011912 0.000007
8.757369 0.002154 0.011911 0.000006
8.759524 0.002154 0.011910 0.000005
8.761678 0.002154 0.011910 0.000004
8.763832 0.002154 0.011909 0.000004
8.765986 0.002154 0.011908 0.000003
8.768140 0.002154 0.011907 0.000002
8.770293 0.002154 0.011906 0.000001
8.772447 0.002154 0.011906 0.000000
8.774601 0.002153 0.011905 -0.000001
8.776754 0.002153 0.011904 -0.000001
8.778907 0.002153 0.011903 -0.000002
8.781060 0.002153 0.011902 -0.000003
8.783213 0.002153 0.011901 -0.000004
8.785366 0.002153 0.011901 -0.000005
8.787518 0.002153 0.011900 -0.000006
8.789671 0.002153 0.011899 -0.000006
8.791823 0.002152 0.011898 -0.000007
8.793976 0.002152 0.011897 -0.000008
8.796128 0.002152 0.011896 -0.000009
8.798280 0.002152 0.011895 -0.000010
8.800432 0.002152 0.011895 -0.000011
8.802583 0.002152 0.011894 -0.000012
8.804735 0.002152 0.011893 -0.000012
8.806887 0.002151 0.011892 -0.000013
8.809038 0.002151 0.011891 -0.000014
8.811189 0.002151 0.011890 -0.000015
8.813340 0.002151 0.011889 -0.000016
8.815491 0.002151 0.011888 -0.000017
8.817642 0.002151 0.011887 -0.000018
8.819792 0.002151 0.011887 -0.000019
8.821943 0.002151 0.011886 -0.000020
8.824093 0.002150 0.011885 -0.000020
8.826244 0.002150 0.011884 -0.000021
8.828394 0.002150 0.011883 -0.000022
8.830544 0.002150 0.011882 -0.000023
8.832693 0.002150 0.011881 -0.000024
8.834843 0.002150 0.011880 -0.000025
8.836993 0.002150 0.011879 -0.000026
8.839142 0.002149 0.011878 -0.000027
8.841291 0.002149 0.011877 -0.000028
8.843440 0.002149 0.011876 -0.000029
8.845589 0.002149 0.011875 -0.000030
8.847738 0.002149 0.011875 -0.000031
8.849887 0.002149 0.011874 -0.000032
8.852035 0.002149 0.011873 -0.000033
8.854184 0.002148 0.011872 -0.000034
8.856332 0.002148 0.011871 -0.000035
8.858480 0.002148 0.011870 -0.000035
8.860628 0.002148 0.011869 -0.000036
8.862776 0.002148 0.011868 -0.000037
8.864923 0.002148 0.011867 -0.000038
8.867071 0.002147 0.011866 -0.000039
8.869218 0.002147 0.011865 -0.000040
8.871365 0.002147 0.011864 -0.000041
8.873512 0.002147 0.011863 -0.000042
8.875659 0.002147 0.011862 -0.000043
8.877806 0.002147 0.011861 -0.000044
8.879953 0.002147 0.011860 -0.000045
8.882099 0.002146 0.011859 -0.000046
8.884245 0.002146 0.011858 -0.000047
8.886392 0.002146 0.011857 -0.000048
8.888538 0.002146 0.011856 -0.000049
8.890683 0.002146 0.011855 -0.000050
8.892829 0.002146 0.011854 -0.000051
8.894975 0.002146 0.011853 -0.000052
8.897120 0.002145 0.011852 -0.000054
8.899265 0.002145 0.011851 -0.000055
8.901410 0.002145 0.011850 -0.000056
8.903555 0.002145 0.011849 -0.000057
8.905700 0.002145 0.011848 -0.000058
8.907845 0.002145 0.011846 -0.000059
8.909989 0.002144 0.011845 -0.000060
8.912133 0.002144 0.011844 -0.000061
8.914277 0.002144 0.011843 -0.000062
8.916421 0.002144 0.011842 -0.000063
8.918565 0.002144 0.011841 -0.000064
8.920709 0.002144 0.011840 -0.000065
8.922852 0.002143 0.011839 -0.000066
8.924996 0.002143 0.011838 -0.000067
8.927139 0.002143 0.011837 -0.000068
8.929282 0.002143 0.011836 -0.000069
8.931425 0.002143 0.011835 -0.000071
8.933567 0.002143 0.011834 -0.000072
8.935710 0.002142 0.011832 -0.000073
8.937852 0.002142 0.011831 -0.000074
8.939994 0.002142 0.011830 -0.000075
8.942136 0.002142 0.011829 -0.000076
8.944278 0.002142 0.011828 -0.000077
8.946420 0.002142 0.011827 -0.000078
8.948561 0.002142 0.011826 -0.000079
8.950703 0.002141 0.011825 -0.000080
8.952844 0.002141 0.011824 -0.000082
8.954985 0.002141 0.011822 -0.000083
8.957126 0.002141 0.011821 -0.000084
8.959266 0.002141 0.011820 -0.000085
8.961407 0.002141 0.011819 -0.000086
8.963547 0.002140 0.011818 -0.000087
8.965687 0.002140 0.011817 -0.000088
8.967827 0.002140 0.011816 -0.000090
8.969967 0.002140 0.011814 -0.000091
8.972107 0.002140 0.011813 -0.000092
8.974246 0.002139 0.011812 -0.000093
8.976386 0.002139 0.011811 -0.000094
8.978525 0.002139 0.011810 -0.000095
8.980664 0.002139 0.011809 -0.000097
8.982803 0.002139 0.011808 -0.000098
8.984941 0.002139 0.011806 -0.000099
8.987080 0.002138 0.011805 -0.000100
8.989218 0.002138 0.011804 -0.000101
8.991356 0.002138 0.011803 -0.000102
8.993494 0.002138 0.011802 -0.000104
8.995632 0.002138 0.011800 -0.000105
8.997770 0.002138 0.011799 -0.000106
8.999907 0.002137 0.011798 -0.000107
9.002044 0.002137 0.011797 -0.000108
9.004181 0.002137 0.011796 -0.000109
9.006318 0.002137 0.011795 -0.000111
9.008455 0.002137 0.011793 -0.000112
9.010591 0.002137 0.011792 -0.000113
9.012728 0.002136 0.011791 -0.000114
9.014864 0.002136 0.011790 -0.000115
9.017000 0.002136 0.011789 -0.000117
9.019136 0.002136 0.011787 -0.000118
9.021271 0.002136 0.011786 -0.000119
9.023407 0.002135 0.011785 -0.000120
9.025542 0.002135 0.011784 -0.000121
9.027677 0.002135 0.011782 -0.000123
9.029812 0.002135 0.011781 -0.000124
9.031947 0.002135 0.011780 -0.000125
9.034081 0.002135 0.011779 -0.000126
9.036216 0.002134 0.011778 -0.000128
9.038350 0.002134 0.011776 -0.000129
9.040484 0.002134 0.011775 -0.000130
9.042618 0.002134 0.011774 -0.000131
9.044751 0.002134 0.011773 -0.000132
9.046885 0.002133 0.011772 -0.000134
9.049018 0.002133 0.011770 -0.000135
9.051151 0.002133 0.011769 -0.000136
9.053284 0.002133 0.011768 -0.000137
9.055417 0.002133 0.011767 -0.000139
9.057549 0.002133 0.011765 -0.000140
9.059682 0.002132 0.011764 -0.000141
9.061814 0.002132 0.011763 -0.000142
9.063946 0.002132 0.011762 -0.000143
9.066077 0.002132 0.011761 -0.000145
9.068209 0.002132 0.011759 -0.000146
9.070340 0.002131 0.011758 -0.000147
9.072472 0.002131 0.011757 -0.000148
9.074603 0.002131 0.011756 -0.000150
9.076733 0.002131 0.011754 -0.000151
9.078864 0.002131 0.011753 -0.000152
9.080994 0.002130 0.011752 -0.000153
9.083125 0.002130 0.011751 -0.000155
9.085255 0.002130 0.011749 -0.000156
9.087385 0.002130 0.011748 -0.000157
9.089514 0.002130 0.011747 -0.000158
9.091644 0.002129 0.011746 -0.000159
9.093773 0.002129 0.011744 -0.000161
9.095902 0.002129 0.011743 -0.000162
9.098031 0.002129 0.011742 -0.000163
9.100160 0.002129 0.011741 -0.000164
9.102288 0.002129 0.011740 -0.000166
9.104417 0.002128 0.011738 -0.000167
9.106545 0.002128 0.011737 -0.000168
9.108673 0.002128 0.011736 -0.000169
9.110800 0.002128 0.011735 -0.000171
9.112928 0.002128 0.011733 -0.000172
9.115055 0.002127 0.011732 -0.000173
9.117182 0.002127 0.011731 -0.000174
9.119309 0.002127 0.011730 -0.000175
9.121436 0.002127 0.011729 -0.000177
9.123563 0.002127 0.011727 -0.000178
9.125689 0.002126 0.011726 -0.000179
9.127815 0.002126 0.011725 -0.000180
9.129941 0.002126 0.011724 -0.000182
9.132067 0.002126 0.011722 -0.000183
9.134192 0.002126 0.011721 -0.000184
9.136318 0.002125 0.011720 -0.000185
9.138443 0.002125 0.011719 -0.000186
9.140568 0.002125 0.011717 -0.000188
9.142693 0.002125 0.011716 -0.000189
9.144817 0.002125 0.011715 -0.000190
9.146941 0.002124 0.011714 -0.000191
9.149066 0.002124 0.011713 -0.000193
9.151190 0.002124 0.011711 -0.000194
9.153313 0.002124 0.011710 -0.000195
9.155437 0.002124 0.011709 -0.000196
9.157560 0.002123 0.011708 -0.000197
9.159683 0.002123 0.011707 -0.000199
9.161806 0.002123 0.011705 -0.000200
9.163929 0.002123 0.011704 -0.000201
9.166052 0.002123 0.011703 -0.000202
9.168174 0.002122 0.011702 -0.000203
9.170296 0.002122 0.011700 -0.000205
9.172418 0.002122 0.011699 -0.000206
9.174540 0.002122 0.011698 -0.000207
9.176661 0.002122 0.011697 -0.000208
9.178782 0.002121 0.011696 -0.000210
9.180903 0.002121 0.011694 -0.000211
9.183024 0.002121 0.011693 -0.000212
9.185145 0.002121 0.011692 -0.000213
9.187266 0.002120 0.011691 -0.000214
9.189386 0.002120 0.011690 -0.000216
9.191506 0.002120 0.011688 -0.000217
9.193626 0.002120 0.011687 -0.000218
9.195745 0.002120 0.011686 -0.000219
9.197865 0.002119 0.011685 -0.000220
9.199984 0.002119 0.011684 -0.000222
9.202103 0.002119 0.011682 -0.000223
9.204222 0.002119 0.011681 -0.000224
9.206340 0.002119 0.011680 -0.000225
9.208459 0.002118 0.011679 -0.000226
9.210577 0.002118 0.011678 -0.000228
9.212695 0.002118 0.011676 -0.000229
9.214813 0.002118 0.011675 -0.000230
9.216930 0.002118 0.011674 -0.000231
9.219048 0.002117 0.011673 -0.000232
9.221165 0.002117 0.011672 -0.000233
9.223282 0.002117 0.011671 -0.000235
9.225399 0.002117 0.011669 -0.000236
9.227515 0.002117 0.011668 -0.000237
9.229631 0.002116 0.011667 -0.000238
9.231747 0.002116 0.011666 -0.000239
9.233863 0.002116 0.011665 -0.000241
9.235979 0.002116 0.011663 -0.000242
9.238094 0.002115 0.011662 -0.000243
9.240210 0.002115 0.011661 -0.000244
9.242325 0.002115 0.011660 -0.000245
9.244439 0.002115 0.011659 -0.000247
9.246554 0.002115 0.011657 -0.000248
9.248668 0.002114 0.011656 -0.000249
9.250783 0.002114 0.011655 -0.000250
9.252897 0.002114 0.011654 -0.000251
9.255010 0.002114 0.011653 -0.000252
9.257124 0.002114 0.011652 -0.000254
9.259237 0.002113 0.011650 -0.000255
9.261350 0.002113 0.011649 -0.000256
9.263463 0.002113 0.011648 -0.000257
9.265576 0.002113 0.011647 -0.000258
9.267688 0.002112 0.011646 -0.000260
9.269801 0.002112 0.011644 -0.000261
9.271913 0.002112 0.011643 -0.000262
9.274024 0.002112 0.011642 -0.000263
9.276136 0.002112 0.011641 -0.000264
9.278247 0.002111 0.011640 -0.000266
9.280358 0.002111 0.011638 -0.000267
9.282469 0.002111 0.011637 -0.000268
9.284580 0.002111 0.011636 -0.000269
9.286691 0.002111 0.011635 -0.000270
9.288801 0.002110 0.011634 -0.000272
9.290911 0.002110 0.011632 -0.000273
9.293021 0.002110 0.011631 -0.000274
9.295131 0.002110 0.011630 -0.000275
9.297240 0.002109 0.011629 -0.000276
9.299349 0.002109 0.011628 -0.000278
9.301458 0.002109 0.011626 -0.000279
9.303567 0.002109 0.011625 -0.000280
9.305676 0.002109 0.011624 -0.000281
9.307784 0.002108 0.011623 -0.000282
9.309892 0.002108 0.011622 -0.000284
9.312000 0.002108 0.011620 -0.000285
9.314108 0.002108 0.011619 -0.000286
9.316215 0.002107 0.011618 -0.000287
9.318322 0.002107 0.011617 -0.000288
9.320430 0.002107 0.011616 -0.000290
9.322536 0.002107 0.011614 -0.000291
9.324643 0.002107 0.011613 -0.000292
9.326749 0.002106 0.011612 -0.000293
9.328856 0.002106 0.011611 -0.000294
9.330961 0.002106 0.011610 -0.000296
9.333067 0.002106 0.011608 -0.000297
9.335173 0.002106 0.011607 -0.000298
9.337278 0.002105 0.011606 -0.000299
9.339383 0.002105 0.011605 -0.000300
9.341488 0.002105 0.011603 -0.000302
9.343593 0.002105 0.011602 -0.000303
9.345697 0.002104 0.011601 -0.000304
9.347801 0.002104 0.011600 -0.000305
9.349905 0.002104 0.011599 -0.000307
9.352009 0.002104 0.011597 -0.000308
9.354113 0.002104 0.011596 -0.000309
9.356216 0.002103 0.011595 -0.000310
9.358319 0.002103 0.011594 -0.000311
9.360422 0.002103 0.011592 -0.000313
9.362525 0.002103 0.011591 -0.000314
9.364627 0.002102 0.011590 -0.000315
9.366729 0.002102 0.011589 -0.000316
9.368831 0.002102 0.011588 -0.000318
9.370933 0.002102 0.011586 -0.000319
9.373035 0.002102 0.011585 -0.000320
9.375136 0.002101 0.011584 -0.000321
9.377237 0.002101 0.011583 -0.000323
9.379338 0.002101 0.011581 -0.000324
9.381439 0.002101 0.011580 -0.000325
9.383539 0.002100 0.011579 -0.000326
9.385639 0.002100 0.011578 -0.000328
9.387739 0.002100 0.011576 -0.000329
9.389839 0.002100 0.011575 -0.000330
9.391939 0.002100 0.011574 -0.000331
9.394038 0.002099 0.011573 -0.000332
9.396137 0.002099 0.011571 -0.000334
9.398236 0.002099 0.011570 -0.000335
9.400335 0.002099 0.011569 -0.000336
9.402433 0.002098 0.011568 -0.000337
9.404532 0.002098 0.011566 -0.000339
9.406630 0.002098 0.011565 -0.000340
9.408728 0.002098 0.011564 -0.000341
9.410825 0.002098 0.011563 -0.000342
9.412923 0.002097 0.011561 -0.000344
9.415020 0.002097 0.011560 -0.000345
9.417117 0.002097 0.011559 -0.000346
9.419213 0.002097 0.011558 -0.000348
9.421310 0.002097 0.011556 -0.000349
9.423406 0.002096 0.011555 -0.000350
9.425502 0.002096 0.011554 -0.000351
9.427598 0.002096 0.011553 -0.000353
9.429694 0.002096 0.011551 -0.000354
9.431789 0.002095 0.011550 -0.000355
9.433884 0.002095 0.011549 -0.000356
9.435979 0.002095 0.011548 -0.000358
9.438074 0.002095 0.011546 -0.000359
9.440169 0.002095 0.011545 -0.000360
9.442263 0.002094 0.011544 -0.000361
9.444357 0.002094 0.011543 -0.000363
9.446451 0.002094 0.011541 -0.000364
9.448545 0.002094 0.011540 -0.000365
9.450638 0.002093 0.011539 -0.000366
9.452731 0.002093 0.011537 -0.000368
9.454824 0.002093 0.011536 -0.000369
9.456917 0.002093 0.011535 -0.000370
9.459009 0.002093 0.011534 -0.000372
9.461102 0.002092 0.011532 -0.000373
9.463194 0.002092 0.011531 -0.000374
9.465286 0.002092 0.011530 -0.000375
9.467377 0.002092 0.011529 -0.000377
9.469469 0.002091 0.011527 -0.000378
9.471560 0.002091 0.011526 -0.000379
9.473651 0.002091 0.011525 -0.000381
9.475742 0.002091 0.011523 -0.000382
9.477833 0.002091 0.011522 -0.000383
9.479923 0.002090 0.011521 -0.000384
9.482013 0.002090 0.011520 -0.000386
9.484103 0.002090 0.011518 -0.000387
9.486193 0.002090 0.011517 -0.000388
9.488282 0.002089 0.011516 -0.000389
9.490371 0.002089 0.011514 -0.000391
9.492460 0.002089 0.011513 -0.000392
9.494549 0.002089 0.011512 -0.000393
9.496638 0.002089 0.011511 -0.000395
9.498726 0.002088 0.011509 -0.000396
9.500814 0.002088 0.011508 -0.000397
9.502902 0.002088 0.011507 -0.000399
9.504990 0.002088 0.011505 -0.000400
9.507078 0.002088 0.011504 -0.000401
9.509165 0.002087 0.011503 -0.000402
9.511252 0.002087 0.011502 -0.000404
9.513339 0.002087 0.011500 -0.000405
9.515426 0.002087 0.011499 -0.000406
9.517512 0.002086 0.011498 -0.000408
9.519598 0.002086 0.011496 -0.000409
9.521684 0.002086 0.011495 -0.000410
9.523770 0.002086 0.011494 -0.000411
9.525856 0.002086 0.011492 -0.000413
9.527941 0.002085 0.011491 -0.000414
9.530026 0.002085 0.011490 -0.000415
9.532111 0.002085 0.011489 -0.000417
9.534196 0.002085 0.011487 -0.000418
9.536280 0.002084 0.011486 -0.000419
9.538364 0.002084 0.011485 -0.000421
9.540448 0.002084 0.011483 -0.000422
9.542532 0.002084 0.011482 -0.000423
9.544616 0.002084 0.011481 -0.000424
9.546699 0.002083 0.011479 -0.000426
9.548782 0.002083 0.011478 -0.000427
9.550865 0.002083 0.011477 -0.000428
9.552948 0.002083 0.011476 -0.000430
9.555031 0.002083 0.011474 -0.000431
9.557113 0.002082 0.011473 -0.000432
9.559195 0.002082 0.011472 -0.000434
9.561277 0.002082 0.011470 -0.000435
9.563359 0.002082 0.011469 -0.000436
9.565440 0.002081 0.011468 -0.000437
9.567521 0.002081 0.011466 -0.000439
9.569602 0.002081 0.011465 -0.000440
9.571683 0.002081 0.011464 -0.000441
9.573764 0.002081 0.011462 -0.000443
9.575844 0.002080 0.011461 -0.000444
9.577925 0.002080 0.011460 -0.000445
9.580005 0.002080 0.011459 -0.000447
9.582084 0.002080 0.011457 -0.000448
9.584164 0.002080 0.011456 -0.000449
9.586243 0.002079 0.011455 -0.000451
9.588322 0.002079 0.011453 -0.000452
9.590401 0.002079 0.011452 -0.000453
9.592480 0.002079 0.011451 -0.000455
9.594558 0.002078 0.011449 -0.000456
9.596637 0.002078 0.011448 -0.000457
9.598715 0.002078 0.011447 -0.000458
9.600793 0.002078 0.011445 -0.000460
9.602870 0.002078 0.011444 -0.000461
9.604948 0.002077 0.011443 -0.000462
9.607025 0.002077 0.011441 -0.000464
9.609102 0.002077 0.011440 -0.000465
9.611179 0.002077 0.011439 -0.000466
9.613255 0.002077 0.011437 -0.000468
9.615332 0.002076 0.011436 -0.000469
9.617408 0.002076 0.011435 -0.000470
9.619484 0.002076 0.011434 -0.000472
9.621560 0.002076 0.011432 -0.000473
9.623635 0.002076 0.011431 -0.000474
9.625710 0.002075 0.011430 -0.000476
9.627786 0.002075 0.011428 -0.000477
9.629860 0.002075 0.011427 -0.000478
9.631935 0.002075 0.011426 -0.000480
9.634010 0.002075 0.011424 -0.000481
9.636084 0.002074 0.011423 -0.000482
9.638158 0.002074 0.011422 -0.000484
9.640232 0.002074 0.011420 -0.000485
9.642306 0.002074 0.011419 -0.000486
9.644379 0.002073 0.011418 -0.000488
9.646452 0.002073 0.011416 -0.000489
9.648525 0.002073 0.011415 -0.000490
9.650598 0.002073 0.011414 -0.000492
9.652671 0.002073 0.011412 -0.000493
9.654743 0.002072 0.011411 -0.000494
9.656815 0.002072 0.011410 -0.000496
9.658888 0.002072 0.011408 -0.000497
9.660959 0.002072 0.011407 -0.000498
9.663031 0.002072 0.011406 -0.000500
9.665102 0.002071 0.011404 -0.000501
9.667174 0.002071 0.011403 -0.000502
9.669245 0.002071 0.011401 -0.000504
9.671315 0.002071 0.011400 -0.000505
9.673386 0.002071 0.011399 -0.000506
9.675456 0.002070 0.011397 -0.000508
9.677526 0.002070 0.011396 -0.000509
9.679596 0.002070 0.011395 -0.000510
9.681666 0.002070 0.011393 -0.000512
9.683736 0.002070 0.011392 -0.000513
9.685805 0.002069 0.011391 -0.000515
9.687874 0.002069 0.011389 -0.000516
9.689943 0.002069 0.011388 -0.000517
9.692012 0.002069 0.011387 -0.000519
9.694081 0.002069 0.011385 -0.000520
9.696149 0.002068 0.011384 -0.000521
9.698217 0.002068 0.011382 -0.000523
9.700285 0.002068 0.011381 -0.000524
9.702353 0.002068 0.011380 -0.000525
9.704420 0.002068 0.011378 -0.000527
9.706488 0.002067 0.011377 -0.000528
9.708555 0.002067 0.011376 -0.000530
9.710622 0.002067 0.011374 -0.000531
9.712689 0.002067 0.011373 -0.000532
9.714755 0.002067 0.011371 -0.000534
9.716821 0.002066 0.011370 -0.000535
9.718888 0.002066 0.011369 -0.000537
9.720954 0.002066 0.011367 -0.000538
9.723019 0.002066 0.011366 -0.000539
9.725085 0.002066 0.011365 -0.000541
9.727150 0.002065 0.011363 -0.000542
9.729215 0.002065 0.011362 -0.000543
9.731280 0.002065 0.011360 -0.000545
9.733345 0.002065 0.011359 -0.000546
9.735410 0.002065 0.011358 -0.000548
9.737474 0.002064 0.011356 -0.000549
9.739538 0.002064 0.011355 -0.000550
9.741602 0.002064 0.011353 -0.000552
9.743666 0.002064 0.011352 -0.000553
9.745730 0.002064 0.011350 -0.000555
9.747793 0.002063 0.011349 -0.000556
9.749856 0.002063 0.011348 -0.000558
9.751919 0.002063 0.011346 -0.000559
9.753982 0.002063 0.011345 -0.000560
9.756045 0.002063 0.011343 -0.000562
9.758107 0.002062 0.011342 -0.000563
9.760169 0.002062 0.011341 -0.000565
9.762231 0.002062 0.011339 -0.000566
9.764293 0.002062 0.011338 -0.000568
9.766355 0.002062 0.011336 -0.000569
9.768416 0.002061 0.011335 -0.000570
9.770477 0.002061 0.011333 -0.000572
9.772538 0.002061 0.011332 -0.000573
9.774599 0.002061 0.011331 -0.000575
9.776660 0.002061 0.011329 -0.000576
9.778721 0.002060 0.011328 -0.000578
9.780781 0.002060 0.011326 -0.000579
9.782841 0.002060 0.011325 -0.000580
9.784901 0.002060 0.011323 -0.000582
9.786961 0.002060 0.011322 -0.000583
9.789020 0.002060 0.011320 -0.000585
9.791079 0.002059 0.011319 -0.000586
9.793139 0.002059 0.011317 -0.000588
9.795198 0.002059 0.011316 -0.000589
9.797256 0.002059 0.011314 -0.000591
9.799315 0.002059 0.011313 -0.000592
9.801373 0.002058 0.011312 -0.000594
9.803431 0.002058 0.011310 -0.000595
9.805490 0.002058 0.011309 -0.000597
9.807547 0.002058 0.011307 -0.000598
9.809605 0.002058 0.011306 -0.000600
9.811662 0.002057 0.011304 -0.000601
9.813720 0.002057 0.011303 -0.000603
9.815777 0.002057 0.011301 -0.000604
9.817834 0.002057 0.011300 -0.000606
9.819890 0.002057 0.011298 -0.000607
9.821947 0.002057 0.011297 -0.000609
9.824003 0.002056 0.011295 -0.000610
9.826059 0.002056 0.011294 -0.000612
9.828115 0.002056 0.011292 -0.000613
9.830171 0.002056 0.011291 -0.000615
9.832227 0.002056 0.011289 -0.000616
9.834282 0.002055 0.011288 -0.000618
9.836337 0.002055 0.011286 -0.000619
9.838392 0.002055 0.011285 -0.000621
9.840447 0.002055 0.011283 -0.000622
9.842502 0.002055 0.011282 -0.000624
9.844556 0.002054 0.011280 -0.000625
9.846611 0.002054 0.011278 -0.000627
9.848665 0.002054 0.011277 -0.000628
9.850719 0.002054 0.011275 -0.000630
9.852772 0.002054 0.011274 -0.000631
9.854826 0.002054 0.011272 -0.000633
9.856879 0.002053 0.011271 -0.000634
9.858932 0.002053 0.011269 -0.000636
9.860985 0.002053 0.011268 -0.000638
9.863038 0.002053 0.011266 -0.000639
9.865091 0.002053 0.011265 -0.000641
9.867143 0.002052 0.011263 -0.000642
9.869196 0.002052 0.011261 -0.000644
9.871248 0.002052 0.011260 -0.000645
9.873300 0.002052 0.011258 -0.000647
9.875352 0.002052 0.011257 -0.000648
9.877403 0.002052 0.011255 -0.000650
9.879454 0.002051 0.011254 -0.000652
9.881506 0.002051 0.011252 -0.000653
9.883557 0.002051 0.011250 -0.000655
9.885608 0.002051 0.011249 -0.000656
9.887658 0.002051 0.011247 -0.000658
9.889709 0.002050 0.011246 -0.000660
9.891759 0.002050 0.011244 -0.000661
9.893809 0.002050 0.011242 -0.000663
9.895859 0.002050 0.011241 -0.000664
9.897909 0.002050 0.011239 -0.000666
9.899959 0.002050 0.011237 -0.000668
9.902008 0.002049 0.011236 -0.000669
9.904057 0.002049 0.011234 -0.000671
9.906106 0.002049 0.011233 -0.000673
9.908155 0.002049 0.011231 -0.000674
9.910204 0.002049 0.011229 -0.000676
9.912253 0.002049 0.011228 -0.000678
9.914301 0.002048 0.011226 -0.000679
9.916349 0.002048 0.011224 -0.000681
9.918397 0.002048 0.011223 -0.000683
9.920445 0.002048 0.011221 -0.000684
9.922493 0.002048 0.011219 -0.000686
9.924540 0.002048 0.011218 -0.000688
9.926587 0.002047 0.011216 -0.000689
9.928635 0.002047 0.011214 -0.000691
9.930682 0.002047 0.011213 -0.000693
9.932728 0.002047 0.011211 -0.000694
9.934775 0.002047 0.011209 -0.000696
9.936822 0.002046 0.011207 -0.000698
9.938868 0.002046 0.011206 -0.000699
9.940914 0.002046 0.011204 -0.000701
9.942960 0.002046 0.011202 -0.000703
9.945006 0.002046 0.011201 -0.000705
9.947051 0.002046 0.011199 -0.000706
9.949097 0.002045 0.011197 -0.000708
9.951142 0.002045 0.011195 -0.000710
9.953187 0.002045 0.011194 -0.000712
9.955232 0.002045 0.011192 -0.000713
9.957277 0.002045 0.011190 -0.000715
9.959321 0.002045 0.011188 -0.000717
9.961366 0.002044 0.011187 -0.000719
9.963410 0.002044 0.011185 -0.000720
9.965454 0.002044 0.011183 -0.000722
9.967498 0.002044 0.011181 -0.000724
9.969542 0.002044 0.011179 -0.000726
9.971585 0.002044 0.011178 -0.000728
9.973629 0.002043 0.011176 -0.000729
9.975672 0.002043 0.011174 -0.000731
9.977715 0.002043 0.011172 -0.000733
9.979758 0.002043 0.011170 -0.000735
9.981801 0.002043 0.011169 -0.000737
9.983843 0.002043 0.011167 -0.000738
9.985886 0.002042 0.011165 -0.000740
9.987928 0.002042 0.011163 -0.000742
9.989970 0.002042 0.011161 -0.000744
9.992012 0.002042 0.011159 -0.000746
9.994054 0.002042 0.011158 -0.000748
9.996095 0.002042 0.011156 -0.000749
9.998137 0.002041 0.011154 -0.000751
10.000178 0.002041 0.011152 -0.000753
10.002219 0.002041 0.011150 -0.000755
10.004260 0.002041 0.011148 -0.000757
10.006301 0.002041 0.011146 -0.000759
10.008341 0.002041 0.011144 -0.000761
10.010382 0.002040 0.011143 -0.000763
10.012422 0.002040 0.011141 -0.000765
10.014462 0.002040 0.011139 -0.000766
10.016502 0.002040 0.011137 -0.000768
10.018542 0.002040 0.011135 -0.000770
10.020581 0.002040 0.011133 -0.000772
10.022621 0.002039 0.011131 -0.000774
10.024660 0.002039 0.011129 -0.000776
10.026699 0.002039 0.011127 -0.000778
10.028738 0.002039 0.011125 -0.000780
10.030777 0.002039 0.011123 -0.000782
10.032816 0.002039 0.011121 -0.000784
10.034854 0.002038 0.011119 -0.000786
10.036893 0.002038 0.011117 -0.000788
10.038931 0.002038 0.011115 -0.000790
10.040969 0.002038 0.011113 -0.000792
10.043007 0.002038 0.011111 -0.000794
10.045044 0.002038 0.011109 -0.000796
10.047082 0.002038 0.011107 -0.000798
10.049119 0.002037 0.011105 -0.000800
10.051156 0.002037 0.011103 -0.000802
10.053193 0.002037 0.011101 -0.000804
10.055230 0.002037 0.011099 -0.000806
10.057267 0.002037 0.011097 -0.000808
10.059303 0.002037 0.011095 -0.000810
10.061340 0.002036 0.011093 -0.000812
10.063376 0.002036 0.011091 -0.000814
10.065412 0.002036 0.011089 -0.000816
10.067448 0.002036 0.011087 -0.000818
10.069484 0.002036 0.011085 -0.000820
10.071520 0.002036 0.011083 -0.000822
10.073555 0.002035 0.011081 -0.000824
10.075590 0.002035 0.011079 -0.000826
10.077625 0.002035 0.011077 -0.000828
10.079660 0.002035 0.011075 -0.000830
10.081695 0.002035 0.011073 -0.000832
10.083730 0.002035 0.011071 -0.000834
10.085764 0.002035 0.011069 -0.000837
10.087799 0.002034 0.011067 -0.000839
10.089833 0.002034 0.011064 -0.000841
10.091867 0.002034 0.011062 -0.000843
10.093901 0.002034 0.011060 -0.000845
10.095935 0.002034 0.011058 -0.000847
10.097968 0.002034 0.011056 -0.000849
10.100002 0.002033 0.011054 -0.000851
10.102035 0.002033 0.011052 -0.000853
10.104068 0.002033 0.011050 -0.000855
10.106101 0.002033 0.011048 -0.000858
10.108134 0.002033 0.011045 -0.000860
10.110167 0.002033 0.011043 -0.000862
10.112199 0.002033 0.011041 -0.000864
10.114232 0.002032 0.011039 -0.000866
10.116264 0.002032 0.011037 -0.000868
10.118296 0.002032 0.011035 -0.000870
10.120328 0.002032 0.011033 -0.000873
10.122360 0.002032 0.011030 -0.000875
10.124391 0.002032 0.011028 -0.000877
10.126423 0.002031 0.011026 -0.000879
10.128454 0.002031 0.011024 -0.000881
10.130485 0.002031 0.011022 -0.000883
10.132516 0.002031 0.011020 -0.000886
10.134547 0.002031 0.011017 -0.000888
10.136578 0.002031 0.011015 -0.000890
10.138608 0.002031 0.011013 -0.000892
10.140639 0.002030 0.011011 -0.000894
10.142669 0.002030 0.011009 -0.000897
10.144699 0.002030 0.011006 -0.000899
10.146729 0.002030 0.011004 -0.000901
10.148759 0.002030 0.011002 -0.000903
10.150788 0.002030 0.011000 -0.000905
10.152818 0.002030 0.010998 -0.000908
10.154847 0.002029 0.010995 -0.000910
10.156876 0.002029 0.010993 -0.000912
10.158905 0.002029 0.010991 -0.000914
10.160934 0.002029 0.010989 -0.000916
10.162963 0.002029 0.010986 -0.000919
10.164992 0.002029 0.010984 -0.000921
10.167020 0.002028 0.010982 -0.000923
10.169048 0.002028 0.010980 -0.000925
10.171077 0.002028 0.010978 -0.000928
10.173105 0.002028 0.010975 -0.000930
10.175133 0.002028 0.010973 -0.000932
10.177160 0.002028 0.010971 -0.000934
10.179188 0.002028 0.010969 -0.000937
10.181215 0.002027 0.010966 -0.000939
10.183243 0.002027 0.010964 -0.000941
10.185270 0.002027 0.010962 -0.000943
10.187297 0.002027 0.010959 -0.000946
10.189324 0.002027 0.010957 -0.000948
10.191350 0.002027 0.010955 -0.000950
10.193377 0.002027 0.010953 -0.000952
10.195403 0.002026 0.010950 -0.000955
10.197430 0.002026 0.010948 -0.000957
10.199456 0.002026 0.010946 -0.000959
10.201482 0.002026 0.010944 -0.000962
10.203507 0.002026 0.010941 -0.000964
10.205533 0.002026 0.010939 -0.000966
10.207559 0.002026 0.010937 -0.000968
10.209584 0.002025 0.010934 -0.000971
10.211609 0.002025 0.010932 -0.000973
10.213634 0.002025 0.010930 -0.000975
10.215659 0.002025 0.010928 -0.000978
10.217684 0.002025 0.010925 -0.000980
10.219709 0.002025 0.010923 -0.000982
10.221733 0.002025 0.010921 -0.000985
10.223758 0.002024 0.010918 -0.000987
10.225782 0.002024 0.010916 -0.000989
10.227806 0.002024 0.010914 -0.000992
10.229830 0.002024 0.010911 -0.000994
10.231854 0.002024 0.010909 -0.000996
10.233878 0.002024 0.010907 -0.000998
10.235901 0.002024 0.010904 -0.001001
10.237925 0.002023 0.010902 -0.001003
10.239948 0.002023 0.010900 -0.001005
10.241971 0.002023 0.010897 -0.001008
10.243994 0.002023 0.010895 -0.001010
10.246017 0.002023 0.010893 -0.001012
10.248039 0.002023 0.010890 -0.001015
10.250062 0.002023 0.010888 -0.001017
10.252084 0.002022 0.010886 -0.001020
10.254107 0.002022 0.010883 -0.001022
10.256129 0.002022 0.010881 -0.001024
10.258151 0.002022 0.010879 -0.001027
10.260173 0.002022 0.010876 -0.001029
10.262194 0.002022 0.010874 -0.001031
10.264216 0.002022 0.010872 -0.001034
10.266237 0.002021 0.010869 -0.001036
10.268258 0.002021 0.010867 -0.001038
10.270280 0.002021 0.010864 -0.001041
10.272301 0.002021 0.010862 -0.001043
10.274321 0.002021 0.010860 -0.001046
10.276342 0.002021 0.010857 -0.001048
10.278363 0.002021 0.010855 -0.001050
10.280383 0.002020 0.010853 -0.001053
10.282404 0.002020 0.010850 -0.001055
10.284424 0.002020 0.010848 -0.001057
10.286444 0.002020 0.010845 -0.001060
10.288464 0.002020 0.010843 -0.001062
10.290483 0.002020 0.010841 -0.001065
10.292503 0.002020 0.010838 -0.001067
10.294522 0.002019 0.010836 -0.001069
10.296542 0.002019 0.010833 -0.001072
10.298561 0.002019 0.010831 -0.001074
10.300580 0.002019 0.010829 -0.001077
10.302599 0.002019 0.010826 -0.001079
10.304618 0.002019 0.010824 -0.001082
10.306636 0.002019 0.010821 -0.001084
10.308655 0.002019 0.010819 -0.001086
10.310673 0.002018 0.010816 -0.001089
10.312691 0.002018 0.010814 -0.001091
10.314710 0.002018 0.010812 -0.001094
10.316728 0.002018 0.010809 -0.001096
10.318745 0.002018 0.010807 -0.001099
10.320763 0.002018 0.010804 -0.001101
10.322781 0.002018 0.010802 -0.001103
10.324798 0.002017 0.010799 -0.001106
10.326815 0.002017 0.010797 -0.001108
10.328832 0.002017 0.010794 -0.001111
10.330849 0.002017 0.010792 -0.001113
10.332866 0.002017 0.010789 -0.001116
10.334883 0.002017 0.010787 -0.001118
10.336900 0.002017 0.010785 -0.001121
10.338916 0.002016 0.010782 -0.001123
10.340932 0.002016 0.010780 -0.001126
10.342949 0.002016 0.010777 -0.001128
10.344965 0.002016 0.010775 -0.001131
10.346981 0.002016 0.010772 -0.001133
10.348996 0.002016 0.010770 -0.001136
10.351012 0.002016 0.010767 -0.001138
10.353028 0.002016 0.010765 -0.001141
10.355043 0.002015 0.010762 -0.001143
10.357058 0.002015 0.010760 -0.001146
10.359073 0.002015 0.010757 -0.001148
10.361088 0.002015 0.010755 -0.001151
10.363103 0.002015 0.010752 -0.001153
10.365118 0.002015 0.010750 -0.001156
10.367133 0.002015 0.010747 -0.001158
10.369147 0.002014 0.010744 -0.001161
10.371161 0.002014 0.010742 -0.001163
10.373176 0.002014 0.010739 -0.001166
10.375190 0.002014 0.010737 -0.001168
10.377204 0.002014 0.010734 -0.001171
10.379217 0.002014 0.010732 -0.001173
10.381231 0.002014 0.010729 -0.001176
10.383245 0.002014 0.010727 -0.001179
10.385258 0.002013 0.010724 -0.001181
10.387271 0.002013 0.010722 -0.001184
10.389284 0.002013 0.010719 -0.001186
10.391297 0.002013 0.010716 -0.001189
10.393310 0.002013 0.010714 -0.001191
10.395323 0.002013 0.010711 -0.001194
10.397336 0.002013 0.010709 -0.001197
10.399348 0.002012 0.010706 -0.001199
10.401360 0.002012 0.010703 -0.001202
10.403373 0.002012 0.010701 -0.001204
10.405385 0.002012 0.010698 -0.001207
10.407397 0.002012 0.010696 -0.001209
10.409409 0.002012 0.010693 -0.001212
10.411420 0.002012 0.010690 -0.001215
10.413432 0.002012 0.010688 -0.001217
10.415443 0.002011 0.010685 -0.001220
10.417455 0.002011 0.010683 -0.001223
10.419466 0.002011 0.010680 -0.001225
10.421477 0.002011 0.010677 -0.001228
10.423488 0.002011 0.010675 -0.001230
10.425499 0.002011 0.010672 -0.001233
10.427509 0.002011 0.010669 -0.001236
10.429520 0.002011 0.010667 -0.001238
10.431530 0.002010 0.010664 -0.001241
10.433540 0.002010 0.010661 -0.001244
10.435551 0.002010 0.010659 -0.001246
10.437561 0.002010 0.010656 -0.001249
10.439570 0.002010 0.010653 -0.001252
10.441580 0.002010 0.010651 -0.001254
10.443590 0.002010 0.010648 -0.001257
10.445599 0.002010 0.010645 -0.001260
10.447609 0.002009 0.010643 -0.001262
10.449618 0.002009 0.010640 -0.001265
10.451627 0.002009 0.010637 -0.001268
10.453636 0.002009 0.010635 -0.001271
10.455645 0.002009 0.010632 -0.001273
10.457654 0.002009 0.010629 -0.001276
10.459662 0.002009 0.010627 -0.001279
10.461671 0.002008 0.010624 -0.001281
10.463679 0.002008 0.010621 -0.001284
10.465687 0.002008 0.010618 -0.001287
10.467695 0.002008 0.010616 -0.001290
10.469703 0.002008 0.010613 -0.001292
10.471711 0.002008 0.010610 -0.001295
10.473719 0.002008 0.010607 -0.001298
10.475727 0.002008 0.010605 -0.001300
10.477734 0.002007 0.010602 -0.001303
10.479741 0.002007 0.010599 -0.001306
10.481749 0.002007 0.010596 -0.001309
10.483756 0.002007 0.010594 -0.001311
10.485763 0.002007 0.010591 -0.001314
10.487770 0.002007 0.010588 -0.001317
10.489776 0.002007 0.010585 -0.001320
10.491783 0.002007 0.010583 -0.001323
10.493789 0.002006 0.010580 -0.001325
10.495796 0.002006 0.010577 -0.001328
10.497802 0.002006 0.010574 -0.001331
10.499808 0.002006 0.010571 -0.001334
10.501814 0.002006 0.010569 -0.001337
10.503820 0.002006 0.010566 -0.001339
10.505826 0.002006 0.010563 -0.001342
10.507831 0.002006 0.010560 -0.001345
10.509837 0.002005 0.010557 -0.001348
10.511842 0.002005 0.010555 -0.001351
10.513847 0.002005 0.010552 -0.001353
10.515852 0.002005 0.010549 -0.001356
10.517857 0.002005 0.010546 -0.001359
10.519862 0.002005 0.010543 -0.001362
10.521867 0.002005 0.010540 -0.001365
10.523871 0.002005 0.010538 -0.001368
10.525876 0.002004 0.010535 -0.001370
10.527880 0.002004 0.010532 -0.001373
10.529885 0.002004 0.010529 -0.001376
10.531889 0.002004 0.010526 -0.001379
10.533893 0.002004 0.010523 -0.001382
10.535896 0.002004 0.010521 -0.001385
10.537900 0.002004 0.010518 -0.001387
10.539904 0.002004 0.010515 -0.001390
10.541907 0.002003 0.010512 -0.001393
10.543911 0.002003 0.010509 -0.001396
10.545914 0.002003 0.010506 -0.001399
10.547917 0.002003 0.010503 -0.001402
10.549920 0.002003 0.010500 -0.001405
10.551923 0.002003 0.010498 -0.001408
10.553926 0.002003 0.010495 -0.001411
10.555928 0.002003 0.010492 -0.001413
10.557931 0.002003 0.010489 -0.001416
10.559933 0.002002 0.010486 -0.001419
10.561936 0.002002 0.010483 -0.001422
10.563938 0.002002 0.010480 -0.001425
10.565940 0.002002 0.010477 -0.001428
10.567942 0.002002 0.010474 -0.001431
10.569943 0.002002 0.010471 -0.001434
10.571945 0.002002 0.010468 -0.001437
10.573947 0.002002 0.010466 -0.001440
10.575948 0.002001 0.010463 -0.001443
10.577949 0.002001 0.010460 -0.001445
10.579951 0.002001 0.010457 -0.001448
10.581952 0.002001 0.010454 -0.001451
10.583953 0.002001 0.010451 -0.001454
10.585954 0.002001 0.010448 -0.001457
10.587954 0.002001 0.010445 -0.001460
10.589955 0.002001 0.010442 -0.001463
10.591955 0.002000 0.010439 -0.001466
10.593956 0.002000 0.010436 -0.001469
10.595956 0.002000 0.010433 -0.001472
10.597956 0.002000 0.010430 -0.001475
10.599956 0.002000 0.010427 -0.001478
10.601956 0.002000 0.010424 -0.001481
10.603956 0.002000 0.010421 -0.001484
10.605955 0.002000 0.010418 -0.001487
10.607955 0.002000 0.010415 -0.001490
10.609954 0.001999 0.010412 -0.001493
10.611953 0.001999 0.010409 -0.001496
10.613953 0.001999 0.010406 -0.001499
10.615952 0.001999 0.010404 -0.001502
10.617951 0.001999 0.010401 -0.001505
10.619949 0.001999 0.010398 -0.001508
10.621948 0.001999 0.010395 -0.001511
10.623947 0.001999 0.010392 -0.001514
10.625945 0.001998 0.010389 -0.001517
10.627943 0.001998 0.010386 -0.001520
10.629942 0.001998 0.010383 -0.001523
10.631940 0.001998 0.010380 -0.001526
10.633938 0.001998 0.010377 -0.001529
10.635936 0.001998 0.010374 -0.001532
10.637933 0.001998 0.010371 -0.001535
10.639931 0.001998 0.010368 -0.001538
10.641928 0.001998 0.010365 -0.001541
10.643926 0.001997 0.010362 -0.001544
10.645923 0.001997 0.010359 -0.001547
10.647920 0.001997 0.010356 -0.001550
10.649917 0.001997 0.010353 -0.001553
10.651914 0.001997 0.010350 -0.001556
10.653911 0.001997 0.010347 -0.001559
10.655908 0.001997 0.010343 -0.001562
10.657904 0.001997 0.010340 -0.001565
10.659901 0.001996 0.010337 -0.001568
10.661897 0.001996 0.010334 -0.001571
10.663893 0.001996 0.010331 -0.001574
10.665889 0.001996 0.010328 -0.001577
10.667885 0.001996 0.010325 -0.001580
10.669881 0.001996 0.010322 -0.001583
10.671877 0.001996 0.010319 -0.001586
10.673873 0.001996 0.010316 -0.001589
10.675868 0.001996 0.010313 -0.001592
10.677864 0.001995 0.010310 -0.001595
10.679859 0.001995 0.010307 -0.001598
10.681854 0.001995 0.010304 -0.001601
10.683849 0.001995 0.010301 -0.001604
10.685844 0.001995 0.010298 -0.001607
10.687839 0.001995 0.010295 -0.001610
10.689834 0.001995 0.010292 -0.001613
10.691828 0.001995 0.010289 -0.001616
10.693823 0.001995 0.010286 -0.001619
10.695817 0.001994 0.010283 -0.001622
10.697812 0.001994 0.010280 -0.001625
10.699806 0.001994 0.010277 -0.001628
10.701800 0.001994 0.010274 -0.001631
10.703794 0.001994 0.010271 -0.001635
10.705788 0.001994 0.010268 -0.001638
10.707781 0.001994 0.010265 -0.001641
10.709775 0.001994 0.010262 -0.001644
10.711768 0.001993 0.010258 -0.001647
10.713762 0.001993 0.010255 -0.001650
10.715755 0.001993 0.010252 -0.001653
10.717748 0.001993 0.010249 -0.001656
10.719741 0.001993 0.010246 -0.001659
10.721734 0.001993 0.010243 -0.001662
10.723727 0.001993 0.010240 -0.001665
10.725720 0.001993 0.010237 -0.001668
10.727712 0.001993 0.010234 -0.001671
10.729705 0.001992 0.010231 -0.001674
10.731697 0.001992 0.010228 -0.001677
10.733689 0.001992 0.010225 -0.001680
10.735681 0.001992 0.010222 -0.001683
10.737674 0.001992 0.010219 -0.001686
10.739665 0.001992 0.010216 -0.001689
10.741657 0.001992 0.010213 -0.001693
10.743649 0.001992 0.010210 -0.001696
10.745641 0.001992 0.010207 -0.001699
10.747632 0.001991 0.010204 -0.001702
10.749623 0.001991 0.010200 -0.001705
10.751615 0.001991 0.010197 -0.001708
10.753606 0.001991 0.010194 -0.001711
10.755597 0.001991 0.010191 -0.001714
10.757588 0.001991 0.010188 -0.001717
10.759579 0.001991 0.010185 -0.001720
10.761569 0.001991 0.010182 -0.001723
10.763560 0.001991 0.010179 -0.001726
10.765550 0.001990 0.010176 -0.001729
10.767541 0.001990 0.010173 -0.001732
10.769531 0.001990 0.010170 -0.001735
10.771521 0.001990 0.010167 -0.001738
10.773511 0.001990 0.010164 -0.001741
10.775501 0.001990 0.010161 -0.001745
10.777491 0.001990 0.010158 -0.001748
10.779481 0.001990 0.010155 -0.001751
10.781471 0.001990 0.010152 -0.001754
10.783460 0.001990 0.010148 -0.001757
10.785450 0.001989 0.010145 -0.001760
10.787439 0.001989 0.010142 -0.001763
10.789428 0.001989 0.010139 -0.001766
10.791417 0.001989 0.010136 -0.001769
10.793406 0.001989 0.010133 -0.001772
10.795395 0.001989 0.010130 -0.001775
10.797384 0.001989 0.010127 -0.001778
10.799372 0.001989 0.010124 -0.001781
10.801361 0.001989 0.010121 -0.001784
10.803349 0.001988 0.010118 -0.001787
10.805338 0.001988 0.010115 -0.001790
10.807326 0.001988 0.010112 -0.001794
10.809314 0.001988 0.010109 -0.001797
10.811302 0.001988 0.010106 -0.001800
10.813290 0.001988 0.010102 -0.001803
10.815278 0.001988 0.010099 -0.001806
10.817266 0.001988 0.010096 -0.001809
10.819253 0.001988 0.010093 -0.001812
10.821241 0.001987 0.010090 -0.001815
10.823228 0.001987 0.010087 -0.001818
10.825215 0.001987 0.010084 -0.001821
10.827203 0.001987 0.010081 -0.001824
10.829190 0.001987 0.010078 -0.001827
10.831177 0.001987 0.010075 -0.001830
10.833164 0.001987 0.010072 -0.001833
10.835150 0.001987 0.010069 -0.001836
10.837137 0.001987 0.010066 -0.001840
10.839123 0.001987 0.010063 -0.001843
10.841110 0.001986 0.010059 -0.001846
10.843096 0.001986 0.010056 -0.001849
10.845083 0.001986 0.010053 -0.001852
10.847069 0.001986 0.010050 -0.001855
10.849055 0.001986 0.010047 -0.001858
10.851041 0.001986 0.010044 -0.001861
10.853026 0.001986 0.010041 -0.001864
10.855012 0.001986 0.010038 -0.001867
10.856998 0.001986 0.010035 -0.001870
10.858983 0.001986 0.010032 -0.001873
10.860969 0.001985 0.010029 -0.001877
10.862954 0.001985 0.010026 -0.001880
10.864939 0.001985 0.010023 -0.001883
10.866924 0.001985 0.010019 -0.001886
10.868909 0.001985 0.010016 -0.001889
10.870894 0.001985 0.010013 -0.001892
10.872879 0.001985 0.010010 -0.001895
10.874864 0.001985 0.010007 -0.001898
10.876848 0.001985 0.010004 -0.001901
10.878833 0.001984 0.010001 -0.001904
10.880817 0.001984 0.009998 -0.001907
10.882802 0.001984 0.009995 -0.001910
10.884786 0.001984 0.009992 -0.001914
10.886770 0.001984 0.009989 -0.001917
10.888754 0.001984 0.009985 -0.001920
10.890738 0.001984 0.009982 -0.001923
10.892721 0.001984 0.009979 -0.001926
10.894705 0.001984 0.009976 -0.001929
10.896689 0.001984 0.009973 -0.001932
10.898672 0.001983 0.009970 -0.001935
10.900656 0.001983 0.009967 -0.001938
10.902639 0.001983 0.009964 -0.001942
10.904622 0.001983 0.009961 -0.001945
10.906605 0.001983 0.009957 -0.001948
10.908588 0.001983 0.009954 -0.001951
10.910571 0.001983 0.009951 -0.001954
10.912554 0.001983 0.009948 -0.001957
10.914537 0.001983 0.009945 -0.001960
10.916519 0.001983 0.009942 -0.001963
10.918502 0.001983 0.009939 -0.001966
10.920484 0.001982 0.009936 -0.001970
10.922466 0.001982 0.009933 -0.001973
10.924449 0.001982 0.009929 -0.001976
10.926431 0.001982 0.009926 -0.001979
10.928413 0.001982 0.009923 -0.001982
10.930395 0.001982 0.009920 -0.001985
10.932376 0.001982 0.009917 -0.001988
10.934358 0.001982 0.009914 -0.001991
10.936340 0.001982 0.009911 -0.001995
10.938321 0.001982 0.009907 -0.001998
10.940303 0.001981 0.009904 -0.002001
10.942284 0.001981 0.009901 -0.002004
10.944265 0.001981 0.009898 -0.002007
10.946247 0.001981 0.009895 -0.002010
10.948228 0.001981 0.009892 -0.002013
10.950209 0.001981 0.009889 -0.002017
10.952189 0.001981 0.009885 -0.002020
10.954170 0.001981 0.009882 -0.002023
10.956151 0.001981 0.009879 -0.002026
10.958131 0.001981 0.009876 -0.002029
10.960112 0.001980 0.009873 -0.002032
10.962092 0.001980 0.009870 -0.002035
10.964072 0.001980 0.009867 -0.002039
10.966053 0.001980 0.009863 -0.002042
10.968033 0.001980 0.009860 -0.002045
10.970013 0.001980 0.009857 -0.002048
10.971993 0.001980 0.009854 -0.002051
10.973972 0.001980 0.009851 -0.002054
10.975952 0.001980 0.009848 -0.002058
10.977932 0.001980 0.009844 -0.002061
10.979911 0.001980 0.009841 -0.002064
10.981891 0.001979 0.009838 -0.002067
10.983870 0.001979 0.009835 -0.002070
10.985849 0.001979 0.009832 -0.002074
10.987829 0.001979 0.009828 -0.002077
10.989808 0.001979 0.009825 -0.002080
10.991787 0.001979 0.009822 -0.002083
10.993765 0.001979 0.009819 -0.002086
10.995744 0.001979 0.009816 -0.002089
10.997723 0.001979 0.009813 -0.002093
10.999702 0.001979 0.009809 -0.002096
11.001680 0.001979 0.009806 -0.002099
11.003658 0.001978 0.009803 -0.002102
11.005637 0.001978 0.009800 -0.002105
11.007615 0.001978 0.009796 -0.002109
11.009593 0.001978 0.009793 -0.002112
11.011571 0.001978 0.009790 -0.002115
11.013549 0.001978 0.009787 -0.002118
11.015527 0.001978 0.009784 -0.002122
11.017505 0.001978 0.009780 -0.002125
11.019483 0.001978 0.009777 -0.002128
11.021460 0.001978 0.009774 -0.002131
11.023438 0.001978 0.009771 -0.002134
11.025415 0.001977 0.009768 -0.002138
11.027392 0.001977 0.009764 -0.002141
11.029370 0.001977 0.009761 -0.002144
11.031347 0.001977 0.009758 -0.002147
11.033324 0.001977 0.009755 -0.002151
11.035301 0.001977 0.009751 -0.002154
11.037278 0.001977 0.009748 -0.002157
11.039255 0.001977 0.009745 -0.002160
11.041231 0.001977 0.009742 -0.002164
11.043208 0.001977 0.009738 -0.002167
11.045184 0.001977 0.009735 -0.002170
11.047161 0.001976 0.009732 -0.002173
11.049137 0.001976 0.009729 -0.002176
11.051113 0.001976 0.009725 -0.002180
11.053090 0.001976 0.009722 -0.002183
11.055066 0.001976 0.009719 -0.002186
11.057042 0.001976 0.009716 -0.002189
11.059018 0.001976 0.009712 -0.002193
11.060993 0.001976 0.009709 -0.002196
11.062969 0.001976 0.009706 -0.002199
11.064945 0.001976 0.009703 -0.002203
11.066920 0.001976 0.009699 -0.002206
11.068896 0.001975 0.009696 -0.002209
11.070871 0.001975 0.009693 -0.002212
11.072847 0.001975 0.009690 -0.002216
11.074822 0.001975 0.009686 -0.002219
11.076797 0.001975 0.009683 -0.002222
11.078772 0.001975 0.009680 -0.002225
11.080747 0.001975 0.009677 -0.002229
11.082722 0.001975 0.009673 -0.002232
11.084697 0.001975 0.009670 -0.002235
11.086671 0.001975 0.009667 -0.002238
11.088646 0.001975 0.009663 -0.002242
11.090621 0.001975 0.009660 -0.002245
11.092595 0.001974 0.009657 -0.002248
11.094570 0.001974 0.009654 -0.002252
11.096544 0.001974 0.009650 -0.002255
11.098518 0.001974 0.009647 -0.002258
11.100492 0.001974 0.009644 -0.002261
11.102466 0.001974 0.009640 -0.002265
11.104440 0.001974 0.009637 -0.002268
11.106414 0.001974 0.009634 -0.002271
11.108388 0.001974 0.009631 -0.002275
11.110362 0.001974 0.009627 -0.002278
11.112335 0.001974 0.009624 -0.002281
11.114309 0.001974 0.009621 -0.002285
11.116282 0.001973 0.009617 -0.002288
11.118256 0.001973 0.009614 -0.002291
11.120229 0.001973 0.009611 -0.002294
11.122202 0.001973 0.009607 -0.002298
11.124175 0.001973 0.009604 -0.002301
11.126148 0.001973 0.009601 -0.002304
11.128121 0.001973 0.009598 -0.002308
11.130094 0.001973 0.009594 -0.002311
11.132067 0.001973 0.009591 -0.002314
11.134040 0.001973 0.009588 -0.002318
11.136012 0.001973 0.009584 -0.002321
11.137985 0.001973 0.009581 -0.002324
11.139958 0.001973 0.009578 -0.002327
11.141930 0.001972 0.009574 -0.002331
11.143902 0.001972 0.009571 -0.002334
11.145875 0.001972 0.009568 -0.002337
11.147847 0.001972 0.009564 -0.002341
11.149819 0.001972 0.009561 -0.002344
11.151791 0.001972 0.009558 -0.002347
11.153763 0.001972 0.009555 -0.002351
11.155735 0.001972 0.009551 -0.002354
11.157706 0.001972 0.009548 -0.002357
11.159678 0.001972 0.009545 -0.002361
11.161650 0.001972 0.009541 -0.002364
11.163621 0.001972 0.009538 -0.002367
11.165593 0.001971 0.009535 -0.002371
11.167564 0.001971 0.009531 -0.002374
11.169536 0.001971 0.009528 -0.002377
11.171507 0.001971 0.009525 -0.002381
11.173478 0.001971 0.009521 -0.002384
11.175449 0.001971 0.009518 -0.002387
11.177420 0.001971 0.009515 -0.002391
11.179391 0.001971 0.009511 -0.002394
11.181362 0.001971 0.009508 -0.002397
11.183333 0.001971 0.009505 -0.002401
11.185304 0.001971 0.009501 -0.002404
11.187274 0.001971 0.009498 -0.002407
11.189245 0.001971 0.009495 -0.002411
11.191215 0.001970 0.009491 -0.002414
11.193186 0.001970 0.009488 -0.002417
11.195156 0.001970 0.009485 -0.002421
11.197126 0.001970 0.009481 -0.002424
11.199096 0.001970 0.009478 -0.002427
11.201067 0.001970 0.009475 -0.002431
11.203037 0.001970 0.009471 -0.002434
11.205007 0.001970 0.009468 -0.002437
11.206977 0.001970 0.009465 -0.002441
11.208946 0.001970 0.009461 -0.002444
11.210916 0.001970 0.009458 -0.002447
11.212886 0.001970 0.009455 -0.002451
11.214855 0.001970 0.009451 -0.002454
11.216825 0.001970 0.009448 -0.002457
11.218794 0.001969 0.009445 -0.002461
11.220764 0.001969 0.009441 -0.002464
11.222733 0.001969 0.009438 -0.002467
11.224702 0.001969 0.009435 -0.002471
11.226672 0.001969 0.009431 -0.002474
11.228641 0.001969 0.009428 -0.002477
11.230610 0.001969 0.009425 -0.002481
11.232579 0.001969 0.009421 -0.002484
11.234548 0.001969 0.009418 -0.002487
11.236516 0.001969 0.009415 -0.002491
11.238485 0.001969 0.009411 -0.002494
11.240454 0.001969 0.009408 -0.002497
11.242422 0.001969 0.009405 -0.002501
11.244391 0.001969 0.009401 -0.002504
11.246359 0.001968 0.009398 -0.002507
11.248328 0.001968 0.009395 -0.002511
11.250296 0.001968 0.009391 -0.002514
11.252264 0.001968 0.009388 -0.002517
11.254233 0.001968 0.009385 -0.002520
11.256201 0.001968 0.009381 -0.002524
11.258169 0.001968 0.009378 -0.002527
11.260137 0.001968 0.009375 -0.002530
11.262105 0.001968 0.009371 -0.002534
11.264072 0.001968 0.009368 -0.002537
11.266040 0.001968 0.009365 -0.002540
11.268008 0.001968 0.009361 -0.002544
11.269976 0.001968 0.009358 -0.002547
11.271943 0.001968 0.009355 -0.002550
11.273911 0.001968 0.009351 -0.002554
11.275878 0.001967 0.009348 -0.002557
11.277846 0.001967 0.009345 -0.002560
11.279813 0.001967 0.009342 -0.002564
11.281780 0.001967 0.009338 -0.002567
11.283747 0.001967 0.009335 -0.002570
11.285714 0.001967 0.009332 -0.002574
11.287681 0.001967 0.009328 -0.002577
11.289648 0.001967 0.009325 -0.002580
11.291615 0.001967 0.009322 -0.002584
11.293582 0.001967 0.009318 -0.002587
11.295549 0.001967 0.009315 -0.002590
11.297516 0.001967 0.009312 -0.002593
11.299482 0.001967 0.009308 -0.002597
11.301449 0.001967 0.009305 -0.002600
11.303415 0.001967 0.009302 -0.002603
11.305382 0.001966 0.009298 -0.002607
11.307348 0.001966 0.009295 -0.002610
11.309315 0.001966 0.009292 -0.002613
11.311281 0.001966 0.009289 -0.002617
11.313247 0.001966 0.009285 -0.002620
11.315213 0.001966 0.009282 -0.002623
11.317179 0.001966 0.009279 -0.002626
11.319145 0.001966 0.009275 -0.002630
11.321111 0.001966 0.009272 -0.002633
11.323077 0.001966 0.009269 -0.002636
11.325043 0.001966 0.009266 -0.002640
11.327009 0.001966 0.009262 -0.002643
11.328974 0.001966 0.009259 -0.002646
11.330940 0.001966 0.009256 -0.002650
11.332906 0.001966 0.009252 -0.002653
11.334871 0.001966 0.009249 -0.002656
11.336837 0.001965 0.009246 -0.002659
11.338802 0.001965 0.009243 -0.002663
11.340767 0.001965 0.009239 -0.002666
11.342733 0.001965 0.009236 -0.002669
11.344698 0.001965 0.009233 -0.002672
11.346663 0.001965 0.009229 -0.002676
11.348628 0.001965 0.009226 -0.002679
11.350593 0.001965 0.009223 -0.002682
11.352558 0.001965 0.009220 -0.002686
11.354523 0.001965 0.009216 -0.002689
11.356488 0.001965 0.009213 -0.002692
11.358453 0.001965 0.009210 -0.002695
11.360417 0.001965 0.009207 -0.002699
11.362382 0.001965 0.009203 -0.002702
11.364347 0.001965 0.009200 -0.002705
11.366311 0.001965 0.009197 -0.002708
11.368276 0.001964 0.009194 -0.002712
11.370240 0.001964 0.009190 -0.002715
11.372205 0.001964 0.009187 -0.002718
11.374169 0.001964 0.009184 -0.002721
11.376133 0.001964 0.009181 -0.002725
11.378097 0.001964 0.009177 -0.002728
11.380061 0.001964 0.009174 -0.002731
11.382026 0.001964 0.009171 -0.002734
11.383990 0.001964 0.009168 -0.002738
11.385954 0.001964 0.009164 -0.002741
11.387918 0.001964 0.009161 -0.002744
11.389881 0.001964 0.009158 -0.002747
11.391845 0.001964 0.009155 -0.002751
11.393809 0.001964 0.009151 -0.002754
11.395773 0.001964 0.009148 -0.002757
11.397736 0.001964 0.009145 -0.002760
11.399700 0.001964 0.009142 -0.002763
11.401663 0.001964 0.009138 -0.002767
11.403627 0.001963 0.009135 -0.002770
11.405590 0.001963 0.009132 -0.002773
11.407554 0.001963 0.009129 -0.002776
11.409517 0.001963 0.009126 -0.002780
11.411480 0.001963 0.009122 -0.002783
11.413443 0.001963 0.009119 -0.002786
11.415407 0.001963 0.009116 -0.002789
11.417370 0.001963 0.009113 -0.002792
11.419333 0.001963 0.009110 -0.002796
11.421296 0.001963 0.009106 -0.002799
11.423259 0.001963 0.009103 -0.002802
11.425222 0.001963 0.009100 -0.002805
11.427184 0.001963 0.009097 -0.002808
11.429147 0.001963 0.009094 -0.002812
11.431110 0.001963 0.009090 -0.002815
11.433073 0.001963 0.009087 -0.002818
11.435035 0.001963 0.009084 -0.002821
11.436998 0.001963 0.009081 -0.002824
11.438960 0.001963 0.009078 -0.002828
11.440923 0.001962 0.009074 -0.002831
11.442885 0.001962 0.009071 -0.002834
11.444848 0.001962 0.009068 -0.002837
11.446810 0.001962 0.009065 -0.002840
11.448772 0.001962 0.009062 -0.002844
11.450734 0.001962 0.009058 -0.002847
11.452696 0.001962 0.009055 -0.002850
11.454659 0.001962 0.009052 -0.002853
11.456621 0.001962 0.009049 -0.002856
11.458583 0.001962 0.009046 -0.002859
11.460545 0.001962 0.009043 -0.002863
11.462507 0.001962 0.009039 -0.002866
11.464468 0.001962 0.009036 -0.002869
11.466430 0.001962 0.009033 -0.002872
11.468392 0.001962 0.009030 -0.002875
11.470354 0.001962 0.009027 -0.002878
11.472315 0.001962 0.009024 -0.002882
11.474277 0.001962 0.009020 -0.002885
11.476238 0.001962 0.009017 -0.002888
11.478200 0.001962 0.009014 -0.002891
11.480161 0.001961 0.009011 -0.002894
11.482123 0.001961 0.009008 -0.002897
11.484084 0.001961 0.009005 -0.002901
11.486046 0.001961 0.009001 -0.002904
11.488007 0.001961 0.008998 -0.002907
11.489968 0.001961 0.008995 -0.002910
11.491929 0.001961 0.008992 -0.002913
11.493890 0.001961 0.008989 -0.002916
11.495851 0.001961 0.008986 -0.002919
11.497813 0.001961 0.008983 -0.002923
11.499773 0.001961 0.008979 -0.002926
11.501734 0.001961 0.008976 -0.002929
11.503695 0.001961 0.008973 -0.002932
11.505656 0.001961 0.008970 -0.002935
11.507617 0.001961 0.008967 -0.002938
11.509578 0.001961 0.008964 -0.002941
11.511538 0.001961 0.008961 -0.002945
11.513499 0.001961 0.008958 -0.002948
11.515460 0.001961 0.008954 -0.002951
11.517420 0.001961 0.008951 -0.002954
11.519381 0.001961 0.008948 -0.002957
11.521341 0.001960 0.008945 -0.002960
11.523302 0.001960 0.008942 -0.002963
11.525262 0.001960 0.008939 -0.002966
11.527222 0.001960 0.008936 -0.002970
11.529183 0.001960 0.008933 -0.002973
11.531143 0.001960 0.008929 -0.002976
11.533103 0.001960 0.008926 -0.002979
11.535063 0.001960 0.008923 -0.002982
11.537024 0.001960 0.008920 -0.002985
11.538984 0.001960 0.008917 -0.002988
11.540944 0.001960 0.008914 -0.002991
11.542904 0.001960 0.008911 -0.002994
11.544864 0.001960 0.008908 -0.002998
11.546824 0.001960 0.008905 -0.003001
11.548784 0.001960 0.008901 -0.003004
11.550743 0.001960 0.008898 -0.003007
11.552703 0.001960 0.008895 -0.003010
11.554663 0.001960 0.008892 -0.003013
11.556623 0.001960 0.008889 -0.003016
11.558582 0.001960 0.008886 -0.003019
11.560542 0.001960 0.008883 -0.003022
11.562501 0.001960 0.008880 -0.003025
11.564461 0.001960 0.008877 -0.003029
11.566420 0.001959 0.008874 -0.003032
11.568380 0.001959 0.008870 -0.003035
11.570339 0.001959 0.008867 -0.003038
11.572299 0.001959 0.008864 -0.003041
11.574258 0.001959 0.008861 -0.003044
11.576217 0.001959 0.008858 -0.003047
11.578177 0.001959 0.008855 -0.003050
11.580136 0.001959 0.008852 -0.003053
11.582095 0.001959 0.008849 -0.003056
11.584054 0.001959 0.008846 -0.003060
11.586013 0.001959 0.008843 -0.003063
11.587972 0.001959 0.008839 -0.003066
11.589931 0.001959 0.008836 -0.003069
11.591890 0.001959 0.008833 -0.003072
11.593849 0.001959 0.008830 -0.003075
11.595808 0.001959 0.008827 -0.003078
11.597767 0.001959 0.008824 -0.003081
11.599726 0.001959 0.008821 -0.003084
11.601685 0.001959 0.008818 -0.003087
11.603643 0.001959 0.008815 -0.003091
11.605602 0.001959 0.008812 -0.003094
11.607561 0.001959 0.008808 -0.003097
11.609519 0.001959 0.008805 -0.003100
11.611478 0.001959 0.008802 -0.003103
11.613437 0.001959 0.008799 -0.003106
11.615395 0.001959 0.008796 -0.003109
11.617354 0.001958 0.008793 -0.003112
11.619312 0.001958 0.008790 -0.003115
11.621270 0.001958 0.008787 -0.003118
11.623229 0.001958 0.008784 -0.003121
11.625187 0.001958 0.008781 -0.003125
11.627145 0.001958 0.008778 -0.003128
11.629104 0.001958 0.008774 -0.003131
11.631062 0.001958 0.008771 -0.003134
11.633020 0.001958 0.008768 -0.003137
11.634978 0.001958 0.008765 -0.003140
11.636936 0.001958 0.008762 -0.003143
11.638895 0.001958 0.008759 -0.003146
11.640853 0.001958 0.008756 -0.003149
11.642811 0.001958 0.008753 -0.003152
11.644769 0.001958 0.008750 -0.003155
11.646727 0.001958 0.008747 -0.003158
11.648684 0.001958 0.008744 -0.003162
11.650642 0.001958 0.008741 -0.003165
11.652600 0.001958 0.008737 -0.003168
11.654558 0.001958 0.008734 -0.003171
11.656516 0.001958 0.008731 -0.003174
11.658474 0.001958 0.008728 -0.003177
11.660431 0.001958 0.008725 -0.003180
11.662389 0.001958 0.008722 -0.003183
11.664347 0.001958 0.008719 -0.003186
11.666304 0.001958 0.008716 -0.003189
11.668262 0.001958 0.008713 -0.003192
11.670219 0.001958 0.008710 -0.003195
11.672177 0.001958 0.008707 -0.003198
11.674134 0.001957 0.008704 -0.003202
11.676092 0.001957 0.008701 -0.003205
11.678049 0.001957 0.008698 -0.003208
11.680006 0.001957 0.008694 -0.003211
11.681964 0.001957 0.008691 -0.003214
11.683921 0.001957 0.008688 -0.003217
11.685878 0.001957 0.008685 -0.003220
11.687836 0.001957 0.008682 -0.003223
11.689793 0.001957 0.008679 -0.003226
11.691750 0.001957 0.008676 -0.003229
11.693707 0.001957 0.008673 -0.003232
11.695664 0.001957 0.008670 -0.003235
11.697621 0.001957 0.008667 -0.003238
11.699578 0.001957 0.008664 -0.003241
11.701535 0.001957 0.008661 -0.003244
11.703492 0.001957 0.008658 -0.003247
11.705449 0.001957 0.008655 -0.003250
11.707406 0.001957 0.008652 -0.003253
11.709363 0.001957 0.008649 -0.003256
11.711320 0.001957 0.008646 -0.003259
11.713277 0.001957 0.008643 -0.003262
11.715234 0.001957 0.008640 -0.003265
11.717190 0.001957 0.008637 -0.003269
11.719147 0.001957 0.008634 -0.003272
11.721104 0.001957 0.008631 -0.003275
11.723060 0.001957 0.008628 -0.003278
11.725017 0.001957 0.008625 -0.003281
11.726974 0.001957 0.008622 -0.003284
11.728930 0.001957 0.008619 -0.003287
11.730887 0.001957 0.008615 -0.003290
11.732843 0.001957 0.008612 -0.003293
11.734800 0.001957 0.008609 -0.003296
11.736756 0.001956 0.008606 -0.003299
11.738713 0.001956 0.008603 -0.003302
11.740669 0.001956 0.008600 -0.003305
11.742626 0.001956 0.008597 -0.003308
11.744582 0.001956 0.008594 -0.003311
11.746538 0.001956 0.008591 -0.003314
11.748495 0.001956 0.008588 -0.003317
11.750451 0.001956 0.008585 -0.003320
11.752407 0.001956 0.008582 -0.003323
11.754363 0.001956 0.008579 -0.003326
11.756320 0.001956 0.008576 -0.003329
11.758276 0.001956 0.008573 -0.003332
11.760232 0.001956 0.008570 -0.003335
11.762188 0.001956 0.008567 -0.003338
11.764144 0.001956 0.008564 -0.003341
11.766100 0.001956 0.008561 -0.003344
11.768056 0.001956 0.008558 -0.003347
11.770012 0.001956 0.008555 -0.003350
11.771968 0.001956 0.008552 -0.003353
11.773924 0.001956 0.008549 -0.003356
11.775880 0.001956 0.008546 -0.003359
11.777836 0.001956 0.008543 -0.003362
11.779792 0.001956 0.008540 -0.003365
11.781748 0.001956 0.008537 -0.003368
11.783704 0.001956 0.008534 -0.003371
11.785659 0.001956 0.008531 -0.003374
11.787615 0.001956 0.008528 -0.003377
11.789571 0.001956 0.008525 -0.003380
11.791527 0.001956 0.008522 -0.003383
11.793482 0.001956 0.008519 -0.003386
11.795438 0.001956 0.008516 -0.003389
11.797394 0.001956 0.008513 -0.003392
11.799349 0.001956 0.008510 -0.003395
11.801305 0.001956 0.008507 -0.003398
11.803261 0.001956 0.008504 -0.003401
11.805216 0.001956 0.008501 -0.003404
11.807172 0.001956 0.008498 -0.003407
11.809127 0.001956 0.008495 -0.003410
11.811083 0.001955 0.008492 -0.003413
11.813038 0.001955 0.008489 -0.003416
11.814994 0.001955 0.008486 -0.003419
11.816949 0.001955 0.008483 -0.003422
11.818904 0.001955 0.008480 -0.003425
11.820860 0.001955 0.008477 -0.003428
11.822815 0.001955 0.008474 -0.003432
11.824770 0.001955 0.008471 -0.003435
11.826726 0.001955 0.008468 -0.003438
11.828681 0.001955 0.008465 -0.003441
11.830636 0.001955 0.008462 -0.003444
11.832592 0.001955 0.008459 -0.003447
11.834547 0.001955 0.008456 -0.003450
11.836502 0.001955 0.008453 -0.003453
11.838457 0.001955 0.008450 -0.003456
11.840412 0.001955 0.008446 -0.003459
11.842368 0.001955 0.008443 -0.003462
11.844323 0.001955 0.008440 -0.003465
11.846278 0.001955 0.008437 -0.003468
11.848233 0.001955 0.008434 -0.003471
11.850188 0.001955 0.008431 -0.003474
11.852143 0.001955 0.008428 -0.003477
11.854098 0.001955 0.008425 -0.003480
11.856053 0.001955 0.008422 -0.003483
11.858008 0.001955 0.008419 -0.003486
11.859963 0.001955 0.008416 -0.003489
11.861918 0.001955 0.008413 -0.003492
11.863873 0.001955 0.008410 -0.003495
11.865828 0.001955 0.008407 -0.003498
11.867783 0.001955 0.008404 -0.003501
11.869737 0.001955 0.008401 -0.003504
11.871692 0.001955 0.008398 -0.003507
11.873647 0.001955 0.008395 -0.003510
11.875602 0.001955 0.008392 -0.003513
11.877557 0.001955 0.008389 -0.003516
11.879511 0.001955 0.008386 -0.003519
11.881466 0.001955 0.008383 -0.003522
11.883421 0.001955 0.008380 -0.003525
11.885376 0.001955 0.008377 -0.003528
11.887330 0.001955 0.008374 -0.003531
11.889285 0.001955 0.008371 -0.003534
11.891240 0.001955 0.008368 -0.003537
11.893194 0.001955 0.008365 -0.003540
11.895149 0.001955 0.008362 -0.003543
11.897104 0.001955 0.008359 -0.003546
11.899058 0.001955 0.008356 -0.003549
11.901013 0.001955 0.008353 -0.003552
11.902968 0.001955 0.008350 -0.003555
11.904922 0.001955 0.008347 -0.003558
11.906877 0.001955 0.008344 -0.003561
11.908831 0.001955 0.008341 -0.003564
11.910786 0.001955 0.008338 -0.003567
11.912740 0.001954 0.008335 -0.003570
11.914695 0.001954 0.008332 -0.003573
11.916649 0.001954 0.008329 -0.003576
11.918604 0.001954 0.008326 -0.003579
11.920558 0.001954 0.008324 -0.003582
11.922512 0.001954 0.008321 -0.003585
11.924467 0.001954 0.008318 -0.003588
11.926421 0.001954 0.008315 -0.003591
11.928376 0.001954 0.008312 -0.003593
11.930330 0.001954 0.008309 -0.003596
11.932284 0.001954 0.008306 -0.003599
11.934239 0.001954 0.008303 -0.003602
11.936193 0.001954 0.008300 -0.003605
11.938147 0.001954 0.008297 -0.003608
11.940102 0.001954 0.008294 -0.003611
11.942056 0.001954 0.008291 -0.003614
11.944010 0.001954 0.008288 -0.003617
11.945964 0.001954 0.008285 -0.003620
11.947919 0.001954 0.008282 -0.003623
11.949873 0.001954 0.008279 -0.003626
11.951827 0.001954 0.008276 -0.003629
11.953781 0.001954 0.008274 -0.003632
11.955735 0.001954 0.008271 -0.003635
11.957690 0.001954 0.008268 -0.003638
11.959644 0.001954 0.008265 -0.003640
11.961598 0.001954 0.008262 -0.003643
11.963552 0.001954 0.008259 -0.003646
11.965506 0.001954 0.008256 -0.003649
11.967460 0.001954 0.008253 -0.003652
11.969414 0.001954 0.008250 -0.003655
11.971369 0.001954 0.008247 -0.003658
11.973323 0.001954 0.008244 -0.003661
11.975277 0.001954 0.008241 -0.003664
11.977231 0.001954 0.008238 -0.003667
11.979185 0.001954 0.008235 -0.003670
11.981139 0.001954 0.008233 -0.003673
11.983093 0.001954 0.008230 -0.003676
11.985047 0.001954 0.008227 -0.003678
11.987001 0.001954 0.008224 -0.003681
11.988955 0.001954 0.008221 -0.003684
11.990909 0.001954 0.008218 -0.003687
11.992863 0.001954 0.008215 -0.003690
11.994817 0.001954 0.008212 -0.003693
11.996771 0.001954 0.008209 -0.003696
11.998725 0.001954 0.008206 -0.003699
12.000679 0.001954 0.008203 -0.003702
12.002633 0.001954 0.008200 -0.003705
12.004587 0.001954 0.008198 -0.003708
12.006541 0.001954 0.008195 -0.003711
12.008495 0.001954 0.008192 -0.003714
12.010448 0.001954 0.008189 -0.003716
12.012402 0.001954 0.008186 -0.003719
12.014356 0.001954 0.008183 -0.003722
12.016310 0.001954 0.008180 -0.003725
12.018264 0.001954 0.008177 -0.003728
12.020218 0.001954 0.008174 -0.003731
12.022172 0.001954 0.008171 -0.003734
12.024126 0.001954 0.008168 -0.003737
12.026079 0.001954 0.008165 -0.003740
12.028033 0.001954 0.008163 -0.003743
12.029987 0.001954 0.008160 -0.003746
12.031941 0.001954 0.008157 -0.003749
12.033895 0.001954 0.008154 -0.003751
12.035849 0.001954 0.008151 -0.003754
12.037802 0.001954 0.008148 -0.003757
12.039756 0.001954 0.008145 -0.003760
12.041710 0.001954 0.008142 -0.003763
12.043664 0.001954 0.008139 -0.003766
12.045618 0.001954 0.008136 -0.003769
12.047571 0.001954 0.008133 -0.003772
12.049525 0.001954 0.008130 -0.003775
12.051479 0.001954 0.008127 -0.003778
12.053433 0.001954 0.008125 -0.003781
12.055386 0.001954 0.008122 -0.003784
12.057340 0.001954 0.008119 -0.003786
12.059294 0.001954 0.008116 -0.003789
12.061248 0.001954 0.008113 -0.003792
12.063201 0.001954 0.008110 -0.003795
12.065155 0.001954 0.008107 -0.003798
12.067109 0.001954 0.008104 -0.003801
12.069063 0.001954 0.008101 -0.003804
12.071016 0.001954 0.008098 -0.003807
12.072970 0.001954 0.008095 -0.003810
12.074924 0.001954 0.008092 -0.003813
12.076878 0.001954 0.008089 -0.003816
12.078831 0.001954 0.008086 -0.003819
12.080785 0.001954 0.008084 -0.003822
12.082739 0.001954 0.008081 -0.003825
12.084692 0.001954 0.008078 -0.003828
12.086646 0.001954 0.008075 -0.003830
12.088600 0.001954 0.008072 -0.003833
12.090554 0.001954 0.008069 -0.003836
12.092507 0.001954 0.008066 -0.003839
12.094461 0.001954 0.008063 -0.003842
12.096415 0.001954 0.008060 -0.003845
12.098368 0.001954 0.008057 -0.003848
12.100322 0.001954 0.008054 -0.003851
12.102276 0.001954 0.008051 -0.003854
12.104230 0.001954 0.008048 -0.003857
12.106183 0.001954 0.008045 -0.003860
12.108137 0.001954 0.008042 -0.003863
12.110091 0.001954 0.008039 -0.003866
12.112044 0.001954 0.008036 -0.003869
12.113998 0.001954 0.008034 -0.003872
12.115952 0.001954 0.008031 -0.003875
12.117905 0.001954 0.008028 -0.003878
12.119859 0.001954 0.008025 -0.003881
12.121813 0.001954 0.008022 -0.003884
12.123767 0.001954 0.008019 -0.003886
12.125720 0.001954 0.008016 -0.003889
12.127674 0.001954 0.008013 -0.003892
12.129628 0.001954 0.008010 -0.003895
12.131581 0.001954 0.008007 -0.003898
12.133535 0.001954 0.008004 -0.003901
12.135489 0.001954 0.008001 -0.003904
12.137443 0.001954 0.007998 -0.003907
12.139396 0.001954 0.007995 -0.003910
12.141350 0.001954 0.007992 -0.003913
12.143304 0.001954 0.007989 -0.003916
12.145258 0.001954 0.007986 -0.003919
12.147211 0.001954 0.007983 -0.003922
12.149165 0.001954 0.007980 -0.003925
12.151119 0.001954 0.007977 -0.003928
12.153072 0.001954 0.007974 -0.003931
12.155026 0.001954 0.007971 -0.003934
12.156980 0.001954 0.007968 -0.003937
12.158934 0.001954 0.007965 -0.003940
12.160887 0.001954 0.007962 -0.003943
12.162841 0.001954 0.007959 -0.003946
12.164795 0.001954 0.007956 -0.003949
12.166749 0.001954 0.007953 -0.003952
12.168703 0.001954 0.007950 -0.003955
12.170656 0.001954 0.007947 -0.003958
12.172610 0.001954 0.007944 -0.003961
12.174564 0.001954 0.007941 -0.003964
12.176518 0.001954 0.007938 -0.003967
12.178472 0.001954 0.007935 -0.003970
12.180425 0.001954 0.007932 -0.003973
12.182379 0.001954 0.007929 -0.003976
12.184333 0.001954 0.007926 -0.003979
12.186287 0.001954 0.007923 -0.003982
12.188241 0.001954 0.007920 -0.003985
12.190195 0.001954 0.007917 -0.003988
12.192148 0.001954 0.007914 -0.003991
12.194102 0.001954 0.007911 -0.003994
12.196056 0.001954 0.007908 -0.003997
12.198010 0.001954 0.007905 -0.004000
12.199964 0.001954 0.007902 -0.004003
12.201918 0.001954 0.007899 -0.004006
12.203872 0.001954 0.007896 -0.004009
12.205826 0.001954 0.007893 -0.004012
12.207780 0.001954 0.007890 -0.004015
12.209733 0.001954 0.007887 -0.004018
12.211687 0.001954 0.007884 -0.004021
12.213641 0.001954 0.007881 -0.004024
12.215595 0.001954 0.007878 -0.004027
12.217549 0.001954 0.007875 -0.004030
12.219503 0.001954 0.007872 -0.004034
12.221457 0.001954 0.007869 -0.004037
12.223411 0.001954 0.007866 -0.004040
12.225365 0.001954 0.007863 -0.004043
12.227319 0.001954 0.007859 -0.004046
12.229273 0.001954 0.007856 -0.004049
12.231227 0.001954 0.007853 -0.004052
12.233181 0.001954 0.007850 -0.004055
12.235135 0.001954 0.007847 -0.004058
12.237089 0.001954 0.007844 -0.004061
12.239044 0.001954 0.007841 -0.004064
12.240998 0.001954 0.007838 -0.004067
12.242952 0.001954 0.007835 -0.004070
12.244906 0.001954 0.007832 -0.004073
12.246860 0.001954 0.007829 -0.004076
12.248814 0.001954 0.007826 -0.004079
12.250768 0.001954 0.007823 -0.004082
12.252722 0.001954 0.007820 -0.004086
12.254677 0.001954 0.007817 -0.004089
12.256631 0.001954 0.007814 -0.004092
12.258585 0.001954 0.007810 -0.004095
12.260539 0.001954 0.007807 -0.004098
12.262493 0.001954 0.007804 -0.004101
12.264448 0.001954 0.007801 -0.004104
12.266402 0.001954 0.007798 -0.004107
12.268356 0.001954 0.007795 -0.004110
12.270310 0.001954 0.007792 -0.004113
12.272265 0.001954 0.007789 -0.004116
12.274219 0.001954 0.007786 -0.004119
12.276173 0.001954 0.007783 -0.004122
12.278128 0.001954 0.007780 -0.004126
12.280082 0.001954 0.007777 -0.004129
12.282036 0.001954 0.007773 -0.004132
12.283991 0.001954 0.007770 -0.004135
12.285945 0.001954 0.007767 -0.004138
12.287900 0.001954 0.007764 -0.004141
12.289854 0.001954 0.007761 -0.004144
12.291808 0.001954 0.007758 -0.004147
12.293763 0.001954 0.007755 -0.004150
12.295717 0.001954 0.007752 -0.004153
12.297672 0.001954 0.007749 -0.004156
12.299626 0.001955 0.007746 -0.004159
12.301581 0.001955 0.007743 -0.004163
12.303535 0.001955 0.007740 -0.004166
12.305490 0.001955 0.007736 -0.004169
12.307445 0.001955 0.007733 -0.004172
12.309399 0.001955 0.007730 -0.004175
12.311354 0.001955 0.007727 -0.004178
12.313308 0.001955 0.007724 -0.004181
12.315263 0.001955 0.007721 -0.004184
12.317218 0.001955 0.007718 -0.004187
12.319172 0.001955 0.007715 -0.004190
12.321127 0.001955 0.007712 -0.004193
12.323082 0.001955 0.007709 -0.004196
12.325036 0.001955 0.007706 -0.004200
12.326991 0.001955 0.007703 -0.004203
12.328946 0.001955 0.007700 -0.004206
12.330901 0.001955 0.007696 -0.004209
12.332856 0.001955 0.007693 -0.004212
12.334810 0.001955 0.007690 -0.004215
12.336765 0.001955 0.007687 -0.004218
12.338720 0.001955 0.007684 -0.004221
12.340675 0.001955 0.007681 -0.004224
12.342630 0.001955 0.007678 -0.004227
12.344585 0.001955 0.007675 -0.004230
12.346540 0.001955 0.007672 -0.004233
12.348495 0.001955 0.007669 -0.004236
12.350450 0.001955 0.007666 -0.004240
12.352405 0.001955 0.007663 -0.004243
12.354360 0.001955 0.007660 -0.004246
12.356315 0.001955 0.007656 -0.004249
12.358270 0.001955 0.007653 -0.004252
12.360225 0.001955 0.007650 -0.004255
12.362180 0.001955 0.007647 -0.004258
12.364135 0.001955 0.007644 -0.004261
12.366091 0.001955 0.007641 -0.004264
12.368046 0.001955 0.007638 -0.004267
12.370001 0.001955 0.007635 -0.004270
12.371956 0.001955 0.007632 -0.004273
12.373911 0.001955 0.007629 -0.004276
12.375867 0.001955 0.007626 -0.004279
12.377822 0.001955 0.007623 -0.004283
12.379777 0.001955 0.007620 -0.004286
12.381733 0.001955 0.007616 -0.004289
12.383688 0.001955 0.007613 -0.004292
12.385644 0.001955 0.007610 -0.004295
12.387599 0.001955 0.007607 -0.004298
12.389554 0.001955 0.007604 -0.004301
12.391510 0.001955 0.007601 -0.004304
12.393465 0.001956 0.007598 -0.004307
12.395421 0.001956 0.007595 -0.004310
12.397377 0.001956 0.007592 -0.004313
12.399332 0.001956 0.007589 -0.004316
12.401288 0.001956 0.007586 -0.004319
12.403243 0.001956 0.007583 -0.004322
12.405199 0.001956 0.007580 -0.004326
12.407155 0.001956 0.007577 -0.004329
12.409110 0.001956 0.007574 -0.004332
12.411066 0.001956 0.007570 -0.004335
12.413022 0.001956 0.007567 -0.004338
12.414978 0.001956 0.007564 -0.004341
12.416934 0.001956 0.007561 -0.004344
12.418889 0.001956 0.007558 -0.004347
12.420845 0.001956 0.007555 -0.004350
12.422801 0.001956 0.007552 -0.004353
12.424757 0.001956 0.007549 -0.004356
12.426713 0.001956 0.007546 -0.004359
12.428669 0.001956 0.007543 -0.004362
12.430625 0.001956 0.007540 -0.004365
12.432581 0.001956 0.007537 -0.004368
12.434537 0.001956 0.007534 -0.004371
12.436493 0.001956 0.007531 -0.004375
12.438450 0.001956 0.007528 -0.004378
12.440406 0.001956 0.007525 -0.004381
12.442362 0.001956 0.007522 -0.004384
12.444318 0.001956 0.007518 -0.004387
12.446274 0.001956 0.007515 -0.004390
12.448231 0.001956 0.007512 -0.004393
12.450187 0.001956 0.007509 -0.004396
12.452143 0.001956 0.007506 -0.004399
12.454100 0.001956 0.007503 -0.004402
12.456056 0.001956 0.007500 -0.004405
12.458013 0.001956 0.007497 -0.004408
12.459969 0.001956 0.007494 -0.004411
12.461926 0.001957 0.007491 -0.004414
12.463882 0.001957 0.007488 -0.004417
12.465839 0.001957 0.007485 -0.004420
12.467795 0.001957 0.007482 -0.004423
12.469752 0.001957 0.007479 -0.004426
12.471709 0.001957 0.007476 -0.004429
12.473665 0.001957 0.007473 -0.004432
12.475622 0.001957 0.007470 -0.004436
12.477579 0.001957 0.007467 -0.004439
12.479536 0.001957 0.007464 -0.004442
12.481493 0.001957 0.007461 -0.004445
12.483450 0.001957 0.007457 -0.004448
12.485406 0.001957 0.007454 -0.004451
12.487363 0.001957 0.007451 -0.004454
12.489320 0.001957 0.007448 -0.004457
12.491277 0.001957 0.007445 -0.004460
12.493234 0.001957 0.007442 -0.004463
12.495192 0.001957 0.007439 -0.004466
12.497149 0.001957 0.007436 -0.004469
12.499106 0.001957 0.007433 -0.004472
12.501063 0.001957 0.007430 -0.004475
12.503020 0.001957 0.007427 -0.004478
12.504978 0.001957 0.007424 -0.004481
12.506935 0.001957 0.007421 -0.004484
12.508892 0.001957 0.007418 -0.004487
12.510850 0.001957 0.007415 -0.004490
12.512807 0.001957 0.007412 -0.004494
12.514765 0.001957 0.007409 -0.004497
12.516722 0.001957 0.007406 -0.004500
12.518680 0.001958 0.007402 -0.004503
12.520637 0.001958 0.007399 -0.004506
12.522595 0.001958 0.007396 -0.004509
12.524552 0.001958 0.007393 -0.004512
12.526510 0.001958 0.007390 -0.004515
12.528468 0.001958 0.007387 -0.004518
12.530426 0.001958 0.007384 -0.004521
12.532383 0.001958 0.007381 -0.004524
12.534341 0.001958 0.007378 -0.004527
12.536299 0.001958 0.007375 -0.004530
12.538257 0.001958 0.007372 -0.004533
12.540215 0.001958 0.007369 -0.004536
12.542173 0.001958 0.007366 -0.004540
12.544131 0.001958 0.007363 -0.004543
12.546089 0.001958 0.007359 -0.004546
12.548047 0.001958 0.007356 -0.004549
12.550006 0.001958 0.007353 -0.004552
12.551964 0.001958 0.007350 -0.004555
12.553922 0.001958 0.007347 -0.004558
12.555880 0.001958 0.007344 -0.004561
12.557839 0.001958 0.007341 -0.004564
12.559797 0.001958 0.007338 -0.004567
12.561756 0.001958 0.007335 -0.004571
12.563714 0.001958 0.007332 -0.004574
12.565673 0.001959 0.007328 -0.004577
12.567631 0.001959 0.007325 -0.004580
12.569590 0.001959 0.007322 -0.004583
12.571548 0.001959 0.007319 -0.004586
12.573507 0.001959 0.007316 -0.004589
12.575466 0.001959 0.007313 -0.004592
12.577425 0.001959 0.007310 -0.004596
12.579383 0.001959 0.007307 -0.004599
12.581342 0.001959 0.007303 -0.004602
12.583301 0.001959 0.007300 -0.004605
12.585260 0.001959 0.007297 -0.004608
12.587219 0.001959 0.007294 -0.004611
12.589178 0.001959 0.007291 -0.004614
12.591137 0.001959 0.007288 -0.004618
12.593097 0.001959 0.007284 -0.004621
12.595056 0.001959 0.007281 -0.004624
12.597015 0.001959 0.007278 -0.004627
12.598974 0.001959 0.007275 -0.004630
12.600934 0.001959 0.007272 -0.004633
12.602893 0.001959 0.007269 -0.004637
12.604853 0.001959 0.007265 -0.004640
12.606812 0.001959 0.007262 -0.004643
12.608772 0.001960 0.007259 -0.004646
12.610731 0.001960 0.007256 -0.004649
12.612691 0.001960 0.007253 -0.004653
12.614650 0.001960 0.007249 -0.004656
12.616610 0.001960 0.007246 -0.004659
12.618570 0.001960 0.007243 -0.004662
12.620530 0.001960 0.007240 -0.004665
12.622490 0.001960 0.007237 -0.004669
12.624450 0.001960 0.007233 -0.004672
12.626410 0.001960 0.007230 -0.004675
12.628370 0.001960 0.007227 -0.004678
12.630330 0.001960 0.007224 -0.004681
12.632290 0.001960 0.007220 -0.004685
12.634250 0.001960 0.007217 -0.004688
12.636210 0.001960 0.007214 -0.004691
12.638171 0.001960 0.007211 -0.004694
12.640131 0.001960 0.007207 -0.004698
12.642091 0.001960 0.007204 -0.004701
12.644052 0.001960 0.007201 -0.004704
12.646012 0.001960 0.007198 -0.004708
12.647973 0.001961 0.007194 -0.004711
12.649933 0.001961 0.007191 -0.004714
12.651894 0.001961 0.007188 -0.004717
12.653855 0.001961 0.007185 -0.004721
12.655815 0.001961 0.007181 -0.004724
12.657776 0.001961 0.007178 -0.004727
12.659737 0.001961 0.007175 -0.004731
12.661698 0.001961 0.007171 -0.004734
12.663659 0.001961 0.007168 -0.004737
12.665620 0.001961 0.007165 -0.004740
12.667581 0.001961 0.007161 -0.004744
12.669542 0.001961 0.007158 -0.004747
12.671503 0.001961 0.007155 -0.004750
12.673465 0.001961 0.007151 -0.004754
12.675426 0.001961 0.007148 -0.004757
12.677387 0.001961 0.007145 -0.004760
12.679349 0.001961 0.007141 -0.004764
12.681310 0.001961 0.007138 -0.004767
12.683272 0.001962 0.007135 -0.004771
12.685233 0.001962 0.007131 -0.004774
12.687195 0.001962 0.007128 -0.004777
12.689157 0.001962 0.007125 -0.004781
12.691118 0.001962 0.007121 -0.004784
12.693080 0.001962 0.007118 -0.004787
12.695042 0.001962 0.007114 -0.004791
12.697004 0.001962 0.007111 -0.004794
12.698966 0.001962 0.007108 -0.004798
12.700928 0.001962 0.007104 -0.004801
12.702890 0.001962 0.007101 -0.004804
12.704852 0.001962 0.007097 -0.004808
12.706814 0.001962 0.007094 -0.004811
12.708777 0.001962 0.007091 -0.004815
12.710739 0.001962 0.007087 -0.004818
12.712701 0.001962 0.007084 -0.004822
12.714664 0.001962 0.007080 -0.004825
12.716626 0.001962 0.007077 -0.004828
12.718589 0.001963 0.007073 -0.004832
12.720551 0.001963 0.007070 -0.004835
12.722514 0.001963 0.007066 -0.004839
12.724477 0.001963 0.007063 -0.004842
12.726439 0.001963 0.007059 -0.004846
12.728402 0.001963 0.007056 -0.004849
12.730365 0.001963 0.007053 -0.004853
12.732328 0.001963 0.007049 -0.004856
12.734291 0.001963 0.007046 -0.004860
12.736254 0.001963 0.007042 -0.004863
12.738217 0.001963 0.007039 -0.004867
12.740181 0.001963 0.007035 -0.004870
12.742144 0.001963 0.007032 -0.004874
12.744107 0.001963 0.007028 -0.004877
12.746071 0.001963 0.007025 -0.004881
12.748034 0.001963 0.007021 -0.004884
12.749998 0.001964 0.007017 -0.004888
12.751961 0.001964 0.007014 -0.004891
12.753925 0.001964 0.007010 -0.004895
12.755889 0.001964 0.007007 -0.004898
12.757852 0.001964 0.007003 -0.004902
12.759816 0.001964 0.007000 -0.004905
12.761780 0.001964 0.006996 -0.004909
12.763744 0.001964 0.006993 -0.004912
12.765708 0.001964 0.006989 -0.004916
12.767672 0.001964 0.006986 -0.004920
12.769636 0.001964 0.006982 -0.004923
12.771601 0.001964 0.006978 -0.004927
12.773565 0.001964 0.006975 -0.004930
12.775529 0.001964 0.006971 -0.004934
12.777494 0.001964 0.006968 -0.004937
12.779458 0.001964 0.006964 -0.004941
12.781423 0.001965 0.006961 -0.004945
12.783387 0.001965 0.006957 -0.004948
12.785352 0.001965 0.006953 -0.004952
12.787317 0.001965 0.006950 -0.004955
12.789282 0.001965 0.006946 -0.004959
12.791246 0.001965 0.006943 -0.004963
12.793211 0.001965 0.006939 -0.004966
12.795176 0.001965 0.006935 -0.004970
12.797141 0.001965 0.006932 -0.004974
12.799107 0.001965 0.006928 -0.004977
12.801072 0.001965 0.006924 -0.004981
12.803037 0.001965 0.006921 -0.004984
12.805002 0.001965 0.006917 -0.004988
12.806968 0.001965 0.006913 -0.004992
12.808933 0.001965 0.006910 -0.004995
12.810899 0.001966 0.006906 -0.004999
12.812864 0.001966 0.006903 -0.005003
12.814830 0.001966 0.006899 -0.005006
12.816796 0.001966 0.006895 -0.005010
12.818762 0.001966 0.006892 -0.005014
12.820728 0.001966 0.006888 -0.005017
12.822694 0.001966 0.006884 -0.005021
12.824660 0.001966 0.006881 -0.005025
12.826626 0.001966 0.006877 -0.005028
12.828592 0.001966 0.006873 -0.005032
12.830558 0.001966 0.006870 -0.005036
12.832525 0.001966 0.006866 -0.005039
12.834491 0.001966 0.006862 -0.005043
12.836457 0.001966 0.006858 -0.005047
12.838424 0.001967 0.006855 -0.005050
12.840391 0.001967 0.006851 -0.005054
12.842357 0.001967 0.006847 -0.005058
12.844324 0.001967 0.006844 -0.005062
12.846291 0.001967 0.006840 -0.005065
12.848258 0.001967 0.006836 -0.005069
12.850225 0.001967 0.006832 -0.005073
12.852192 0.001967 0.006829 -0.005076
12.854159 0.001967 0.006825 -0.005080
12.856126 0.001967 0.006821 -0.005084
12.858093 0.001967 0.006818 -0.005088
12.860060 0.001967 0.006814 -0.005091
12.862028 0.001967 0.006810 -0.005095
12.863995 0.001967 0.006806 -0.005099
12.865963 0.001968 0.006803 -0.005103
12.867930 0.001968 0.006799 -0.005106
12.869898 0.001968 0.006795 -0.005110
12.871866 0.001968 0.006791 -0.005114
12.873834 0.001968 0.006788 -0.005118
12.875802 0.001968 0.006784 -0.005121
12.877770 0.001968 0.006780 -0.005125
12.879738 0.001968 0.006776 -0.005129
12.881706 0.001968 0.006773 -0.005133
12.883674 0.001968 0.006769 -0.005136
12.885642 0.001968 0.006765 -0.005140
12.887611 0.001968 0.006761 -0.005144
12.889579 0.001968 0.006757 -0.005148
12.891548 0.001969 0.006754 -0.005152
12.893516 0.001969 0.006750 -0.005155
12.895485 0.001969 0.006746 -0.005159
12.897454 0.001969 0.006742 -0.005163
12.899423 0.001969 0.006739 -0.005167
12.901391 0.001969 0.006735 -0.005170
12.903360 0.001969 0.006731 -0.005174
12.905329 0.001969 0.006727 -0.005178
12.907299 0.001969 0.006723 -0.005182
12.909268 0.001969 0.006720 -0.005186
12.911237 0.001969 0.006716 -0.005189
12.913206 0.001969 0.006712 -0.005193
12.915176 0.001969 0.006708 -0.005197
12.917145 0.001970 0.006704 -0.005201
12.919115 0.001970 0.006700 -0.005205
12.921085 0.001970 0.006697 -0.005209
12.923054 0.001970 0.006693 -0.005212
12.925024 0.001970 0.006689 -0.005216
12.926994 0.001970 0.006685 -0.005220
12.928964 0.001970 0.006681 -0.005224
12.930934 0.001970 0.006678 -0.005228
12.932904 0.001970 0.006674 -0.005232
12.934875 0.001970 0.006670 -0.005235
12.936845 0.001970 0.006666 -0.005239
12.938815 0.001970 0.006662 -0.005243
12.940786 0.001970 0.006658 -0.005247
12.942756 0.001971 0.006654 -0.005251
12.944727 0.001971 0.006651 -0.005255
12.946698 0.001971 0.006647 -0.005258
12.948668 0.001971 0.006643 -0.005262
12.950639 0.001971 0.006639 -0.005266
12.952610 0.001971 0.006635 -0.005270
12.954581 0.001971 0.006631 -0.005274
12.956552 0.001971 0.006628 -0.005278
12.958524 0.001971 0.006624 -0.005282
12.960495 0.001971 0.006620 -0.005285
12.962466 0.001971 0.006616 -0.005289
12.964438 0.001971 0.006612 -0.005293
12.966409 0.001972 0.006608 -0.005297
12.968381 0.001972 0.006604 -0.005301
12.970353 0.001972 0.006600 -0.005305
12.972324 0.001972 0.006597 -0.005309
12.974296 0.001972 0.006593 -0.005312
12.976268 0.001972 0.006589 -0.005316
12.978240 0.001972 0.006585 -0.005320
12.980212 0.001972 0.006581 -0.005324
12.982184 0.001972 0.006577 -0.005328
12.984157 0.001972 0.006573 -0.005332
12.986129 0.001972 0.006569 -0.005336
12.988102 0.001972 0.006566 -0.005340
12.990074 0.001973 0.006562 -0.005344
12.992047 0.001973 0.006558 -0.005347
12.994019 0.001973 0.006554 -0.005351
12.995992 0.001973 0.006550 -0.005355
12.997965 0.001973 0.006546 -0.005359
12.999938 0.001973 0.006542 -0.005363
13.001911 0.001973 0.006538 -0.005367
13.003884 0.001973 0.006534 -0.005371
13.005857 0.001973 0.006530 -0.005375
13.007831 0.001973 0.006527 -0.005379
13.009804 0.001973 0.006523 -0.005383
13.011777 0.001973 0.006519 -0.005387
13.013751 0.001974 0.006515 -0.005390
13.015725 0.001974 0.006511 -0.005394
13.017698 0.001974 0.006507 -0.005398
13.019672 0.001974 0.006503 -0.005402
13.021646 0.001974 0.006499 -0.005406
13.023620 0.001974 0.006495 -0.005410
13.025594 0.001974 0.006491 -0.005414
13.027568 0.001974 0.006487 -0.005418
13.029542 0.001974 0.006483 -0.005422
13.031517 0.001974 0.006480 -0.005426
13.033491 0.001974 0.006476 -0.005430
13.035466 0.001975 0.006472 -0.005434
13.037440 0.001975 0.006468 -0.005437
13.039415 0.001975 0.006464 -0.005441
13.041390 0.001975 0.006460 -0.005445
13.043365 0.001975 0.006456 -0.005449
13.045340 0.001975 0.006452 -0.005453
13.047315 0.001975 0.006448 -0.005457
13.049290 0.001975 0.006444 -0.005461
13.051265 0.001975 0.006440 -0.005465
13.053240 0.001975 0.006436 -0.005469
13.055216 0.001975 0.006432 -0.005473
13.057191 0.001975 0.006428 -0.005477
13.059167 0.001976 0.006424 -0.005481
13.061142 0.001976 0.006420 -0.005485
13.063118 0.001976 0.006417 -0.005489
13.065094 0.001976 0.006413 -0.005493
13.067070 0.001976 0.006409 -0.005497
13.069046 0.001976 0.006405 -0.005501
13.071022 0.001976 0.006401 -0.005504
13.072998 0.001976 0.006397 -0.005508
13.074974 0.001976 0.006393 -0.005512
13.076951 0.001976 0.006389 -0.005516
13.078927 0.001976 0.006385 -0.005520
13.080904 0.001977 0.006381 -0.005524
13.082881 0.001977 0.006377 -0.005528
13.084857 0.001977 0.006373 -0.005532
13.086834 0.001977 0.006369 -0.005536
13.088811 0.001977 0.006365 -0.005540
13.090788 0.001977 0.006361 -0.005544
13.092765 0.001977 0.006357 -0.005548
13.094742 0.001977 0.006353 -0.005552
13.096720 0.001977 0.006349 -0.005556
13.098697 0.001977 0.006345 -0.005560
13.100675 0.001977 0.006341 -0.005564
13.102652 0.001978 0.006337 -0.005568
13.104630 0.001978 0.006333 -0.005572
13.106607 0.001978 0.006329 -0.005576
13.108585 0.001978 0.006325 -0.005580
13.110563 0.001978 0.006321 -0.005584
13.112541 0.001978 0.006317 -0.005588
13.114519 0.001978 0.006313 -0.005592
13.116498 0.001978 0.006309 -0.005596
13.118476 0.001978 0.006305 -0.005600
13.120454 0.001978 0.006301 -0.005604
13.122433 0.001979 0.006298 -0.005608
13.124411 0.001979 0.006294 -0.005612
13.126390 0.001979 0.006290 -0.005616
13.128369 0.001979 0.006286 -0.005620
13.130348 0.001979 0.006282 -0.005624
13.132327 0.001979 0.006278 -0.005628
13.134306 0.001979 0.006274 -0.005632
13.136285 0.001979 0.006270 -0.005636
13.138264 0.001979 0.006266 -0.005640
13.140244 0.001979 0.006262 -0.005644
13.142223 0.001979 0.006258 -0.005648
13.144203 0.001980 0.006254 -0.005652
13.146182 0.001980 0.006250 -0.005656
13.148162 0.001980 0.006246 -0.005660
13.150142 0.001980 0.006242 -0.005664
13.152122 0.001980 0.006238 -0.005668
13.154102 0.001980 0.006234 -0.005672
13.156082 0.001980 0.006230 -0.005676
13.158062 0.001980 0.006226 -0.005679
13.160042 0.001980 0.006222 -0.005683
13.162023 0.001980 0.006218 -0.005687
13.164003 0.001980 0.006214 -0.005691
13.165984 0.001981 0.006210 -0.005695
13.167965 0.001981 0.006206 -0.005699
13.169945 0.001981 0.006202 -0.005703
13.171926 0.001981 0.006198 -0.005707
13.173907 0.001981 0.006194 -0.005711
13.175888 0.001981 0.006190 -0.005715
13.177869 0.001981 0.006186 -0.005719
13.179851 0.001981 0.006182 -0.005723
13.181832 0.001981 0.006178 -0.005727
13.183814 0.001981 0.006174 -0.005731
13.185795 0.001982 0.006170 -0.005735
13.187777 0.001982 0.006166 -0.005739
13.189759 0.001982 0.006162 -0.005743
13.191740 0.001982 0.006158 -0.005747
13.193722 0.001982 0.006154 -0.005751
13.195704 0.001982 0.006150 -0.005755
13.197687 0.001982 0.006146 -0.005759
13.199669 0.001982 0.006142 -0.005763
13.201651 0.001982 0.006138 -0.005767
13.203634 0.001982 0.006134 -0.005771
13.205616 0.001983 0.006130 -0.005776
13.207599 0.001983 0.006126 -0.005780
13.209581 0.001983 0.006122 -0.005784
13.211564 0.001983 0.006118 -0.005788
13.213547 0.001983 0.006114 -0.005792
13.215530 0.001983 0.006110 -0.005796
13.217513 0.001983 0.006106 -0.005800
13.219497 0.001983 0.006102 -0.005804
13.221480 0.001983 0.006098 -0.005808
13.223463 0.001983 0.006094 -0.005812
13.225447 0.001984 0.006090 -0.005816
13.227431 0.001984 0.006086 -0.005820
13.229414 0.001984 0.006082 -0.005824
13.231398 0.001984 0.006078 -0.005828
13.233382 0.001984 0.006074 -0.005832
13.235366 0.001984 0.006070 -0.005836
13.237350 0.001984 0.006066 -0.005840
13.239334 0.001984 0.006062 -0.005844
13.241319 0.001984 0.006058 -0.005848
13.243303 0.001984 0.006054 -0.005852
13.245288 0.001985 0.006050 -0.005856
13.247272 0.001985 0.006046 -0.005860
13.249257 0.001985 0.006042 -0.005864
13.251242 0.001985 0.006038 -0.005868
13.253227 0.001985 0.006034 -0.005872
13.255212 0.001985 0.006030 -0.005876
13.257197 0.001985 0.006026 -0.005880
13.259182 0.001985 0.006022 -0.005884
13.261168 0.001985 0.006018 -0.005888
13.263153 0.001985 0.006014 -0.005892
13.265138 0.001986 0.006010 -0.005895
13.267124 0.001986 0.006006 -0.005899
13.269110 0.001986 0.006002 -0.005903
13.271096 0.001986 0.005998 -0.005907
13.273082 0.001986 0.005994 -0.005911
13.275068 0.001986 0.005990 -0.005915
13.277054 0.001986 0.005986 -0.005919
13.279040 0.001986 0.005982 -0.005923
13.281026 0.001986 0.005978 -0.005927
13.283013 0.001986 0.005974 -0.005931
13.284999 0.001987 0.005970 -0.005935
13.286986 0.001987 0.005966 -0.005939
13.288973 0.001987 0.005962 -0.005943
13.290960 0.001987 0.005958 -0.005947
13.292947 0.001987 0.005954 -0.005951
13.294934 0.001987 0.005950 -0.005955
13.296921 0.001987 0.005946 -0.005959
13.298908 0.001987 0.005942 -0.005963
13.300896 0.001987 0.005938 -0.005967
13.302883 0.001987 0.005934 -0.005971
13.304871 0.001988 0.005930 -0.005975
13.306858 0.001988 0.005926 -0.005979
13.308846 0.001988 0.005922 -0.005983
13.310834 0.001988 0.005918 -0.005987
13.312822 0.001988 0.005914 -0.005991
13.314810 0.001988 0.005910 -0.005995
13.316798 0.001988 0.005906 -0.005999
13.318787 0.001988 0.005902 -0.006003
13.320775 0.001988 0.005898 -0.006007
13.322764 0.001989 0.005894 -0.006011
13.324752 0.001989 0.005890 -0.006015
13.326741 0.001989 0.005887 -0.006019
13.328730 0.001989 0.005883 -0.006023
13.330719 0.001989 0.005879 -0.006027
13.332708 0.001989 0.005875 -0.006031
13.334697 0.001989 0.005871 -0.006034
13.336686 0.001989 0.005867 -0.006038
13.338675 0.001989 0.005863 -0.006042
13.340665 0.001989 0.005859 -0.006046
13.342654 0.001990 0.005855 -0.006050
13.344644 0.001990 0.005851 -0.006054
13.346633 0.001990 0.005847 -0.006058
13.348623 0.001990 0.005843 -0.006062
13.350613 0.001990 0.005839 -0.006066
13.352603 0.001990 0.005835 -0.006070
13.354593 0.001990 0.005831 -0.006074
13.356584 0.001990 0.005827 -0.006078
13.358574 0.001990 0.005823 -0.006082
13.360564 0.001990 0.005820 -0.006086
13.362555 0.001991 0.005816 -0.006090
13.364546 0.001991 0.005812 -0.006094
13.366536 0.001991 0.005808 -0.006097
13.368527 0.001991 0.005804 -0.006101
13.370518 0.001991 0.005800 -0.006105
13.372509 0.001991 0.005796 -0.006109
13.374500 0.001991 0.005792 -0.006113
13.376491 0.001991 0.005788 -0.006117
13.378483 0.001991 0.005784 -0.006121
13.380474 0.001991 0.005780 -0.006125
13.382466 0.001992 0.005776 -0.006129
13.384458 0.001992 0.005773 -0.006133
13.386449 0.001992 0.005769 -0.006137
13.388441 0.001992 0.005765 -0.006140
13.390433 0.001992 0.005761 -0.006144
13.392425 0.001992 0.005757 -0.006148
13.394417 0.001992 0.005753 -0.006152
13.396410 0.001992 0.005749 -0.006156
13.398402 0.001992 0.005745 -0.006160
13.400395 0.001992 0.005741 -0.006164
13.402387 0.001993 0.005737 -0.006168
13.404380 0.001993 0.005734 -0.006172
13.406373 0.001993 0.005730 -0.006175
13.408365 0.001993 0.005726 -0.006179
13.410358 0.001993 0.005722 -0.006183
13.412352 0.001993 0.005718 -0.006187
13.414345 0.001993 0.005714 -0.006191
13.416338 0.001993 0.005710 -0.006195
13.418331 0.001993 0.005706 -0.006199
13.420325 0.001994 0.005703 -0.006203
13.422319 0.001994 0.005699 -0.006206
13.424312 0.001994 0.005695 -0.006210
13.426306 0.001994 0.005691 -0.006214
13.428300 0.001994 0.005687 -0.006218
13.430294 0.001994 0.005683 -0.006222
13.432288 0.001994 0.005679 -0.006226
13.434283 0.001994 0.005676 -0.006230
13.436277 0.001994 0.005672 -0.006233
13.438271 0.001994 0.005668 -0.006237
13.440266 0.001995 0.005664 -0.006241
13.442261 0.001995 0.005660 -0.006245
13.444255 0.001995 0.005656 -0.006249
13.446250 0.001995 0.005652 -0.006253
13.448245 0.001995 0.005649 -0.006257
13.450240 0.001995 0.005645 -0.006260
13.452235 0.001995 0.005641 -0.006264
13.454231 0.001995 0.005637 -0.006268
13.456226 0.001995 0.005633 -0.006272
13.458222 0.001995 0.005629 -0.006276
13.460217 0.001996 0.005626 -0.006280
13.462213 0.001996 0.005622 -0.006283
13.464209 0.001996 0.005618 -0.006287
13.466205 0.001996 0.005614 -0.006291
13.468201 0.001996 0.005610 -0.006295
13.470197 0.001996 0.005606 -0.006299
13.472193 0.001996 0.005603 -0.006303
13.474189 0.001996 0.005599 -0.006306
13.476186 0.001996 0.005595 -0.006310
13.478182 0.001997 0.005591 -0.006314
13.480179 0.001997 0.005587 -0.006318
13.482176 0.001997 0.005584 -0.006322
13.484172 0.001997 0.005580 -0.006325
13.486169 0.001997 0.005576 -0.006329
13.488167 0.001997 0.005572 -0.006333
13.490164 0.001997 0.005568 -0.006337
13.492161 0.001997 0.005565 -0.006341
13.494158 0.001997 0.005561 -0.006344
13.496156 0.001997 0.005557 -0.006348
13.498153 0.001998 0.005553 -0.006352
13.500151 0.001998 0.005549 -0.006356
13.502149 0.001998 0.005545 -0.006360
13.504147 0.001998 0.005542 -0.006363
13.506145 0.001998 0.005538 -0.006367
13.508143 0.001998 0.005534 -0.006371
13.510141 0.001998 0.005530 -0.006375
13.512140 0.001998 0.005526 -0.006379
13.514138 0.001998 0.005523 -0.006382
13.516136 0.001999 0.005519 -0.006386
13.518135 0.001999 0.005515 -0.006390
13.520134 0.001999 0.005511 -0.006394
13.522133 0.001999 0.005508 -0.006398
13.524132 0.001999 0.005504 -0.006401
13.526131 0.001999 0.005500 -0.006405
13.528130 0.001999 0.005496 -0.006409
13.530129 0.001999 0.005492 -0.006413
13.532129 0.001999 0.005489 -0.006417
13.534128 0.001999 0.005485 -0.006420
13.536128 0.002000 0.005481 -0.006424
13.538127 0.002000 0.005477 -0.006428
13.540127 0.002000 0.005473 -0.006432
13.542127 0.002000 0.005470 -0.006436
13.544127 0.002000 0.005466 -0.006439
13.546127 0.002000 0.005462 -0.006443
13.548128 0.002000 0.005458 -0.006447
13.550128 0.002000 0.005454 -0.006451
13.552128 0.002000 0.005451 -0.006455
13.554129 0.002001 0.005447 -0.006458
13.556130 0.002001 0.005443 -0.006462
13.558130 0.002001 0.005439 -0.006466
13.560131 0.002001 0.005436 -0.006470
13.562132 0.002001 0.005432 -0.006473
13.564133 0.002001 0.005428 -0.006477
13.566135 0.002001 0.005424 -0.006481
13.568136 0.002001 0.005420 -0.006485
13.570137 0.002001 0.005417 -0.006489
13.572139 0.002002 0.005413 -0.006492
13.574140 0.002002 0.005409 -0.006496
13.576142 0.002002 0.005405 -0.006500
13.578144 0.002002 0.005402 -0.006504
13.580146 0.002002 0.005398 -0.006507
13.582148 0.002002 0.005394 -0.006511
13.584150 0.002002 0.005390 -0.006515
13.586152 0.002002 0.005386 -0.006519
13.588155 0.002002 0.005383 -0.006523
13.590157 0.002002 0.005379 -0.006526
13.592160 0.002003 0.005375 -0.006530
13.594163 0.002003 0.005371 -0.006534
13.596165 0.002003 0.005368 -0.006538
13.598168 0.002003 0.005364 -0.006541
13.600171 0.002003 0.005360 -0.006545
13.602174 0.002003 0.005356 -0.006549
13.604178 0.002003 0.005352 -0.006553
13.606181 0.002003 0.005349 -0.006556
13.608185 0.002003 0.005345 -0.006560
13.610188 0.002004 0.005341 -0.006564
13.612192 0.002004 0.005337 -0.006568
13.614196 0.002004 0.005334 -0.006572
13.616199 0.002004 0.005330 -0.006575
13.618203 0.002004 0.005326 -0.006579
13.620208 0.002004 0.005322 -0.006583
13.622212 0.002004 0.005319 -0.006587
13.624216 0.002004 0.005315 -0.006590
13.626220 0.002004 0.005311 -0.006594
13.628225 0.002005 0.005307 -0.006598
13.630230 0.002005 0.005304 -0.006602
13.632234 0.002005 0.005300 -0.006605
13.634239 0.002005 0.005296 -0.006609
13.636244 0.002005 0.005292 -0.006613
13.638249 0.002005 0.005288 -0.006617
13.640255 0.002005 0.005285 -0.006620
13.642260 0.002005 0.005281 -0.006624
13.644265 0.002005 0.005277 -0.006628
13.646271 0.002006 0.005273 -0.006632
13.648276 0.002006 0.005270 -0.006636
13.650282 0.002006 0.005266 -0.006639
13.652288 0.002006 0.005262 -0.006643
13.654294 0.002006 0.005258 -0.006647
13.656300 0.002006 0.005255 -0.006651
13.658306 0.002006 0.005251 -0.006654
13.660312 0.002006 0.005247 -0.006658
13.662319 0.002006 0.005243 -0.006662
13.664325 0.002006 0.005240 -0.006666
13.666332 0.002007 0.005236 -0.006669
13.668339 0.002007 0.005232 -0.006673
13.670345 0.002007 0.005228 -0.006677
13.672352 0.002007 0.005225 -0.006681
13.674359 0.002007 0.005221 -0.006684
13.676367 0.002007 0.005217 -0.006688
13.678374 0.002007 0.005213 -0.006692
13.680381 0.002007 0.005210 -0.006696
13.682389 0.002007 0.005206 -0.006699
13.684396 0.002008 0.005202 -0.006703
13.686404 0.002008 0.005198 -0.006707
13.688412 0.002008 0.005195 -0.006711
13.690420 0.002008 0.005191 -0.006714
13.692428 0.002008 0.005187 -0.006718
13.694436 0.002008 0.005183 -0.006722
13.696444 0.002008 0.005180 -0.006726
13.698453 0.002008 0.005176 -0.006729
13.700461 0.002008 0.005172 -0.006733
13.702470 0.002009 0.005168 -0.006737
13.704478 0.002009 0.005165 -0.006741
13.706487 0.002009 0.005161 -0.006744
13.708496 0.002009 0.005157 -0.006748
13.710505 0.002009 0.005153 -0.006752
13.712514 0.002009 0.005150 -0.006756
13.714523 0.002009 0.005146 -0.006759
13.716533 0.002009 0.005142 -0.006763
13.718542 0.002009 0.005138 -0.006767
13.720552 0.002010 0.005135 -0.006771
13.722562 0.002010 0.005131 -0.006774
13.724571 0.002010 0.005127 -0.006778
13.726581 0.002010 0.005123 -0.006782
13.728591 0.002010 0.005120 -0.006785
13.730601 0.002010 0.005116 -0.006789
13.732612 0.002010 0.005112 -0.006793
13.734622 0.002010 0.005109 -0.006797
13.736633 0.002010 0.005105 -0.006800
13.738643 0.002011 0.005101 -0.006804
13.740654 0.002011 0.005097 -0.006808
13.742665 0.002011 0.005094 -0.006812
13.744676 0.002011 0.005090 -0.006815
13.746687 0.002011 0.005086 -0.006819
13.748698 0.002011 0.005082 -0.006823
13.750709 0.002011 0.005079 -0.006827
13.752720 0.002011 0.005075 -0.006830
13.754732 0.002011 0.005071 -0.006834
13.756744 0.002012 0.005067 -0.006838
13.758755 0.002012 0.005064 -0.006841
13.760767 0.002012 0.005060 -0.006845
13.762779 0.002012 0.005056 -0.006849
13.764791 0.002012 0.005053 -0.006853
13.766803 0.002012 0.005049 -0.006856
13.768815 0.002012 0.005045 -0.006860
13.770828 0.002012 0.005041 -0.006864
13.772840 0.002012 0.005038 -0.006867
13.774853 0.002013 0.005034 -0.006871
13.776866 0.002013 0.005030 -0.006875
13.778879 0.002013 0.005027 -0.006879
13.780891 0.002013 0.005023 -0.006882
13.782905 0.002013 0.005019 -0.006886
13.784918 0.002013 0.005015 -0.006890
13.786931 0.002013 0.005012 -0.006893
13.788944 0.002013 0.005008 -0.006897
13.790958 0.002014 0.005004 -0.006901
13.792972 0.002014 0.005001 -0.006905
13.794985 0.002014 0.004997 -0.006908
13.796999 0.002014 0.004993 -0.006912
13.799013 0.002014 0.004990 -0.006916
13.801027 0.002014 0.004986 -0.006919
13.803041 0.002014 0.004982 -0.006923
13.805056 0.002014 0.004978 -0.006927
13.807070 0.002014 0.004975 -0.006930
13.809085 0.002015 0.004971 -0.006934
13.811099 0.002015 0.004967 -0.006938
13.813114 0.002015 0.004964 -0.006942
13.815129 0.002015 0.004960 -0.006945
13.817144 0.002015 0.004956 -0.006949
13.819159 0.002015 0.004953 -0.006953
13.821174 0.002015 0.004949 -0.006956
13.823190 0.002015 0.004945 -0.006960
13.825205 0.002015 0.004942 -0.006964
13.827221 0.002016 0.004938 -0.006967
13.829237 0.002016 0.004934 -0.006971
13.831252 0.002016 0.004930 -0.006975
13.833268 0.002016 0.004927 -0.006978
13.835284 0.002016 0.004923 -0.006982
13.837300 0.002016 0.004919 -0.006986
13.839317 0.002016 0.004916 -0.006989
13.841333 0.002016 0.004912 -0.006993
13.843350 0.002017 0.004908 -0.006997
13.845366 0.002017 0.004905 -0.007000
13.847383 0.002017 0.004901 -0.007004
13.849400 0.002017 0.004897 -0.007008
13.851417 0.002017 0.004894 -0.007012
13.853434 0.002017 0.004890 -0.007015
13.855451 0.002017 0.004886 -0.007019
13.857468 0.002017 0.004883 -0.007023
13.859486 0.002017 0.004879 -0.007026
13.861503 0.002018 0.004875 -0.007030
13.863521 0.002018 0.004872 -0.007034
13.865539 0.002018 0.004868 -0.007037
13.867557 0.002018 0.004864 -0.007041
13.869575 0.002018 0.004861 -0.007045
13.871593 0.002018 0.004857 -0.007048
13.873611 0.002018 0.004853 -0.007052
13.875630 0.002018 0.004850 -0.007056
13.877648 0.002018 0.004846 -0.007059
13.879667 0.002019 0.004842 -0.007063
13.881685 0.002019 0.004839 -0.007067
13.883704 0.002019 0.004835 -0.007070
13.885723 0.002019 0.004831 -0.007074
13.887742 0.002019 0.004828 -0.007078
13.889762 0.002019 0.004824 -0.007081
13.891781 0.002019 0.004820 -0.007085
13.893800 0.002019 0.004817 -0.007089
13.895820 0.002020 0.004813 -0.007092
13.897840 0.002020 0.004809 -0.007096
13.899859 0.002020 0.004806 -0.007100
13.901879 0.002020 0.004802 -0.007103
13.903899 0.002020 0.004798 -0.007107
13.905919 0.002020 0.004795 -0.007111
13.907940 0.002020 0.004791 -0.007114
13.909960 0.002020 0.004787 -0.007118
13.911981 0.002021 0.004784 -0.007122
13.914001 0.002021 0.004780 -0.007125
13.916022 0.002021 0.004776 -0.007129
13.918043 0.002021 0.004773 -0.007133
13.920064 0.002021 0.004769 -0.007136
13.922085 0.002021 0.004765 -0.007140
13.924106 0.002021 0.004762 -0.007144
13.926128 0.002021 0.004758 -0.007147
13.928149 0.002021 0.004754 -0.007151
13.930171 0.002022 0.004751 -0.007154
13.932192 0.002022 0.004747 -0.007158
13.934214 0.002022 0.004743 -0.007162
13.936236 0.002022 0.004740 -0.007165
13.938258 0.002022 0.004736 -0.007169
13.940280 0.002022 0.004732 -0.007173
13.942303 0.002022 0.004729 -0.007176
13.944325 0.002022 0.004725 -0.007180
13.946348 0.002023 0.004721 -0.007184
13.948370 0.002023 0.004718 -0.007187
13.950393 0.002023 0.004714 -0.007191
13.952416 0.002023 0.004711 -0.007195
13.954439 0.002023 0.004707 -0.007198
13.956462 0.002023 0.004703 -0.007202
13.958486 0.002023 0.004700 -0.007206
13.960509 0.002023 0.004696 -0.007209
13.962533 0.002024 0.004692 -0.007213
13.964556 0.002024 0.004689 -0.007217
13.966580 0.002024 0.004685 -0.007220
13.968604 0.002024 0.004681 -0.007224
13.970628 0.002024 0.004678 -0.007228
13.972652 0.002024 0.004674 -0.007231
13.974676 0.002024 0.004670 -0.007235
13.976701 0.002024 0.004667 -0.007239
13.978725 0.002025 0.004663 -0.007242
13.980750 0.002025 0.004659 -0.007246
13.982775 0.002025 0.004656 -0.007249
13.984800 0.002025 0.004652 -0.007253
13.986825 0.002025 0.004648 -0.007257
13.988850 0.002025 0.004645 -0.007260
13.990875 0.002025 0.004641 -0.007264
13.992901 0.002025 0.004637 -0.007268
13.994926 0.002026 0.004634 -0.007271
13.996952 0.002026 0.004630 -0.007275
13.998977 0.002026 0.004627 -0.007279
14.001003 0.002026 0.004623 -0.007282
14.003029 0.002026 0.004619 -0.007286
14.005055 0.002026 0.004616 -0.007290
14.007082 0.002026 0.004612 -0.007293
14.009108 0.002026 0.004608 -0.007297
14.011135 0.002027 0.004605 -0.007301
14.013161 0.002027 0.004601 -0.007304
14.015188 0.002027 0.004597 -0.007308
14.017215 0.002027 0.004594 -0.007311
14.019242 0.002027 0.004590 -0.007315
14.021269 0.002027 0.004586 -0.007319
14.023296 0.002027 0.004583 -0.007322
14.025324 0.002027 0.004579 -0.007326
14.027351 0.002028 0.004575 -0.007330
14.029379 0.002028 0.004572 -0.007333
14.031407 0.002028 0.004568 -0.007337
14.033435 0.002028 0.004565 -0.007341
14.035463 0.002028 0.004561 -0.007344
14.037491 0.002028 0.004557 -0.007348
14.039519 0.002028 0.004554 -0.007352
14.041547 0.002028 0.004550 -0.007355
14.043576 0.002029 0.004546 -0.007359
14.045605 0.002029 0.004543 -0.007363
14.047633 0.002029 0.004539 -0.007366
14.049662 0.002029 0.004535 -0.007370
14.051691 0.002029 0.004532 -0.007373
14.053721 0.002029 0.004528 -0.007377
14.055750 0.002029 0.004524 -0.007381
14.057779 0.002029 0.004521 -0.007384
14.059809 0.002030 0.004517 -0.007388
14.061839 0.002030 0.004514 -0.007392
14.063868 0.002030 0.004510 -0.007395
14.065898 0.002030 0.004506 -0.007399
14.067928 0.002030 0.004503 -0.007403
14.069959 0.002030 0.004499 -0.007406
14.071989 0.002030 0.004495 -0.007410
14.074019 0.002030 0.004492 -0.007414
14.076050 0.002031 0.004488 -0.007417
14.078081 0.002031 0.004484 -0.007421
14.080112 0.002031 0.004481 -0.007424
14.082143 0.002031 0.004477 -0.007428
14.084174 0.002031 0.004473 -0.007432
14.086205 0.002031 0.004470 -0.007435
14.088236 0.002031 0.004466 -0.007439
14.090268 0.002032 0.004463 -0.007443
14.092299 0.002032 0.004459 -0.007446
14.094331 0.002032 0.004455 -0.007450
14.096363 0.002032 0.004452 -0.007454
14.098395 0.002032 0.004448 -0.007457
14.100427 0.002032 0.004444 -0.007461
14.102460 0.002032 0.004441 -0.007464
14.104492 0.002032 0.004437 -0.007468
14.106525 0.002033 0.004433 -0.007472
14.108557 0.002033 0.004430 -0.007475
14.110590 0.002033 0.004426 -0.007479
14.112623 0.002033 0.004423 -0.007483
14.114656 0.002033 0.004419 -0.007486
14.116689 0.002033 0.004415 -0.007490
14.118723 0.002033 0.004412 -0.007494
14.120756 0.002033 0.004408 -0.007497
14.122790 0.002034 0.004404 -0.007501
14.124824 0.002034 0.004401 -0.007504
14.126858 0.002034 0.004397 -0.007508
14.128892 0.002034 0.004393 -0.007512
14.130926 0.002034 0.004390 -0.007515
14.132960 0.002034 0.004386 -0.007519
14.134994 0.002034 0.004383 -0.007523
14.137029 0.002035 0.004379 -0.007526
14.139064 0.002035 0.004375 -0.007530
14.141099 0.002035 0.004372 -0.007534
14.143133 0.002035 0.004368 -0.007537
14.145169 0.002035 0.004364 -0.007541
14.147204 0.002035 0.004361 -0.007545
14.149239 0.002035 0.004357 -0.007548
14.151275 0.002036 0.004353 -0.007552
14.153310 0.002036 0.004350 -0.007555
14.155346 0.002036 0.004346 -0.007559
14.157382 0.002036 0.004342 -0.007563
14.159418 0.002036 0.004339 -0.007566
14.161454 0.002036 0.004335 -0.007570
14.163491 0.002036 0.004332 -0.007574
14.165527 0.002036 0.004328 -0.007577
14.167564 0.002037 0.004324 -0.007581
14.169600 0.002037 0.004321 -0.007584
14.171637 0.002037 0.004317 -0.007588
14.173674 0.002037 0.004313 -0.007592
14.175711 0.002037 0.004310 -0.007595
14.177749 0.002037 0.004306 -0.007599
14.179786 0.002037 0.004303 -0.007603
14.181824 0.002038 0.004299 -0.007606
14.183861 0.002038 0.004295 -0.007610
14.185899 0.002038 0.004292 -0.007614
14.187937 0.002038 0.004288 -0.007617
14.189975 0.002038 0.004284 -0.007621
14.192013 0.002038 0.004281 -0.007624
14.194052 0.002038 0.004277 -0.007628
14.196090 0.002039 0.004274 -0.007632
14.198129 0.002039 0.004270 -0.007635
14.200168 0.002039 0.004266 -0.007639
14.202207 0.002039 0.004263 -0.007643
14.204246 0.002039 0.004259 -0.007646
14.206285 0.002039 0.004255 -0.007650
14.208324 0.002039 0.004252 -0.007653
14.210364 0.002039 0.004248 -0.007657
14.212404 0.002040 0.004244 -0.007661
14.214443 0.002040 0.004241 -0.007664
14.216483 0.002040 0.004237 -0.007668
14.218523 0.002040 0.004234 -0.007672
14.220564 0.002040 0.004230 -0.007675
14.222604 0.002040 0.004226 -0.007679
14.224644 0.002040 0.004223 -0.007683
14.226685 0.002041 0.004219 -0.007686
14.228726 0.002041 0.004215 -0.007690
14.230767 0.002041 0.004212 -0.007693
14.232808 0.002041 0.004208 -0.007697
14.234849 0.002041 0.004204 -0.007701
14.236890 0.002041 0.004201 -0.007704
14.238932 0.002041 0.004197 -0.007708
14.240973 0.002042 0.004194 -0.007712
14.243015 0.002042 0.004190 -0.007715
14.245057 0.002042 0.004186 -0.007719
14.247099 0.002042 0.004183 -0.007723
14.249141 0.002042 0.004179 -0.007726
14.251184 0.002042 0.004175 -0.007730
14.253226 0.002042 0.004172 -0.007734
14.255269 0.002043 0.004168 -0.007737
14.257311 0.002043 0.004164 -0.007741
14.259354 0.002043 0.004161 -0.007745
14.261397 0.002043 0.004157 -0.007748
14.263441 0.002043 0.004153 -0.007752
14.265484 0.002043 0.004150 -0.007756
14.267527 0.002043 0.004146 -0.007759
14.269571 0.002044 0.004142 -0.007763
14.271615 0.002044 0.004139 -0.007767
14.273659 0.002044 0.004135 -0.007770
14.275703 0.002044 0.004131 -0.007774
14.277747 0.002044 0.004128 -0.007778
14.279791 0.002044 0.004124 -0.007781
14.281836 0.002045 0.004120 -0.007785
14.283880 0.002045 0.004117 -0.007789
14.285925 0.002045 0.004113 -0.007792
14.287970 0.002045 0.004109 -0.007796
14.290015 0.002045 0.004106 -0.007800
14.292061 0.002045 0.004102 -0.007803
14.294106 0.002045 0.004098 -0.007807
14.296151 0.002046 0.004095 -0.007811
14.298197 0.002046 0.004091 -0.007814
14.300243 0.002046 0.004087 -0.007818
14.302289 0.002046 0.004084 -0.007822
14.304335 0.002046 0.004080 -0.007825
14.306381 0.002046 0.004076 -0.007829
14.308428 0.002046 0.004073 -0.007833
14.310474 0.002047 0.004069 -0.007836
14.312521 0.002047 0.004065 -0.007840
14.314568 0.002047 0.004062 -0.007844
14.316615 0.002047 0.004058 -0.007847
14.318662 0.002047 0.004054 -0.007851
14.320709 0.002047 0.004051 -0.007855
14.322757 0.002047 0.004047 -0.007858
14.324804 0.002048 0.004043 -0.007862
14.326852 0.002048 0.004040 -0.007866
14.328900 0.002048 0.004036 -0.007869
14.330948 0.002048 0.004032 -0.007873
14.332996 0.002048 0.004029 -0.007877
14.335045 0.002048 0.004025 -0.007880
14.337093 0.002048 0.004021 -0.007884
14.339142 0.002049 0.004017 -0.007888
14.341190 0.002049 0.004014 -0.007891
14.343239 0.002049 0.004010 -0.007895
14.345289 0.002049 0.004006 -0.007899
14.347338 0.002049 0.004003 -0.007902
14.349387 0.002049 0.003999 -0.007906
14.351437 0.002050 0.003995 -0.007910
14.353486 0.002050 0.003992 -0.007913
14.355536 0.002050 0.003988 -0.007917
14.357586 0.002050 0.003984 -0.007921
14.359636 0.002050 0.003981 -0.007924
14.361687 0.002050 0.003977 -0.007928
14.363737 0.002050 0.003973 -0.007932
14.365788 0.002051 0.003970 -0.007936
14.367839 0.002051 0.003966 -0.007939
14.369889 0.002051 0.003962 -0.007943
14.371941 0.002051 0.003959 -0.007947
14.373992 0.002051 0.003955 -0.007950
14.376043 0.002051 0.003951 -0.007954
14.378095 0.002052 0.003948 -0.007958
14.380146 0.002052 0.003944 -0.007961
14.382198 0.002052 0.003940 -0.007965
14.384250 0.002052 0.003937 -0.007969
14.386302 0.002052 0.003933 -0.007972
14.388355 0.002052 0.003929 -0.007976
14.390407 0.002052 0.003925 -0.007980
14.392460 0.002053 0.003922 -0.007983
14.394513 0.002053 0.003918 -0.007987
14.396565 0.002053 0.003914 -0.007991
14.398619 0.002053 0.003911 -0.007994
14.400672 0.002053 0.003907 -0.007998
14.402725 0.002053 0.003903 -0.008002
14.404779 0.002054 0.003900 -0.008006
14.406832 0.002054 0.003896 -0.008009
14.408886 0.002054 0.003892 -0.008013
14.410940 0.002054 0.003889 -0.008017
14.412994 0.002054 0.003885 -0.008020
14.415049 0.002054 0.003881 -0.008024
14.417103 0.002054 0.003877 -0.008028
14.419158 0.002055 0.003874 -0.008031
14.421213 0.002055 0.003870 -0.008035
14.423268 0.002055 0.003866 -0.008039
14.425323 0.002055 0.003863 -0.008043
14.427378 0.002055 0.003859 -0.008046
14.429433 0.002055 0.003855 -0.008050
14.431489 0.002056 0.003851 -0.008054
14.433545 0.002056 0.003848 -0.008058
14.435601 0.002056 0.003844 -0.008061
14.437657 0.002056 0.003840 -0.008065
14.439713 0.002056 0.003837 -0.008069
14.441769 0.002056 0.003833 -0.008072
14.443826 0.002057 0.003829 -0.008076
14.445882 0.002057 0.003825 -0.008080
14.447939 0.002057 0.003822 -0.008084
14.449996 0.002057 0.003818 -0.008087
14.452053 0.002057 0.003814 -0.008091
14.454111 0.002057 0.003810 -0.008095
14.456168 0.002057 0.003807 -0.008099
14.458226 0.002058 0.003803 -0.008102
14.460284 0.002058 0.003799 -0.008106
14.462341 0.002058 0.003795 -0.008110
14.464400 0.002058 0.003792 -0.008113
14.466458 0.002058 0.003788 -0.008117
14.468516 0.002058 0.003784 -0.008121
14.470575 0.002059 0.003781 -0.008125
14.472634 0.002059 0.003777 -0.008128
14.474693 0.002059 0.003773 -0.008132
14.476752 0.002059 0.003769 -0.008136
14.478811 0.002059 0.003766 -0.008140
14.480870 0.002059 0.003762 -0.008143
14.482930 0.002060 0.003758 -0.008147
14.484990 0.002060 0.003754 -0.008151
14.487049 0.002060 0.003751 -0.008155
14.489109 0.002060 0.003747 -0.008158
14.491170 0.002060 0.003743 -0.008162
14.493230 0.002060 0.003739 -0.008166
14.495291 0.002061 0.003736 -0.008170
14.497351 0.002061 0.003732 -0.008173
14.499412 0.002061 0.003728 -0.008177
14.501473 0.002061 0.003724 -0.008181
14.503534 0.002061 0.003720 -0.008185
14.505596 0.002061 0.003717 -0.008189
14.507657 0.002062 0.003713 -0.008192
14.509719 0.002062 0.003709 -0.008196
14.511781 0.002062 0.003705 -0.008200
14.513843 0.002062 0.003702 -0.008204
14.515905 0.002062 0.003698 -0.008207
14.517967 0.002062 0.003694 -0.008211
14.520030 0.002062 0.003690 -0.008215
14.522092 0.002063 0.003686 -0.008219
14.524155 0.002063 0.003683 -0.008222
14.526218 0.002063 0.003679 -0.008226
14.528281 0.002063 0.003675 -0.008230
14.530345 0.002063 0.003671 -0.008234
14.532408 0.002063 0.003668 -0.008238
14.534472 0.002064 0.003664 -0.008241
14.536535 0.002064 0.003660 -0.008245
14.538599 0.002064 0.003656 -0.008249
14.540664 0.002064 0.003652 -0.008253
14.542728 0.002064 0.003649 -0.008257
14.544792 0.002064 0.003645 -0.008260
14.546857 0.002065 0.003641 -0.008264
14.548922 0.002065 0.003637 -0.008268
14.550987 0.002065 0.003633 -0.008272
14.553052 0.002065 0.003630 -0.008276
14.555117 0.002065 0.003626 -0.008279
14.557183 0.002065 0.003622 -0.008283
14.559248 0.002066 0.003618 -0.008287
14.561314 0.002066 0.003614 -0.008291
14.563380 0.002066 0.003611 -0.008295
14.565446 0.002066 0.003607 -0.008298
14.567512 0.002066 0.003603 -0.008302
14.569579 0.002066 0.003599 -0.008306
14.571645 0.002067 0.003595 -0.008310
14.573712 0.002067 0.003591 -0.008314
14.575779 0.002067 0.003588 -0.008318
14.577846 0.002067 0.003584 -0.008321
14.579914 0.002067 0.003580 -0.008325
14.581981 0.002067 0.003576 -0.008329
14.584049 0.002068 0.003572 -0.008333
14.586116 0.002068 0.003568 -0.008337
14.588184 0.002068 0.003565 -0.008341
14.590252 0.002068 0.003561 -0.008344
14.592321 0.002068 0.003557 -0.008348
14.594389 0.002068 0.003553 -0.008352
14.596458 0.002069 0.003549 -0.008356
14.598527 0.002069 0.003545 -0.008360
14.600596 0.002069 0.003541 -0.008364
14.602665 0.002069 0.003537 -0.008368
14.604734 0.002069 0.003533 -0.008372
14.606804 0.002069 0.003529 -0.008376
14.608873 0.002070 0.003525 -0.008380
14.610943 0.002070 0.003521 -0.008384
14.613013 0.002070 0.003517 -0.008388
14.615083 0.002070 0.003513 -0.008392
14.617154 0.002070 0.003509 -0.008396
14.619224 0.002070 0.003505 -0.008400
14.621295 0.002071 0.003502 -0.008403
14.623366 0.002071 0.003498 -0.008407
14.625437 0.002071 0.003495 -0.008410
14.627508 0.002071 0.003492 -0.008413
14.629579 0.002071 0.003489 -0.008416
14.631651 0.002072 0.003488 -0.008417
14.633722 0.002072 0.003488 -0.008417
14.635794 0.002072 0.003490 -0.008415
14.637866 0.002072 0.003496 -0.008410
14.639938 0.002072 0.003510 -0.008395
14.642011 0.002072 0.003540 -0.008365
14.644083 0.002073 0.003593 -0.008313
14.646156 0.002073 0.003692 -0.008214
14.648229 0.002073 0.003858 -0.008047
14.650302 0.002073 0.004100 -0.007805
14.652375 0.002073 0.004426 -0.007479
14.654449 0.002073 0.004858 -0.007047
14.656522 0.002074 0.005394 -0.006511
14.658596 0.002074 0.006028 -0.005877
14.660670 0.002074 0.006741 -0.005165
14.662744 0.002074 0.007520 -0.004385
14.664818 0.002074 0.008348 -0.003557
14.666893 0.002074 0.009185 -0.002720
14.668967 0.002075 0.010005 -0.001900
14.671042 0.002075 0.010790 -0.001115
14.673117 0.002075 0.011523 -0.000383
14.675192 0.002075 0.012179 0.000274
14.677268 0.002075 0.012759 0.000854
14.679343 0.002075 0.013269 0.001363
14.681419 0.002076 0.013711 0.001806
14.683495 0.002076 0.014094 0.002188
14.685571 0.002076 0.014418 0.002513
14.687647 0.002076 0.014694 0.002789
14.689723 0.002076 0.014927 0.003022
14.691800 0.002077 0.015124 0.003219
14.693876 0.002077 0.015292 0.003387
14.695953 0.002077 0.015438 0.003533
14.698030 0.002077 0.015565 0.003660
14.700107 0.002077 0.015672 0.003767
14.702185 0.002077 0.015765 0.003860
14.704262 0.002078 0.015845 0.003940
14.706340 0.002078 0.015915 0.004010
14.708418 0.002078 0.015976 0.004071
14.710496 0.002078 0.016028 0.004123
14.712574 0.002078 0.016073 0.004168
14.714653 0.002078 0.016107 0.004202
14.716731 0.002079 0.016133 0.004228
14.718810 0.002079 0.016154 0.004249
14.720889 0.002079 0.016174 0.004268
14.722968 0.002079 0.016192 0.004287
14.725048 0.002079 0.016211 0.004305
14.727127 0.002080 0.016229 0.004324
14.729207 0.002080 0.016248 0.004343
14.731287 0.002080 0.016267 0.004362
14.733367 0.002080 0.016289 0.004384
14.735447 0.002080 0.016312 0.004407
14.737527 0.002080 0.016338 0.004433
14.739608 0.002081 0.016365 0.004460
14.741689 0.002081 0.016393 0.004488
14.743770 0.002081 0.016422 0.004517
14.745851 0.002081 0.016451 0.004546
14.747932 0.002081 0.016481 0.004576
14.750013 0.002081 0.016511 0.004605
14.752095 0.002082 0.016540 0.004635
14.754177 0.002082 0.016570 0.004665
14.756259 0.002082 0.016600 0.004694
14.758341 0.002082 0.016629 0.004724
14.760423 0.002082 0.016658 0.004753
14.762506 0.002083 0.016687 0.004782
14.764588 0.002083 0.016716 0.004811
14.766671 0.002083 0.016745 0.004840
14.768754 0.002083 0.016774 0.004868
14.770838 0.002083 0.016802 0.004897
14.772921 0.002083 0.016831 0.004925
14.775004 0.002084 0.016859 0.004954
14.777088 0.002084 0.016887 0.004982
14.779172 0.002084 0.016915 0.005010
14.781256 0.002084 0.016943 0.005038
14.783341 0.002084 0.016971 0.005066
14.785425 0.002084 0.016998 0.005093
14.787510 0.002085 0.017026 0.005121
14.789594 0.002085 0.017053 0.005148
14.791679 0.002085 0.017080 0.005175
14.793765 0.002085 0.017107 0.005202
14.795850 0.002085 0.017134 0.005229
14.797935 0.002086 0.017161 0.005255
14.800021 0.002086 0.017187 0.005282
14.802107 0.002086 0.017213 0.005308
14.804193 0.002086 0.017239 0.005334
14.806279 0.002086 0.017265 0.005360
14.808366 0.002086 0.017291 0.005386
14.810452 0.002087 0.017317 0.005411
14.812539 0.002087 0.017342 0.005437
14.814626 0.002087 0.017367 0.005462
14.816713 0.002087 0.017392 0.005487
14.818800 0.002087 0.017417 0.005511
14.820888 0.002087 0.017441 0.005536
14.822976 0.002088 0.017466 0.005560
14.825064 0.002088 0.017490 0.005585
14.827152 0.002088 0.017514 0.005609
14.829240 0.002088 0.017538 0.005632
14.831328 0.002088 0.017561 0.005656
14.833417 0.002089 0.017585 0.005680
14.835505 0.002089 0.017608 0.005703
14.837594 0.002089 0.017631 0.005726
14.839683 0.002089 0.017655 0.005749
14.841773 0.002089 0.017678 0.005772
14.843862 0.002089 0.017701 0.005795
14.845952 0.002090 0.017723 0.005818
14.848042 0.002090 0.017746 0.005841
14.850132 0.002090 0.017769 0.005864
14.852222 0.002090 0.017792 0.005887
14.854312 0.002090 0.017814 0.005909
14.856403 0.002091 0.017837 0.005932
14.858494 0.002091 0.017859 0.005954
14.860584 0.002091 0.017882 0.005977
14.862675 0.002091 0.017904 0.005999
14.864767 0.002091 0.017926 0.006021
14.866858 0.002091 0.017948 0.006043
14.868950 0.002092 0.017970 0.006065
14.871042 0.002092 0.017992 0.006087
14.873134 0.002092 0.018014 0.006109
14.875226 0.002092 0.018036 0.006131
14.877318 0.002092 0.018057 0.006152
14.879411 0.002093 0.018079 0.006174
14.881503 0.002093 0.018100 0.006195
14.883596 0.002093 0.018122 0.006216
14.885689 0.002093 0.018143 0.006238
14.887783 0.002093 0.018164 0.006259
14.889876 0.002093 0.018185 0.006280
14.891970 0.002094 0.018206 0.006301
14.894064 0.002094 0.018227 0.006321
14.896158 0.002094 0.018247 0.006342
14.898252 0.002094 0.018268 0.006363
14.900346 0.002094 0.018289 0.006383
14.902441 0.002095 0.018309 0.006404
14.904535 0.002095 0.018330 0.006424
14.906630 0.002095 0.018350 0.006445
14.908725 0.002095 0.018370 0.006465
14.910821 0.002095 0.018390 0.006485
14.912916 0.002095 0.018411 0.006505
14.915012 0.002096 0.018431 0.006526
14.917108 0.002096 0.018451 0.006546
14.919204 0.002096 0.018471 0.006566
14.921300 0.002096 0.018491 0.006585
14.923396 0.002096 0.018511 0.006605
14.925493 0.002097 0.018530 0.006625
14.927589 0.002097 0.018550 0.006645
14.929686 0.002097 0.018570 0.006665
14.931783 0.002097 0.018590 0.006684
14.933881 0.002097 0.018609 0.006704
14.935978 0.002097 0.018629 0.006724
14.938076 0.002098 0.018648 0.006743
14.940174 0.002098 0.018668 0.006763
14.942272 0.002098 0.018687 0.006782
14.944370 0.002098 0.018707 0.006801
14.946468 0.002098 0.018726 0.006821
14.948567 0.002099 0.018745 0.006840
14.950666 0.002099 0.018765 0.006859
14.952764 0.002099 0.018784 0.006879
14.954864 0.002099 0.018803 0.006898
14.956963 0.002099 0.018822 0.006917
14.959062 0.002099 0.018841 0.006936
14.961162 0.002100 0.018861 0.006955
14.963262 0.002100 0.018880 0.006974
14.965362 0.002100 0.018899 0.006994
14.967462 0.002100 0.018918 0.007013
14.969563 0.002100 0.018937 0.007032
14.971663 0.002101 0.018956 0.007050
14.973764 0.002101 0.018975 0.007069
14.975865 0.002101 0.018993 0.007088
14.977966 0.002101 0.019012 0.007107
14.980067 0.002101 0.019031 0.007126
14.982169 0.002102 0.019050 0.007145
14.984271 0.002102 0.019069 0.007164
14.986373 0.002102 0.019088 0.007182
14.988475 0.002102 0.019106 0.007201
14.990577 0.002102 0.019125 0.007220
14.992679 0.002102 0.019144 0.007238
14.994782 0.002103 0.019162 0.007257
14.996885 0.002103 0.019181 0.007276
14.998988 0.002103 0.019200 0.007294
15.001091 0.002103 0.019218 0.007313
15.003194 0.002103 0.019237 0.007332
15.005298 0.002104 0.019255 0.007350
15.007402 0.002104 0.019274 0.007369
15.009506 0.002104 0.019292 0.007387
15.011610 0.002104 0.019311 0.007406
15.013714 0.002104 0.019329 0.007424
15.015819 0.002104 0.019348 0.007442
15.017923 0.002105 0.019366 0.007461
15.020028 0.002105 0.019384 0.007479
15.022133 0.002105 0.019403 0.007498
15.024238 0.002105 0.019421 0.007516
15.026344 0.002105 0.019440 0.007534
15.028449 0.002106 0.019458 0.007553
15.030555 0.002106 0.019476 0.007571
15.032661 0.002106 0.019494 0.007589
15.034767 0.002106 0.019513 0.007607
15.036874 0.002106 0.019531 0.007626
15.038980 0.002107 0.019549 0.007644
15.041087 0.002107 0.019567 0.007662
15.043194 0.002107 0.019585 0.007680
15.045301 0.002107 0.019604 0.007698
15.047408 0.002107 0.019622 0.007717
15.049516 0.002107 0.019640 0.007735
15.051623 0.002108 0.019658 0.007753
15.053731 0.002108 0.019676 0.007771
15.055839 0.002108 0.019694 0.007789
15.057947 0.002108 0.019712 0.007807
15.060056 0.002108 0.019730 0.007825
15.062164 0.002109 0.019748 0.007843
15.064273 0.002109 0.019766 0.007861
15.066382 0.002109 0.019784 0.007879
15.068491 0.002109 0.019802 0.007897
15.070601 0.002109 0.019820 0.007914
15.072710 0.002110 0.019838 0.007932
15.074820 0.002110 0.019855 0.007950
15.076930 0.002110 0.019873 0.007968
15.079040 0.002110 0.019891 0.007986
15.081150 0.002110 0.019909 0.008004
15.083260 0.002110 0.019927 0.008021
15.085371 0.002111 0.019944 0.008039
15.087482 0.002111 0.019962 0.008057
15.089593 0.002111 0.019980 0.008074
15.091704 0.002111 0.019997 0.008092
15.093816 0.002111 0.020015 0.008110
15.095927 0.002112 0.020033 0.008127
15.098039 0.002112 0.020050 0.008145
15.100151 0.002112 0.020068 0.008162
15.102263 0.002112 0.020085 0.008180
15.104375 0.002112 0.020103 0.008198
15.106488 0.002113 0.020120 0.008215
15.108601 0.002113 0.020138 0.008233
15.110713 0.002113 0.020155 0.008250
15.112827 0.002113 0.020173 0.008267
15.114940 0.002113 0.020190 0.008285
15.117053 0.002113 0.020208 0.008302
15.119167 0.002114 0.020225 0.008320
15.121281 0.002114 0.020242 0.008337
15.123395 0.002114 0.020260 0.008355
15.125509 0.002114 0.020277 0.008372
15.127623 0.002114 0.020295 0.008389
15.129738 0.002115 0.020312 0.008407
15.131853 0.002115 0.020329 0.008424
15.133968 0.002115 0.020347 0.008442
15.136083 0.002115 0.020364 0.008459
15.138198 0.002115 0.020382 0.008476
15.140314 0.002116 0.020399 0.008494
15.142430 0.002116 0.020416 0.008511
15.144545 0.002116 0.020434 0.008529
15.146662 0.002116 0.020451 0.008546
15.148778 0.002116 0.020469 0.008564
15.150894 0.002116 0.020486 0.008581
15.153011 0.002117 0.020504 0.008599
15.155128 0.002117 0.020522 0.008616
15.157245 0.002117 0.020539 0.008634
15.159362 0.002117 0.020557 0.008652
15.161480 0.002117 0.020574 0.008669
15.163597 0.002118 0.020592 0.008687
15.165715 0.002118 0.020610 0.008705
15.167833 0.002118 0.020627 0.008722
15.169951 0.002118 0.020645 0.008740
15.172070 0.002118 0.020663 0.008758
15.174188 0.002119 0.020681 0.008776
15.176307 0.002119 0.020699 0.008793
15.178426 0.002119 0.020716 0.008811
15.180545 0.002119 0.020734 0.008829
15.182664 0.002119 0.020752 0.008847
15.184784 0.002120 0.020770 0.008864
15.186903 0.002120 0.020787 0.008882
15.189023 0.002120 0.020805 0.008900
15.191143 0.002120 0.020823 0.008918
15.193264 0.002120 0.020840 0.008935
15.195384 0.002120 0.020858 0.008953
15.197505 0.002121 0.020875 0.008970
15.199626 0.002121 0.020893 0.008988
15.201747 0.002121 0.020910 0.009005
15.203868 0.002121 0.020927 0.009022
15.205989 0.002121 0.020944 0.009039
15.208111 0.002122 0.020961 0.009056
15.210233 0.002122 0.020978 0.009073
15.212355 0.002122 0.020995 0.009090
15.214477 0.002122 0.021012 0.009106
15.216599 0.002122 0.021028 0.009123
15.218722 0.002123 0.021044 0.009139
15.220844 0.002123 0.021060 0.009155
15.222967 0.002123 0.021076 0.009171
15.225090 0.002123 0.021091 0.009186
15.227214 0.002123 0.021107 0.009201
15.229337 0.002123 0.021122 0.009216
15.231461 0.002124 0.021136 0.009231
15.233585 0.002124 0.021151 0.009246
15.235709 0.002124 0.021165 0.009260
15.237833 0.002124 0.021179 0.009274
15.239957 0.002124 0.021193 0.009288
15.242082 0.002125 0.021207 0.009302
15.244207 0.002125 0.021220 0.009315
15.246332 0.002125 0.021233 0.009328
15.248457 0.002125 0.021246 0.009341
15.250582 0.002125 0.021259 0.009353
15.252708 0.002126 0.021271 0.009366
15.254834 0.002126 0.021283 0.009378
15.256960 0.002126 0.021296 0.009390
15.259086 0.002126 0.021308 0.009403
15.261212 0.002126 0.021320 0.009415
15.263339 0.002127 0.021332 0.009426
15.265466 0.002127 0.021344 0.009438
15.267592 0.002127 0.021356 0.009450
15.269720 0.002127 0.021368 0.009462
15.271847 0.002127 0.021380 0.009475
15.273974 0.002127 0.021392 0.009487
15.276102 0.002128 0.021405 0.009500
15.278230 0.002128 0.021418 0.009512
15.280358 0.002128 0.021431 0.009526
15.282486 0.002128 0.021444 0.009539
15.284615 0.002128 0.021458 0.009553
15.286743 0.002129 0.021473 0.009568
15.288872 0.002129 0.021488 0.009583
15.291001 0.002129 0.021504 0.009599
15.293130 0.002129 0.021520 0.009615
15.295260 0.002129 0.021538 0.009632
15.297389 0.002130 0.021556 0.009651
15.299519 0.002130 0.021575 0.009669
15.301649 0.002130 0.021594 0.009689
15.303779 0.002130 0.021615 0.009710
15.305909 0.002130 0.021637 0.009732
15.308040 0.002131 0.021660 0.009755
15.310171 0.002131 0.021683 0.009778
15.312302 0.002131 0.021708 0.009803
15.314433 0.002131 0.021734 0.009829
15.316564 0.002131 0.021761 0.009856
15.318695 0.002131 0.021788 0.009883
15.320827 0.002132 0.021817 0.009912
15.322959 0.002132 0.021846 0.009941
15.325091 0.002132 0.021876 0.009971
15.327223 0.002132 0.021906 0.010001
15.329356 0.002132 0.021938 0.010033
15.331488 0.002133 0.021970 0.010065
15.333621 0.002132 0.022003 0.010098
15.335753 0.002132 0.022036 0.010131
15.337886 0.002132 0.022070 0.010165
15.340018 0.002132 0.022104 0.010199
15.342150 0.002132 0.022139 0.010233
15.344283 0.002132 0.022173 0.010268
15.346415 0.002132 0.022208 0.010303
15.348547 0.002132 0.022244 0.010338
15.350680 0.002132 0.022279 0.010374
15.352812 0.002132 0.022315 0.010410
15.354944 0.002132 0.022351 0.010446
15.357077 0.002132 0.022386 0.010481
15.359209 0.002132 0.022422 0.010517
15.361341 0.002132 0.022457 0.010552
15.363473 0.002132 0.022492 0.010587
15.365605 0.002132 0.022527 0.010622
15.367737 0.002132 0.022561 0.010656
15.369869 0.002132 0.022595 0.010690
15.372002 0.002132 0.022629 0.010724
15.374134 0.002132 0.022662 0.010756
15.376266 0.002132 0.022694 0.010789
15.378398 0.002132 0.022726 0.010821
15.380530 0.002132 0.022757 0.010852
15.382661 0.002132 0.022788 0.010883
15.384793 0.002132 0.022818 0.010913
15.386925 0.002132 0.022848 0.010943
15.389057 0.002132 0.022877 0.010972
15.391189 0.002132 0.022906 0.011001
15.393321 0.002132 0.022934 0.011029
15.395453 0.002132 0.022962 0.011057
15.397584 0.002132 0.022989 0.011084
15.399716 0.002132 0.023016 0.011111
15.401848 0.002132 0.023042 0.011137
15.403980 0.002132 0.023068 0.011163
15.406111 0.002132 0.023094 0.011189
15.408243 0.002132 0.023119 0.011214
15.410374 0.002132 0.023144 0.011239
15.412506 0.002132 0.023169 0.011264
15.414638 0.002132 0.023194 0.011288
15.416769 0.002132 0.023218 0.011313
15.418901 0.002132 0.023242 0.011337
15.421032 0.002131 0.023266 0.011361
15.423164 0.002131 0.023290 0.011384
15.425295 0.002131 0.023313 0.011408
15.427426 0.002131 0.023336 0.011431
15.429558 0.002131 0.023360 0.011455
15.431689 0.002131 0.023383 0.011478
15.433821 0.002131 0.023406 0.011501
15.435952 0.002131 0.023429 0.011524
15.438083 0.002131 0.023452 0.011546
15.440214 0.002131 0.023474 0.011569
15.442346 0.002131 0.023497 0.011592
15.444477 0.002131 0.023519 0.011614
15.446608 0.002131 0.023542 0.011637
15.448739 0.002131 0.023564 0.011659
15.450870 0.002131 0.023586 0.011681
15.453001 0.002131 0.023608 0.011703
15.455132 0.002131 0.023630 0.011725
15.457263 0.002131 0.023652 0.011747
15.459394 0.002131 0.023674 0.011769
15.461525 0.002131 0.023695 0.011790
15.463656 0.002131 0.023717 0.011811
15.465787 0.002131 0.023738 0.011833
15.467918 0.002131 0.023759 0.011854
15.470049 0.002131 0.023780 0.011875
15.472180 0.002131 0.023801 0.011896
15.474311 0.002131 0.023821 0.011916
15.476442 0.002131 0.023842 0.011937
15.478572 0.002131 0.023862 0.011957
15.480703 0.002131 0.023882 0.011977
15.482834 0.002131 0.023902 0.011997
15.484965 0.002131 0.023922 0.012017
15.487095 0.002131 0.023941 0.012036
15.489226 0.002131 0.023961 0.012055
15.491357 0.002131 0.023980 0.012075
15.493487 0.002131 0.023999 0.012093
15.495618 0.002131 0.024017 0.012112
15.497748 0.002131 0.024036 0.012131
15.499879 0.002131 0.024054 0.012149
15.502009 0.002130 0.024073 0.012167
15.504140 0.002130 0.024091 0.012185
15.506270 0.002130 0.024108 0.012203
15.508401 0.002130 0.024126 0.012221
15.510531 0.002130 0.024144 0.012238
15.512661 0.002130 0.024161 0.012256
15.514792 0.002130 0.024178 0.012273
15.516922 0.002130 0.024195 0.012290
15.519052 0.002130 0.024212 0.012307
15.521182 0.002130 0.024229 0.012323
15.523313 0.002130 0.024245 0.012340
15.525443 0.002130 0.024262 0.012356
15.527573 0.002130 0.024278 0.012373
15.529703 0.002130 0.024294 0.012389
15.531833 0.002130 0.024310 0.012405
15.533963 0.002130 0.024326 0.012421
15.536093 0.002130 0.024342 0.012437
15.538223 0.002130 0.024357 0.012452
15.540353 0.002130 0.024373 0.012468
15.542483 0.002130 0.024388 0.012483
15.544613 0.002130 0.024404 0.012498
15.546743 0.002130 0.024419 0.012514
15.548873 0.002130 0.024434 0.012529
15.551003 0.002130 0.024449 0.012544
15.553133 0.002130 0.024464 0.012559
15.555262 0.002130 0.024479 0.012573
15.557392 0.002130 0.024493 0.012588
15.559522 0.002130 0.024508 0.012603
15.561652 0.002130 0.024523 0.012617
15.563781 0.002130 0.024537 0.012632
15.565911 0.002130 0.024551 0.012646
15.568041 0.002130 0.024566 0.012660
15.570170 0.002130 0.024580 0.012675
15.572300 0.002130 0.024594 0.012689
15.574429 0.002130 0.024608 0.012703
15.576559 0.002130 0.024622 0.012717
15.578688 0.002129 0.024636 0.012731
15.580818 0.002129 0.024650 0.012745
15.582947 0.002129 0.024663 0.012758
15.585077 0.002129 0.024677 0.012772
15.587206 0.002129 0.024691 0.012785
15.589335 0.002129 0.024704 0.012799
15.591465 0.002129 0.024718 0.012812
15.593594 0.002129 0.024731 0.012826
15.595723 0.002129 0.024744 0.012839
15.597852 0.002129 0.024757 0.012852
15.599981 0.002129 0.024770 0.012865
15.602111 0.002129 0.024783 0.012878
15.604240 0.002129 0.024796 0.012891
15.606369 0.002129 0.024809 0.012904
15.608498 0.002129 0.024822 0.012917
15.610627 0.002129 0.024835 0.012929
15.612756 0.002129 0.024847 0.012942
15.614885 0.002129 0.024860 0.012955
15.617014 0.002129 0.024872 0.012967
15.619143 0.002129 0.024885 0.012980
15.621272 0.002129 0.024897 0.012992
15.623401 0.002129 0.024909 0.013004
15.625529 0.002129 0.024922 0.013016
15.627658 0.002129 0.024934 0.013028
15.629787 0.002129 0.024946 0.013041
15.631916 0.002129 0.024958 0.013053
15.634044 0.002129 0.024970 0.013064
15.636173 0.002129 0.024982 0.013076
15.638302 0.002129 0.024993 0.013088
15.640430 0.002129 0.025005 0.013100
15.642559 0.002129 0.025017 0.013112
15.644688 0.002129 0.025028 0.013123
15.646816 0.002129 0.025040 0.013135
15.648945 0.002129 0.025051 0.013146
15.651073 0.002128 0.025063 0.013158
15.653202 0.002128 0.025074 0.013169
15.655330 0.002128 0.025086 0.013181
15.657458 0.002128 0.025097 0.013192
15.659587 0.002128 0.025108 0.013203
15.661715 0.002128 0.025120 0.013214
15.663843 0.002128 0.025131 0.013225
15.665972 0.002128 0.025142 0.013237
15.668100 0.002128 0.025153 0.013248
15.670228 0.002128 0.025164 0.013259
15.672356 0.002128 0.025175 0.013270
15.674485 0.002128 0.025186 0.013281
15.676613 0.002128 0.025197 0.013292
15.678741 0.002128 0.025208 0.013302
15.680869 0.002128 0.025219 0.013313
15.682997 0.002128 0.025229 0.013324
15.685125 0.002128 0.025240 0.013335
15.687253 0.002128 0.025251 0.013346
15.689381 0.002128 0.025262 0.013356
15.691509 0.002128 0.025272 0.013367
15.693637 0.002128 0.025283 0.013378
15.695764 0.002128 0.025293 0.013388
15.697892 0.002128 0.025304 0.013399
15.700020 0.002128 0.025315 0.013409
15.702148 0.002128 0.025325 0.013420
15.704276 0.002128 0.025336 0.013430
15.706403 0.002128 0.025346 0.013441
15.708531 0.002128 0.025357 0.013451
15.710659 0.002128 0.025367 0.013462
15.712786 0.002128 0.025377 0.013472
15.714914 0.002128 0.025388 0.013483
15.717041 0.002128 0.025398 0.013493
15.719169 0.002128 0.025408 0.013503
15.721296 0.002128 0.025419 0.013514
15.723424 0.002127 0.025429 0.013524
15.725551 0.002127 0.025439 0.013534
15.727679 0.002127 0.025449 0.013544
15.729806 0.002127 0.025460 0.013554
15.731934 0.002127 0.025470 0.013565
15.734061 0.002127 0.025480 0.013575
15.736188 0.002127 0.025490 0.013585
15.738315 0.002127 0.025500 0.013595
15.740443 0.002127 0.025510 0.013605
15.742570 0.002127 0.025520 0.013614
15.744697 0.002127 0.025529 0.013624
15.746824 0.002127 0.025539 0.013634
15.748951 0.002127 0.025549 0.013644
15.751078 0.002127 0.025558 0.013653
15.753206 0.002127 0.025568 0.013663
15.755333 0.002127 0.025578 0.013672
15.757460 0.002127 0.025587 0.013682
15.759587 0.002127 0.025596 0.013691
15.761714 0.002127 0.025605 0.013700
15.763840 0.002127 0.025615 0.013709
15.765967 0.002127 0.025624 0.013718
15.768094 0.002127 0.025633 0.013727
15.770221 0.002127 0.025641 0.013736
15.772348 0.002127 0.025650 0.013745
15.774475 0.002127 0.025659 0.013753
15.776601 0.002127 0.025667 0.013762
15.778728 0.002127 0.025676 0.013770
15.780855 0.002127 0.025684 0.013779
15.782981 0.002127 0.025692 0.013787
15.785108 0.002127 0.025700 0.013795
15.787235 0.002127 0.025708 0.013803
15.789361 0.002127 0.025716 0.013811
15.791488 0.002127 0.025724 0.013819
15.793614 0.002127 0.025732 0.013826
15.795741 0.002126 0.025739 0.013834
15.797867 0.002126 0.025747 0.013842
15.799994 0.002126 0.025754 0.013849
15.802120 0.002126 0.025762 0.013857
15.804246 0.002126 0.025769 0.013864
15.806373 0.002126 0.025777 0.013872
15.808499 0.002126 0.025785 0.013879
15.810625 0.002126 0.025792 0.013887
15.812752 0.002126 0.025800 0.013895
15.814878 0.002126 0.025808 0.013902
15.817004 0.002126 0.025815 0.013910
15.819130 0.002126 0.025823 0.013918
15.821256 0.002126 0.025831 0.013926
15.823382 0.002126 0.025840 0.013934
15.825508 0.002126 0.025848 0.013943
15.827634 0.002126 0.025856 0.013951
15.829760 0.002126 0.025865 0.013959
15.831886 0.002126 0.025873 0.013968
15.834012 0.002126 0.025882 0.013977
15.836138 0.002126 0.025891 0.013986
15.838264 0.002126 0.025900 0.013995
15.840390 0.002126 0.025910 0.014005
15.842516 0.002126 0.025919 0.014014
15.844642 0.002126 0.025929 0.014024
15.846768 0.002126 0.025939 0.014034
15.848893 0.002126 0.025949 0.014044
15.851019 0.002126 0.025960 0.014055
15.853145 0.002126 0.025970 0.014065
15.855270 0.002126 0.025981 0.014076
15.857396 0.002126 0.025992 0.014087
15.859522 0.002126 0.026003 0.014098
15.861647 0.002126 0.026014 0.014109
15.863773 0.002126 0.026026 0.014121
15.865898 0.002126 0.026038 0.014133
15.868024 0.002125 0.026050 0.014145
15.870149 0.002125 0.026062 0.014157
15.872275 0.002125 0.026074 0.014169
15.874400 0.002125 0.026087 0.014182
15.876525 0.002125 0.026100 0.014194
15.878651 0.002125 0.026112 0.014207
15.880776 0.002125 0.026125 0.014220
15.882901 0.002125 0.026138 0.014233
15.885026 0.002125 0.026151 0.014246
15.887152 0.002125 0.026164 0.014259
15.889277 0.002125 0.026177 0.014272
15.891402 0.002125 0.026191 0.014285
15.893527 0.002125 0.026204 0.014299
15.895652 0.002125 0.026217 0.014312
15.897777 0.002125 0.026230 0.014325
15.899902 0.002125 0.026243 0.014338
15.902027 0.002125 0.026256 0.014351
15.904152 0.002125 0.026269 0.014364
15.906277 0.002125 0.026282 0.014376
15.908402 0.002125 0.026294 0.014389
15.910527 0.002125 0.026307 0.014402
15.912652 0.002125 0.026319 0.014414
15.914777 0.002125 0.026331 0.014426
15.916902 0.002125 0.026343 0.014438
15.919026 0.002125 0.026355 0.014450
15.921151 0.002125 0.026366 0.014461
15.923276 0.002125 0.026377 0.014472
15.925400 0.002125 0.026388 0.014483
15.927525 0.002125 0.026399 0.014494
15.929650 0.002125 0.026410 0.014504
15.931774 0.002125 0.026420 0.014515
15.933899 0.002125 0.026430 0.014525
15.936023 0.002125 0.026440 0.014534
15.938148 0.002124 0.026449 0.014544
15.940272 0.002124 0.026458 0.014553
15.942397 0.002124 0.026467 0.014562
15.944521 0.002124 0.026476 0.014571
15.946645 0.002124 0.026484 0.014579
15.948770 0.002124 0.026492 0.014587
15.950894 0.002124 0.026500 0.014595
15.953018 0.002124 0.026508 0.014603
15.955142 0.002124 0.026516 0.014611
15.957267 0.002124 0.026523 0.014618
15.959391 0.002124 0.026530 0.014625
15.961515 0.002124 0.026537 0.014632
15.963639 0.002124 0.026544 0.014639
15.965763 0.002124 0.026550 0.014645
15.967887 0.002124 0.026557 0.014652
15.970011 0.002124 0.026563 0.014658
15.972135 0.002124 0.026569 0.014664
15.974259 0.002124 0.026575 0.014670
15.976383 0.002124 0.026581 0.014676
15.978506 0.002124 0.026587 0.014682
15.980630 0.002124 0.026592 0.014687
15.982754 0.002124 0.026598 0.014693
15.984878 0.002124 0.026603 0.014698
15.987001 0.002124 0.026609 0.014703
15.989125 0.002124 0.026614 0.014709
15.991249 0.002124 0.026619 0.014714
15.993372 0.002124 0.026624 0.014719
15.995496 0.002124 0.026629 0.014724
15.997619 0.002124 0.026634 0.014729
15.999743 0.002123 0.026639 0.014734
16.001866 0.002123 0.026644 0.014739
16.003990 0.002123 0.026649 0.014744
16.006113 0.002123 0.026654 0.014749
16.008236 0.002123 0.026659 0.014753
16.010360 0.002123 0.026663 0.014758
16.012483 0.002123 0.026668 0.014763
16.014606 0.002123 0.026673 0.014768
16.016729 0.002123 0.026678 0.014772
16.018852 0.002123 0.026682 0.014777
16.020976 0.002123 0.026687 0.014782
16.023099 0.002123 0.026692 0.014786
16.025222 0.002123 0.026696 0.014791
16.027345 0.002123 0.026701 0.014796
16.029468 0.002123 0.026706 0.014800
16.031591 0.002123 0.026710 0.014805
16.033714 0.002123 0.026715 0.014810
16.035836 0.002123 0.026720 0.014814
16.037959 0.002123 0.026724 0.014819
16.040082 0.002123 0.026729 0.014824
16.042205 0.002123 0.026734 0.014829
16.044328 0.002123 0.026738 0.014833
16.046450 0.002123 0.026743 0.014838
16.048573 0.002123 0.026748 0.014843
16.050696 0.002123 0.026753 0.014848
16.052818 0.002123 0.026758 0.014853
16.054941 0.002123 0.026763 0.014858
16.057063 0.002123 0.026768 0.014863
16.059186 0.002122 0.026773 0.014868
16.061308 0.002122 0.026778 0.014873
16.063431 0.002122 0.026783 0.014878
16.065553 0.002122 0.026788 0.014883
16.067675 0.002122 0.026793 0.014888
16.069798 0.002122 0.026799 0.014893
16.071920 0.002122 0.026804 0.014899
16.074042 0.002122 0.026809 0.014904
16.076165 0.002122 0.026814 0.014909
16.078287 0.002122 0.026820 0.014915
16.080409 0.002122 0.026825 0.014920
16.082531 0.002122 0.026831 0.014925
16.084653 0.002122 0.026836 0.014931
16.086775 0.002122 0.026842 0.014936
16.088897 0.002122 0.026847 0.014942
16.091019 0.002122 0.026853 0.014948
16.093141 0.002122 0.026858 0.014953
16.095263 0.002122 0.026864 0.014959
16.097385 0.002122 0.026870 0.014965
16.099507 0.002122 0.026876 0.014970
16.101629 0.002122 0.026881 0.014976
16.103751 0.002122 0.026887 0.014982
16.105872 0.002122 0.026893 0.014988
16.107994 0.002122 0.026899 0.014994
16.110116 0.002122 0.026905 0.015000
16.112237 0.002122 0.026911 0.015006
16.114359 0.002122 0.026917 0.015012
16.116481 0.002122 0.026923 0.015017
16.118602 0.002122 0.026928 0.015023
16.120724 0.002122 0.026934 0.015029
16.122845 0.002122 0.026940 0.015035
16.124967 0.002121 0.026946 0.015041
16.127088 0.002121 0.026952 0.015047
16.129210 0.002121 0.026958 0.015053
16.131331 0.002121 0.026964 0.015059
16.133452 0.002121 0.026970 0.015065
16.135574 0.002121 0.026976 0.015071
16.137695 0.002121 0.026983 0.015077
16.139816 0.002121 0.026989 0.015083
16.141937 0.002121 0.026995 0.015089
16.144059 0.002121 0.027001 0.015095
16.146180 0.002121 0.027007 0.015101
16.148301 0.002121 0.027013 0.015107
16.150422 0.002121 0.027019 0.015113
16.152543 0.002121 0.027024 0.015119
16.154664 0.002121 0.027030 0.015125
16.156785 0.002121 0.027036 0.015131
16.158906 0.002121 0.027042 0.015137
16.161027 0.002121 0.027048 0.015143
16.163148 0.002121 0.027054 0.015149
16.165269 0.002121 0.027060 0.015155
16.167390 0.002121 0.027066 0.015161
16.169510 0.002121 0.027072 0.015167
16.171631 0.002121 0.027078 0.015173
16.173752 0.002121 0.027084 0.015179
16.175873 0.002121 0.027090 0.015185
16.177993 0.002121 0.027096 0.015191
16.180114 0.002121 0.027103 0.015198
16.182235 0.002121 0.027109 0.015204
16.184355 0.002121 0.027116 0.015211
16.186476 0.002121 0.027123 0.015218
16.188596 0.002121 0.027130 0.015225
16.190717 0.002121 0.027137 0.015232
16.192837 0.002120 0.027144 0.015239
16.194958 0.002120 0.027151 0.015246
16.197078 0.002120 0.027158 0.015253
16.199198 0.002120 0.027166 0.015261
16.201319 0.002120 0.027173 0.015268
16.203439 0.002120 0.027181 0.015276
16.205559 0.002120 0.027189 0.015284
16.207680 0.002120 0.027197 0.015292
16.209800 0.002120 0.027205 0.015300
16.211920 0.002120 0.027213 0.015308
16.214040 0.002120 0.027222 0.015317
16.216160 0.002120 0.027230 0.015325
16.218281 0.002120 0.027239 0.015334
16.220401 0.002120 0.027248 0.015343
16.222521 0.002120 0.027257 0.015352
16.224641 0.002120 0.027266 0.015361
16.226761 0.002120 0.027275 0.015370
16.228881 0.002120 0.027285 0.015380
16.231001 0.002120 0.027294 0.015389
16.233120 0.002120 0.027304 0.015399
16.235240 0.002120 0.027314 0.015409
16.237360 0.002120 0.027324 0.015419
16.239480 0.002120 0.027335 0.015429
16.241600 0.002120 0.027345 0.015440
16.243720 0.002120 0.027355 0.015450
16.245839 0.002120 0.027366 0.015461
16.247959 0.002120 0.027376 0.015471
16.250079 0.002120 0.027387 0.015482
16.252198 0.002120 0.027398 0.015492
16.254318 0.002120 0.027408 0.015503
16.256437 0.002120 0.027419 0.015514
16.258557 0.002120 0.027430 0.015525
16.260676 0.002120 0.027441 0.015535
16.262796 0.002119 0.027451 0.015546
16.264915 0.002119 0.027462 0.015557
16.267035 0.002119 0.027473 0.015568
16.269154 0.002119 0.027484 0.015579
16.271274 0.002119 0.027495 0.015590
16.273393 0.002119 0.027506 0.015601
16.275512 0.002119 0.027517 0.015612
16.277632 0.002119 0.027528 0.015622
16.279751 0.002119 0.027539 0.015633
16.281870 0.002119 0.027550 0.015644
16.283989 0.002119 0.027561 0.015655
16.286108 0.002119 0.027571 0.015666
16.288228 0.002119 0.027582 0.015677
16.290347 0.002119 0.027593 0.015688
16.292466 0.002119 0.027604 0.015699
16.294585 0.002119 0.027615 0.015710
16.296704 0.002119 0.027626 0.015720
16.298823 0.002119 0.027636 0.015731
16.300942 0.002119 0.027647 0.015742
16.303061 0.002119 0.027658 0.015752
16.305180 0.002119 0.027668 0.015763
16.307299 0.002119 0.027678 0.015773
16.309418 0.002119 0.027689 0.015784
16.311536 0.002119 0.027699 0.015794
16.313655 0.002119 0.027709 0.015804
16.315774 0.002119 0.027719 0.015814
16.317893 0.002119 0.027729 0.015824
16.320012 0.002119 0.027739 0.015834
16.322130 0.002119 0.027749 0.015844
16.324249 0.002119 0.027759 0.015854
16.326368 0.002119 0.027769 0.015863
16.328486 0.002119 0.027778 0.015873
16.330605 0.002119 0.027788 0.015883
16.332724 0.002119 0.027797 0.015892
16.334842 0.002119 0.027806 0.015901
16.336961 0.002119 0.027816 0.015911
16.339079 0.002119 0.027825 0.015920
16.341198 0.002119 0.027834 0.015929
16.343316 0.002118 0.027843 0.015938
16.345435 0.002118 0.027852 0.015946
16.347553 0.002118 0.027860 0.015955
16.349672 0.002118 0.027869 0.015964
16.351790 0.002118 0.027877 0.015972
16.353908 0.002118 0.027886 0.015981
16.356027 0.002118 0.027894 0.015989
16.358145 0.002118 0.027902 0.015997
16.360263 0.002118 0.027910 0.016005
16.362382 0.002118 0.027918 0.016013
16.364500 0.002118 0.027925 0.016020
16.366618 0.002118 0.027933 0.016028
16.368736 0.002118 0.027940 0.016035
16.370855 0.002118 0.027947 0.016042
16.372973 0.002118 0.027955 0.016049
16.375091 0.002118 0.027961 0.016056
16.377209 0.002118 0.027968 0.016063
16.379327 0.002118 0.027975 0.016070
16.381445 0.002118 0.027981 0.016076
16.383563 0.002118 0.027987 0.016082
16.385682 0.002118 0.027994 0.016088
16.387800 0.002118 0.028000 0.016094
16.389918 0.002118 0.028005 0.016100
16.392036 0.002118 0.028011 0.016106
16.394154 0.002118 0.028017 0.016111
16.396272 0.002118 0.028022 0.016117
16.398389 0.002118 0.028027 0.016122
16.400507 0.002118 0.028032 0.016127
16.402625 0.002118 0.028037 0.016132
16.404743 0.002118 0.028042 0.016137
16.406861 0.002118 0.028047 0.016142
16.408979 0.002118 0.028052 0.016146
16.411097 0.002118 0.028056 0.016151
16.413215 0.002118 0.028061 0.016155
16.415332 0.002118 0.028065 0.016160
16.417450 0.002118 0.028069 0.016164
16.419568 0.002118 0.028073 0.016168
16.421686 0.002118 0.028078 0.016172
16.423803 0.002118 0.028082 0.016176
16.425921 0.002118 0.028086 0.016180
16.428039 0.002118 0.028090 0.016184
16.430156 0.002118 0.028094 0.016188
16.432274 0.002118 0.028097 0.016192
16.434392 0.002118 0.028101 0.016196
16.436509 0.002118 0.028105 0.016200
16.438627 0.002118 0.028109 0.016204
16.440745 0.002118 0.028113 0.016207
16.442862 0.002118 0.028116 0.016211
16.444980 0.002118 0.028120 0.016215
16.447097 0.002118 0.028124 0.016219
16.449215 0.002118 0.028127 0.016222
16.451332 0.002118 0.028131 0.016226
16.453450 0.002117 0.028135 0.016229
16.455567 0.002117 0.028138 0.016233
16.457685 0.002117 0.028142 0.016237
16.459802 0.002117 0.028145 0.016240
16.461919 0.002117 0.028149 0.016244
16.464037 0.002117 0.028152 0.016247
16.466154 0.002117 0.028156 0.016251
16.468272 0.002117 0.028159 0.016254
16.470389 0.002117 0.028163 0.016257
16.472506 0.002117 0.028166 0.016261
16.474624 0.002117 0.028169 0.016264
16.476741 0.002117 0.028173 0.016268
16.478858 0.002117 0.028176 0.016271
16.480975 0.002117 0.028179 0.016274
16.483093 0.002117 0.028183 0.016277
16.485210 0.002117 0.028186 0.016281
16.487327 0.002117 0.028189 0.016284
16.489444 0.002117 0.028192 0.016287
16.491562 0.002117 0.028196 0.016290
16.493679 0.002117 0.028199 0.016294
16.495796 0.002117 0.028202 0.016297
16.497913 0.002117 0.028205 0.016300
16.500030 0.002117 0.028208 0.016303
16.502147 0.002117 0.028211 0.016306
16.504264 0.002117 0.028214 0.016309
16.506382 0.002117 0.028217 0.016312
16.508499 0.002117 0.028220 0.016315
16.510616 0.002117 0.028223 0.016318
16.512733 0.002117 0.028226 0.016321
16.514850 0.002117 0.028229 0.016324
16.516967 0.002117 0.028232 0.016327
16.519084 0.002117 0.028235 0.016330
16.521201 0.002117 0.028238 0.016333
16.523318 0.002117 0.028241 0.016336
16.525435 0.002117 0.028244 0.016339
16.527552 0.002117 0.028247 0.016341
16.529668 0.002117 0.028249 0.016344
16.531785 0.002117 0.028252 0.016347
16.533902 0.002117 0.028255 0.016349
16.536019 0.002117 0.028257 0.016352
16.538136 0.002117 0.028260 0.016355
16.540253 0.002117 0.028262 0.016357
16.542370 0.002117 0.028265 0.016360
16.544486 0.002117 0.028267 0.016362
16.546603 0.002117 0.028270 0.016365
16.548720 0.002117 0.028272 0.016367
16.550837 0.002117 0.028275 0.016369
16.552953 0.002117 0.028277 0.016372
16.555070 0.002117 0.028279 0.016374
16.557187 0.002117 0.028281 0.016376
16.559304 0.002117 0.028283 0.016378
16.561420 0.002117 0.028285 0.016380
16.563537 0.002117 0.028287 0.016382
16.565654 0.002117 0.028289 0.016384
16.567770 0.002117 0.028291 0.016386
16.569887 0.002117 0.028292 0.016387
16.572004 0.002117 0.028294 0.016389
16.574120 0.002117 0.028296 0.016390
16.576237 0.002117 0.028297 0.016392
16.578353 0.002117 0.028298 0.016393
16.580470 0.002117 0.028300 0.016395
16.582586 0.002117 0.028301 0.016396
16.584703 0.002116 0.028302 0.016397
16.586819 0.002116 0.028303 0.016398
16.588936 0.002116 0.028304 0.016399
16.591052 0.002116 0.028305 0.016400
16.593168 0.002116 0.028306 0.016401
16.595285 0.002116 0.028307 0.016402
16.597401 0.002116 0.028308 0.016403
16.599518 0.002116 0.028309 0.016403
16.601634 0.002116 0.028309 0.016404
16.603750 0.002116 0.028310 0.016405
16.605866 0.002116 0.028311 0.016405
16.607983 0.002116 0.028311 0.016406
16.610099 0.002116 0.028312 0.016406
16.612215 0.002116 0.028312 0.016407
16.614331 0.002116 0.028312 0.016407
16.616448 0.002116 0.028313 0.016408
16.618564 0.002116 0.028313 0.016408
16.620680 0.002116 0.028313 0.016408
16.622796 0.002116 0.028314 0.016408
16.624912 0.002116 0.028314 0.016409
16.627028 0.002116 0.028314 0.016409
16.629144 0.002116 0.028314 0.016409
16.631260 0.002116 0.028314 0.016409
16.633376 0.002116 0.028315 0.016409
16.635492 0.002116 0.028315 0.016409
16.637608 0.002116 0.028315 0.016409
16.639724 0.002116 0.028315 0.016409
16.641840 0.002116 0.028314 0.016409
16.643956 0.002116 0.028314 0.016409
16.646072 0.002116 0.028314 0.016409
16.648188 0.002116 0.028314 0.016409
16.650304 0.002116 0.028314 0.016408
16.652419 0.002116 0.028313 0.016408
16.654535 0.002116 0.028313 0.016408
16.656651 0.002116 0.028313 0.016407
16.658767 0.002116 0.028312 0.016407
16.660882 0.002116 0.028312 0.016407
16.662998 0.002116 0.028311 0.016406
16.665114 0.002116 0.028311 0.016406
16.667229 0.002116 0.028311 0.016405
16.669345 0.002116 0.028310 0.016405
16.671461 0.002116 0.028309 0.016404
16.673576 0.002116 0.028309 0.016404
16.675692 0.002116 0.028308 0.016403
16.677807 0.002116 0.028307 0.016402
16.679923 0.002116 0.028307 0.016402
16.682038 0.002115 0.028306 0.016401
16.684154 0.002115 0.028305 0.016400
16.686269 0.002115 0.028304 0.016399
16.688385 0.002115 0.028303 0.016398
16.690500 0.002115 0.028302 0.016397
16.692615 0.002115 0.028301 0.016396
16.694731 0.002115 0.028300 0.016394
16.696846 0.002115 0.028298 0.016393
16.698961 0.002115 0.028297 0.016392
16.701077 0.002115 0.028295 0.016390
16.703192 0.002115 0.028294 0.016388
16.705307 0.002115 0.028292 0.016387
16.707422 0.002115 0.028290 0.016385
16.709538 0.002115 0.028288 0.016383
16.711653 0.002115 0.028286 0.016381
16.713768 0.002115 0.028284 0.016379
16.715883 0.002115 0.028282 0.016376
16.717998 0.002115 0.028279 0.016374
16.720113 0.002115 0.028277 0.016372
16.722228 0.002115 0.028275 0.016369
16.724343 0.002115 0.028272 0.016367
16.726458 0.002115 0.028269 0.016364
16.728573 0.002115 0.028267 0.016362
16.730688 0.002115 0.028264 0.016359
16.732803 0.002115 0.028261 0.016356
16.734918 0.002115 0.028259 0.016353
16.737032 0.002115 0.028256 0.016351
16.739147 0.002115 0.028253 0.016348
16.741262 0.002115 0.028250 0.016345
16.743377 0.002115 0.028247 0.016342
16.745491 0.002115 0.028245 0.016339
16.747606 0.002115 0.028242 0.016336
16.749721 0.002115 0.028239 0.016334
16.751836 0.002115 0.028236 0.016331
16.753950 0.002115 0.028233 0.016328
16.756065 0.002115 0.028230 0.016325
16.758179 0.002115 0.028227 0.016322
16.760294 0.002115 0.028224 0.016318
16.762408 0.002115 0.028221 0.016315
16.764523 0.002115 0.028217 0.016312
16.766637 0.002114 0.028214 0.016309
16.768752 0.002114 0.028211 0.016306
16.770866 0.002114 0.028208 0.016303
16.772981 0.002114 0.028205 0.016300
16.775095 0.002114 0.028202 0.016297
16.777209 0.002114 0.028199 0.016293
16.779324 0.002114 0.028196 0.016290
16.781438 0.002114 0.028192 0.016287
16.783552 0.002114 0.028189 0.016284
16.785667 0.002114 0.028186 0.016281
16.787781 0.002114 0.028183 0.016278
16.789895 0.002114 0.028180 0.016275
16.792009 0.002114 0.028177 0.016271
16.794123 0.002114 0.028173 0.016268
16.796238 0.002114 0.028170 0.016265
16.798352 0.002114 0.028167 0.016262
16.800466 0.002114 0.028164 0.016259
16.802580 0.002114 0.028161 0.016256
16.804694 0.002114 0.028158 0.016253
16.806808 0.002114 0.028155 0.016249
16.808922 0.002114 0.028152 0.016246
16.811036 0.002114 0.028148 0.016243
16.813150 0.002114 0.028145 0.016240
16.815264 0.002114 0.028142 0.016237
16.817378 0.002114 0.028139 0.016234
16.819492 0.002114 0.028136 0.016231
16.821606 0.002114 0.028133 0.016228
16.823719 0.002114 0.028130 0.016225
16.825833 0.002114 0.028127 0.016221
16.827947 0.002114 0.028123 0.016218
16.830061 0.002114 0.028120 0.016215
16.832175 0.002114 0.028117 0.016212
16.834288 0.002114 0.028114 0.016209
16.836402 0.002114 0.028111 0.016206
16.838516 0.002114 0.028108 0.016202
16.840629 0.002114 0.028104 0.016199
16.842743 0.002114 0.028101 0.016196
16.844857 0.002114 0.028098 0.016193
16.846970 0.002114 0.028095 0.016190
16.849084 0.002114 0.028092 0.016186
16.851197 0.002114 0.028088 0.016183
16.853311 0.002114 0.028085 0.016180
16.855425 0.002114 0.028082 0.016177
16.857538 0.002114 0.028078 0.016173
16.859652 0.002113 0.028075 0.016170
16.861765 0.002113 0.028072 0.016167
16.863878 0.002113 0.028068 0.016163
16.865992 0.002113 0.028065 0.016160
16.868105 0.002113 0.028062 0.016157
16.870219 0.002113 0.028058 0.016153
16.872332 0.002113 0.028055 0.016150
16.874445 0.002113 0.028051 0.016146
16.876559 0.002113 0.028048 0.016143
16.878672 0.002113 0.028045 0.016139
16.880785 0.002113 0.028041 0.016136
16.882899 0.002113 0.028038 0.016132
16.885012 0.002113 0.028034 0.016129
16.887125 0.002113 0.028031 0.016125
16.889239 0.002113 0.028027 0.016122
16.891352 0.002113 0.028024 0.016118
16.893465 0.002113 0.028020 0.016115
16.895578 0.002113 0.028016 0.016111
16.897691 0.002113 0.028013 0.016108
16.899804 0.002113 0.028009 0.016104
16.901918 0.002113 0.028006 0.016100
16.904031 0.002113 0.028002 0.016097
16.906144 0.002113 0.027998 0.016093
16.908257 0.002113 0.027995 0.016089
16.910370 0.002113 0.027991 0.016086
16.912483 0.002113 0.027987 0.016082
16.914596 0.002113 0.027984 0.016078
16.916709 0.002113 0.027980 0.016075
16.918822 0.002113 0.027976 0.016071
16.920935 0.002113 0.027972 0.016067
16.923048 0.002113 0.027969 0.016063
16.925161 0.002113 0.027965 0.016060
16.927274 0.002113 0.027961 0.016056
16.929387 0.002113 0.027957 0.016052
16.931500 0.002113 0.027953 0.016048
16.933613 0.002113 0.027949 0.016044
16.935726 0.002113 0.027945 0.016040
16.937839 0.002113 0.027941 0.016036
16.939951 0.002113 0.027937 0.016032
16.942064 0.002113 0.027933 0.016028
16.944177 0.002113 0.027929 0.016024
16.946290 0.002113 0.027925 0.016020
16.948403 0.002113 0.027921 0.016016
16.950516 0.002113 0.027917 0.016012
16.952628 0.002113 0.027913 0.016008
16.954741 0.002113 0.027909 0.016004
16.956854 0.002113 0.027905 0.015999
16.958967 0.002113 0.027900 0.015995
16.961079 0.002113 0.027896 0.015991
16.963192 0.002113 0.027892 0.015987
16.965305 0.002113 0.027888 0.015983
16.967418 0.002113 0.027883 0.015978
16.969530 0.002113 0.027879 0.015974
16.971643 0.002113 0.027875 0.015970
16.973756 0.002113 0.027870 0.015965
16.975868 0.002113 0.027866 0.015961
16.977981 0.002113 0.027862 0.015956
16.980094 0.002113 0.027857 0.015952
16.982206 0.002113 0.027853 0.015948
16.984319 0.002113 0.027848 0.015943
16.986432 0.002113 0.027844 0.015939
16.988544 0.002113 0.027839 0.015934
16.990657 0.002113 0.027835 0.015929
16.992769 0.002113 0.027830 0.015925
16.994882 0.002113 0.027825 0.015920
16.996994 0.002113 0.027821 0.015916
16.999107 0.002113 0.027816 0.015911
17.001220 0.002113 0.027811 0.015906
17.003332 0.002113 0.027807 0.015901
17.005445 0.002113 0.027802 0.015897
17.007557 0.002113 0.027797 0.015892
17.009670 0.002113 0.027792 0.015887
17.011782 0.002113 0.027787 0.015882
17.013895 0.002112 0.027782 0.015877
17.016007 0.002112 0.027777 0.015872
17.018120 0.002112 0.027773 0.015867
17.020232 0.002112 0.027767 0.015862
17.022345 0.002112 0.027762 0.015857
17.024457 0.002112 0.027757 0.015852
17.026569 0.002112 0.027752 0.015847
17.028682 0.002112 0.027747 0.015842
17.030794 0.002112 0.027742 0.015837
17.032907 0.002112 0.027737 0.015831
17.035019 0.002112 0.027731 0.015826
17.037132 0.002112 0.027726 0.015821
17.039244 0.002112 0.027721 0.015816
17.041356 0.002112 0.027715 0.015810
17.043469 0.002112 0.027710 0.015805
17.045581 0.002112 0.027705 0.015799
17.047694 0.002112 0.027699 0.015794
17.049806 0.002112 0.027694 0.015788
17.051918 0.002112 0.027688 0.015783
17.054031 0.002112 0.027682 0.015777
17.056143 0.002112 0.027677 0.015772
17.058255 0.002112 0.027671 0.015766
17.060368 0.002112 0.027665 0.015760
17.062480 0.002112 0.027660 0.015755
17.064592 0.002112 0.027654 0.015749
17.066705 0.002112 0.027648 0.015743
17.068817 0.002112 0.027642 0.015737
17.070929 0.002112 0.027637 0.015731
17.073042 0.002112 0.027631 0.015726
17.075154 0.002112 0.027625 0.015720
17.077266 0.002112 0.027619 0.015714
17.079379 0.002112 0.027613 0.015708
17.081491 0.002112 0.027607 0.015702
17.083603 0.002112 0.027601 0.015696
17.085715 0.002112 0.027595 0.015690
17.087828 0.002112 0.027589 0.015684
17.089940 0.002112 0.027583 0.015678
17.092052 0.002112 0.027577 0.015671
17.094165 0.002112 0.027570 0.015665
17.096277 0.002112 0.027564 0.015659
17.098389 0.002112 0.027558 0.015653
17.100501 0.002112 0.027552 0.015647
17.102613 0.002112 0.027546 0.015641
17.104725 0.002112 0.027540 0.015634
17.106838 0.002112 0.027533 0.015628
17.108950 0.002112 0.027527 0.015622
17.111062 0.002112 0.027521 0.015616
17.113174 0.002112 0.027515 0.015609
17.115286 0.002112 0.027508 0.015603
17.117398 0.002112 0.027502 0.015597
17.119510 0.002112 0.027496 0.015591
17.121622 0.002112 0.027490 0.015584
17.123734 0.002112 0.027483 0.015578
17.125845 0.002112 0.027477 0.015572
17.127957 0.002112 0.027471 0.015566
17.130069 0.002112 0.027465 0.015559
17.132181 0.002112 0.027458 0.015553
17.134293 0.002112 0.027452 0.015547
17.136405 0.002112 0.027446 0.015541
17.138516 0.002112 0.027440 0.015535
17.140628 0.002112 0.027433 0.015528
17.142740 0.002112 0.027427 0.015522
17.144852 0.002112 0.027421 0.015516
17.146963 0.002112 0.027415 0.015510
17.149075 0.002112 0.027409 0.015503
17.151187 0.002112 0.027402 0.015497
17.153298 0.002112 0.027396 0.015491
17.155410 0.002112 0.027390 0.015485
17.157521 0.002112 0.027384 0.015478
17.159633 0.002112 0.027377 0.015472
17.161744 0.002112 0.027371 0.015466
17.163856 0.002112 0.027365 0.015460
17.165967 0.002111 0.027359 0.015453
17.168079 0.002111 0.027352 0.015447
17.170190 0.002111 0.027346 0.015441
17.172302 0.002111 0.027340 0.015434
17.174413 0.002111 0.027333 0.015428
17.176525 0.002111 0.027327 0.015422
17.178636 0.002111 0.027321 0.015415
17.180747 0.002111 0.027314 0.015409
17.182859 0.002111 0.027308 0.015403
17.184970 0.002111 0.027301 0.015396
17.187081 0.002111 0.027295 0.015390
17.189193 0.002111 0.027288 0.015383
17.191304 0.002111 0.027282 0.015377
17.193415 0.002111 0.027275 0.015370
17.195526 0.002111 0.027269 0.015364
17.197637 0.002111 0.027262 0.015357
17.199749 0.002111 0.027256 0.015350
17.201860 0.002111 0.027249 0.015344
17.203971 0.002111 0.027242 0.015337
17.206082 0.002111 0.027236 0.015330
17.208193 0.002111 0.027229 0.015324
17.210304 0.002111 0.027222 0.015317
17.212415 0.002111 0.027215 0.015310
17.214526 0.002111 0.027208 0.015303
17.216637 0.002111 0.027202 0.015296
17.218748 0.002111 0.027195 0.015290
17.220859 0.002111 0.027188 0.015283
17.222970 0.002111 0.027181 0.015276
17.225081 0.002111 0.027174 0.015269
17.227192 0.002111 0.027167 0.015262
17.229303 0.002111 0.027160 0.015255
17.231414 0.002111 0.027153 0.015248
17.233525 0.002111 0.027146 0.015241
17.235636 0.002111 0.027139 0.015234
17.237747 0.002111 0.027132 0.015226
17.239858 0.002111 0.027125 0.015219
17.241968 0.002111 0.027117 0.015212
17.244079 0.002111 0.027110 0.015205
17.246190 0.002111 0.027103 0.015198
17.248301 0.002111 0.027096 0.015191
17.250412 0.002111 0.027089 0.015184
17.252522 0.002111 0.027082 0.015176
17.254633 0.002111 0.027074 0.015169
17.256744 0.002111 0.027067 0.015162
17.258854 0.002111 0.027060 0.015155
17.260965 0.002111 0.027053 0.015148
17.263076 0.002111 0.027046 0.015140
17.265186 0.002111 0.027038 0.015133
17.267297 0.002111 0.027031 0.015126
17.269408 0.002111 0.027024 0.015119
17.271518 0.002111 0.027017 0.015112
17.273629 0.002111 0.027010 0.015105
17.275740 0.002111 0.027003 0.015097
17.277850 0.002111 0.026995 0.015090
17.279961 0.002111 0.026988 0.015083
17.282071 0.002111 0.026981 0.015076
17.284182 0.002111 0.026974 0.015069
17.286292 0.002111 0.026967 0.015062
17.288403 0.002111 0.026960 0.015055
17.290513 0.002111 0.026953 0.015048
17.292624 0.002110 0.026946 0.015041
17.294734 0.002110 0.026939 0.015033
17.296845 0.002110 0.026932 0.015026
17.298955 0.002110 0.026925 0.015019
17.301066 0.002110 0.026918 0.015012
17.303176 0.002110 0.026911 0.015005
17.305287 0.002110 0.026904 0.014999
17.307397 0.002110 0.026897 0.014992
17.309507 0.002110 0.026890 0.014985
17.311618 0.002110 0.026883 0.014978
17.313728 0.002110 0.026876 0.014971
17.315839 0.002110 0.026869 0.014964
17.317949 0.002110 0.026862 0.014957
17.320059 0.002110 0.026856 0.014950
17.322170 0.002110 0.026849 0.014944
17.324280 0.002110 0.026842 0.014937
17.326390 0.002110 0.026835 0.014930
17.328501 0.002110 0.026829 0.014924
17.330611 0.002110 0.026822 0.014917
17.332721 0.002110 0.026816 0.014910
17.334831 0.002110 0.026809 0.014904
17.336942 0.002110 0.026802 0.014897
17.339052 0.002110 0.026796 0.014891
17.341162 0.002110 0.026789 0.014884
17.343273 0.002110 0.026783 0.014878
17.345383 0.002110 0.026776 0.014871
17.347493 0.002110 0.026770 0.014864
17.349603 0.002110 0.026763 0.014858
17.351714 0.002110 0.026756 0.014851
17.353824 0.002110 0.026750 0.014844
17.355934 0.002110 0.026743 0.014838
17.358044 0.002110 0.026736 0.014831
17.360154 0.002110 0.026729 0.014823
17.362265 0.002110 0.026721 0.014816
17.364375 0.002110 0.026714 0.014809
17.366485 0.002110 0.026706 0.014801
17.368595 0.002110 0.026698 0.014793
17.370705 0.002110 0.026690 0.014784
17.372815 0.002110 0.026681 0.014776
17.374926 0.002110 0.026672 0.014767
17.377036 0.002110 0.026662 0.014757
17.379146 0.002110 0.026652 0.014747
17.381256 0.002110 0.026642 0.014737
17.383366 0.002110 0.026631 0.014726
17.385476 0.002110 0.026620 0.014715
17.387587 0.002110 0.026608 0.014703
17.389697 0.002110 0.026596 0.014691
17.391807 0.002110 0.026584 0.014679
17.393917 0.002110 0.026572 0.014666
17.396027 0.002110 0.026558 0.014653
17.398137 0.002110 0.026545 0.014640
17.400247 0.002110 0.026531 0.014626
17.402357 0.002110 0.026518 0.014612
17.404468 0.002110 0.026505 0.014600
17.406578 0.002110 0.026494 0.014588
17.408688 0.002110 0.026483 0.014578
17.410798 0.002110 0.026474 0.014568
17.412908 0.002110 0.026464 0.014559
17.415018 0.002110 0.026456 0.014551
17.417128 0.002110 0.026452 0.014547
17.419238 0.002110 0.026451 0.014546
17.421349 0.002110 0.026453 0.014548
17.423459 0.002110 0.026459 0.014554
17.425569 0.002110 0.026468 0.014563
17.427679 0.002110 0.026478 0.014573
17.429789 0.002110 0.026488 0.014583
17.431899 0.002110 0.026499 0.014594
17.434009 0.002110 0.026513 0.014607
17.436119 0.002110 0.026530 0.014625
17.438230 0.002110 0.026551 0.014645
17.440340 0.002110 0.026573 0.014668
17.442450 0.002110 0.026599 0.014693
17.444560 0.002110 0.026628 0.014723
17.446670 0.002110 0.026664 0.014759
17.448780 0.002110 0.026715 0.014809
17.450890 0.002110 0.026781 0.014876
17.453000 0.002110 0.026873 0.014968
17.455111 0.002110 0.027000 0.015095
17.457221 0.002110 0.027187 0.015282
17.459331 0.002110 0.027445 0.015540
17.461441 0.002110 0.027783 0.015877
17.463551 0.002110 0.028253 0.016348
17.465661 0.002110 0.028873 0.016968
17.467771 0.002110 0.029655 0.017749
17.469882 0.002110 0.030591 0.018686
17.471992 0.002110 0.031669 0.019764
17.474102 0.002110 0.032896 0.020991
17.476212 0.002110 0.034191 0.022286
17.478322 0.002110 0.035513 0.023608
17.480432 0.002110 0.036827 0.024922
17.482543 0.002110 0.038088 0.026183
17.484653 0.002110 0.039253 0.027348
17.486763 0.002110 0.040287 0.028382
17.488873 0.002110 0.041190 0.029285
17.490983 0.002110 0.041971 0.030065
17.493094 0.002110 0.042640 0.030735
17.495204 0.002110 0.043188 0.031283
17.497314 0.002110 0.043629 0.031724
17.499424 0.002110 0.043983 0.032077
17.501535 0.002110 0.044260 0.032355
17.503645 0.002110 0.044466 0.032561
17.505755 0.002110 0.044620 0.032714
17.507865 0.002110 0.044739 0.032833
17.509976 0.002110 0.044835 0.032930
17.512086 0.002110 0.044914 0.033008
17.514196 0.002110 0.044979 0.033073
17.516306 0.002110 0.045032 0.033127
17.518417 0.002110 0.045078 0.033173
17.520527 0.002110 0.045115 0.033209
17.522637 0.002110 0.045145 0.033239
17.524748 0.002110 0.045171 0.033266
17.526858 0.002110 0.045197 0.033292
17.528968 0.002110 0.045220 0.033315
17.531079 0.002110 0.045241 0.033336
17.533189 0.002110 0.045262 0.033357
17.535299 0.002110 0.045279 0.033374
17.537410 0.002110 0.045293 0.033388
17.539520 0.002110 0.045302 0.033397
17.541630 0.002110 0.045298 0.033393
17.543741 0.002110 0.045285 0.033380
17.545851 0.002110 0.045264 0.033359
17.547962 0.002110 0.045235 0.033329
17.550072 0.002110 0.045198 0.033293
17.552183 0.002110 0.045154 0.033249
17.554293 0.002110 0.045105 0.033200
17.556403 0.002110 0.045057 0.033151
17.558514 0.002110 0.045006 0.033101
17.560624 0.002110 0.044957 0.033052
17.562735 0.002110 0.044912 0.033006
17.564845 0.002110 0.044870 0.032965
17.566956 0.002111 0.044832 0.032927
17.569066 0.002111 0.044797 0.032892
17.571177 0.002111 0.044766 0.032861
17.573287 0.002111 0.044739 0.032834
17.575398 0.002111 0.044713 0.032808
17.577509 0.002111 0.044691 0.032786
17.579619 0.002111 0.044670 0.032765
17.581730 0.002111 0.044651 0.032746
17.583840 0.002111 0.044631 0.032726
17.585951 0.002111 0.044611 0.032706
17.588062 0.002111 0.044589 0.032684
17.590172 0.002111 0.044566 0.032660
17.592283 0.002111 0.044540 0.032635
17.594393 0.002111 0.044511 0.032606
17.596504 0.002111 0.044480 0.032575
17.598615 0.002111 0.044447 0.032541
17.600725 0.002111 0.044411 0.032506
17.602836 0.002111 0.044374 0.032469
17.604947 0.002111 0.044337 0.032432
17.607058 0.002111 0.044299 0.032394
17.609168 0.002111 0.044262 0.032356
17.611279 0.002111 0.044225 0.032320
17.613390 0.002111 0.044190 0.032284
17.615501 0.002111 0.044156 0.032251
17.617611 0.002111 0.044125 0.032219
17.619722 0.002111 0.044095 0.032189
17.621833 0.002111 0.044066 0.032161
17.623944 0.002111 0.044039 0.032134
17.626055 0.002111 0.044013 0.032108
17.628166 0.002111 0.043988 0.032083
17.630276 0.002111 0.043964 0.032059
17.632387 0.002111 0.043940 0.032035
17.634498 0.002111 0.043916 0.032011
17.636609 0.002111 0.043892 0.031987
17.638720 0.002111 0.043867 0.031962
17.640831 0.002111 0.043842 0.031937
17.642942 0.002111 0.043817 0.031911
17.645053 0.002111 0.043791 0.031885
17.647164 0.002111 0.043764 0.031859
17.649275 0.002111 0.043736 0.031831
17.651386 0.002111 0.043709 0.031803
17.653497 0.002111 0.043681 0.031776
17.655608 0.002111 0.043653 0.031748
17.657719 0.002111 0.043625 0.031720
17.659830 0.002111 0.043598 0.031693
17.661941 0.002111 0.043572 0.031667
17.664052 0.002111 0.043546 0.031640
17.666164 0.002111 0.043520 0.031615
17.668275 0.002111 0.043496 0.031590
17.670386 0.002111 0.043472 0.031566
17.672497 0.002111 0.043448 0.031543
17.674608 0.002111 0.043425 0.031520
17.676720 0.002111 0.043402 0.031497
17.678831 0.002111 0.043380 0.031475
17.680942 0.002111 0.043358 0.031453
17.683053 0.002111 0.043336 0.031430
17.685165 0.002111 0.043313 0.031408
17.687276 0.002111 0.043291 0.031386
17.689387 0.002111 0.043268 0.031363
17.691498 0.002111 0.043245 0.031340
17.693610 0.002111 0.043222 0.031317
17.695721 0.002111 0.043199 0.031293
17.697833 0.002111 0.043175 0.031269
17.699944 0.002111 0.043151 0.031245
17.702055 0.002111 0.043127 0.031221
17.704167 0.002111 0.043102 0.031197
17.706278 0.002111 0.043078 0.031173
17.708390 0.002111 0.043054 0.031149
17.710501 0.002111 0.043030 0.031125
17.712613 0.002112 0.043006 0.031101
17.714724 0.002112 0.042983 0.031078
17.716836 0.002112 0.042960 0.031054
17.718947 0.002112 0.042937 0.031032
17.721059 0.002112 0.042914 0.031009
17.723170 0.002112 0.042892 0.030987
17.725282 0.002112 0.042870 0.030965
17.727394 0.002112 0.042849 0.030943
17.729505 0.002112 0.042827 0.030922
17.731617 0.002112 0.042807 0.030901
17.733729 0.002112 0.042786 0.030881
17.735840 0.002112 0.042766 0.030861
17.737952 0.002112 0.042746 0.030841
17.740064 0.002112 0.042727 0.030822
17.742176 0.002112 0.042708 0.030803
17.744287 0.002112 0.042689 0.030784
17.746399 0.002112 0.042670 0.030765
17.748511 0.002112 0.042652 0.030746
17.750623 0.002112 0.042633 0.030728
17.752735 0.002112 0.042615 0.030710
17.754847 0.002112 0.042597 0.030692
17.756958 0.002112 0.042580 0.030674
17.759070 0.002112 0.042562 0.030657
17.761182 0.002112 0.042545 0.030640
17.763294 0.002112 0.042529 0.030623
17.765406 0.002112 0.042512 0.030607
17.767518 0.002112 0.042496 0.030591
17.769630 0.002112 0.042480 0.030575
17.771742 0.002112 0.042465 0.030560
17.773854 0.002112 0.042450 0.030545
17.775966 0.002112 0.042436 0.030531
17.778078 0.002112 0.042422 0.030517
17.780191 0.002112 0.042409 0.030504
17.782303 0.002112 0.042396 0.030491
17.784415 0.002112 0.042384 0.030479
17.786527 0.002112 0.042373 0.030468
17.788639 0.002112 0.042362 0.030457
17.790751 0.002112 0.042351 0.030446
17.792864 0.002112 0.042341 0.030436
17.794976 0.002112 0.042331 0.030426
17.797088 0.002112 0.042322 0.030417
17.799201 0.002112 0.042313 0.030407
17.801313 0.002112 0.042304 0.030399
17.803425 0.002112 0.042295 0.030390
17.805538 0.002112 0.042287 0.030382
17.807650 0.002112 0.042279 0.030374
17.809762 0.002112 0.042272 0.030366
17.811875 0.002112 0.042264 0.030359
17.813987 0.002112 0.042257 0.030352
17.816100 0.002112 0.042250 0.030345
17.818212 0.002112 0.042243 0.030338
17.820325 0.002113 0.042237 0.030332
17.822437 0.002113 0.042231 0.030325
17.824550 0.002113 0.042225 0.030319
17.826662 0.002113 0.042219 0.030314
17.828775 0.002113 0.042213 0.030308
17.830888 0.002113 0.042208 0.030303
17.833000 0.002113 0.042203 0.030298
17.835113 0.002113 0.042198 0.030293
17.837226 0.002113 0.042193 0.030288
17.839338 0.002113 0.042188 0.030283
17.841451 0.002113 0.042183 0.030277
17.843564 0.002113 0.042177 0.030272
17.845677 0.002113 0.042172 0.030267
17.847789 0.002113 0.042166 0.030261
17.849902 0.002113 0.042161 0.030255
17.852015 0.002113 0.042154 0.030249
17.854128 0.002113 0.042148 0.030243
17.856241 0.002113 0.042141 0.030236
17.858354 0.002113 0.042134 0.030229
17.860467 0.002113 0.042126 0.030221
17.862580 0.002113 0.042118 0.030213
17.864693 0.002113 0.042110 0.030205
17.866806 0.002113 0.042101 0.030196
17.868919 0.002113 0.042092 0.030187
17.871032 0.002113 0.042083 0.030177
17.873145 0.002113 0.042073 0.030168
17.875258 0.002113 0.042063 0.030158
17.877371 0.002113 0.042053 0.030148
17.879484 0.002113 0.042042 0.030137
17.881597 0.002113 0.042032 0.030127
17.883710 0.002113 0.042021 0.030116
17.885823 0.002113 0.042010 0.030105
17.887937 0.002113 0.041999 0.030094
17.890050 0.002113 0.041988 0.030083
17.892163 0.002113 0.041977 0.030072
17.894276 0.002113 0.041967 0.030061
17.896389 0.002113 0.041956 0.030051
17.898503 0.002113 0.041945 0.030040
17.900616 0.002113 0.041935 0.030030
17.902729 0.002113 0.041926 0.030020
17.904843 0.002113 0.041916 0.030011
17.906956 0.002113 0.041907 0.030002
17.909069 0.002113 0.041899 0.029994
17.911183 0.002113 0.041891 0.029986
17.913296 0.002113 0.041884 0.029979
17.915409 0.002113 0.041877 0.029972
17.917523 0.002113 0.041872 0.029967
17.919636 0.002113 0.041867 0.029962
17.921750 0.002113 0.041863 0.029958
17.923863 0.002113 0.041860 0.029955
17.925977 0.002113 0.041857 0.029952
17.928090 0.002114 0.041856 0.029951
17.930204 0.002114 0.041855 0.029950
17.932317 0.002114 0.041855 0.029950
17.934431 0.002114 0.041856 0.029951
17.936544 0.002114 0.041858 0.029953
17.938658 0.002114 0.041860 0.029955
17.940772 0.002114 0.041863 0.029958
17.942885 0.002114 0.041866 0.029961
17.944999 0.002114 0.041870 0.029965
17.947113 0.002114 0.041874 0.029969
17.949226 0.002114 0.041879 0.029974
17.951340 0.002114 0.041884 0.029979
17.953454 0.002114 0.041889 0.029984
17.955567 0.002114 0.041894 0.029989
17.957681 0.002114 0.041899 0.029993
17.959795 0.002114 0.041904 0.029998
17.961909 0.002114 0.041908 0.030003
17.964023 0.002114 0.041913 0.030007
17.966136 0.002114 0.041917 0.030012
17.968250 0.002114 0.041920 0.030015
17.970364 0.002114 0.041924 0.030018
17.972478 0.002114 0.041926 0.030021
17.974592 0.002114 0.041928 0.030023
17.976706 0.002114 0.041929 0.030024
17.978820 0.002114 0.041929 0.030024
17.980934 0.002114 0.041929 0.030024
17.983048 0.002114 0.041928 0.030022
17.985162 0.002114 0.041925 0.030020
17.987276 0.002114 0.041922 0.030017
17.989390 0.002114 0.041918 0.030013
17.991504 0.002114 0.041912 0.030007
17.993618 0.002114 0.041906 0.030001
17.995732 0.002114 0.041899 0.029994
17.997846 0.002114 0.041890 0.029985
17.999961 0.002114 0.041881 0.029976
18.002075 0.002114 0.041870 0.029965
18.004189 0.002114 0.041859 0.029954
18.006303 0.002114 0.041847 0.029942
18.008418 0.002114 0.041834 0.029929
18.010532 0.002114 0.041820 0.029915
18.012646 0.002114 0.041805 0.029900
18.014760 0.002114 0.041789 0.029884
18.016875 0.002114 0.041773 0.029867
18.018989 0.002114 0.041755 0.029850
18.021103 0.002114 0.041737 0.029832
18.023218 0.002114 0.041718 0.029813
18.025332 0.002114 0.041698 0.029793
18.027447 0.002114 0.041677 0.029772
18.029561 0.002114 0.041656 0.029750
18.031676 0.002114 0.041633 0.029728
18.033790 0.002115 0.041610 0.029705
18.035905 0.002115 0.041586 0.029681
18.038019 0.002115 0.041562 0.029657
18.040134 0.002115 0.041537 0.029631
18.042248 0.002115 0.041511 0.029605
18.044363 0.002115 0.041484 0.029579
18.046478 0.002115 0.041457 0.029552
18.048592 0.002115 0.041430 0.029524
18.050707 0.002115 0.041402 0.029497
18.052822 0.002115 0.041374 0.029469
18.054937 0.002115 0.041346 0.029441
18.057051 0.002115 0.041317 0.029412
18.059166 0.002115 0.041289 0.029383
18.061281 0.002115 0.041259 0.029354
18.063396 0.002115 0.041230 0.029325
18.065511 0.002115 0.041200 0.029295
18.067625 0.002115 0.041170 0.029265
18.069740 0.002115 0.041140 0.029235
18.071855 0.002115 0.041110 0.029204
18.073970 0.002115 0.041079 0.029174
18.076085 0.002115 0.041048 0.029143
18.078200 0.002115 0.041018 0.029113
18.080315 0.002115 0.040987 0.029082
18.082430 0.002115 0.040956 0.029051
18.084545 0.002115 0.040926 0.029021
18.086660 0.002115 0.040895 0.028990
18.088776 0.002115 0.040865 0.028960
18.090891 0.002115 0.040835 0.028930
18.093006 0.002115 0.040805 0.028900
18.095121 0.002115 0.040775 0.028869
18.097236 0.002115 0.040744 0.028839
18.099352 0.002115 0.040714 0.028809
18.101467 0.002115 0.040685 0.028779
18.103582 0.002115 0.040655 0.028750
18.105697 0.002115 0.040626 0.028720
18.107813 0.002115 0.040597 0.028692
18.109928 0.002115 0.040568 0.028663
18.112044 0.002115 0.040541 0.028635
18.114159 0.002115 0.040513 0.028608
18.116274 0.002115 0.040486 0.028581
18.118390 0.002115 0.040460 0.028555
18.120505 0.002116 0.040434 0.028528
18.122621 0.002116 0.040408 0.028502
18.124737 0.002116 0.040382 0.028477
18.126852 0.002116 0.040356 0.028451
18.128968 0.002116 0.040331 0.028426
18.131083 0.002116 0.040306 0.028400
18.133199 0.002116 0.040280 0.028375
18.135315 0.002116 0.040256 0.028350
18.137430 0.002116 0.040231 0.028326
18.139546 0.002116 0.040207 0.028301
18.141662 0.002116 0.040183 0.028277
18.143778 0.002116 0.040159 0.028254
18.145894 0.002116 0.040135 0.028230
18.148009 0.002116 0.040112 0.028207
18.150125 0.002116 0.040089 0.028184
18.152241 0.002116 0.040067 0.028162
18.154357 0.002116 0.040044 0.028139
18.156473 0.002116 0.040023 0.028117
18.158589 0.002116 0.040001 0.028096
18.160705 0.002116 0.039980 0.028075
18.162821 0.002116 0.039959 0.028054
18.164937 0.002116 0.039939 0.028034
18.167053 0.002116 0.039919 0.028013
18.169169 0.002116 0.039899 0.027994
18.171285 0.002116 0.039880 0.027974
18.173401 0.002116 0.039861 0.027955
18.175517 0.002116 0.039842 0.027937
18.177634 0.002116 0.039823 0.027918
18.179750 0.002116 0.039805 0.027900
18.181866 0.002116 0.039788 0.027883
18.183982 0.002116 0.039770 0.027865
18.186098 0.002116 0.039753 0.027848
18.188214 0.002116 0.039736 0.027831
18.190331 0.002116 0.039720 0.027814
18.192447 0.002116 0.039703 0.027798
18.194563 0.002116 0.039687 0.027782
18.196679 0.002116 0.039671 0.027766
18.198796 0.002116 0.039656 0.027750
18.200912 0.002116 0.039640 0.027735
18.203028 0.002116 0.039625 0.027720
18.205144 0.002116 0.039610 0.027705
18.207261 0.002116 0.039595 0.027690
18.209377 0.002116 0.039580 0.027675
18.211493 0.002116 0.039566 0.027661
18.213610 0.002116 0.039551 0.027646
18.215726 0.002116 0.039537 0.027632
18.217842 0.002116 0.039523 0.027618
18.219959 0.002116 0.039509 0.027604
18.222075 0.002116 0.039495 0.027590
18.224192 0.002116 0.039481 0.027576
18.226308 0.002116 0.039468 0.027563
18.228424 0.002116 0.039454 0.027549
18.230541 0.002116 0.039441 0.027535
18.232657 0.002116 0.039427 0.027522
18.234774 0.002116 0.039414 0.027509
18.236890 0.002117 0.039401 0.027495
18.239007 0.002117 0.039387 0.027482
18.241123 0.002117 0.039374 0.027469
18.243240 0.002117 0.039361 0.027456
18.245357 0.002117 0.039348 0.027443
18.247473 0.002117 0.039335 0.027430
18.249590 0.002117 0.039322 0.027416
18.251706 0.002117 0.039309 0.027403
18.253823 0.002117 0.039295 0.027390
18.255940 0.002117 0.039282 0.027377
18.258056 0.002117 0.039269 0.027363
18.260173 0.002117 0.039255 0.027350
18.262290 0.002117 0.039242 0.027336
18.264406 0.002117 0.039228 0.027323
18.266523 0.002117 0.039214 0.027309
18.268640 0.002117 0.039200 0.027295
18.270757 0.002117 0.039185 0.027280
18.272873 0.002117 0.039171 0.027266
18.274990 0.002117 0.039156 0.027251
18.277107 0.002117 0.039140 0.027235
18.279224 0.002117 0.039124 0.027219
18.281341 0.002117 0.039108 0.027203
18.283458 0.002117 0.039091 0.027186
18.285574 0.002117 0.039074 0.027168
18.287691 0.002117 0.039055 0.027150
18.289808 0.002117 0.039036 0.027131
18.291925 0.002117 0.039017 0.027111
18.294042 0.002117 0.038996 0.027091
18.296159 0.002117 0.038976 0.027070
18.298276 0.002117 0.038954 0.027049
18.300393 0.002117 0.038932 0.027027
18.302510 0.002117 0.038909 0.027004
18.304627 0.002117 0.038886 0.026981
18.306744 0.002117 0.038863 0.026958
18.308861 0.002117 0.038840 0.026935
18.310979 0.002117 0.038818 0.026912
18.313096 0.002117 0.038795 0.026890
18.315213 0.002117 0.038772 0.026867
18.317330 0.002117 0.038750 0.026845
18.319447 0.002117 0.038730 0.026824
18.321564 0.002117 0.038710 0.026805
18.323682 0.002117 0.038692 0.026787
18.325799 0.002117 0.038676 0.026771
18.327916 0.002117 0.038662 0.026756
18.330034 0.002117 0.038650 0.026745
18.332151 0.002117 0.038642 0.026737
18.334268 0.002117 0.038636 0.026731
18.336386 0.002117 0.038633 0.026728
18.338503 0.002117 0.038631 0.026726
18.340620 0.002117 0.038631 0.026726
18.342738 0.002117 0.038632 0.026727
18.344855 0.002117 0.038635 0.026729
18.346973 0.002117 0.038637 0.026732
18.349090 0.002118 0.038640 0.026735
18.351208 0.002118 0.038644 0.026739
18.353325 0.002118 0.038651 0.026746
18.355443 0.002118 0.038661 0.026755
18.357561 0.002118 0.038674 0.026769
18.359678 0.002118 0.038693 0.026788
18.361796 0.002118 0.038722 0.026817
18.363914 0.002118 0.038761 0.026856
18.366031 0.002118 0.038811 0.026906
18.368149 0.002118 0.038876 0.026971
18.370267 0.002118 0.038957 0.027052
18.372385 0.002118 0.039059 0.027154
18.374502 0.002118 0.039200 0.027295
18.376620 0.002118 0.039387 0.027482
18.378738 0.002118 0.039621 0.027715
18.380856 0.002118 0.039902 0.027997
18.382974 0.002118 0.040229 0.028324
18.385092 0.002118 0.040600 0.028695
18.387210 0.002118 0.041018 0.029113
18.389328 0.002118 0.041462 0.029556
18.391446 0.002118 0.041914 0.030009
18.393564 0.002118 0.042366 0.030460
18.395682 0.002118 0.042805 0.030900
18.397800 0.002118 0.043229 0.031324
18.399918 0.002118 0.043618 0.031713
18.402036 0.002118 0.043969 0.032063
18.404154 0.002118 0.044284 0.032379
18.406272 0.002118 0.044561 0.032655
18.408391 0.002118 0.044801 0.032896
18.410509 0.002118 0.045006 0.033101
18.412627 0.002118 0.045181 0.033276
18.414745 0.002118 0.045329 0.033424
18.416864 0.002118 0.045448 0.033543
18.418982 0.002118 0.045546 0.033641
18.421101 0.002118 0.045630 0.033725
18.423219 0.002118 0.045704 0.033799
18.425337 0.002118 0.045770 0.033865
18.427456 0.002118 0.045831 0.033926
18.429574 0.002119 0.045890 0.033984
18.431693 0.002119 0.045950 0.034045
18.433811 0.002119 0.046008 0.034103
18.435930 0.002119 0.046068 0.034163
18.438049 0.002119 0.046133 0.034228
18.440167 0.002119 0.046200 0.034295
18.442286 0.002119 0.046268 0.034362
18.444405 0.002119 0.046334 0.034429
18.446523 0.002119 0.046396 0.034491
18.448642 0.002119 0.046454 0.034549
18.450761 0.002119 0.046506 0.034601
18.452880 0.002119 0.046549 0.034644
18.454999 0.002119 0.046581 0.034676
18.457118 0.002119 0.046601 0.034695
18.459237 0.002119 0.046608 0.034703
18.461356 0.002119 0.046607 0.034702
18.463474 0.002119 0.046599 0.034694
18.465594 0.002119 0.046583 0.034678
18.467713 0.002119 0.046559 0.034654
18.469832 0.002119 0.046531 0.034625
18.471951 0.002119 0.046498 0.034593
18.474070 0.002119 0.046464 0.034559
18.476189 0.002119 0.046430 0.034525
18.478308 0.002119 0.046399 0.034494
18.480428 0.002119 0.046371 0.034466
18.482547 0.002119 0.046347 0.034441
18.484666 0.002119 0.046327 0.034422
18.486785 0.002119 0.046314 0.034409
18.488905 0.002119 0.046305 0.034400
18.491024 0.002119 0.046299 0.034394
18.493144 0.002119 0.046293 0.034388
18.495263 0.002119 0.046288 0.034382
18.497383 0.002120 0.046282 0.034377
18.499502 0.002120 0.046277 0.034372
18.501622 0.002120 0.046271 0.034366
18.503741 0.002120 0.046265 0.034360
18.505861 0.002120 0.046259 0.034353
18.507981 0.002120 0.046251 0.034346
18.510100 0.002120 0.046242 0.034337
18.512220 0.002120 0.046232 0.034327
18.514340 0.002120 0.046221 0.034316
18.516460 0.002120 0.046208 0.034303
18.518579 0.002120 0.046193 0.034288
18.520699 0.002120 0.046177 0.034272
18.522819 0.002120 0.046159 0.034253
18.524939 0.002120 0.046139 0.034233
18.527059 0.002120 0.046118 0.034212
18.529179 0.002120 0.046096 0.034191
18.531299 0.002120 0.046075 0.034170
18.533419 0.002120 0.046054 0.034149
18.535539 0.002120 0.046034 0.034129
18.537660 0.002120 0.046016 0.034111
18.539780 0.002120 0.046000 0.034094
18.541900 0.002120 0.045985 0.034079
18.544020 0.002120 0.045971 0.034066
18.546141 0.002120 0.045959 0.034054
18.548261 0.002120 0.045949 0.034043
18.550381 0.002120 0.045939 0.034034
18.552502 0.002120 0.045930 0.034025
18.554622 0.002120 0.045922 0.034016
18.556743 0.002120 0.045914 0.034008
18.558863 0.002121 0.045906 0.034001
18.560984 0.002121 0.045899 0.033994
18.563104 0.002121 0.045892 0.033987
18.565225 0.002121 0.045885 0.033979
18.567345 0.002121 0.045877 0.033971
18.569466 0.002121 0.045868 0.033963
18.571587 0.002121 0.045859 0.033954
18.573708 0.002121 0.045850 0.033945
18.575828 0.002121 0.045840 0.033935
18.577949 0.002121 0.045830 0.033924
18.580070 0.002121 0.045819 0.033914
18.582191 0.002121 0.045809 0.033903
18.584312 0.002121 0.045798 0.033893
18.586433 0.002121 0.045787 0.033882
18.588554 0.002121 0.045777 0.033872
18.590675 0.002121 0.045767 0.033862
18.592796 0.002121 0.045758 0.033853
18.594917 0.002121 0.045749 0.033844
18.597038 0.002121 0.045741 0.033836
18.599160 0.002121 0.045733 0.033828
18.601281 0.002121 0.045726 0.033821
18.603402 0.002121 0.045720 0.033814
18.605524 0.002121 0.045713 0.033808
18.607645 0.002121 0.045707 0.033802
18.609766 0.002121 0.045702 0.033797
18.611888 0.002121 0.045696 0.033791
18.614009 0.002121 0.045691 0.033786
18.616131 0.002122 0.045686 0.033781
18.618252 0.002122 0.045680 0.033775
18.620374 0.002122 0.045675 0.033770
18.622495 0.002122 0.045669 0.033764
18.624617 0.002122 0.045664 0.033759
18.626739 0.002122 0.045658 0.033753
18.628861 0.002122 0.045652 0.033747
18.630982 0.002122 0.045645 0.033740
18.633104 0.002122 0.045639 0.033734
18.635226 0.002122 0.045632 0.033727
18.637348 0.002122 0.045626 0.033721
18.639470 0.002122 0.045619 0.033714
18.641592 0.002122 0.045612 0.033707
18.643714 0.002122 0.045606 0.033700
18.645836 0.002122 0.045599 0.033694
18.647958 0.002122 0.045592 0.033687
18.650080 0.002122 0.045586 0.033681
18.652202 0.002122 0.045579 0.033674
18.654325 0.002122 0.045573 0.033668
18.656447 0.002122 0.045567 0.033662
18.658569 0.002122 0.045561 0.033656
18.660691 0.002122 0.045555 0.033650
18.662814 0.002122 0.045549 0.033644
18.664936 0.002122 0.045544 0.033638
18.667059 0.002122 0.045538 0.033633
18.669181 0.002122 0.045532 0.033627
18.671304 0.002123 0.045526 0.033621
18.673426 0.002123 0.045520 0.033615
18.675549 0.002123 0.045515 0.033609
18.677671 0.002123 0.045509 0.033603
18.679794 0.002123 0.045502 0.033597
18.681917 0.002123 0.045496 0.033591
18.684040 0.002123 0.045490 0.033585
18.686162 0.002123 0.045484 0.033579
18.688285 0.002123 0.045478 0.033573
18.690408 0.002123 0.045472 0.033567
18.692531 0.002123 0.045466 0.033561
18.694654 0.002123 0.045460 0.033555
18.696777 0.002123 0.045455 0.033550
18.698900 0.002123 0.045450 0.033545
18.701023 0.002123 0.045445 0.033540
18.703146 0.002123 0.045440 0.033535
18.705269 0.002123 0.045436 0.033531
18.707393 0.002123 0.045433 0.033528
18.709516 0.002123 0.045430 0.033525
18.711639 0.002123 0.045428 0.033522
18.713763 0.002123 0.045426 0.033521
18.715886 0.002123 0.045425 0.033520
18.718009 0.002123 0.045424 0.033519
18.720133 0.002123 0.045424 0.033519
18.722256 0.002123 0.045425 0.033520
18.724380 0.002124 0.045426 0.033521
18.726503 0.002124 0.045428 0.033523
18.728627 0.002124 0.045431 0.033526
18.730751 0.002124 0.045434 0.033529
18.732874 0.002124 0.045438 0.033533
18.734998 0.002124 0.045442 0.033537
18.737122 0.002124 0.045447 0.033541
18.739246 0.002124 0.045452 0.033546
18.741369 0.002124 0.045457 0.033552
18.743493 0.002124 0.045463 0.033557
18.745617 0.002124 0.045468 0.033563
18.747741 0.002124 0.045475 0.033569
18.749865 0.002124 0.045481 0.033576
18.751989 0.002124 0.045488 0.033582
18.754114 0.002124 0.045494 0.033589
18.756238 0.002124 0.045501 0.033596
18.758362 0.002124 0.045508 0.033602
18.760486 0.002124 0.045514 0.033609
18.762610 0.002124 0.045521 0.033616
18.764735 0.002124 0.045528 0.033623
18.766859 0.002124 0.045534 0.033629
18.768984 0.002124 0.045541 0.033635
18.771108 0.002124 0.045547 0.033642
18.773232 0.002124 0.045553 0.033648
18.775357 0.002125 0.045559 0.033654
18.777482 0.002125 0.045564 0.033659
18.779606 0.002125 0.045569 0.033664
18.781731 0.002125 0.045574 0.033669
18.783856 0.002125 0.045579 0.033674
18.785980 0.002125 0.045583 0.033678
18.788105 0.002125 0.045587 0.033682
18.790230 0.002125 0.045591 0.033686
18.792355 0.002125 0.045594 0.033689
18.794480 0.002125 0.045597 0.033692
18.796605 0.002125 0.045599 0.033694
18.798730 0.002125 0.045601 0.033696
18.800855 0.002125 0.045602 0.033697
18.802980 0.002125 0.045603 0.033697
18.805105 0.002125 0.045602 0.033697
18.807230 0.002125 0.045602 0.033696
18.809356 0.002125 0.045600 0.033695
18.811481 0.002125 0.045597 0.033692
18.813606 0.002125 0.045594 0.033689
18.815731 0.002125 0.045590 0.033684
18.817857 0.002125 0.045584 0.033679
18.819982 0.002125 0.045578 0.033673
18.822108 0.002125 0.045571 0.033666
18.824233 0.002126 0.045563 0.033658
18.826359 0.002126 0.045554 0.033649
18.828485 0.002126 0.045544 0.033639
18.830610 0.002126 0.045534 0.033628
18.832736 0.002126 0.045522 0.033617
18.834862 0.002126 0.045510 0.033605
18.836987 0.002126 0.045498 0.033593
18.839113 0.002126 0.045485 0.033579
18.841239 0.002126 0.045471 0.033566
18.843365 0.002126 0.045457 0.033551
18.845491 0.002126 0.045442 0.033537
18.847617 0.002126 0.045426 0.033521
18.849743 0.002126 0.045411 0.033506
18.851869 0.002126 0.045395 0.033489
18.853995 0.002126 0.045378 0.033473
18.856122 0.002126 0.045361 0.033456
18.858248 0.002126 0.045344 0.033439
18.860374 0.002126 0.045327 0.033422
18.862500 0.002126 0.045309 0.033404
18.864627 0.002126 0.045292 0.033386
18.866753 0.002126 0.045274 0.033368
18.868880 0.002126 0.045256 0.033350
18.871006 0.002126 0.045237 0.033332
18.873133 0.002127 0.045219 0.033314
18.875259 0.002127 0.045201 0.033295
18.877386 0.002127 0.045182 0.033277
18.879512 0.002127 0.045163 0.033258
18.881639 0.002127 0.045145 0.033240
18.883766 0.002127 0.045126 0.033221
18.885893 0.002127 0.045107 0.033202
18.888019 0.002127 0.045089 0.033184
18.890146 0.002127 0.045070 0.033165
18.892273 0.002127 0.045051 0.033146
18.894400 0.002127 0.045033 0.033127
18.896527 0.002127 0.045014 0.033109
18.898654 0.002127 0.044995 0.033090
18.900781 0.002127 0.044977 0.033071
18.902909 0.002127 0.044958 0.033053
18.905036 0.002127 0.044939 0.033034
18.907163 0.002127 0.044921 0.033016
18.909290 0.002127 0.044902 0.032997
18.911418 0.002127 0.044884 0.032979
18.913545 0.002127 0.044865 0.032960
18.915672 0.002127 0.044847 0.032942
18.917800 0.002127 0.044829 0.032924
18.919927 0.002128 0.044811 0.032905
18.922055 0.002128 0.044793 0.032887
18.924182 0.002128 0.044775 0.032870
18.926310 0.002128 0.044757 0.032852
18.928438 0.002128 0.044739 0.032834
18.930566 0.002128 0.044722 0.032817
18.932693 0.002128 0.044704 0.032799
18.934821 0.002128 0.044687 0.032782
18.936949 0.002128 0.044670 0.032765
18.939077 0.002128 0.044653 0.032748
18.941205 0.002128 0.044636 0.032731
18.943333 0.002128 0.044619 0.032714
18.945461 0.002128 0.044602 0.032697
18.947589 0.002128 0.044586 0.032680
18.949717 0.002128 0.044569 0.032664
18.951845 0.002128 0.044553 0.032647
18.953973 0.002128 0.044536 0.032631
18.956102 0.002128 0.044520 0.032615
18.958230 0.002128 0.044504 0.032599
18.960358 0.002128 0.044488 0.032583
18.962487 0.002128 0.044472 0.032567
18.964615 0.002128 0.044456 0.032551
18.966744 0.002128 0.044440 0.032535
18.968872 0.002129 0.044424 0.032519
18.971001 0.002129 0.044408 0.032503
18.973130 0.002129 0.044392 0.032487
18.975258 0.002129 0.044376 0.032471
18.977387 0.002129 0.044360 0.032455
18.979516 0.002129 0.044344 0.032439
18.981645 0.002129 0.044327 0.032422
18.983773 0.002129 0.044311 0.032406
18.985902 0.002129 0.044294 0.032389
18.988031 0.002129 0.044278 0.032372
18.990160 0.002129 0.044260 0.032355
18.992289 0.002129 0.044243 0.032338
18.994418 0.002129 0.044226 0.032320
18.996548 0.002129 0.044208 0.032303
18.998677 0.002129 0.044190 0.032285
19.000806 0.002129 0.044171 0.032266
19.002935 0.002129 0.044153 0.032247
19.005064 0.002129 0.044133 0.032228
19.007192 0.002128 0.044114 0.032209
19.009319 0.002127 0.044094 0.032189
19.011444 0.002126 0.044074 0.032169
19.013569 0.002125 0.044054 0.032149
19.015692 0.002124 0.044033 0.032128
19.017815 0.002123 0.044012 0.032107
19.019936 0.002122 0.043991 0.032086
19.022057 0.002121 0.043969 0.032064
19.024177 0.002120 0.043947 0.032042
19.026296 0.002119 0.043925 0.032020
19.028414 0.002118 0.043902 0.031997
19.030532 0.002118 0.043879 0.031974
19.032649 0.002117 0.043856 0.031951
19.034765 0.002116 0.043832 0.031927
19.036880 0.002115 0.043808 0.031903
19.038995 0.002114 0.043784 0.031879
19.041108 0.002114 0.043760 0.031855
19.043221 0.002113 0.043735 0.031830
19.045333 0.002112 0.043710 0.031805
19.047444 0.002111 0.043685 0.031780
19.049555 0.002110 0.043660 0.031755
19.051664 0.002110 0.043635 0.031730
19.053773 0.002109 0.043610 0.031705
19.055881 0.002108 0.043585 0.031679
19.057989 0.002107 0.043559 0.031654
19.060095 0.002107 0.043534 0.031629
19.062201 0.002106 0.043509 0.031603
19.064307 0.002105 0.043483 0.031578
19.066411 0.002104 0.043458 0.031553
19.068515 0.002104 0.043433 0.031527
19.070617 0.002103 0.043407 0.031502
19.072719 0.002102 0.043382 0.031477
19.074820 0.002101 0.043357 0.031452
19.076921 0.002101 0.043332 0.031427
19.079021 0.002100 0.043307 0.031402
19.081120 0.002099 0.043282 0.031377
19.083219 0.002099 0.043257 0.031352
19.085318 0.002099 0.043232 0.031327
19.087417 0.002099 0.043208 0.031302
19.089515 0.002098 0.043183 0.031278
19.091614 0.002099 0.043159 0.031254
19.093712 0.002098 0.043135 0.031229
19.095810 0.002098 0.043111 0.031205
19.097906 0.002097 0.043087 0.031181
19.100003 0.002096 0.043063 0.031158
19.102098 0.002096 0.043039 0.031134
19.104193 0.002095 0.043016 0.031110
19.106288 0.002095 0.042992 0.031087
19.108383 0.002095 0.042969 0.031064
19.110477 0.002094 0.042946 0.031041
19.112572 0.002094 0.042923 0.031018
19.114666 0.002095 0.042900 0.030995
19.116761 0.002094 0.042878 0.030973
19.118854 0.002094 0.042855 0.030950
19.120947 0.002093 0.042833 0.030928
19.123040 0.002093 0.042811 0.030906
19.125132 0.002092 0.042789 0.030884
19.127223 0.002092 0.042767 0.030862
19.129315 0.002091 0.042745 0.030840
19.131406 0.002091 0.042723 0.030818
19.133498 0.002091 0.042701 0.030796
19.135589 0.002091 0.042679 0.030774
19.137680 0.002091 0.042658 0.030753
19.139770 0.002090 0.042636 0.030731
19.141860 0.002090 0.042615 0.030709
19.143950 0.002090 0.042593 0.030688
19.146039 0.002089 0.042571 0.030666
19.148128 0.002089 0.042550 0.030645
19.150218 0.002089 0.042528 0.030623
19.152307 0.002090 0.042507 0.030602
19.154398 0.002090 0.042485 0.030580
19.156488 0.002090 0.042464 0.030559
19.158577 0.002089 0.042442 0.030537
19.160666 0.002089 0.042421 0.030515
19.162754 0.002089 0.042399 0.030494
19.164843 0.002088 0.042377 0.030472
19.166931 0.002088 0.042356 0.030451
19.169019 0.002088 0.042334 0.030429
19.171108 0.002089 0.042313 0.030407
19.173198 0.002089 0.042291 0.030386
19.175288 0.002090 0.042269 0.030364
19.177377 0.002089 0.042248 0.030342
19.179465 0.002088 0.042226 0.030321
19.181552 0.002087 0.042204 0.030299
19.183639 0.002087 0.042183 0.030277
19.185725 0.002087 0.042161 0.030256
19.187812 0.002087 0.042139 0.030234
19.189900 0.002088 0.042117 0.030212
19.191988 0.002088 0.042096 0.030190
19.194078 0.002089 0.042074 0.030169
19.196167 0.002090 0.042052 0.030147
19.198257 0.002090 0.042030 0.030125
19.200349 0.002091 0.042008 0.030103
19.202442 0.002093 0.041987 0.030081
19.204537 0.002095 0.041965 0.030060
19.206634 0.002097 0.041943 0.030038
19.208730 0.002096 0.041921 0.030016
19.210825 0.002095 0.041899 0.029994
19.212921 0.002096 0.041877 0.029972
19.215019 0.002097 0.041856 0.029950
19.217117 0.002098 0.041834 0.029929
19.219215 0.002099 0.041812 0.029907
19.221317 0.002101 0.041790 0.029885
19.223420 0.002103 0.041768 0.029863
19.225525 0.002105 0.041746 0.029841
19.227633 0.002108 0.041724 0.029819
19.229744 0.002111 0.041702 0.029797
19.231859 0.002115 0.041680 0.029775
19.233976 0.002117 0.041658 0.029753
19.236087 0.002111 0.041636 0.029731
19.238200 0.002113 0.041614 0.029708
19.240315 0.002114 0.041591 0.029686
19.242431 0.002116 0.041569 0.029663
19.244549 0.002119 0.041546 0.029641
19.246671 0.002121 0.041523 0.029618
19.248795 0.002124 0.041500 0.029594
19.250923 0.002128 0.041476 0.029571
19.253054 0.002131 0.041453 0.029548
19.255182 0.002128 0.041429 0.029524
19.257309 0.002127 0.041405 0.029500
19.259435 0.002126 0.041382 0.029476
19.261561 0.002127 0.041358 0.029453
19.263690 0.002128 0.041334 0.029429
19.265821 0.002131 0.041310 0.029405
19.267954 0.002133 0.041286 0.029381
19.270085 0.002131 0.041262 0.029357
19.272214 0.002129 0.041238 0.029333
19.274343 0.002128 0.041215 0.029309
19.276471 0.002128 0.041191 0.029286
19.278598 0.002128 0.041167 0.029262
19.280725 0.002126 0.041144 0.029239
19.282850 0.002125 0.041121 0.029216
19.284975 0.002125 0.041099 0.029193
19.287100 0.002125 0.041077 0.029171
19.289225 0.002126 0.041055 0.029150
19.291353 0.002127 0.041034 0.029129
19.293482 0.002130 0.041014 0.029109
19.295611 0.002129 0.040994 0.029089
19.297739 0.002128 0.040975 0.029070
19.299866 0.002126 0.040957 0.029052
19.301991 0.002126 0.040940 0.029035
19.304117 0.002126 0.040924 0.029019
19.306242 0.002125 0.040910 0.029004
19.308366 0.002124 0.040896 0.028990
19.310490 0.002124 0.040883 0.028978
19.312613 0.002123 0.040871 0.028966
19.314736 0.002123 0.040861 0.028956
19.316859 0.002123 0.040852 0.028947
19.318984 0.002125 0.040844 0.028939
19.321111 0.002126 0.040838 0.028933
19.323236 0.002125 0.040832 0.028927
19.325360 0.002124 0.040828 0.028923
19.327484 0.002124 0.040826 0.028920
19.329609 0.002124 0.040824 0.028919
19.331734 0.002125 0.040823 0.028918
19.333859 0.002125 0.040823 0.028918
19.335985 0.002126 0.040823 0.028918
19.338113 0.002128 0.040824 0.028919
19.340243 0.002130 0.040825 0.028920
19.342373 0.002130 0.040826 0.028921
19.344502 0.002129 0.040827 0.028922
19.346630 0.002128 0.040828 0.028923
19.348758 0.002128 0.040829 0.028924
19.350887 0.002128 0.040830 0.028925
19.353015 0.002129 0.040830 0.028925
19.355144 0.002129 0.040829 0.028924
19.357274 0.002130 0.040828 0.028923
19.359405 0.002131 0.040826 0.028921
19.361537 0.002132 0.040823 0.028918
19.363669 0.002132 0.040820 0.028914
19.365799 0.002130 0.040815 0.028910
19.367928 0.002129 0.040809 0.028904
19.370056 0.002128 0.040803 0.028898
19.372184 0.002128 0.040795 0.028890
19.374312 0.002128 0.040787 0.028881
19.376440 0.002128 0.040777 0.028872
19.378569 0.002128 0.040766 0.028860
19.380698 0.002129 0.040753 0.028848
19.382828 0.002130 0.040739 0.028834
19.384957 0.002129 0.040724 0.028818
19.387085 0.002128 0.040707 0.028802
19.389212 0.002127 0.040690 0.028784
19.391339 0.002127 0.040672 0.028766
19.393465 0.002126 0.040653 0.028748
19.395591 0.002126 0.040634 0.028729
19.397716 0.002126 0.040614 0.028709
19.399842 0.002125 0.040593 0.028688
19.401967 0.002126 0.040570 0.028665
19.404093 0.002126 0.040546 0.028641
19.406219 0.002126 0.040520 0.028614
19.408346 0.002127 0.040492 0.028586
19.410472 0.002126 0.040462 0.028557
19.412597 0.002125 0.040431 0.028526
19.414720 0.002124 0.040400 0.028494
19.416843 0.002123 0.040367 0.028462
19.418966 0.002122 0.040335 0.028430
19.421088 0.002123 0.040302 0.028397
19.423212 0.002123 0.040270 0.028364
19.425336 0.002124 0.040237 0.028332
19.427460 0.002125 0.040204 0.028299
19.429585 0.002125 0.040172 0.028266
19.431711 0.002126 0.040139 0.028234
19.433837 0.002126 0.040106 0.028201
19.435963 0.002127 0.040074 0.028169
19.438090 0.002126 0.040042 0.028136
19.440215 0.002126 0.040009 0.028104
19.442341 0.002126 0.039977 0.028072
19.444466 0.002125 0.039946 0.028040
19.446591 0.002125 0.039914 0.028009
19.448716 0.002125 0.039883 0.027978
19.450840 0.002124 0.039852 0.027947
19.452964 0.002124 0.039821 0.027916
19.455088 0.002124 0.039790 0.027885
19.457212 0.002124 0.039760 0.027855
19.459335 0.002123 0.039730 0.027825
19.461458 0.002123 0.039700 0.027795
19.463581 0.002123 0.039671 0.027766
19.465704 0.002123 0.039642 0.027737
19.467826 0.002122 0.039614 0.027708
19.469948 0.002122 0.039585 0.027680
19.472069 0.002122 0.039557 0.027652
19.474191 0.002122 0.039530 0.027625
19.476312 0.002121 0.039503 0.027598
19.478433 0.002121 0.039476 0.027571
19.480554 0.002120 0.039450 0.027544
19.482674 0.002120 0.039424 0.027518
19.484794 0.002120 0.039398 0.027493
19.486914 0.002120 0.039373 0.027468
19.489033 0.002120 0.039348 0.027443
19.491152 0.002119 0.039324 0.027418
19.493271 0.002119 0.039300 0.027394
19.495390 0.002119 0.039276 0.027371
19.497508 0.002118 0.039252 0.027347
19.499626 0.002118 0.039229 0.027324
19.501744 0.002118 0.039206 0.027301
19.503862 0.002118 0.039184 0.027278
19.505979 0.002117 0.039161 0.027256
19.508096 0.002117 0.039139 0.027234
19.510212 0.002117 0.039117 0.027212
19.512329 0.002116 0.039095 0.027190
19.514445 0.002116 0.039074 0.027169
19.516561 0.002116 0.039053 0.027148
19.518677 0.002116 0.039033 0.027127
19.520792 0.002115 0.039012 0.027107
19.522907 0.002115 0.038992 0.027087
19.525022 0.002115 0.038972 0.027066
19.527137 0.002115 0.038952 0.027046
19.529251 0.002114 0.038932 0.027027
19.531365 0.002114 0.038912 0.027007
19.533479 0.002114 0.038892 0.026987
19.535592 0.002113 0.038873 0.026968
19.537706 0.002113 0.038853 0.026948
19.539818 0.002113 0.038834 0.026929
19.541931 0.002113 0.038815 0.026909
19.544043 0.002112 0.038795 0.026890
19.546155 0.002112 0.038776 0.026871
19.548267 0.002112 0.038757 0.026852
19.550378 0.002111 0.038738 0.026833
19.552490 0.002111 0.038719 0.026814
19.554601 0.002111 0.038700 0.026795
19.556712 0.002111 0.038681 0.026776
19.558822 0.002111 0.038662 0.026757
19.560932 0.002110 0.038643 0.026738
19.563042 0.002110 0.038624 0.026719
19.565152 0.002110 0.038605 0.026700
19.567262 0.002109 0.038586 0.026681
19.569371 0.002109 0.038567 0.026662
19.571479 0.002109 0.038548 0.026642
19.573588 0.002109 0.038529 0.026623
19.575697 0.002108 0.038509 0.026604
19.577805 0.002108 0.038490 0.026585
19.579912 0.002108 0.038471 0.026566
19.582020 0.002107 0.038451 0.026546
19.584127 0.002107 0.038432 0.026527
19.586234 0.002107 0.038413 0.026507
19.588341 0.002107 0.038393 0.026488
19.590447 0.002106 0.038373 0.026468
19.592553 0.002106 0.038353 0.026448
19.594659 0.002106 0.038333 0.026428
19.596765 0.002106 0.038313 0.026408
19.598870 0.002105 0.038293 0.026388
19.600975 0.002105 0.038273 0.026368
19.603080 0.002105 0.038253 0.026348
19.605185 0.002105 0.038232 0.026327
19.607289 0.002104 0.038212 0.026307
19.609393 0.002104 0.038191 0.026286
19.611497 0.002104 0.038170 0.026265
19.613600 0.002104 0.038149 0.026244
19.615704 0.002103 0.038128 0.026222
19.617807 0.002103 0.038106 0.026201
19.619909 0.002103 0.038084 0.026179
19.622012 0.002102 0.038062 0.026157
19.624114 0.002102 0.038040 0.026135
19.626216 0.002102 0.038018 0.026113
19.628317 0.002102 0.037996 0.026091
19.630419 0.002101 0.037973 0.026068
19.632520 0.002101 0.037951 0.026046
19.634621 0.002101 0.037928 0.026023
19.636722 0.002101 0.037905 0.026000
19.638822 0.002101 0.037882 0.025977
19.640922 0.002100 0.037859 0.025954
19.643022 0.002100 0.037836 0.025931
19.645122 0.002100 0.037813 0.025908
19.647221 0.002099 0.037790 0.025885
19.649320 0.002099 0.037767 0.025862
19.651419 0.002099 0.037743 0.025838
19.653518 0.002099 0.037720 0.025815
19.655616 0.002098 0.037697 0.025791
19.657714 0.002098 0.037673 0.025768
19.659812 0.002098 0.037650 0.025744
19.661910 0.002098 0.037626 0.025721
19.664007 0.002098 0.037603 0.025697
19.666105 0.002097 0.037579 0.025674
19.668202 0.002097 0.037555 0.025650
19.670299 0.002097 0.037532 0.025626
19.672395 0.002097 0.037508 0.025603
19.674492 0.002096 0.037484 0.025579
19.676588 0.002096 0.037461 0.025555
19.678684 0.002096 0.037437 0.025532
19.680779 0.002095 0.037413 0.025508
19.682875 0.002095 0.037389 0.025484
19.684970 0.002095 0.037366 0.025461
19.687065 0.002095 0.037342 0.025437
19.689159 0.002095 0.037318 0.025413
19.691254 0.002094 0.037295 0.025389
19.693348 0.002094 0.037271 0.025366
19.695442 0.002094 0.037247 0.025342
19.697536 0.002094 0.037224 0.025318
19.699630 0.002094 0.037200 0.025295
19.701723 0.002093 0.037176 0.025271
19.703816 0.002093 0.037153 0.025247
19.705910 0.002093 0.037129 0.025224
19.708003 0.002093 0.037105 0.025200
19.710095 0.002093 0.037082 0.025177
19.712188 0.002092 0.037058 0.025153
19.714280 0.002092 0.037035 0.025129
19.716372 0.002092 0.037011 0.025106
19.718463 0.002092 0.036988 0.025083
19.720555 0.002091 0.036964 0.025059
19.722646 0.002091 0.036941 0.025036
19.724737 0.002091 0.036918 0.025012
19.726829 0.002091 0.036894 0.024989
19.728919 0.002091 0.036871 0.024966
19.731010 0.002091 0.036848 0.024943
19.733101 0.002091 0.036825 0.024920
19.735191 0.002091 0.036802 0.024897
19.737281 0.002090 0.036779 0.024874
19.739371 0.002090 0.036756 0.024851
19.741461 0.002090 0.036733 0.024828
19.743551 0.002090 0.036710 0.024805
19.745640 0.002089 0.036688 0.024782
19.747729 0.002089 0.036665 0.024760
19.749818 0.002089 0.036643 0.024737
19.751907 0.002089 0.036620 0.024715
19.753996 0.002089 0.036598 0.024693
19.756084 0.002089 0.036576 0.024670
19.758173 0.002088 0.036553 0.024648
19.760261 0.002088 0.036531 0.024626
19.762349 0.002088 0.036510 0.024604
19.764437 0.002088 0.036488 0.024582
19.766525 0.002088 0.036466 0.024561
19.768612 0.002087 0.036444 0.024539
19.770700 0.002087 0.036423 0.024518
19.772787 0.002087 0.036401 0.024496
19.774874 0.002087 0.036380 0.024475
19.776961 0.002087 0.036359 0.024454
19.779047 0.002087 0.036338 0.024433
19.781134 0.002087 0.036317 0.024412
19.783221 0.002087 0.036296 0.024391
19.785307 0.002087 0.036275 0.024370
19.787394 0.002086 0.036254 0.024349
19.789480 0.002086 0.036234 0.024329
19.791566 0.002086 0.036213 0.024308
19.793652 0.002086 0.036193 0.024288
19.795737 0.002086 0.036172 0.024267
19.797823 0.002085 0.036152 0.024247
19.799908 0.002085 0.036132 0.024226
19.801993 0.002085 0.036111 0.024206
19.804078 0.002085 0.036091 0.024186
19.806163 0.002085 0.036071 0.024166
19.808248 0.002085 0.036051 0.024146
19.810333 0.002085 0.036031 0.024125
19.812418 0.002085 0.036010 0.024105
19.814502 0.002085 0.035990 0.024085
19.816586 0.002084 0.035970 0.024065
19.818671 0.002084 0.035950 0.024044
19.820755 0.002084 0.035929 0.024024
19.822839 0.002084 0.035909 0.024004
19.824923 0.002084 0.035888 0.023983
19.827006 0.002084 0.035867 0.023962
19.829090 0.002084 0.035847 0.023941
19.831173 0.002084 0.035825 0.023920
19.833257 0.002084 0.035804 0.023899
19.835340 0.002083 0.035782 0.023877
19.837423 0.002083 0.035761 0.023855
19.839507 0.002083 0.035739 0.023833
19.841590 0.002083 0.035717 0.023811
19.843673 0.002083 0.035694 0.023789
19.845756 0.002083 0.035672 0.023767
19.847838 0.002083 0.035650 0.023745
19.849921 0.002083 0.035628 0.023722
19.852004 0.002083 0.035605 0.023700
19.854086 0.002082 0.035582 0.023677
19.856168 0.002082 0.035560 0.023655
19.858250 0.002082 0.035537 0.023632
19.860333 0.002082 0.035515 0.023610
19.862415 0.002082 0.035493 0.023587
19.864497 0.002082 0.035471 0.023566
19.866579 0.002082 0.035449 0.023544
19.868660 0.002082 0.035428 0.023523
19.870742 0.002082 0.035408 0.023503
19.872824 0.002081 0.035389 0.023484
19.874905 0.002081 0.035371 0.023466
19.876986 0.002081 0.035354 0.023449
19.879068 0.002082 0.035338 0.023433
19.881149 0.002081 0.035324 0.023419
19.883231 0.002081 0.035312 0.023407
19.885312 0.002081 0.035302 0.023397
19.887393 0.002081 0.035295 0.023390
19.889474 0.002081 0.035291 0.023386
19.891555 0.002081 0.035291 0.023385
19.893636 0.002081 0.035295 0.023390
19.895717 0.002081 0.035304 0.023399
19.897798 0.002081 0.035320 0.023415
19.899878 0.002081 0.035344 0.023439
19.901959 0.002080 0.035375 0.023470
19.904039 0.002080 0.035416 0.023511
19.906120 0.002080 0.035475 0.023570
19.908200 0.002081 0.035551 0.023646
19.910281 0.002081 0.035646 0.023740
19.912361 0.002080 0.035760 0.023855
19.914441 0.002080 0.035894 0.023989
19.916521 0.002080 0.036048 0.024142
19.918602 0.002080 0.036220 0.024315
19.920682 0.002080 0.036407 0.024502
19.922761 0.002080 0.036601 0.024696
19.924841 0.002080 0.036805 0.024899
19.926921 0.002080 0.037014 0.025109
19.929001 0.002080 0.037225 0.025320
19.931081 0.002080 0.037435 0.025530
19.933161 0.002080 0.037640 0.025735
19.935240 0.002080 0.037839 0.025934
19.937320 0.002080 0.038027 0.026122
19.939400 0.002080 0.038201 0.026296
19.941479 0.002079 0.038358 0.026453
19.943558 0.002079 0.038499 0.026594
19.945637 0.002079 0.038625 0.026720
19.947715 0.002078 0.038737 0.026832
19.949793 0.002078 0.038835 0.026930
19.951871 0.002078 0.038921 0.027016
19.953949 0.002078 0.038996 0.027091
19.956026 0.002078 0.039060 0.027155
19.958103 0.002077 0.039113 0.027208
19.960180 0.002077 0.039158 0.027252
19.962256 0.002076 0.039196 0.027291
19.964332 0.002076 0.039230 0.027324
19.966408 0.002076 0.039259 0.027354
19.968483 0.002075 0.039286 0.027381
19.970559 0.002076 0.039311 0.027406
19.972635 0.002076 0.039334 0.027429
19.974710 0.002076 0.039357 0.027452
19.976786 0.002076 0.039382 0.027476
19.978861 0.002076 0.039406 0.027501
19.980937 0.002076 0.039429 0.027524
19.983012 0.002075 0.039451 0.027546
19.985087 0.002075 0.039472 0.027566
19.987162 0.002075 0.039491 0.027585
19.989237 0.002075 0.039508 0.027602
19.991311 0.002075 0.039523 0.027618
19.993386 0.002075 0.039537 0.027632
19.995461 0.002075 0.039547 0.027642
19.997536 0.002075 0.039551 0.027646
19.999611 0.002075 0.039550 0.027645
20.001686 0.002075 0.039544 0.027639
20.003762 0.002075 0.039533 0.027628
20.005837 0.002075 0.039519 0.027614
20.007912 0.002075 0.039502 0.027597
20.009987 0.002075 0.039482 0.027577
20.012062 0.002075 0.039459 0.027554
20.014136 0.002075 0.039436 0.027530
20.016211 0.002075 0.039410 0.027505
20.018286 0.002075 0.039383 0.027478
20.020360 0.002075 0.039356 0.027450
20.022434 0.002074 0.039328 0.027422
20.024508 0.002073 0.039299 0.027394
20.026581 0.002073 0.039269 0.027364
20.028653 0.002072 0.039240 0.027334
20.030725 0.002072 0.039211 0.027306
20.032796 0.002071 0.039184 0.027279
20.034867 0.002071 0.039158 0.027253
20.036938 0.002071 0.039134 0.027228
20.039008 0.002070 0.039111 0.027206
20.041077 0.002069 0.039090 0.027185
20.043145 0.002068 0.039070 0.027165
20.045213 0.002068 0.039050 0.027145
20.047280 0.002067 0.039032 0.027127
20.049346 0.002066 0.039016 0.027111
20.051412 0.002066 0.039001 0.027096
20.053477 0.002065 0.038988 0.027082
20.055541 0.002064 0.038974 0.027069
20.057605 0.002064 0.038960 0.027055
20.059669 0.002064 0.038946 0.027040
20.061732 0.002063 0.038929 0.027024
20.063794 0.002062 0.038911 0.027006
20.065856 0.002062 0.038892 0.026986
20.067917 0.002061 0.038870 0.026965
20.069977 0.002060 0.038847 0.026942
20.072037 0.002060 0.038822 0.026917
20.074096 0.002059 0.038797 0.026892
20.076155 0.002059 0.038771 0.026866
20.078213 0.002058 0.038745 0.026840
20.080271 0.002058 0.038718 0.026813
20.082328 0.002057 0.038691 0.026786
20.084385 0.002057 0.038664 0.026759
20.086442 0.002057 0.038636 0.026731
20.088498 0.002056 0.038608 0.026703
20.090554 0.002056 0.038580 0.026674
20.092608 0.002055 0.038552 0.026646
20.094663 0.002054 0.038525 0.026619
20.096717 0.002054 0.038499 0.026593
20.098770 0.002053 0.038473 0.026568
20.100823 0.002053 0.038448 0.026543
20.102876 0.002053 0.038424 0.026519
20.104928 0.002052 0.038400 0.026495
20.106980 0.002052 0.038376 0.026471
20.109031 0.002051 0.038353 0.026448
20.111083 0.002051 0.038331 0.026426
20.113133 0.002051 0.038309 0.026404
20.115184 0.002050 0.038288 0.026382
20.117234 0.002050 0.038267 0.026362
20.119283 0.002049 0.038246 0.026341
20.121332 0.002049 0.038226 0.026320
20.123381 0.002048 0.038205 0.026299
20.125429 0.002048 0.038183 0.026278
20.127476 0.002048 0.038161 0.026255
20.129523 0.002047 0.038138 0.026232
20.131570 0.002046 0.038114 0.026208
20.133615 0.002046 0.038089 0.026184
20.135661 0.002045 0.038064 0.026159
20.137706 0.002045 0.038039 0.026134
20.139751 0.002045 0.038014 0.026109
20.141795 0.002045 0.037989 0.026083
20.143840 0.002045 0.037963 0.026058
20.145885 0.002044 0.037937 0.026032
20.147928 0.002044 0.037912 0.026007
20.149972 0.002043 0.037886 0.025981
20.152015 0.002043 0.037860 0.025955
20.154057 0.002042 0.037834 0.025929
20.156099 0.002042 0.037809 0.025904
20.158140 0.002041 0.037784 0.025879
20.160180 0.002040 0.037760 0.025855
20.162220 0.002040 0.037736 0.025831
20.164260 0.002039 0.037712 0.025807
20.166299 0.002039 0.037689 0.025784
20.168337 0.002039 0.037666 0.025761
20.170375 0.002038 0.037645 0.025739
20.172413 0.002038 0.037624 0.025718
20.174451 0.002037 0.037603 0.025698
20.176487 0.002037 0.037583 0.025678
20.178523 0.002036 0.037563 0.025658
20.180559 0.002036 0.037544 0.025639
20.182594 0.002035 0.037525 0.025619
20.184629 0.002034 0.037505 0.025600
20.186662 0.002033 0.037486 0.025581
20.188694 0.002032 0.037466 0.025561
20.190726 0.002032 0.037447 0.025542
20.192757 0.002031 0.037427 0.025522
20.194787 0.002030 0.037407 0.025501
20.196816 0.002029 0.037386 0.025481
20.198844 0.002028 0.037366 0.025460
20.200871 0.002027 0.037345 0.025439
20.202897 0.002026 0.037323 0.025418
20.204923 0.002026 0.037302 0.025397
20.206948 0.002025 0.037281 0.025376
20.208973 0.002025 0.037260 0.025354
20.210997 0.002024 0.037238 0.025333
20.213021 0.002023 0.037217 0.025312
20.215044 0.002023 0.037196 0.025291
20.217065 0.002021 0.037175 0.025270
20.219085 0.002020 0.037155 0.025249
20.221104 0.002019 0.037134 0.025229
20.223123 0.002018 0.037114 0.025209
20.225141 0.002018 0.037094 0.025188
20.227158 0.002018 0.037074 0.025169
20.229175 0.002017 0.037054 0.025149
20.231192 0.002016 0.037035 0.025130
20.233207 0.002015 0.037016 0.025111
20.235222 0.002015 0.036998 0.025093
20.237236 0.002014 0.036979 0.025074
20.239250 0.002014 0.036961 0.025056
20.241263 0.002013 0.036943 0.025038
20.243276 0.002013 0.036925 0.025020
20.245288 0.002012 0.036907 0.025002
20.247299 0.002011 0.036889 0.024984
20.249310 0.002010 0.036871 0.024966
20.251320 0.002010 0.036853 0.024948
20.253330 0.002010 0.036835 0.024930
20.255340 0.002010 0.036816 0.024911
20.257350 0.002009 0.036797 0.024892
20.259358 0.002009 0.036778 0.024873
20.261366 0.002008 0.036759 0.024853
20.263373 0.002007 0.036739 0.024834
20.265379 0.002006 0.036719 0.024814
20.267385 0.002005 0.036699 0.024794
20.269389 0.002005 0.036679 0.024774
20.271394 0.002005 0.036659 0.024753
20.273399 0.002005 0.036638 0.024733
20.275403 0.002003 0.036618 0.024713
20.277404 0.002002 0.036597 0.024692
20.279405 0.002000 0.036577 0.024671
20.281404 0.002000 0.036556 0.024651
20.283403 0.001999 0.036535 0.024630
20.285402 0.001999 0.036515 0.024610
20.287400 0.001998 0.036494 0.024589
20.289396 0.001996 0.036474 0.024568
20.291391 0.001995 0.036453 0.024548
20.293385 0.001994 0.036432 0.024527
20.295378 0.001993 0.036412 0.024507
20.297371 0.001993 0.036391 0.024486
20.299363 0.001992 0.036371 0.024465
20.301355 0.001992 0.036350 0.024445
20.303347 0.001991 0.036329 0.024424
20.305338 0.001991 0.036308 0.024403
20.307328 0.001990 0.036287 0.024382
20.309318 0.001990 0.036266 0.024361
20.311307 0.001989 0.036245 0.024340
20.313294 0.001987 0.036224 0.024319
20.315280 0.001986 0.036203 0.024298
20.317264 0.001985 0.036182 0.024277
20.319248 0.001984 0.036161 0.024256
20.321232 0.001984 0.036140 0.024235
20.323214 0.001982 0.036119 0.024214
20.325195 0.001981 0.036098 0.024193
20.327175 0.001980 0.036077 0.024172
20.329153 0.001978 0.036056 0.024151
20.331131 0.001978 0.036035 0.024130
20.333109 0.001978 0.036014 0.024109
20.335086 0.001978 0.035994 0.024089
20.337064 0.001978 0.035973 0.024068
20.339042 0.001978 0.035953 0.024047
20.341020 0.001978 0.035932 0.024027
20.342999 0.001978 0.035912 0.024007
20.344977 0.001978 0.035891 0.023986
20.346954 0.001978 0.035871 0.023966
20.348932 0.001977 0.035851 0.023946
20.350909 0.001977 0.035832 0.023926
20.352887 0.001978 0.035812 0.023907
20.354863 0.001976 0.035792 0.023887
20.356837 0.001975 0.035772 0.023867
20.358811 0.001974 0.035753 0.023848
20.360785 0.001974 0.035734 0.023828
20.362758 0.001973 0.035714 0.023809
20.364729 0.001972 0.035696 0.023790
20.366700 0.001971 0.035677 0.023772
20.368670 0.001970 0.035659 0.023754
20.370638 0.001968 0.035642 0.023736
20.372606 0.001968 0.035624 0.023719
20.374574 0.001968 0.035607 0.023702
20.376541 0.001967 0.035591 0.023686
20.378508 0.001967 0.035574 0.023669
20.380474 0.001967 0.035558 0.023653
20.382441 0.001967 0.035542 0.023637
20.384407 0.001966 0.035526 0.023621
20.386373 0.001966 0.035511 0.023606
20.388338 0.001965 0.035495 0.023590
20.390303 0.001965 0.035480 0.023575
20.392268 0.001965 0.035465 0.023560
20.394231 0.001963 0.035451 0.023545
20.396192 0.001961 0.035437 0.023532
20.398152 0.001960 0.035423 0.023518
20.400112 0.001960 0.035410 0.023505
20.402072 0.001960 0.035398 0.023493
20.404030 0.001958 0.035386 0.023481
20.405987 0.001957 0.035375 0.023470
20.407943 0.001956 0.035365 0.023460
20.409897 0.001954 0.035355 0.023450
20.411851 0.001954 0.035346 0.023441
20.413804 0.001953 0.035338 0.023433
20.415758 0.001953 0.035330 0.023425
20.417711 0.001953 0.035324 0.023418
20.419664 0.001954 0.035318 0.023413
20.421618 0.001954 0.035313 0.023408
20.423571 0.001953 0.035309 0.023403
20.425525 0.001954 0.035305 0.023400
20.427479 0.001954 0.035302 0.023397
20.429432 0.001954 0.035299 0.023394
20.431386 0.001953 0.035297 0.023392
20.433339 0.001953 0.035296 0.023390
20.435293 0.001954 0.035294 0.023389
20.437245 0.001952 0.035294 0.023389
20.439196 0.001951 0.035294 0.023388
20.441145 0.001950 0.035294 0.023389
20.443095 0.001949 0.035295 0.023389
20.445043 0.001948 0.035295 0.023390
20.446991 0.001948 0.035297 0.023391
20.448938 0.001947 0.035298 0.023393
20.450884 0.001946 0.035299 0.023394
20.452829 0.001945 0.035301 0.023395
20.454774 0.001945 0.035302 0.023397
20.456719 0.001945 0.035303 0.023398
20.458664 0.001945 0.035305 0.023399
20.460609 0.001945 0.035306 0.023401
20.462554 0.001945 0.035307 0.023401
20.464500 0.001946 0.035307 0.023402
20.466445 0.001945 0.035308 0.023403
20.468390 0.001945 0.035308 0.023403
20.470336 0.001945 0.035308 0.023403
20.472281 0.001945 0.035308 0.023403
20.474226 0.001944 0.035308 0.023402
20.476169 0.001944 0.035307 0.023402
20.478113 0.001943 0.035305 0.023400
20.480055 0.001943 0.035304 0.023398
20.481996 0.001941 0.035301 0.023396
20.483936 0.001940 0.035299 0.023393
20.485875 0.001939 0.035295 0.023390
20.487813 0.001938 0.035292 0.023386
20.489752 0.001938 0.035287 0.023382
20.491690 0.001938 0.035282 0.023377
20.493628 0.001938 0.035277 0.023372
20.495567 0.001939 0.035271 0.023366
20.497506 0.001939 0.035264 0.023359
20.499446 0.001940 0.035257 0.023352
20.501386 0.001940 0.035249 0.023344
20.503326 0.001940 0.035241 0.023335
20.505266 0.001940 0.035232 0.023326
20.507207 0.001941 0.035222 0.023317
20.509147 0.001940 0.035212 0.023307
20.511087 0.001939 0.035201 0.023296
20.513026 0.001939 0.035190 0.023285
20.514963 0.001937 0.035178 0.023273
20.516899 0.001936 0.035166 0.023261
20.518833 0.001935 0.035153 0.023248
20.520767 0.001934 0.035140 0.023235
20.522700 0.001933 0.035126 0.023221
20.524634 0.001934 0.035112 0.023207
20.526568 0.001934 0.035097 0.023192
20.528502 0.001934 0.035082 0.023177
20.530436 0.001935 0.035067 0.023161
20.532371 0.001935 0.035051 0.023146
20.534307 0.001935 0.035035 0.023129
20.536242 0.001936 0.035018 0.023113
20.538179 0.001936 0.035001 0.023096
20.540114 0.001936 0.034984 0.023079
20.542049 0.001935 0.034967 0.023062
20.543984 0.001934 0.034949 0.023044
20.545918 0.001934 0.034931 0.023026
20.547851 0.001933 0.034913 0.023008
20.549784 0.001933 0.034895 0.022990
20.551717 0.001933 0.034876 0.022971
20.553649 0.001933 0.034858 0.022952
20.555582 0.001933 0.034839 0.022933
20.557515 0.001933 0.034819 0.022914
20.559448 0.001933 0.034800 0.022895
20.561380 0.001933 0.034780 0.022875
20.563312 0.001932 0.034761 0.022855
20.565244 0.001931 0.034741 0.022836
20.567174 0.001931 0.034721 0.022816
20.569104 0.001930 0.034701 0.022795
20.571033 0.001929 0.034680 0.022775
20.572961 0.001928 0.034660 0.022755
20.574889 0.001928 0.034639 0.022734
20.576816 0.001927 0.034619 0.022714
20.578742 0.001927 0.034598 0.022693
20.580669 0.001926 0.034578 0.022673
20.582595 0.001926 0.034558 0.022652
20.584521 0.001926 0.034537 0.022632
20.586447 0.001926 0.034517 0.022612
20.588373 0.001926 0.034497 0.022591
20.590300 0.001927 0.034476 0.022571
20.592227 0.001927 0.034456 0.022550
20.594155 0.001928 0.034435 0.022530
20.596084 0.001929 0.034415 0.022509
20.598013 0.001929 0.034394 0.022489
20.599942 0.001928 0.034373 0.022468
20.601870 0.001928 0.034353 0.022447
20.603797 0.001927 0.034332 0.022427
20.605723 0.001926 0.034311 0.022406
20.607649 0.001926 0.034289 0.022384
20.609574 0.001926 0.034267 0.022362
20.611500 0.001925 0.034245 0.022340
20.613425 0.001925 0.034223 0.022317
20.615351 0.001926 0.034200 0.022294
20.617277 0.001926 0.034176 0.022271
20.619203 0.001926 0.034152 0.022247
20.621130 0.001927 0.034129 0.022223
20.623057 0.001927 0.034105 0.022200
20.624986 0.001928 0.034081 0.022176
20.626915 0.001929 0.034057 0.022152
20.628845 0.001930 0.034033 0.022128
20.630776 0.001931 0.034009 0.022104
20.632707 0.001932 0.033985 0.022080
20.634640 0.001932 0.033961 0.022056
20.636572 0.001933 0.033937 0.022032
20.638505 0.001933 0.033913 0.022008
20.640438 0.001933 0.033889 0.021984
20.642370 0.001932 0.033866 0.021960
20.644302 0.001932 0.033842 0.021937
20.646234 0.001932 0.033819 0.021913
20.648165 0.001931 0.033795 0.021890
20.650095 0.001931 0.033772 0.021867
20.652026 0.001930 0.033749 0.021844
20.653956 0.001930 0.033726 0.021821
20.655887 0.001931 0.033703 0.021798
20.657818 0.001931 0.033680 0.021775
20.659749 0.001931 0.033657 0.021752
20.661680 0.001932 0.033635 0.021729
20.663613 0.001932 0.033612 0.021707
20.665546 0.001933 0.033590 0.021684
20.667480 0.001934 0.033567 0.021662
20.669415 0.001935 0.033545 0.021640
20.671351 0.001936 0.033523 0.021617
20.673288 0.001937 0.033500 0.021595
20.675226 0.001938 0.033478 0.021573
20.677165 0.001939 0.033456 0.021551
20.679105 0.001940 0.033434 0.021529
20.681046 0.001941 0.033412 0.021507
20.682987 0.001941 0.033391 0.021485
20.684928 0.001942 0.033369 0.021464
20.686871 0.001942 0.033347 0.021442
20.688814 0.001943 0.033326 0.021420
20.690758 0.001944 0.033304 0.021399
20.692703 0.001944 0.033283 0.021378
20.694648 0.001945 0.033261 0.021356
20.696593 0.001946 0.033240 0.021335
20.698539 0.001946 0.033219 0.021314
20.700486 0.001946 0.033198 0.021293
20.702432 0.001946 0.033177 0.021272
20.704378 0.001946 0.033156 0.021251
20.706324 0.001946 0.033136 0.021230
20.708270 0.001946 0.033115 0.021210
20.710217 0.001947 0.033095 0.021189
20.712164 0.001947 0.033074 0.021169
20.714111 0.001947 0.033054 0.021149
20.716059 0.001948 0.033034 0.021129
20.718008 0.001949 0.033014 0.021109
20.719957 0.001949 0.032994 0.021089
20.721907 0.001950 0.032974 0.021069
20.723859 0.001951 0.032954 0.021049
20.725811 0.001952 0.032934 0.021029
20.727764 0.001953 0.032915 0.021010
20.729718 0.001954 0.032895 0.020990
20.731674 0.001955 0.032876 0.020971
20.733630 0.001957 0.032857 0.020952
20.735588 0.001958 0.032838 0.020933
20.737547 0.001959 0.032819 0.020914
20.739507 0.001960 0.032800 0.020895
20.741469 0.001962 0.032782 0.020876
20.743432 0.001963 0.032763 0.020858
20.745396 0.001964 0.032745 0.020840
20.747359 0.001963 0.032727 0.020822
20.749322 0.001962 0.032709 0.020804
20.751283 0.001962 0.032692 0.020786
20.753244 0.001961 0.032674 0.020769
20.755204 0.001960 0.032657 0.020752
20.757164 0.001960 0.032640 0.020734
20.759124 0.001960 0.032623 0.020717
20.761085 0.001960 0.032606 0.020701
20.763046 0.001961 0.032589 0.020684
20.765008 0.001962 0.032573 0.020667
20.766972 0.001964 0.032556 0.020651
20.768937 0.001966 0.032540 0.020635
20.770903 0.001966 0.032524 0.020619
20.772869 0.001966 0.032508 0.020603
20.774836 0.001966 0.032493 0.020588
20.776803 0.001967 0.032478 0.020572
20.778770 0.001967 0.032462 0.020557
20.780737 0.001968 0.032447 0.020542
20.782705 0.001968 0.032432 0.020527
20.784673 0.001967 0.032418 0.020513
20.786640 0.001967 0.032403 0.020498
20.788608 0.001968 0.032389 0.020484
20.790577 0.001969 0.032374 0.020469
20.792547 0.001971 0.032360 0.020455
20.794518 0.001971 0.032346 0.020441
20.796489 0.001971 0.032333 0.020428
20.798459 0.001970 0.032319 0.020414
20.800428 0.001969 0.032306 0.020401
20.802397 0.001969 0.032293 0.020388
20.804366 0.001969 0.032280 0.020375
20.806335 0.001969 0.032267 0.020362
20.808304 0.001970 0.032255 0.020350
20.810274 0.001970 0.032243 0.020338
20.812244 0.001970 0.032231 0.020326
20.814214 0.001970 0.032219 0.020314
20.816184 0.001969 0.032207 0.020302
20.818151 0.001968 0.032196 0.020291
20.820118 0.001966 0.032184 0.020279
20.822083 0.001965 0.032173 0.020268
20.824046 0.001964 0.032162 0.020257
20.826010 0.001963 0.032151 0.020246
20.827971 0.001961 0.032140 0.020235
20.829930 0.001959 0.032129 0.020224
20.831888 0.001958 0.032118 0.020213
20.833844 0.001956 0.032108 0.020202
20.835799 0.001955 0.032097 0.020192
20.837753 0.001954 0.032087 0.020181
20.839707 0.001954 0.032076 0.020171
20.841660 0.001953 0.032066 0.020161
20.843613 0.001953 0.032055 0.020150
20.845565 0.001952 0.032045 0.020140
20.847516 0.001951 0.032035 0.020130
20.849466 0.001950 0.032025 0.020120
20.851416 0.001949 0.032015 0.020110
20.853363 0.001948 0.032005 0.020100
20.855309 0.001946 0.031995 0.020090
20.857253 0.001944 0.031985 0.020080
20.859197 0.001943 0.031975 0.020070
20.861138 0.001942 0.031965 0.020060
20.863078 0.001940 0.031955 0.020050
20.865018 0.001939 0.031945 0.020039
20.866956 0.001938 0.031935 0.020029
20.868894 0.001937 0.031924 0.020019
20.870830 0.001936 0.031914 0.020009
20.872766 0.001936 0.031904 0.019999
20.874701 0.001935 0.031894 0.019989
20.876634 0.001933 0.031883 0.019978
20.878566 0.001932 0.031873 0.019968
20.880496 0.001930 0.031863 0.019957
20.882426 0.001930 0.031852 0.019947
20.884354 0.001929 0.031842 0.019936
20.886282 0.001928 0.031831 0.019926
20.888209 0.001927 0.031820 0.019915
20.890136 0.001927 0.031810 0.019904
20.892063 0.001927 0.031799 0.019894
20.893989 0.001926 0.031788 0.019883
20.895915 0.001926 0.031777 0.019872
20.897840 0.001925 0.031766 0.019861
20.899764 0.001924 0.031755 0.019850
20.901687 0.001923 0.031744 0.019839
20.903608 0.001921 0.031733 0.019827
20.905527 0.001919 0.031721 0.019816
20.907445 0.001918 0.031710 0.019805
20.909362 0.001917 0.031699 0.019793
20.911277 0.001915 0.031687 0.019782
20.913192 0.001914 0.031676 0.019770
20.915105 0.001913 0.031664 0.019759
20.917018 0.001913 0.031652 0.019747
20.918929 0.001912 0.031641 0.019736
20.920840 0.001911 0.031629 0.019724
20.922751 0.001911 0.031617 0.019712
20.924661 0.001910 0.031605 0.019700
20.926569 0.001908 0.031594 0.019688
20.928477 0.001907 0.031582 0.019676
20.930382 0.001906 0.031570 0.019665
20.932287 0.001905 0.031558 0.019653
20.934192 0.001904 0.031546 0.019641
20.936095 0.001903 0.031534 0.019629
20.937998 0.001903 0.031522 0.019617
20.939901 0.001903 0.031510 0.019604
20.941803 0.001903 0.031498 0.019592
20.943706 0.001902 0.031485 0.019580
20.945608 0.001902 0.031473 0.019568
20.947509 0.001902 0.031461 0.019556
20.949411 0.001901 0.031449 0.019544
20.951311 0.001900 0.031437 0.019532
20.953210 0.001899 0.031425 0.019519
20.955107 0.001897 0.031412 0.019507
20.957004 0.001896 0.031400 0.019495
20.958899 0.001895 0.031388 0.019483
20.960792 0.001894 0.031376 0.019470
20.962685 0.001893 0.031363 0.019458
20.964577 0.001892 0.031351 0.019446
20.966468 0.001891 0.031339 0.019433
20.968358 0.001890 0.031326 0.019421
20.970247 0.001889 0.031314 0.019408
20.972136 0.001889 0.031301 0.019396
20.974025 0.001889 0.031289 0.019383
20.975914 0.001888 0.031276 0.019371
20.977801 0.001887 0.031263 0.019358
20.979686 0.001886 0.031251 0.019345
20.981572 0.001885 0.031238 0.019332
20.983455 0.001884 0.031225 0.019320
20.985339 0.001883 0.031212 0.019306
20.987221 0.001883 0.031198 0.019293
20.989104 0.001882 0.031185 0.019280
20.990986 0.001882 0.031172 0.019266
20.992868 0.001882 0.031158 0.019253
20.994750 0.001882 0.031145 0.019239
20.996632 0.001881 0.031131 0.019226
20.998513 0.001881 0.031117 0.019212
21.000393 0.001880 0.031103 0.019198
21.002273 0.001880 0.031089 0.019184
21.004152 0.001880 0.031075 0.019170
21.006031 0.001878 0.031060 0.019155
21.007908 0.001877 0.031046 0.019141
21.009784 0.001876 0.031031 0.019126
21.011658 0.001875 0.031016 0.019111
21.013532 0.001874 0.031001 0.019096
21.015405 0.001873 0.030986 0.019081
21.017278 0.001873 0.030970 0.019065
21.019151 0.001873 0.030954 0.019049
21.021023 0.001872 0.030938 0.019033
21.022894 0.001871 0.030922 0.019017
21.024763 0.001869 0.030906 0.019001
21.026630 0.001868 0.030889 0.018984
21.028498 0.001867 0.030872 0.018967
21.030365 0.001867 0.030855 0.018950
21.032231 0.001867 0.030838 0.018933
21.034097 0.001866 0.030821 0.018916
21.035964 0.001866 0.030803 0.018898
21.037831 0.001867 0.030786 0.018880
21.039698 0.001867 0.030768 0.018862
21.041564 0.001867 0.030749 0.018844
21.043430 0.001866 0.030731 0.018826
21.045296 0.001866 0.030713 0.018807
21.047161 0.001865 0.030694 0.018789
21.049026 0.001865 0.030675 0.018770
21.050890 0.001864 0.030656 0.018751
21.052754 0.001864 0.030638 0.018732
21.054619 0.001864 0.030619 0.018713
21.056483 0.001864 0.030600 0.018695
21.058347 0.001864 0.030581 0.018676
21.060209 0.001862 0.030562 0.018657
21.062070 0.001861 0.030544 0.018638
21.063930 0.001860 0.030525 0.018620
21.065789 0.001859 0.030507 0.018602
21.067648 0.001859 0.030489 0.018584
21.069506 0.001858 0.030471 0.018566
21.071364 0.001858 0.030454 0.018549
21.073222 0.001857 0.030436 0.018531
21.075079 0.001857 0.030419 0.018514
21.076936 0.001857 0.030402 0.018497
21.078792 0.001857 0.030385 0.018479
21.080649 0.001856 0.030368 0.018463
21.082505 0.001856 0.030351 0.018446
21.084361 0.001856 0.030335 0.018430
21.086216 0.001855 0.030320 0.018414
21.088071 0.001855 0.030304 0.018399
21.089925 0.001854 0.030289 0.018384
21.091779 0.001854 0.030275 0.018369
21.093633 0.001854 0.030260 0.018355
21.095487 0.001854 0.030246 0.018341
21.097341 0.001853 0.030232 0.018327
21.099194 0.001853 0.030218 0.018313
21.101046 0.001853 0.030205 0.018300
21.102898 0.001852 0.030193 0.018287
21.104749 0.001851 0.030180 0.018275
21.106600 0.001851 0.030167 0.018262
21.108450 0.001850 0.030155 0.018250
21.110300 0.001850 0.030143 0.018238
21.112150 0.001850 0.030132 0.018227
21.114000 0.001850 0.030121 0.018216
21.115849 0.001849 0.030110 0.018205
21.117697 0.001848 0.030100 0.018195
21.119545 0.001848 0.030091 0.018186
21.121391 0.001847 0.030082 0.018177
21.123237 0.001846 0.030074 0.018169
21.125083 0.001846 0.030067 0.018162
21.126928 0.001845 0.030061 0.018155
21.128773 0.001845 0.030055 0.018150
21.130618 0.001844 0.030051 0.018146
21.132462 0.001844 0.030048 0.018143
21.134306 0.001844 0.030046 0.018141
21.136150 0.001844 0.030044 0.018139
21.137994 0.001844 0.030044 0.018138
21.139838 0.001844 0.030044 0.018139
21.141683 0.001844 0.030045 0.018140
21.143527 0.001844 0.030047 0.018141
21.145371 0.001844 0.030049 0.018144
21.147214 0.001844 0.030052 0.018146
21.149057 0.001843 0.030055 0.018149
21.150900 0.001843 0.030058 0.018153
21.152742 0.001842 0.030061 0.018156
21.154584 0.001842 0.030065 0.018160
21.156425 0.001841 0.030069 0.018163
21.158267 0.001841 0.030072 0.018167
21.160108 0.001841 0.030076 0.018171
21.161949 0.001841 0.030079 0.018174
21.163790 0.001841 0.030082 0.018177
21.165631 0.001841 0.030085 0.018180
21.167472 0.001841 0.030088 0.018183
21.169312 0.001841 0.030091 0.018186
21.171153 0.001840 0.030093 0.018188
21.172993 0.001841 0.030095 0.018190
21.174834 0.001841 0.030096 0.018191
21.176674 0.001841 0.030097 0.018192
21.178514 0.001840 0.030097 0.018192
21.180354 0.001839 0.030097 0.018192
21.182193 0.001839 0.030095 0.018190
21.184031 0.001839 0.030093 0.018188
21.185869 0.001838 0.030090 0.018185
21.187707 0.001837 0.030087 0.018182
21.189544 0.001837 0.030083 0.018178
21.191381 0.001837 0.030078 0.018173
21.193218 0.001837 0.030073 0.018168
21.195055 0.001837 0.030067 0.018162
21.196892 0.001837 0.030061 0.018156
21.198730 0.001838 0.030055 0.018150
21.200568 0.001838 0.030048 0.018143
21.202406 0.001838 0.030042 0.018137
21.204244 0.001838 0.030035 0.018130
21.206083 0.001839 0.030028 0.018123
21.207921 0.001839 0.030021 0.018116
21.209759 0.001838 0.030014 0.018109
21.211597 0.001838 0.030007 0.018102
21.213435 0.001838 0.030000 0.018095
21.215272 0.001838 0.029994 0.018088
21.217110 0.001837 0.029987 0.018082
21.218947 0.001837 0.029981 0.018075
21.220784 0.001837 0.029974 0.018069
21.222621 0.001837 0.029967 0.018062
21.224457 0.001837 0.029961 0.018055
21.226293 0.001836 0.029954 0.018048
21.228129 0.001836 0.029946 0.018041
21.229966 0.001836 0.029938 0.018033
21.231802 0.001837 0.029930 0.018025
21.233639 0.001837 0.029921 0.018016
21.235476 0.001837 0.029912 0.018007
21.237313 0.001837 0.029903 0.017997
21.239151 0.001838 0.029893 0.017988
21.240988 0.001837 0.029883 0.017978
21.242825 0.001837 0.029873 0.017967
21.244661 0.001836 0.029862 0.017957
21.246497 0.001836 0.029852 0.017947
21.248332 0.001835 0.029842 0.017936
21.250167 0.001835 0.029831 0.017926
21.252002 0.001835 0.029820 0.017915
21.253836 0.001834 0.029809 0.017904
21.255671 0.001834 0.029798 0.017893
21.257505 0.001834 0.029787 0.017882
21.259339 0.001834 0.029776 0.017871
21.261174 0.001835 0.029765 0.017859
21.263009 0.001835 0.029753 0.017848
21.264845 0.001836 0.029741 0.017836
21.266681 0.001836 0.029729 0.017824
21.268517 0.001836 0.029717 0.017812
21.270352 0.001836 0.029704 0.017799
21.272187 0.001835 0.029692 0.017787
21.274022 0.001835 0.029680 0.017774
21.275856 0.001834 0.029667 0.017762
21.277689 0.001833 0.029655 0.017750
21.279522 0.001833 0.029643 0.017738
21.281354 0.001832 0.029631 0.017725
21.283186 0.001832 0.029618 0.017713
21.285018 0.001832 0.029606 0.017701
21.286850 0.001832 0.029594 0.017689
21.288682 0.001832 0.029582 0.017677
21.290514 0.001832 0.029570 0.017665
21.292345 0.001832 0.029558 0.017653
21.294178 0.001832 0.029547 0.017642
21.296011 0.001833 0.029536 0.017630
21.297843 0.001832 0.029525 0.017619
21.299675 0.001832 0.029514 0.017609
21.301507 0.001832 0.029503 0.017598
21.303338 0.001831 0.029493 0.017588
21.305169 0.001831 0.029483 0.017578
21.307000 0.001831 0.029474 0.017569
21.308831 0.001831 0.029465 0.017559
21.310663 0.001832 0.029456 0.017551
21.312494 0.001832 0.029447 0.017542
21.314326 0.001831 0.029439 0.017534
21.316157 0.001831 0.029432 0.017526
21.317988 0.001831 0.029424 0.017519
21.319819 0.001831 0.029417 0.017512
21.321649 0.001831 0.029411 0.017505
21.323480 0.001831 0.029404 0.017499
21.325311 0.001831 0.029398 0.017493
21.327142 0.001831 0.029393 0.017488
21.328973 0.001831 0.029388 0.017483
21.330804 0.001831 0.029383 0.017478
21.332634 0.001830 0.029378 0.017473
21.334464 0.001830 0.029374 0.017469
21.336293 0.001829 0.029370 0.017465
21.338122 0.001829 0.029366 0.017461
21.339951 0.001829 0.029363 0.017458
21.341779 0.001828 0.029360 0.017455
21.343607 0.001828 0.029357 0.017452
21.345435 0.001828 0.029354 0.017449
21.347263 0.001828 0.029352 0.017447
21.349091 0.001828 0.029350 0.017444
21.350920 0.001829 0.029347 0.017442
21.352749 0.001829 0.029345 0.017440
21.354578 0.001829 0.029343 0.017438
21.356408 0.001830 0.029342 0.017436
21.358238 0.001830 0.029340 0.017435
21.360069 0.001830 0.029338 0.017433
21.361899 0.001830 0.029337 0.017432
21.363729 0.001830 0.029335 0.017430
21.365558 0.001830 0.029334 0.017429
21.367387 0.001829 0.029333 0.017428
21.369215 0.001828 0.029332 0.017427
21.371043 0.001828 0.029331 0.017426
21.372870 0.001827 0.029330 0.017425
21.374697 0.001827 0.029329 0.017424
21.376524 0.001826 0.029328 0.017422
21.378350 0.001826 0.029327 0.017421
21.380176 0.001826 0.029326 0.017420
21.382002 0.001826 0.029324 0.017419
21.383828 0.001826 0.029323 0.017418
21.385654 0.001826 0.029322 0.017417
21.387480 0.001826 0.029321 0.017416
21.389307 0.001827 0.029320 0.017415
21.391134 0.001827 0.029319 0.017414
21.392962 0.001828 0.029318 0.017413
21.394789 0.001827 0.029317 0.017412
21.396617 0.001828 0.029316 0.017410
21.398445 0.001828 0.029314 0.017409
21.400272 0.001827 0.029313 0.017408
21.402099 0.001827 0.029312 0.017407
21.403925 0.001826 0.029310 0.017405
21.405751 0.001826 0.029309 0.017404
21.407576 0.001825 0.029307 0.017402
21.409401 0.001825 0.029306 0.017401
21.411225 0.001824 0.029304 0.017399
21.413049 0.001824 0.029302 0.017397
21.414872 0.001824 0.029301 0.017395
21.416696 0.001823 0.029299 0.017393
21.418519 0.001823 0.029297 0.017391
21.420342 0.001823 0.029294 0.017389
21.422166 0.001824 0.029292 0.017387
21.423990 0.001824 0.029290 0.017384
21.425813 0.001824 0.029287 0.017382
21.427637 0.001824 0.029284 0.017379
21.429462 0.001824 0.029281 0.017376
21.431286 0.001824 0.029278 0.017373
21.433110 0.001824 0.029275 0.017369
21.434933 0.001824 0.029271 0.017366
21.436757 0.001824 0.029267 0.017362
21.438581 0.001824 0.029263 0.017358
21.440405 0.001823 0.029259 0.017354
21.442228 0.001823 0.029254 0.017349
21.444051 0.001823 0.029250 0.017344
21.445874 0.001823 0.029244 0.017339
21.447697 0.001823 0.029239 0.017334
21.449519 0.001823 0.029233 0.017328
21.451342 0.001822 0.029227 0.017322
21.453164 0.001822 0.029221 0.017316
21.454986 0.001822 0.029215 0.017309
21.456809 0.001822 0.029208 0.017303
21.458631 0.001822 0.029201 0.017296
21.460454 0.001823 0.029194 0.017289
21.462277 0.001823 0.029186 0.017281
21.464099 0.001822 0.029179 0.017274
21.465921 0.001822 0.029171 0.017266
21.467743 0.001822 0.029164 0.017259
21.469564 0.001821 0.029156 0.017251
21.471385 0.001821 0.029149 0.017243
21.473206 0.001821 0.029141 0.017236
21.475026 0.001820 0.029133 0.017228
21.476846 0.001820 0.029126 0.017221
21.478667 0.001820 0.029118 0.017213
21.480487 0.001820 0.029111 0.017206
21.482307 0.001820 0.029103 0.017198
21.484128 0.001821 0.029096 0.017191
21.485948 0.001821 0.029089 0.017184
21.487769 0.001821 0.029082 0.017177
21.489591 0.001821 0.029075 0.017170
21.491412 0.001822 0.029068 0.017163
21.493234 0.001822 0.029062 0.017157
21.495056 0.001822 0.029056 0.017151
21.496878 0.001822 0.029051 0.017146
21.498699 0.001821 0.029046 0.017141
21.500520 0.001821 0.029042 0.017137
21.502341 0.001821 0.029038 0.017133
21.504161 0.001820 0.029036 0.017130
21.505981 0.001820 0.029033 0.017128
21.507801 0.001820 0.029032 0.017127
21.509621 0.001820 0.029033 0.017127
21.511440 0.001820 0.029035 0.017130
21.513260 0.001820 0.029038 0.017133
21.515080 0.001820 0.029043 0.017138
21.516900 0.001820 0.029049 0.017144
21.518720 0.001820 0.029056 0.017151
21.520540 0.001820 0.029064 0.017159
21.522361 0.001821 0.029074 0.017169
21.524182 0.001821 0.029085 0.017180
21.526003 0.001821 0.029097 0.017192
21.527825 0.001822 0.029111 0.017206
21.529647 0.001822 0.029126 0.017220
21.531469 0.001823 0.029141 0.017236
21.533292 0.001822 0.029158 0.017253
21.535114 0.001822 0.029176 0.017270
21.536937 0.001822 0.029194 0.017289
21.538759 0.001823 0.029214 0.017309
21.540582 0.001822 0.029234 0.017329
21.542404 0.001822 0.029256 0.017350
21.544227 0.001823 0.029277 0.017372
21.546050 0.001823 0.029300 0.017395
21.547873 0.001823 0.029322 0.017417
21.549696 0.001823 0.029345 0.017440
21.551519 0.001823 0.029368 0.017463
21.553343 0.001824 0.029391 0.017486
21.555166 0.001824 0.029414 0.017508
21.556990 0.001824 0.029436 0.017531
21.558815 0.001824 0.029458 0.017553
21.560640 0.001825 0.029480 0.017575
21.562465 0.001825 0.029502 0.017597
21.564291 0.001826 0.029523 0.017617
21.566117 0.001826 0.029543 0.017638
21.567943 0.001826 0.029563 0.017657
21.569770 0.001827 0.029581 0.017676
21.571596 0.001827 0.029599 0.017694
21.573423 0.001827 0.029616 0.017711
21.575250 0.001827 0.029632 0.017727
21.577078 0.001827 0.029647 0.017742
21.578905 0.001827 0.029661 0.017756
21.580732 0.001827 0.029674 0.017768
21.582559 0.001827 0.029685 0.017780
21.584387 0.001828 0.029696 0.017790
21.586214 0.001827 0.029705 0.017800
21.588042 0.001827 0.029714 0.017809
21.589869 0.001827 0.029721 0.017816
21.591696 0.001827 0.029728 0.017822
21.593522 0.001826 0.029733 0.017827
21.595348 0.001826 0.029736 0.017831
21.597174 0.001826 0.029739 0.017834
21.599000 0.001826 0.029740 0.017835
21.600825 0.001825 0.029739 0.017834
21.602650 0.001825 0.029737 0.017832
21.604475 0.001825 0.029734 0.017829
21.606300 0.001825 0.029730 0.017825
21.608125 0.001825 0.029725 0.017820
21.609949 0.001825 0.029718 0.017813
21.611774 0.001824 0.029711 0.017806
21.613598 0.001824 0.029703 0.017798
21.615422 0.001824 0.029694 0.017789
21.617245 0.001823 0.029685 0.017780
21.619067 0.001823 0.029675 0.017770
21.620889 0.001822 0.029665 0.017760
21.622711 0.001822 0.029655 0.017749
21.624532 0.001821 0.029643 0.017738
21.626354 0.001821 0.029631 0.017726
21.628174 0.001821 0.029618 0.017713
21.629995 0.001821 0.029605 0.017699
21.631816 0.001820 0.029590 0.017685
21.633636 0.001820 0.029574 0.017669
21.635456 0.001820 0.029557 0.017652
21.637276 0.001820 0.029540 0.017635
21.639096 0.001820 0.029521 0.017616
21.640916 0.001820 0.029502 0.017597
21.642736 0.001820 0.029482 0.017577
21.644557 0.001821 0.029462 0.017557
21.646377 0.001820 0.029441 0.017536
21.648197 0.001820 0.029420 0.017515
21.650016 0.001819 0.029399 0.017494
21.651835 0.001819 0.029378 0.017473
21.653655 0.001819 0.029356 0.017451
21.655474 0.001819 0.029335 0.017429
21.657293 0.001819 0.029313 0.017408
21.659113 0.001820 0.029291 0.017386
21.660933 0.001820 0.029269 0.017364
21.662752 0.001819 0.029247 0.017342
21.664571 0.001819 0.029225 0.017319
21.666389 0.001819 0.029202 0.017297
21.668208 0.001818 0.029180 0.017275
21.670025 0.001818 0.029157 0.017252
21.671842 0.001817 0.029135 0.017230
21.673659 0.001817 0.029112 0.017207
21.675477 0.001817 0.029090 0.017185
21.677293 0.001817 0.029067 0.017162
21.679110 0.001817 0.029045 0.017139
21.680927 0.001817 0.029022 0.017117
21.682744 0.001817 0.028999 0.017094
21.684561 0.001817 0.028976 0.017071
21.686379 0.001817 0.028953 0.017048
21.688196 0.001818 0.028930 0.017025
21.690014 0.001818 0.028907 0.017002
21.691831 0.001817 0.028884 0.016979
21.693648 0.001817 0.028861 0.016956
21.695465 0.001817 0.028838 0.016933
21.697281 0.001816 0.028815 0.016909
21.699097 0.001816 0.028791 0.016886
21.700913 0.001816 0.028768 0.016863
21.702729 0.001816 0.028745 0.016840
21.704545 0.001816 0.028722 0.016817
21.706361 0.001816 0.028699 0.016794
21.708177 0.001816 0.028677 0.016771
21.709993 0.001816 0.028654 0.016749
21.711810 0.001817 0.028631 0.016726
21.713627 0.001817 0.028609 0.016703
21.715444 0.001817 0.028586 0.016681
21.717261 0.001817 0.028564 0.016658
21.719078 0.001817 0.028541 0.016636
21.720896 0.001817 0.028519 0.016614
21.722713 0.001817 0.028497 0.016592
21.724530 0.001817 0.028475 0.016570
21.726347 0.001817 0.028453 0.016548
21.728164 0.001817 0.028431 0.016526
21.729981 0.001817 0.028410 0.016505
21.731797 0.001817 0.028388 0.016483
21.733614 0.001816 0.028367 0.016461
21.735430 0.001817 0.028345 0.016440
21.737246 0.001816 0.028324 0.016419
21.739062 0.001816 0.028303 0.016398
21.740877 0.001815 0.028282 0.016377
21.742692 0.001815 0.028261 0.016356
21.744507 0.001815 0.028240 0.016335
21.746321 0.001814 0.028220 0.016314
21.748135 0.001814 0.028199 0.016294
21.749949 0.001814 0.028178 0.016273
21.751763 0.001814 0.028158 0.016253
21.753576 0.001813 0.028138 0.016233
21.755390 0.001814 0.028118 0.016212
21.757204 0.001814 0.028098 0.016192
21.759017 0.001814 0.028077 0.016172
21.760832 0.001814 0.028057 0.016152
21.762646 0.001815 0.028038 0.016132
21.764461 0.001815 0.028018 0.016113
21.766276 0.001815 0.027998 0.016093
21.768091 0.001815 0.027978 0.016073
21.769906 0.001815 0.027959 0.016053
21.771721 0.001815 0.027939 0.016034
21.773536 0.001815 0.027920 0.016014
21.775351 0.001815 0.027900 0.015995
21.777165 0.001815 0.027881 0.015976
21.778980 0.001815 0.027862 0.015957
21.780795 0.001815 0.027843 0.015938
21.782609 0.001815 0.027824 0.015919
21.784424 0.001815 0.027805 0.015900
21.786239 0.001815 0.027786 0.015881
21.788054 0.001815 0.027767 0.015862
21.789868 0.001815 0.027749 0.015844
21.791683 0.001815 0.027731 0.015825
21.793498 0.001815 0.027712 0.015807
21.795313 0.001815 0.027694 0.015789
21.797128 0.001815 0.027676 0.015771
21.798943 0.001815 0.027658 0.015753
21.800758 0.001815 0.027640 0.015735
21.802573 0.001815 0.027622 0.015717
21.804388 0.001815 0.027605 0.015699
21.806203 0.001815 0.027587 0.015682
21.808019 0.001815 0.027569 0.015664
21.809834 0.001816 0.027552 0.015647
21.811650 0.001816 0.027535 0.015629
21.813466 0.001815 0.027517 0.015612
21.815281 0.001815 0.027500 0.015595
21.817096 0.001815 0.027483 0.015578
21.818912 0.001815 0.027466 0.015561
21.820727 0.001815 0.027449 0.015544
21.822543 0.001816 0.027432 0.015527
21.824358 0.001816 0.027415 0.015510
21.826174 0.001816 0.027398 0.015493
21.827990 0.001816 0.027381 0.015476
21.829806 0.001816 0.027364 0.015459
21.831622 0.001816 0.027347 0.015442
21.833439 0.001816 0.027330 0.015425
21.835255 0.001816 0.027313 0.015408
21.837071 0.001816 0.027297 0.015391
21.838888 0.001817 0.027280 0.015375
21.840705 0.001817 0.027263 0.015358
21.842521 0.001817 0.027246 0.015341
21.844338 0.001817 0.027229 0.015324
21.846155 0.001817 0.027212 0.015307
21.847972 0.001817 0.027196 0.015290
21.849789 0.001817 0.027179 0.015274
21.851606 0.001817 0.027162 0.015257
21.853423 0.001817 0.027145 0.015240
21.855240 0.001817 0.027128 0.015223
21.857058 0.001817 0.027111 0.015206
21.858875 0.001818 0.027094 0.015189
21.860693 0.001818 0.027077 0.015172
21.862511 0.001818 0.027061 0.015155
21.864329 0.001818 0.027044 0.015138
21.866148 0.001818 0.027027 0.015121
21.867966 0.001819 0.027010 0.015104
21.869785 0.001819 0.026993 0.015087
21.871604 0.001819 0.026976 0.015070
21.873423 0.001819 0.026959 0.015053
21.875243 0.001819 0.026942 0.015036
21.877063 0.001820 0.026925 0.015019
21.878882 0.001820 0.026907 0.015002
21.880702 0.001820 0.026890 0.014985
21.882522 0.001820 0.026873 0.014968
21.884342 0.001820 0.026856 0.014951
21.886163 0.001820 0.026839 0.014933
21.887983 0.001820 0.026821 0.014916
21.889803 0.001820 0.026804 0.014899
21.891624 0.001821 0.026787 0.014881
21.893445 0.001821 0.026769 0.014864
21.895266 0.001821 0.026752 0.014846
21.897088 0.001821 0.026734 0.014829
21.898910 0.001822 0.026716 0.014811
21.900731 0.001821 0.026699 0.014793
21.902552 0.001821 0.026681 0.014775
21.904374 0.001821 0.026663 0.014758
21.906196 0.001822 0.026645 0.014740
21.908017 0.001822 0.026627 0.014722
21.909839 0.001822 0.026609 0.014703
21.911661 0.001822 0.026590 0.014685
21.913485 0.001823 0.026572 0.014667
21.915308 0.001823 0.026554 0.014648
21.917131 0.001823 0.026535 0.014630
21.918955 0.001824 0.026517 0.014611
21.920779 0.001825 0.026498 0.014593
21.922604 0.001825 0.026479 0.014574
21.924429 0.001825 0.026461 0.014555
21.926254 0.001825 0.026442 0.014537
21.928080 0.001826 0.026423 0.014518
21.929907 0.001826 0.026404 0.014499
21.931733 0.001827 0.026385 0.014480
21.933560 0.001826 0.026366 0.014461
21.935387 0.001827 0.026347 0.014442
21.937214 0.001827 0.026328 0.014423
21.939042 0.001827 0.026309 0.014404
21.940869 0.001827 0.026290 0.014384
21.942696 0.001828 0.026270 0.014365
21.944524 0.001828 0.026251 0.014346
21.946352 0.001828 0.026232 0.014327
21.948179 0.001828 0.026213 0.014308
21.950008 0.001828 0.026194 0.014288
21.951836 0.001828 0.026174 0.014269
21.953664 0.001828 0.026155 0.014250
21.955493 0.001828 0.026136 0.014231
21.957322 0.001829 0.026117 0.014212
21.959151 0.001829 0.026097 0.014192
21.960981 0.001830 0.026078 0.014173
21.962811 0.001830 0.026059 0.014154
21.964642 0.001831 0.026040 0.014134
21.966473 0.001831 0.026020 0.014115
21.968305 0.001831 0.026001 0.014096
21.970137 0.001832 0.025982 0.014077
21.971969 0.001833 0.025963 0.014057
21.973802 0.001833 0.025943 0.014038
21.975635 0.001833 0.025924 0.014019
21.977468 0.001833 0.025905 0.013999
21.979302 0.001834 0.025885 0.013980
21.981137 0.001835 0.025866 0.013961
21.982972 0.001835 0.025847 0.013942
21.984807 0.001835 0.025827 0.013922
21.986643 0.001836 0.025808 0.013903
21.988479 0.001837 0.025789 0.013884
21.990316 0.001837 0.025770 0.013864
21.992154 0.001837 0.025750 0.013845
21.993991 0.001838 0.025731 0.013826
21.995830 0.001838 0.025712 0.013806
21.997668 0.001838 0.025692 0.013787
21.999506 0.001838 0.025673 0.013768
22.001346 0.001839 0.025654 0.013749
22.003185 0.001840 0.025635 0.013730
22.005025 0.001840 0.025616 0.013710
22.006865 0.001840 0.025596 0.013691
22.008706 0.001841 0.025577 0.013672
22.010547 0.001841 0.025558 0.013653
22.012388 0.001841 0.025539 0.013634
22.014229 0.001841 0.025520 0.013615
22.016071 0.001842 0.025501 0.013596
22.017913 0.001842 0.025482 0.013577
22.019756 0.001843 0.025463 0.013557
22.021598 0.001843 0.025444 0.013538
22.023442 0.001844 0.025424 0.013519
22.025286 0.001844 0.025405 0.013500
22.027131 0.001844 0.025386 0.013481
22.028975 0.001844 0.025367 0.013462
22.030820 0.001845 0.025348 0.013443
22.032666 0.001846 0.025329 0.013424
22.034512 0.001846 0.025310 0.013405
22.036357 0.001846 0.025291 0.013386
22.038204 0.001847 0.025272 0.013366
22.040052 0.001847 0.025253 0.013347
22.041900 0.001848 0.025233 0.013328
22.043748 0.001848 0.025214 0.013309
22.045597 0.001849 0.025195 0.013290
22.047447 0.001850 0.025176 0.013271
22.049297 0.001850 0.025157 0.013252
22.051147 0.001850 0.025138 0.013233
22.052998 0.001851 0.025119 0.013214
22.054849 0.001852 0.025100 0.013195
22.056701 0.001852 0.025081 0.013176
22.058553 0.001852 0.025062 0.013157
22.060406 0.001853 0.025043 0.013138
22.062260 0.001854 0.025024 0.013119
22.064114 0.001854 0.025005 0.013100
22.065968 0.001854 0.024986 0.013081
22.067823 0.001855 0.024967 0.013062
22.069679 0.001856 0.024948 0.013043
22.071536 0.001857 0.024930 0.013024
22.073393 0.001857 0.024911 0.013006
22.075250 0.001857 0.024892 0.012987
22.077108 0.001858 0.024873 0.012968
22.078966 0.001858 0.024854 0.012949
22.080824 0.001858 0.024836 0.012930
22.082683 0.001859 0.024817 0.012912
22.084543 0.001860 0.024798 0.012893
22.086403 0.001861 0.024780 0.012875
22.088264 0.001861 0.024761 0.012856
22.090126 0.001862 0.024743 0.012837
22.091989 0.001863 0.024724 0.012819
22.093852 0.001863 0.024706 0.012800
22.095716 0.001863 0.024687 0.012782
22.097579 0.001864 0.024669 0.012764
22.099444 0.001865 0.024650 0.012745
22.101309 0.001865 0.024632 0.012727
22.103175 0.001865 0.024614 0.012709
22.105040 0.001866 0.024596 0.012690
22.106907 0.001867 0.024577 0.012672
22.108775 0.001868 0.024559 0.012654
22.110643 0.001868 0.024541 0.012636
22.112511 0.001868 0.024523 0.012618
22.114380 0.001869 0.024505 0.012600
22.116251 0.001870 0.024487 0.012582
22.118122 0.001871 0.024469 0.012564
22.119993 0.001872 0.024452 0.012546
22.121866 0.001873 0.024434 0.012529
22.123740 0.001874 0.024416 0.012511
22.125614 0.001874 0.024398 0.012493
22.127488 0.001874 0.024381 0.012476
22.129364 0.001875 0.024363 0.012458
22.131240 0.001876 0.024346 0.012440
22.133116 0.001876 0.024328 0.012423
22.134992 0.001877 0.024311 0.012406
22.136870 0.001877 0.024293 0.012388
22.138748 0.001878 0.024276 0.012371
22.140627 0.001879 0.024259 0.012354
22.142506 0.001879 0.024242 0.012337
22.144386 0.001880 0.024225 0.012319
22.146267 0.001881 0.024208 0.012302
22.148149 0.001882 0.024190 0.012285
22.150031 0.001882 0.024174 0.012268
22.151913 0.001883 0.024157 0.012251
22.153797 0.001883 0.024140 0.012235
22.155681 0.001884 0.024123 0.012218
22.157565 0.001885 0.024106 0.012201
22.159451 0.001885 0.024090 0.012185
22.161337 0.001886 0.024073 0.012168
22.163223 0.001887 0.024057 0.012151
22.165110 0.001887 0.024040 0.012135
22.166997 0.001887 0.024024 0.012119
22.168885 0.001888 0.024007 0.012102
22.170774 0.001888 0.023991 0.012086
22.172662 0.001888 0.023975 0.012070
22.174551 0.001889 0.023959 0.012054
22.176441 0.001889 0.023943 0.012038
22.178331 0.001890 0.023927 0.012022
22.180221 0.001890 0.023911 0.012006
22.182112 0.001891 0.023895 0.011990
22.184004 0.001892 0.023879 0.011974
22.185896 0.001892 0.023864 0.011958
22.187788 0.001892 0.023848 0.011943
22.189680 0.001892 0.023833 0.011927
22.191573 0.001892 0.023817 0.011912
22.193465 0.001893 0.023802 0.011897
22.195358 0.001892 0.023786 0.011881
22.197250 0.001892 0.023771 0.011866
22.199143 0.001892 0.023756 0.011851
22.201035 0.001892 0.023741 0.011836
22.202927 0.001892 0.023726 0.011821
22.204819 0.001892 0.023711 0.011806
22.206711 0.001892 0.023696 0.011791
22.208603 0.001892 0.023682 0.011777
22.210496 0.001892 0.023667 0.011762
22.212388 0.001892 0.023653 0.011747
22.214280 0.001893 0.023638 0.011733
22.216173 0.001893 0.023624 0.011719
22.218067 0.001893 0.023609 0.011704
22.219960 0.001893 0.023595 0.011690
22.221853 0.001893 0.023581 0.011676
22.223746 0.001893 0.023567 0.011662
22.225639 0.001893 0.023553 0.011648
22.227532 0.001893 0.023539 0.011634
22.229425 0.001893 0.023525 0.011620
22.231318 0.001893 0.023511 0.011606
22.233212 0.001894 0.023497 0.011592
22.235106 0.001894 0.023483 0.011578
22.237000 0.001894 0.023470 0.011565
22.238893 0.001894 0.023456 0.011551
22.240787 0.001894 0.023443 0.011537
22.242681 0.001894 0.023429 0.011524
22.244576 0.001894 0.023416 0.011510
22.246470 0.001894 0.023402 0.011497
22.248364 0.001894 0.023389 0.011484
22.250259 0.001895 0.023375 0.011470
22.252154 0.001895 0.023362 0.011457
22.254048 0.001894 0.023349 0.011444
22.255942 0.001894 0.023336 0.011430
22.257837 0.001894 0.023322 0.011417
22.259731 0.001895 0.023309 0.011404
22.261626 0.001895 0.023296 0.011391
22.263521 0.001895 0.023283 0.011378
22.265416 0.001895 0.023270 0.011365
22.267312 0.001895 0.023257 0.011352
22.269206 0.001895 0.023244 0.011339
22.271101 0.001895 0.023231 0.011326
22.272996 0.001895 0.023218 0.011313
22.274891 0.001895 0.023205 0.011300
22.276786 0.001895 0.023192 0.011287
22.278681 0.001895 0.023179 0.011274
22.280577 0.001896 0.023167 0.011261
22.282473 0.001896 0.023154 0.011248
22.284369 0.001896 0.023141 0.011236
22.286265 0.001896 0.023128 0.011223
22.288161 0.001896 0.023115 0.011210
22.290058 0.001897 0.023102 0.011197
22.291954 0.001897 0.023089 0.011184
22.293851 0.001897 0.023077 0.011171
22.295748 0.001897 0.023064 0.011159
22.297646 0.001898 0.023051 0.011146
22.299543 0.001898 0.023038 0.011133
22.301441 0.001898 0.023025 0.011120
22.303339 0.001898 0.023012 0.011107
22.305238 0.001898 0.022999 0.011094
22.307136 0.001898 0.022987 0.011081
22.309035 0.001899 0.022974 0.011068
22.310933 0.001899 0.022961 0.011056
22.312832 0.001899 0.022948 0.011043
22.314730 0.001898 0.022935 0.011030
22.316628 0.001898 0.022922 0.011017
22.318526 0.001898 0.022909 0.011004
22.320425 0.001898 0.022896 0.010991
22.322323 0.001898 0.022883 0.010978
22.324221 0.001898 0.022870 0.010965
22.326120 0.001899 0.022857 0.010952
22.328019 0.001899 0.022844 0.010938
22.329919 0.001900 0.022831 0.010925
22.331818 0.001900 0.022817 0.010912
22.333718 0.001900 0.022804 0.010899
22.335618 0.001900 0.022791 0.010886
22.337519 0.001900 0.022778 0.010873
22.339419 0.001901 0.022764 0.010859
22.341320 0.001901 0.022751 0.010846
22.343221 0.001901 0.022738 0.010833
22.345122 0.001901 0.022724 0.010819
22.347024 0.001901 0.022711 0.010806
22.348925 0.001901 0.022698 0.010792
22.350826 0.001901 0.022684 0.010779
22.352727 0.001901 0.022671 0.010765
22.354628 0.001901 0.022657 0.010752
22.356528 0.001900 0.022644 0.010738
22.358428 0.001900 0.022630 0.010725
22.360327 0.001900 0.022616 0.010711
22.362227 0.001899 0.022603 0.010698
22.364126 0.001899 0.022589 0.010684
22.366025 0.001899 0.022575 0.010670
22.367923 0.001899 0.022562 0.010657
22.369822 0.001898 0.022548 0.010643
22.371720 0.001898 0.022534 0.010629
22.373618 0.001898 0.022520 0.010615
22.375515 0.001897 0.022507 0.010601
22.377412 0.001897 0.022493 0.010588
22.379309 0.001897 0.022479 0.010574
22.381205 0.001896 0.022465 0.010560
22.383101 0.001896 0.022451 0.010546
22.384997 0.001896 0.022437 0.010532
22.386893 0.001896 0.022423 0.010518
22.388788 0.001895 0.022409 0.010504
22.390683 0.001895 0.022395 0.010490
22.392577 0.001894 0.022381 0.010476
22.394471 0.001894 0.022367 0.010462
22.396365 0.001894 0.022353 0.010448
22.398259 0.001894 0.022339 0.010434
22.400152 0.001893 0.022325 0.010420
22.402045 0.001893 0.022311 0.010406
22.403937 0.001892 0.022297 0.010392
22.405828 0.001892 0.022283 0.010378
22.407719 0.001891 0.022269 0.010364
22.409610 0.001891 0.022255 0.010349
22.411500 0.001890 0.022240 0.010335
22.413390 0.001890 0.022226 0.010321
22.415279 0.001889 0.022212 0.010307
22.417168 0.001888 0.022198 0.010292
22.419055 0.001887 0.022183 0.010278
22.420942 0.001887 0.022169 0.010264
22.422828 0.001886 0.022155 0.010250
22.424714 0.001886 0.022141 0.010235
22.426599 0.001885 0.022126 0.010221
22.428484 0.001885 0.022112 0.010207
22.430368 0.001884 0.022098 0.010192
22.432251 0.001883 0.022083 0.010178
22.434134 0.001883 0.022069 0.010164
22.436016 0.001882 0.022055 0.010149
22.437897 0.001881 0.022040 0.010135
22.439778 0.001881 0.022026 0.010121
22.441658 0.001880 0.022011 0.010106
22.443538 0.001880 0.021997 0.010092
22.445417 0.001879 0.021983 0.010077
22.447296 0.001879 0.021968 0.010063
22.449174 0.001878 0.021954 0.010049
22.451051 0.001877 0.021939 0.010034
22.452927 0.001877 0.021925 0.010020
22.454804 0.001876 0.021910 0.010005
22.456679 0.001876 0.021896 0.009991
22.458555 0.001875 0.021881 0.009976
22.460430 0.001875 0.021867 0.009962
22.462305 0.001875 0.021853 0.009947
22.464180 0.001875 0.021838 0.009933
22.466054 0.001874 0.021824 0.009918
22.467927 0.001873 0.021809 0.009904
22.469798 0.001871 0.021795 0.009889
22.471668 0.001869 0.021780 0.009875
22.473535 0.001868 0.021766 0.009861
22.475402 0.001866 0.021751 0.009846
22.477266 0.001865 0.021737 0.009832
22.479128 0.001862 0.021722 0.009817
22.480988 0.001860 0.021708 0.009803
22.482846 0.001858 0.021694 0.009789
22.484703 0.001857 0.021679 0.009774
22.486558 0.001855 0.021665 0.009760
22.488413 0.001854 0.021651 0.009746
22.490266 0.001854 0.021636 0.009731
22.492118 0.001852 0.021622 0.009717
22.493967 0.001850 0.021608 0.009703
22.495816 0.001848 0.021594 0.009689
22.497663 0.001847 0.021579 0.009674
22.499508 0.001846 0.021565 0.009660
22.501353 0.001845 0.021551 0.009646
22.503198 0.001844 0.021537 0.009632
22.505041 0.001844 0.021523 0.009618
22.506884 0.001843 0.021509 0.009603
22.508726 0.001842 0.021495 0.009589
22.510568 0.001842 0.021480 0.009575
22.512409 0.001841 0.021466 0.009561
22.514249 0.001840 0.021452 0.009547
22.516087 0.001839 0.021438 0.009533
22.517926 0.001838 0.021424 0.009519
22.519761 0.001835 0.021410 0.009505
22.521591 0.001830 0.021396 0.009491
22.523417 0.001826 0.021383 0.009477
22.525238 0.001821 0.021369 0.009464
22.527056 0.001817 0.021355 0.009450
22.528869 0.001813 0.021341 0.009436
22.530679 0.001810 0.021328 0.009423
22.532486 0.001807 0.021314 0.009409
22.534290 0.001804 0.021301 0.009395
22.536092 0.001802 0.021287 0.009382
22.537892 0.001800 0.021274 0.009368
22.539690 0.001798 0.021260 0.009355
22.541486 0.001796 0.021247 0.009341
22.543281 0.001795 0.021233 0.009328
22.545075 0.001794 0.021220 0.009315
22.546868 0.001793 0.021206 0.009301
22.548661 0.001793 0.021193 0.009288
22.550453 0.001793 0.021180 0.009275
22.552246 0.001793 0.021166 0.009261
22.554039 0.001793 0.021153 0.009248
22.555832 0.001793 0.021140 0.009235
22.557626 0.001794 0.021127 0.009221
22.559421 0.001795 0.021113 0.009208
22.561216 0.001796 0.021100 0.009195
22.563013 0.001797 0.021087 0.009182
22.564811 0.001798 0.021073 0.009168
22.566611 0.001799 0.021060 0.009155
22.568411 0.001800 0.021047 0.009142
22.570213 0.001802 0.021034 0.009129
22.572015 0.001803 0.021020 0.009115
22.573820 0.001804 0.021007 0.009102
22.575625 0.001805 0.020994 0.009089
22.577432 0.001807 0.020981 0.009076
22.579240 0.001808 0.020967 0.009062
22.581049 0.001810 0.020954 0.009049
22.582860 0.001811 0.020941 0.009036
22.584673 0.001812 0.020928 0.009022
22.586487 0.001814 0.020914 0.009009
22.588302 0.001816 0.020901 0.008996
22.590120 0.001817 0.020888 0.008983
22.591939 0.001819 0.020874 0.008969
22.593760 0.001821 0.020861 0.008956
22.595583 0.001823 0.020848 0.008943
22.597407 0.001824 0.020834 0.008929
22.599232 0.001825 0.020821 0.008916
22.601058 0.001826 0.020808 0.008902
22.602886 0.001827 0.020794 0.008889
22.604714 0.001828 0.020781 0.008876
22.606543 0.001829 0.020767 0.008862
22.608374 0.001830 0.020754 0.008849
22.610205 0.001831 0.020741 0.008835
22.612038 0.001833 0.020727 0.008822
22.613871 0.001834 0.020714 0.008808
22.615706 0.001835 0.020700 0.008795
22.617542 0.001836 0.020687 0.008781
22.619379 0.001837 0.020673 0.008768
22.621216 0.001838 0.020660 0.008754
22.623055 0.001839 0.020646 0.008741
22.624895 0.001840 0.020632 0.008727
22.626736 0.001841 0.020619 0.008714
22.628578 0.001842 0.020605 0.008700
22.630420 0.001843 0.020592 0.008687
22.632264 0.001844 0.020578 0.008673
22.634109 0.001845 0.020564 0.008659
22.635955 0.001846 0.020551 0.008646
22.637802 0.001847 0.020537 0.008632
22.639649 0.001848 0.020523 0.008618
22.641498 0.001848 0.020510 0.008604
22.643347 0.001849 0.020496 0.008591
22.645196 0.001850 0.020482 0.008577
22.647047 0.001850 0.020468 0.008563
22.648898 0.001851 0.020455 0.008549
22.650749 0.001852 0.020441 0.008535
22.652602 0.001852 0.020427 0.008522
22.654455 0.001853 0.020413 0.008508
22.656309 0.001854 0.020399 0.008494
22.658163 0.001854 0.020385 0.008480
22.660018 0.001855 0.020371 0.008466
22.661874 0.001856 0.020357 0.008452
22.663731 0.001857 0.020343 0.008438
22.665588 0.001857 0.020329 0.008424
22.667446 0.001858 0.020315 0.008410
22.669305 0.001859 0.020301 0.008396
22.671164 0.001859 0.020287 0.008382
22.673024 0.001860 0.020273 0.008367
22.674885 0.001861 0.020258 0.008353
22.676747 0.001862 0.020244 0.008339
22.678609 0.001862 0.020230 0.008325
22.680472 0.001863 0.020216 0.008311
22.682336 0.001864 0.020202 0.008296
22.684200 0.001864 0.020187 0.008282
22.686065 0.001865 0.020173 0.008268
22.687931 0.001865 0.020159 0.008253
22.689797 0.001866 0.020144 0.008239
22.691663 0.001866 0.020130 0.008225
22.693530 0.001867 0.020115 0.008210
22.695398 0.001868 0.020101 0.008196
22.697266 0.001868 0.020087 0.008181
22.699134 0.001869 0.020072 0.008167
22.701003 0.001869 0.020058 0.008152
22.702873 0.001870 0.020043 0.008138
22.704743 0.001870 0.020029 0.008123
22.706614 0.001871 0.020014 0.008109
22.708485 0.001871 0.020000 0.008094
22.710357 0.001872 0.019985 0.008080
22.712229 0.001872 0.019970 0.008065
22.714102 0.001873 0.019956 0.008051
22.715976 0.001873 0.019941 0.008036
22.717850 0.001874 0.019927 0.008022
22.719724 0.001874 0.019912 0.008007
22.721599 0.001875 0.019898 0.007992
22.723475 0.001876 0.019883 0.007978
22.725351 0.001876 0.019868 0.007963
22.727227 0.001876 0.019854 0.007949
22.729104 0.001877 0.019839 0.007934
22.730981 0.001877 0.019825 0.007919
22.732859 0.001878 0.019810 0.007905
22.734737 0.001878 0.019796 0.007890
22.736616 0.001879 0.019781 0.007876
22.738495 0.001879 0.019766 0.007861
22.740375 0.001879 0.019752 0.007847
22.742254 0.001880 0.019737 0.007832
22.744135 0.001880 0.019723 0.007818
22.746016 0.001881 0.019708 0.007803
22.747897 0.001881 0.019694 0.007789
22.749778 0.001882 0.019679 0.007774
22.751660 0.001882 0.019665 0.007760
22.753543 0.001883 0.019650 0.007745
22.755426 0.001883 0.019636 0.007731
22.757309 0.001883 0.019622 0.007716
22.759193 0.001884 0.019607 0.007702
22.761078 0.001884 0.019593 0.007688
22.762962 0.001885 0.019579 0.007673
22.764848 0.001885 0.019564 0.007659
22.766733 0.001886 0.019550 0.007645
22.768619 0.001886 0.019536 0.007631
22.770506 0.001886 0.019522 0.007616
22.772393 0.001887 0.019507 0.007602
22.774280 0.001887 0.019493 0.007588
22.776168 0.001888 0.019479 0.007574
22.778056 0.001888 0.019465 0.007560
22.779945 0.001889 0.019451 0.007546
22.781834 0.001889 0.019437 0.007532
22.783723 0.001889 0.019423 0.007518
22.785613 0.001890 0.019409 0.007504
22.787503 0.001890 0.019396 0.007490
22.789394 0.001891 0.019382 0.007477
22.791285 0.001891 0.019368 0.007463
22.793177 0.001892 0.019354 0.007449
22.795069 0.001892 0.019341 0.007435
22.796961 0.001892 0.019327 0.007422
22.798854 0.001893 0.019313 0.007408
22.800747 0.001893 0.019300 0.007395
22.802640 0.001893 0.019286 0.007381
22.804534 0.001894 0.019273 0.007368
22.806428 0.001894 0.019260 0.007354
22.808322 0.001894 0.019246 0.007341
22.810216 0.001894 0.019233 0.007328
22.812111 0.001894 0.019220 0.007314
22.814005 0.001895 0.019206 0.007301
22.815900 0.001895 0.019193 0.007288
22.817795 0.001895 0.019180 0.007275
22.819690 0.001895 0.019167 0.007262
22.821586 0.001896 0.019154 0.007249
22.823481 0.001896 0.019141 0.007236
22.825377 0.001896 0.019128 0.007223
22.827274 0.001896 0.019116 0.007211
22.829170 0.001897 0.019103 0.007198
22.831068 0.001897 0.019090 0.007185
22.832965 0.001898 0.019078 0.007173
22.834863 0.001898 0.019065 0.007160
22.836762 0.001898 0.019053 0.007148
22.838661 0.001899 0.019040 0.007135
22.840560 0.001900 0.019028 0.007123
22.842460 0.001900 0.019016 0.007111
22.844361 0.001900 0.019004 0.007099
22.846261 0.001900 0.018992 0.007086
22.848161 0.001900 0.018980 0.007074
22.850062 0.001900 0.018968 0.007063
22.851962 0.001900 0.018956 0.007051
22.853863 0.001900 0.018944 0.007039
22.855763 0.001900 0.018932 0.007027
22.857664 0.001901 0.018921 0.007015
22.859564 0.001901 0.018909 0.007004
22.861465 0.001901 0.018897 0.006992
22.863366 0.001901 0.018886 0.006981
22.865267 0.001901 0.018875 0.006969
22.867169 0.001901 0.018863 0.006958
22.869070 0.001902 0.018852 0.006947
22.870972 0.001902 0.018841 0.006936
22.872874 0.001902 0.018830 0.006924
22.874777 0.001902 0.018818 0.006913
22.876679 0.001903 0.018807 0.006902
22.878582 0.001903 0.018796 0.006891
22.880485 0.001903 0.018785 0.006880
22.882389 0.001903 0.018775 0.006869
22.884293 0.001904 0.018764 0.006859
22.886197 0.001904 0.018753 0.006848
22.888101 0.001904 0.018742 0.006837
22.890006 0.001905 0.018732 0.006826
22.891911 0.001905 0.018721 0.006816
22.893817 0.001906 0.018710 0.006805
22.895723 0.001906 0.018700 0.006794
22.897629 0.001906 0.018689 0.006784
22.899536 0.001907 0.018679 0.006773
22.901443 0.001907 0.018668 0.006763
22.903350 0.001908 0.018658 0.006753
22.905258 0.001908 0.018647 0.006742
22.907167 0.001909 0.018637 0.006732
22.909076 0.001909 0.018627 0.006721
22.910986 0.001910 0.018616 0.006711
22.912896 0.001910 0.018606 0.006701
22.914807 0.001911 0.018596 0.006690
22.916718 0.001911 0.018585 0.006680
22.918630 0.001912 0.018575 0.006670
22.920542 0.001912 0.018565 0.006659
22.922454 0.001912 0.018554 0.006649
22.924367 0.001913 0.018544 0.006639
22.926280 0.001913 0.018534 0.006628
22.928193 0.001913 0.018523 0.006618
22.930106 0.001914 0.018513 0.006608
22.932020 0.001914 0.018503 0.006597
22.933935 0.001914 0.018492 0.006587
22.935849 0.001915 0.018482 0.006577
22.937764 0.001915 0.018471 0.006566
22.939680 0.001915 0.018461 0.006556
22.941596 0.001916 0.018451 0.006545
22.943512 0.001916 0.018440 0.006535
22.945429 0.001917 0.018430 0.006525
22.947346 0.001917 0.018419 0.006514
22.949264 0.001918 0.018409 0.006503
22.951182 0.001918 0.018398 0.006493
22.953101 0.001919 0.018387 0.006482
22.955020 0.001919 0.018377 0.006472
22.956940 0.001920 0.018366 0.006461
22.958860 0.001920 0.018355 0.006450
22.960780 0.001921 0.018344 0.006439
22.962701 0.001921 0.018334 0.006428
22.964623 0.001921 0.018323 0.006417
22.966545 0.001922 0.018312 0.006406
22.968467 0.001922 0.018301 0.006395
22.970390 0.001923 0.018289 0.006384
22.972313 0.001923 0.018278 0.006373
22.974237 0.001924 0.018267 0.006362
22.976161 0.001924 0.018256 0.006351
22.978086 0.001925 0.018244 0.006339
22.980011 0.001925 0.018233 0.006328
22.981937 0.001926 0.018221 0.006316
22.983863 0.001926 0.018210 0.006305
22.985790 0.001927 0.018198 0.006293
22.987717 0.001927 0.018186 0.006281
22.989644 0.001927 0.018175 0.006269
22.991572 0.001928 0.018163 0.006258
22.993500 0.001928 0.018151 0.006246
22.995428 0.001928 0.018139 0.006234
22.997356 0.001928 0.018127 0.006222
22.999285 0.001929 0.018115 0.006210
23.001213 0.001929 0.018103 0.006198
23.003142 0.001929 0.018091 0.006186
23.005072 0.001929 0.018078 0.006173
23.007001 0.001929 0.018066 0.006161
23.008931 0.001930 0.018054 0.006149
23.010861 0.001930 0.018042 0.006136
23.012791 0.001930 0.018029 0.006124
23.014721 0.001930 0.018017 0.006112
23.016652 0.001931 0.018004 0.006099
23.018582 0.001931 0.017992 0.006087
23.020513 0.001931 0.017979 0.006074
23.022444 0.001931 0.017967 0.006061
23.024376 0.001931 0.017954 0.006049
23.026307 0.001932 0.017941 0.006036
23.028239 0.001932 0.017928 0.006023
23.030171 0.001932 0.017916 0.006010
23.032104 0.001932 0.017903 0.005998
23.034036 0.001932 0.017890 0.005985
23.035969 0.001933 0.017877 0.005972
23.037902 0.001933 0.017864 0.005959
23.039835 0.001933 0.017851 0.005946
23.041768 0.001933 0.017838 0.005933
23.043701 0.001934 0.017825 0.005920
23.045635 0.001934 0.017812 0.005906
23.047569 0.001934 0.017798 0.005893
23.049503 0.001934 0.017785 0.005880
23.051437 0.001934 0.017772 0.005867
23.053371 0.001934 0.017759 0.005853
23.055306 0.001934 0.017745 0.005840
23.057240 0.001935 0.017732 0.005827
23.059175 0.001935 0.017718 0.005813
23.061110 0.001935 0.017705 0.005800
23.063045 0.001935 0.017691 0.005786
23.064980 0.001935 0.017678 0.005773
23.066916 0.001935 0.017664 0.005759
23.068851 0.001935 0.017650 0.005745
23.070787 0.001936 0.017637 0.005732
23.072723 0.001936 0.017623 0.005718
23.074659 0.001936 0.017609 0.005704
23.076595 0.001936 0.017595 0.005690
23.078531 0.001936 0.017582 0.005676
23.080468 0.001936 0.017568 0.005663
23.082404 0.001937 0.017554 0.005649
23.084341 0.001937 0.017540 0.005635
23.086278 0.001937 0.017526 0.005621
23.088215 0.001937 0.017512 0.005607
23.090153 0.001938 0.017498 0.005593
23.092091 0.001938 0.017484 0.005579
23.094029 0.001938 0.017470 0.005564
23.095967 0.001938 0.017455 0.005550
23.097905 0.001938 0.017441 0.005536
23.099844 0.001939 0.017427 0.005522
23.101783 0.001939 0.017413 0.005508
23.103722 0.001939 0.017399 0.005493
23.105661 0.001939 0.017384 0.005479
23.107601 0.001940 0.017370 0.005465
23.109540 0.001940 0.017356 0.005451
23.111480 0.001940 0.017341 0.005436
23.113421 0.001940 0.017327 0.005422
23.115361 0.001941 0.017313 0.005407
23.117302 0.001941 0.017298 0.005393
23.119243 0.001941 0.017284 0.005379
23.121185 0.001941 0.017269 0.005364
23.123126 0.001942 0.017255 0.005350
23.125068 0.001942 0.017240 0.005335
23.127010 0.001942 0.017226 0.005321
23.128952 0.001942 0.017211 0.005306
23.130895 0.001943 0.017197 0.005292
23.132838 0.001943 0.017182 0.005277
23.134781 0.001943 0.017168 0.005262
23.136724 0.001943 0.017153 0.005248
23.138667 0.001943 0.017138 0.005233
23.140611 0.001944 0.017124 0.005219
23.142554 0.001944 0.017109 0.005204
23.144498 0.001944 0.017094 0.005189
23.146443 0.001944 0.017080 0.005175
23.148387 0.001944 0.017065 0.005160
23.150332 0.001945 0.017050 0.005145
23.152277 0.001945 0.017036 0.005131
23.154222 0.001945 0.017021 0.005116
23.156167 0.001945 0.017006 0.005101
23.158113 0.001946 0.016992 0.005087
23.160059 0.001946 0.016977 0.005072
23.162005 0.001946 0.016962 0.005057
23.163951 0.001946 0.016948 0.005042
23.165898 0.001947 0.016933 0.005028
23.167845 0.001947 0.016918 0.005013
23.169792 0.001947 0.016904 0.004998
23.171739 0.001947 0.016889 0.004984
23.173687 0.001948 0.016874 0.004969
23.175634 0.001948 0.016860 0.004954
23.177583 0.001948 0.016845 0.004940
23.179531 0.001948 0.016830 0.004925
23.181480 0.001949 0.016815 0.004910
23.183429 0.001949 0.016801 0.004896
23.185378 0.001949 0.016786 0.004881
23.187328 0.001950 0.016771 0.004866
23.189278 0.001950 0.016757 0.004852
23.191229 0.001950 0.016742 0.004837
23.193179 0.001951 0.016728 0.004822
23.195130 0.001951 0.016713 0.004808
23.197082 0.001951 0.016698 0.004793
23.199033 0.001952 0.016684 0.004779
23.200985 0.001952 0.016669 0.004764
23.202938 0.001952 0.016655 0.004749
23.204890 0.001953 0.016640 0.004735
23.206843 0.001953 0.016625 0.004720
23.208796 0.001953 0.016611 0.004706
23.210750 0.001954 0.016596 0.004691
23.212704 0.001954 0.016582 0.004676
23.214658 0.001954 0.016567 0.004662
23.216613 0.001955 0.016553 0.004647
23.218568 0.001955 0.016538 0.004633
23.220523 0.001955 0.016523 0.004618
23.222479 0.001956 0.016509 0.004604
23.224435 0.001956 0.016494 0.004589
23.226391 0.001956 0.016480 0.004575
23.228348 0.001957 0.016465 0.004560
23.230305 0.001957 0.016451 0.004546
23.232262 0.001957 0.016436 0.004531
23.234220 0.001958 0.016422 0.004517
23.236177 0.001958 0.016407 0.004502
23.238136 0.001958 0.016393 0.004488
23.240094 0.001959 0.016379 0.004473
23.242053 0.001959 0.016364 0.004459
23.244012 0.001959 0.016350 0.004444
23.245972 0.001960 0.016335 0.004430
23.247932 0.001960 0.016321 0.004416
23.249892 0.001960 0.016306 0.004401
23.251852 0.001960 0.016292 0.004387
23.253813 0.001961 0.016277 0.004372
23.255773 0.001961 0.016263 0.004358
23.257734 0.001961 0.016248 0.004343
23.259695 0.001961 0.016234 0.004329
23.261657 0.001961 0.016220 0.004314
23.263618 0.001961 0.016205 0.004300
23.265579 0.001961 0.016191 0.004286
23.267541 0.001962 0.016176 0.004271
23.269503 0.001962 0.016162 0.004257
23.271465 0.001962 0.016148 0.004242
23.273427 0.001962 0.016133 0.004228
23.275389 0.001962 0.016119 0.004213
23.277351 0.001962 0.016104 0.004199
23.279314 0.001963 0.016090 0.004185
23.281277 0.001963 0.016075 0.004170
23.283240 0.001963 0.016061 0.004156
23.285203 0.001963 0.016047 0.004141
23.287166 0.001963 0.016032 0.004127
23.289129 0.001963 0.016018 0.004113
23.291093 0.001964 0.016003 0.004098
23.293056 0.001964 0.015989 0.004084
23.295020 0.001964 0.015974 0.004069
23.296985 0.001964 0.015960 0.004055
23.298949 0.001964 0.015946 0.004040
23.300914 0.001965 0.015931 0.004026
23.302878 0.001965 0.015917 0.004012
23.304843 0.001965 0.015902 0.003997
23.306809 0.001965 0.015888 0.003983
23.308774 0.001965 0.015873 0.003968
23.310739 0.001966 0.015859 0.003954
23.312705 0.001966 0.015845 0.003939
23.314671 0.001966 0.015830 0.003925
23.316637 0.001966 0.015816 0.003911
23.318604 0.001966 0.015801 0.003896
23.320571 0.001967 0.015787 0.003882
23.322538 0.001967 0.015772 0.003867
23.324505 0.001967 0.015758 0.003853
23.326472 0.001967 0.015743 0.003838
23.328440 0.001968 0.015729 0.003824
23.330408 0.001968 0.015715 0.003809
23.332376 0.001968 0.015700 0.003795
23.334345 0.001969 0.015686 0.003781
23.336314 0.001969 0.015671 0.003766
23.338283 0.001969 0.015657 0.003752
23.340253 0.001969 0.015642 0.003737
23.342222 0.001970 0.015628 0.003723
23.344193 0.001970 0.015613 0.003708
23.346163 0.001970 0.015599 0.003694
23.348134 0.001971 0.015585 0.003679
23.350105 0.001971 0.015570 0.003665
23.352076 0.001971 0.015556 0.003651
23.354048 0.001972 0.015541 0.003636
23.356020 0.001972 0.015527 0.003622
23.357993 0.001972 0.015512 0.003607
23.359966 0.001973 0.015498 0.003593
23.361939 0.001973 0.015484 0.003578
23.363912 0.001974 0.015469 0.003564
23.365886 0.001974 0.015455 0.003550
23.367861 0.001974 0.015440 0.003535
23.369836 0.001975 0.015426 0.003521
23.371811 0.001975 0.015412 0.003506
23.373787 0.001976 0.015397 0.003492
23.375763 0.001976 0.015383 0.003478
23.377739 0.001976 0.015368 0.003463
23.379716 0.001977 0.015354 0.003449
23.381693 0.001977 0.015340 0.003435
23.383671 0.001978 0.015325 0.003420
23.385649 0.001978 0.015311 0.003406
23.387627 0.001978 0.015297 0.003391
23.389605 0.001978 0.015282 0.003377
23.391584 0.001979 0.015268 0.003363
23.393563 0.001979 0.015254 0.003349
23.395542 0.001979 0.015239 0.003334
23.397522 0.001979 0.015225 0.003320
23.399502 0.001980 0.015211 0.003306
23.401482 0.001980 0.015197 0.003292
23.403462 0.001980 0.015183 0.003277
23.405442 0.001981 0.015168 0.003263
23.407423 0.001981 0.015154 0.003249
23.409404 0.001981 0.015140 0.003235
23.411386 0.001981 0.015126 0.003221
23.413367 0.001982 0.015112 0.003206
23.415349 0.001982 0.015098 0.003192
23.417331 0.001982 0.015083 0.003178
23.419314 0.001982 0.015069 0.003164
23.421297 0.001983 0.015055 0.003150
23.423280 0.001983 0.015041 0.003136
23.425263 0.001983 0.015027 0.003122
23.427247 0.001984 0.015013 0.003108
23.429231 0.001984 0.014999 0.003094
23.431216 0.001985 0.014985 0.003080
23.433201 0.001985 0.014971 0.003066
23.435186 0.001985 0.014957 0.003052
23.437171 0.001986 0.014944 0.003038
23.439157 0.001986 0.014930 0.003024
23.441144 0.001986 0.014916 0.003011
23.443130 0.001987 0.014902 0.002997
23.445117 0.001987 0.014888 0.002983
23.447104 0.001987 0.014874 0.002969
23.449091 0.001987 0.014861 0.002955
23.451078 0.001987 0.014847 0.002942
23.453066 0.001988 0.014833 0.002928
23.455054 0.001988 0.014819 0.002914
23.457042 0.001988 0.014806 0.002901
23.459031 0.001988 0.014792 0.002887
23.461019 0.001989 0.014779 0.002873
23.463008 0.001989 0.014765 0.002860
23.464997 0.001989 0.014751 0.002846
23.466987 0.001989 0.014738 0.002833
23.468976 0.001990 0.014724 0.002819
23.470967 0.001990 0.014711 0.002806
23.472957 0.001990 0.014697 0.002792
23.474947 0.001991 0.014684 0.002779
23.476938 0.001991 0.014671 0.002765
23.478929 0.001991 0.014657 0.002752
23.480920 0.001991 0.014644 0.002739
23.482912 0.001991 0.014631 0.002725
23.484904 0.001992 0.014617 0.002712
23.486895 0.001992 0.014604 0.002699
23.488888 0.001992 0.014591 0.002686
23.490880 0.001992 0.014578 0.002672
23.492872 0.001992 0.014565 0.002659
23.494865 0.001993 0.014551 0.002646
23.496858 0.001993 0.014538 0.002633
23.498851 0.001993 0.014525 0.002620
23.500844 0.001993 0.014512 0.002607
23.502838 0.001993 0.014499 0.002594
23.504831 0.001994 0.014486 0.002581
23.506825 0.001994 0.014473 0.002568
23.508819 0.001994 0.014460 0.002555
23.510813 0.001994 0.014447 0.002542
23.512808 0.001994 0.014434 0.002529
23.514802 0.001995 0.014422 0.002516
23.516797 0.001995 0.014409 0.002504
23.518792 0.001995 0.014396 0.002491
23.520787 0.001995 0.014383 0.002478
23.522782 0.001995 0.014371 0.002465
23.524778 0.001996 0.014358 0.002453
23.526774 0.001996 0.014345 0.002440
23.528770 0.001996 0.014332 0.002427
23.530766 0.001996 0.014320 0.002415
23.532762 0.001996 0.014307 0.002402
23.534759 0.001997 0.014295 0.002390
23.536756 0.001997 0.014282 0.002377
23.538753 0.001997 0.014270 0.002364
23.540750 0.001997 0.014257 0.002352
23.542747 0.001997 0.014245 0.002339
23.544745 0.001998 0.014232 0.002327
23.546742 0.001998 0.014220 0.002315
23.548740 0.001998 0.014207 0.002302
23.550738 0.001998 0.014195 0.002290
23.552736 0.001998 0.014183 0.002278
23.554735 0.001998 0.014170 0.002265
23.556733 0.001998 0.014158 0.002253
23.558732 0.001999 0.014146 0.002241
23.560730 0.001999 0.014134 0.002228
23.562729 0.001998 0.014121 0.002216
23.564727 0.001998 0.014109 0.002204
23.566726 0.001998 0.014097 0.002192
23.568724 0.001998 0.014085 0.002180
23.570722 0.001998 0.014073 0.002168
23.572720 0.001998 0.014061 0.002156
23.574718 0.001998 0.014049 0.002144
23.576717 0.001998 0.014037 0.002132
23.578715 0.001998 0.014025 0.002120
23.580713 0.001998 0.014013 0.002108
23.582711 0.001998 0.014001 0.002096
23.584709 0.001998 0.013989 0.002084
23.586707 0.001998 0.013977 0.002072
23.588705 0.001998 0.013965 0.002060
23.590703 0.001998 0.013954 0.002048
23.592701 0.001998 0.013942 0.002037
23.594699 0.001998 0.013930 0.002025
23.596697 0.001998 0.013918 0.002013
23.598695 0.001998 0.013906 0.002001
23.600693 0.001998 0.013895 0.001990
23.602691 0.001998 0.013883 0.001978
23.604689 0.001998 0.013871 0.001966
23.606687 0.001998 0.013860 0.001955
23.608685 0.001998 0.013848 0.001943
23.610683 0.001998 0.013837 0.001931
23.612682 0.001998 0.013825 0.001920
23.614680 0.001998 0.013814 0.001908
23.616679 0.001998 0.013802 0.001897
23.618677 0.001999 0.013791 0.001885
23.620676 0.001999 0.013779 0.001874
23.622674 0.001999 0.013768 0.001863
23.624673 0.001999 0.013756 0.001851
23.626672 0.001999 0.013745 0.001840
23.628671 0.001999 0.013734 0.001828
23.630670 0.001999 0.013722 0.001817
23.632669 0.001999 0.013711 0.001806
23.634669 0.001999 0.013700 0.001795
23.636668 0.001999 0.013689 0.001783
23.638667 0.002000 0.013677 0.001772
23.640667 0.002000 0.013666 0.001761
23.642667 0.002000 0.013655 0.001750
23.644667 0.002000 0.013644 0.001739
23.646667 0.002000 0.013633 0.001727
23.648667 0.002000 0.013622 0.001716
23.650667 0.002000 0.013611 0.001705
23.652667 0.002000 0.013599 0.001694
23.654668 0.002001 0.013588 0.001683
23.656669 0.002001 0.013577 0.001672
23.658669 0.002001 0.013566 0.001661
23.660670 0.002001 0.013555 0.001650
23.662671 0.002001 0.013545 0.001639
23.664672 0.002001 0.013534 0.001628
23.666674 0.002001 0.013523 0.001618
23.668675 0.002001 0.013512 0.001607
23.670676 0.002001 0.013501 0.001596
23.672678 0.002002 0.013490 0.001585
23.674680 0.002002 0.013479 0.001574
23.676682 0.002002 0.013469 0.001563
23.678684 0.002002 0.013458 0.001553
23.680686 0.002002 0.013447 0.001542
23.682688 0.002002 0.013436 0.001531
23.684691 0.002002 0.013426 0.001521
23.686693 0.002003 0.013415 0.001510
23.688696 0.002003 0.013404 0.001499
23.690699 0.002003 0.013394 0.001489
23.692701 0.002003 0.013383 0.001478
23.694705 0.002003 0.013373 0.001468
23.696708 0.002003 0.013362 0.001457
23.698711 0.002003 0.013352 0.001446
23.700715 0.002003 0.013341 0.001436
23.702718 0.002004 0.013331 0.001425
23.704722 0.002004 0.013320 0.001415
23.706726 0.002004 0.013310 0.001404
23.708730 0.002004 0.013299 0.001394
23.710734 0.002004 0.013289 0.001384
23.712738 0.002004 0.013278 0.001373
23.714743 0.002004 0.013268 0.001363
23.716747 0.002005 0.013258 0.001353
23.718752 0.002005 0.013247 0.001342
23.720756 0.002005 0.013237 0.001332
23.722761 0.002005 0.013227 0.001322
23.724766 0.002005 0.013216 0.001311
23.726771 0.002005 0.013206 0.001301
23.728777 0.002005 0.013196 0.001291
23.730782 0.002005 0.013186 0.001281
23.732787 0.002005 0.013176 0.001270
23.734793 0.002006 0.013165 0.001260
23.736799 0.002006 0.013155 0.001250
23.738805 0.002006 0.013145 0.001240
23.740811 0.002006 0.013135 0.001230
23.742817 0.002006 0.013125 0.001220
23.744823 0.002006 0.013115 0.001210
23.746829 0.002006 0.013105 0.001200
23.748836 0.002006 0.013095 0.001190
23.750842 0.002007 0.013085 0.001180
23.752849 0.002007 0.013075 0.001170
23.754856 0.002007 0.013065 0.001160
23.756863 0.002007 0.013055 0.001150
23.758870 0.002007 0.013045 0.001140
23.760877 0.002007 0.013035 0.001130
23.762885 0.002007 0.013025 0.001120
23.764892 0.002008 0.013015 0.001110
23.766900 0.002008 0.013005 0.001100
23.768908 0.002008 0.012996 0.001090
23.770916 0.002008 0.012986 0.001081
23.772924 0.002008 0.012976 0.001071
23.774932 0.002008 0.012966 0.001061
23.776941 0.002008 0.012956 0.001051
23.778949 0.002009 0.012946 0.001041
23.780958 0.002009 0.012937 0.001031
23.782967 0.002009 0.012927 0.001022
23.784976 0.002009 0.012917 0.001012
23.786986 0.002009 0.012907 0.001002
23.788995 0.002010 0.012898 0.000992
23.791005 0.002010 0.012888 0.000983
23.793015 0.002010 0.012878 0.000973
23.795025 0.002010 0.012868 0.000963
23.797036 0.002011 0.012859 0.000953
23.799047 0.002011 0.012849 0.000944
23.801058 0.002011 0.012839 0.000934
23.803069 0.002011 0.012830 0.000924
23.805080 0.002011 0.012820 0.000915
23.807092 0.002012 0.012810 0.000905
23.809104 0.002012 0.012801 0.000896
23.811116 0.002012 0.012791 0.000886
23.813128 0.002012 0.012782 0.000877
23.815141 0.002013 0.012772 0.000867
23.817154 0.002013 0.012763 0.000857
23.819167 0.002013 0.012753 0.000848
23.821180 0.002013 0.012744 0.000838
23.823193 0.002013 0.012734 0.000829
23.825207 0.002014 0.012725 0.000820
23.827221 0.002014 0.012715 0.000810
23.829234 0.002014 0.012706 0.000801
23.831248 0.002014 0.012697 0.000791
23.833263 0.002014 0.012687 0.000782
23.835277 0.002014 0.012678 0.000773
23.837291 0.002014 0.012669 0.000763
23.839306 0.002015 0.012659 0.000754
23.841321 0.002015 0.012650 0.000745
23.843336 0.002015 0.012641 0.000736
23.845351 0.002015 0.012631 0.000726
23.847366 0.002015 0.012622 0.000717
23.849381 0.002015 0.012613 0.000708
23.851397 0.002016 0.012604 0.000699
23.853413 0.002016 0.012595 0.000690
23.855429 0.002016 0.012586 0.000681
23.857445 0.002016 0.012577 0.000672
23.859461 0.002016 0.012568 0.000662
23.861478 0.002016 0.012559 0.000653
23.863494 0.002016 0.012550 0.000644
23.865509 0.002015 0.012541 0.000635
23.867523 0.002014 0.012532 0.000626
23.869537 0.002014 0.012523 0.000617
23.871550 0.002013 0.012514 0.000609
23.873562 0.002012 0.012505 0.000600
23.875574 0.002012 0.012496 0.000591
23.877585 0.002011 0.012487 0.000582
23.879596 0.002011 0.012478 0.000573
23.881606 0.002010 0.012469 0.000564
23.883615 0.002010 0.012461 0.000555
23.885624 0.002009 0.012452 0.000547
23.887632 0.002008 0.012443 0.000538
23.889638 0.002006 0.012434 0.000529
23.891644 0.002005 0.012426 0.000520
23.893648 0.002004 0.012417 0.000512
23.895652 0.002003 0.012408 0.000503
23.897654 0.002003 0.012399 0.000494
23.899656 0.002002 0.012391 0.000486
23.901658 0.002001 0.012382 0.000477
23.903659 0.002001 0.012374 0.000468
23.905659 0.002000 0.012365 0.000460
23.907659 0.001999 0.012356 0.000451
23.909657 0.001998 0.012348 0.000443
23.911654 0.001997 0.012339 0.000434
23.913651 0.001996 0.012331 0.000426
23.915646 0.001996 0.012322 0.000417
23.917641 0.001995 0.012314 0.000409
23.919636 0.001994 0.012305 0.000400
23.921629 0.001994 0.012297 0.000392
23.923623 0.001993 0.012288 0.000383
23.925615 0.001993 0.012280 0.000375
23.927608 0.001993 0.012272 0.000366
23.929601 0.001993 0.012263 0.000358
23.931594 0.001993 0.012255 0.000350
23.933587 0.001993 0.012246 0.000341
23.935579 0.001992 0.012238 0.000333
23.937571 0.001992 0.012230 0.000324
23.939563 0.001992 0.012221 0.000316
23.941555 0.001992 0.012213 0.000308
23.943547 0.001992 0.012205 0.000299
23.945539 0.001992 0.012196 0.000291
23.947531 0.001992 0.012188 0.000283
23.949522 0.001992 0.012180 0.000274
23.951514 0.001992 0.012171 0.000266
23.953506 0.001992 0.012163 0.000258
23.955498 0.001992 0.012155 0.000249
23.957489 0.001992 0.012146 0.000241
23.959481 0.001992 0.012138 0.000233
23.961473 0.001992 0.012130 0.000224
23.963465 0.001992 0.012121 0.000216
23.965458 0.001993 0.012113 0.000208
23.967451 0.001993 0.012105 0.000199
23.969444 0.001993 0.012096 0.000191
23.971437 0.001993 0.012088 0.000183
23.973430 0.001993 0.012080 0.000175
23.975424 0.001993 0.012071 0.000166
23.977418 0.001994 0.012063 0.000158
23.979411 0.001994 0.012055 0.000150
23.981405 0.001994 0.012046 0.000141
23.983400 0.001994 0.012038 0.000133
23.985394 0.001994 0.012030 0.000125
23.987389 0.001995 0.012021 0.000116
23.989384 0.001995 0.012013 0.000108
23.991379 0.001995 0.012005 0.000100
23.993375 0.001996 0.011996 0.000091
23.995370 0.001996 0.011988 0.000083
23.997367 0.001996 0.011980 0.000074
23.999363 0.001996 0.011971 0.000066
24.001359 0.001997 0.011963 0.000058
24.003356 0.001997 0.011954 0.000049
24.005353 0.001997 0.011946 0.000041
24.007350 0.001997 0.011938 0.000032
24.009348 0.001997 0.011929 0.000024
24.011345 0.001998 0.011921 0.000016
24.013344 0.001998 0.011912 0.000007
24.015342 0.001998 0.011904 -0.000001
24.017341 0.001999 0.011895 -0.000010
24.019340 0.001999 0.011887 -0.000018
24.021340 0.002000 0.011878 -0.000027
24.023340 0.002000 0.011870 -0.000036
24.025340 0.002000 0.011861 -0.000044
24.027341 0.002001 0.011852 -0.000053
24.029342 0.002001 0.011844 -0.000061
24.031344 0.002002 0.011835 -0.000070
24.033346 0.002002 0.011826 -0.000079
24.035349 0.002003 0.011818 -0.000087
24.037353 0.002003 0.011809 -0.000096
24.039357 0.002004 0.011800 -0.000105
24.041361 0.002005 0.011791 -0.000114
24.043366 0.002005 0.011783 -0.000123
24.045372 0.002006 0.011774 -0.000131
24.047379 0.002007 0.011765 -0.000140
24.049386 0.002007 0.011756 -0.000149
24.051394 0.002008 0.011747 -0.000158
24.053402 0.002009 0.011738 -0.000167
24.055412 0.002009 0.011729 -0.000176
24.057422 0.002010 0.011720 -0.000185
24.059432 0.002010 0.011711 -0.000194
24.061443 0.002011 0.011702 -0.000203
24.063455 0.002012 0.011693 -0.000212
24.065467 0.002012 0.011684 -0.000221
24.067479 0.002013 0.011675 -0.000230
24.069492 0.002013 0.011666 -0.000239
24.071506 0.002014 0.011657 -0.000248
24.073519 0.002013 0.011648 -0.000257
24.075531 0.002012 0.011639 -0.000266
24.077543 0.002012 0.011630 -0.000275
24.079554 0.002011 0.011621 -0.000284
24.081565 0.002010 0.011612 -0.000293
24.083575 0.002010 0.011603 -0.000302
24.085584 0.002010 0.011594 -0.000311
24.087594 0.002010 0.011585 -0.000320
24.089603 0.002009 0.011576 -0.000329
24.091613 0.002009 0.011567 -0.000338
24.093622 0.002009 0.011558 -0.000347
24.095631 0.002009 0.011549 -0.000356
24.097641 0.002010 0.011540 -0.000365
24.099651 0.002010 0.011531 -0.000374
24.101661 0.002010 0.011522 -0.000384
24.103671 0.002010 0.011512 -0.000393
24.105682 0.002011 0.011503 -0.000402
24.107693 0.002011 0.011494 -0.000411
24.109704 0.002011 0.011485 -0.000421
24.111716 0.002012 0.011475 -0.000430
24.113728 0.002012 0.011466 -0.000439
24.115740 0.002013 0.011457 -0.000449
24.117753 0.002013 0.011447 -0.000458
24.119767 0.002013 0.011438 -0.000467
24.121781 0.002014 0.011428 -0.000477
24.123795 0.002014 0.011419 -0.000486
24.125810 0.002015 0.011409 -0.000496
24.127825 0.002015 0.011400 -0.000505
24.129841 0.002016 0.011390 -0.000515
24.131858 0.002017 0.011381 -0.000525
24.133875 0.002017 0.011371 -0.000534
24.135893 0.002018 0.011361 -0.000544
24.137911 0.002018 0.011352 -0.000554
24.139929 0.002019 0.011342 -0.000563
24.141948 0.002019 0.011332 -0.000573
24.143967 0.002019 0.011322 -0.000583
24.145987 0.002020 0.011312 -0.000593
24.148007 0.002020 0.011303 -0.000603
24.150028 0.002021 0.011293 -0.000612
24.152049 0.002021 0.011283 -0.000622
24.154071 0.002022 0.011273 -0.000632
24.156093 0.002022 0.011263 -0.000642
24.158115 0.002022 0.011253 -0.000652
24.160138 0.002023 0.011243 -0.000662
24.162161 0.002023 0.011233 -0.000672
24.164183 0.002023 0.011223 -0.000682
24.166206 0.002023 0.011213 -0.000692
24.168228 0.002023 0.011203 -0.000702
24.170251 0.002022 0.011193 -0.000712
24.172273 0.002022 0.011183 -0.000723
24.174295 0.002022 0.011173 -0.000733
24.176317 0.002022 0.011162 -0.000743
24.178339 0.002022 0.011152 -0.000753
24.180360 0.002021 0.011142 -0.000763
24.182382 0.002021 0.011132 -0.000773
24.184403 0.002021 0.011122 -0.000783
24.186423 0.002021 0.011111 -0.000794
24.188444 0.002021 0.011101 -0.000804
24.190464 0.002020 0.011091 -0.000814
24.192484 0.002020 0.011081 -0.000824
24.194504 0.002020 0.011071 -0.000835
24.196524 0.002020 0.011060 -0.000845
24.198544 0.002020 0.011050 -0.000855
24.200565 0.002020 0.011040 -0.000866
24.202585 0.002020 0.011029 -0.000876
24.204605 0.002020 0.011019 -0.000886
24.206625 0.002020 0.011009 -0.000897
24.208645 0.002020 0.010998 -0.000907
24.210665 0.002020 0.010988 -0.000917
24.212685 0.002020 0.010977 -0.000928
24.214705 0.002020 0.010967 -0.000938
24.216724 0.002020 0.010956 -0.000949
24.218744 0.002020 0.010946 -0.000959
24.220764 0.002020 0.010936 -0.000970
24.222784 0.002020 0.010925 -0.000980
24.224804 0.002020 0.010915 -0.000991
24.226824 0.002020 0.010904 -0.001001
24.228843 0.002020 0.010893 -0.001012
24.230863 0.002020 0.010883 -0.001022
24.232884 0.002020 0.010872 -0.001033
24.234904 0.002020 0.010862 -0.001043
24.236924 0.002020 0.010851 -0.001054
24.238944 0.002020 0.010841 -0.001065
24.240965 0.002021 0.010830 -0.001075
24.242986 0.002021 0.010819 -0.001086
24.245006 0.002021 0.010809 -0.001097
24.247027 0.002021 0.010798 -0.001107
24.249048 0.002021 0.010787 -0.001118
24.251069 0.002021 0.010777 -0.001129
24.253091 0.002021 0.010766 -0.001139
24.255112 0.002021 0.010755 -0.001150
24.257134 0.002021 0.010744 -0.001161
24.259155 0.002022 0.010734 -0.001172
24.261177 0.002022 0.010723 -0.001182
24.263199 0.002022 0.010712 -0.001193
24.265221 0.002022 0.010701 -0.001204
24.267243 0.002022 0.010691 -0.001215
24.269266 0.002022 0.010680 -0.001225
24.271288 0.002022 0.010669 -0.001236
24.273310 0.002022 0.010658 -0.001247
24.275332 0.002022 0.010647 -0.001258
24.277353 0.002022 0.010636 -0.001269
24.279375 0.002021 0.010625 -0.001280
24.281396 0.002021 0.010615 -0.001291
24.283416 0.002021 0.010604 -0.001301
24.285437 0.002020 0.010593 -0.001312
24.287457 0.002020 0.010582 -0.001323
24.289477 0.002020 0.010571 -0.001334
24.291497 0.002020 0.010560 -0.001345
24.293516 0.002020 0.010549 -0.001356
24.295536 0.002019 0.010538 -0.001367
24.297555 0.002019 0.010527 -0.001378
24.299574 0.002019 0.010516 -0.001389
24.301593 0.002019 0.010505 -0.001400
24.303612 0.002019 0.010494 -0.001411
24.305631 0.002019 0.010484 -0.001422
24.307650 0.002019 0.010473 -0.001433
24.309668 0.002019 0.010462 -0.001444
24.311687 0.002019 0.010451 -0.001455
24.313706 0.002019 0.010440 -0.001466
24.315724 0.002018 0.010429 -0.001476
24.317742 0.002018 0.010418 -0.001487
24.319760 0.002018 0.010407 -0.001498
24.321777 0.002017 0.010396 -0.001509
24.323795 0.002017 0.010385 -0.001520
24.325812 0.002017 0.010374 -0.001531
24.327828 0.002017 0.010363 -0.001542
24.329845 0.002017 0.010352 -0.001553
24.331862 0.002017 0.010341 -0.001564
24.333878 0.002017 0.010330 -0.001575
24.335895 0.002016 0.010319 -0.001586
24.337911 0.002016 0.010308 -0.001597
24.339927 0.002016 0.010297 -0.001608
24.341943 0.002016 0.010286 -0.001619
24.343959 0.002016 0.010275 -0.001630
24.345975 0.002016 0.010264 -0.001641
24.347991 0.002016 0.010253 -0.001652
24.350006 0.002016 0.010242 -0.001663
24.352022 0.002016 0.010232 -0.001674
24.354038 0.002016 0.010221 -0.001685
24.356054 0.002016 0.010210 -0.001695
24.358070 0.002016 0.010199 -0.001706
24.360086 0.002016 0.010188 -0.001717
24.362102 0.002016 0.010177 -0.001728
24.364118 0.002016 0.010166 -0.001739
24.366135 0.002016 0.010155 -0.001750
24.368151 0.002017 0.010144 -0.001761
24.370168 0.002017 0.010134 -0.001772
24.372185 0.002017 0.010123 -0.001782
24.374202 0.002017 0.010112 -0.001793
24.376220 0.002018 0.010101 -0.001804
24.378238 0.002018 0.010090 -0.001815
24.380256 0.002018 0.010079 -0.001826
24.382274 0.002018 0.010069 -0.001837
24.384293 0.002019 0.010058 -0.001847
24.386312 0.002019 0.010047 -0.001858
24.388332 0.002020 0.010036 -0.001869
24.390352 0.002020 0.010026 -0.001880
24.392372 0.002021 0.010015 -0.001890
24.394394 0.002021 0.010004 -0.001901
24.396415 0.002022 0.009993 -0.001912
24.398437 0.002022 0.009983 -0.001923
24.400460 0.002023 0.009972 -0.001933
24.402484 0.002024 0.009961 -0.001944
24.404508 0.002024 0.009951 -0.001955
24.406533 0.002025 0.009940 -0.001965
24.408558 0.002025 0.009929 -0.001976
24.410583 0.002025 0.009919 -0.001987
24.412608 0.002025 0.009908 -0.001997
24.414634 0.002026 0.009897 -0.002008
24.416660 0.002026 0.009887 -0.002019
24.418686 0.002026 0.009876 -0.002029
24.420712 0.002026 0.009865 -0.002040
24.422739 0.002027 0.009855 -0.002050
24.424766 0.002027 0.009844 -0.002061
24.426794 0.002027 0.009834 -0.002072
24.428821 0.002028 0.009823 -0.002082
24.430849 0.002028 0.009813 -0.002093
24.432878 0.002028 0.009802 -0.002103
24.434906 0.002029 0.009791 -0.002114
24.436935 0.002029 0.009781 -0.002124
24.438965 0.002029 0.009770 -0.002135
24.440994 0.002030 0.009760 -0.002145
24.443024 0.002030 0.009750 -0.002156
24.445055 0.002030 0.009739 -0.002166
24.447086 0.002031 0.009729 -0.002177
24.449117 0.002031 0.009718 -0.002187
24.451148 0.002032 0.009708 -0.002197
24.453180 0.002032 0.009697 -0.002208
24.455212 0.002032 0.009687 -0.002218
24.457245 0.002033 0.009677 -0.002229
24.459278 0.002033 0.009666 -0.002239
24.461311 0.002033 0.009656 -0.002249
24.463345 0.002034 0.009646 -0.002260
24.465379 0.002034 0.009635 -0.002270
24.467414 0.002035 0.009625 -0.002280
24.469449 0.002035 0.009615 -0.002291
24.471484 0.002035 0.009604 -0.002301
24.473519 0.002035 0.009594 -0.002311
24.475555 0.002035 0.009584 -0.002322
24.477590 0.002035 0.009573 -0.002332
24.479624 0.002035 0.009563 -0.002342
24.481659 0.002034 0.009553 -0.002352
24.483693 0.002034 0.009543 -0.002363
24.485727 0.002034 0.009532 -0.002373
24.487762 0.002034 0.009522 -0.002383
24.489796 0.002034 0.009512 -0.002393
24.491831 0.002034 0.009502 -0.002403
24.493865 0.002035 0.009492 -0.002413
24.495900 0.002035 0.009482 -0.002424
24.497935 0.002035 0.009471 -0.002434
24.499970 0.002035 0.009461 -0.002444
24.502005 0.002035 0.009451 -0.002454
24.504041 0.002035 0.009441 -0.002464
24.506076 0.002035 0.009431 -0.002474
24.508111 0.002035 0.009421 -0.002484
24.510146 0.002035 0.009411 -0.002495
24.512182 0.002035 0.009401 -0.002505
24.514217 0.002035 0.009390 -0.002515
24.516252 0.002035 0.009380 -0.002525
24.518287 0.002035 0.009370 -0.002535
24.520322 0.002035 0.009360 -0.002545
24.522356 0.002035 0.009350 -0.002555
24.524391 0.002035 0.009340 -0.002565
24.526425 0.002035 0.009330 -0.002575
24.528460 0.002035 0.009320 -0.002585
24.530495 0.002035 0.009310 -0.002595
24.532529 0.002035 0.009300 -0.002605
24.534564 0.002035 0.009290 -0.002615
24.536599 0.002035 0.009280 -0.002625
24.538635 0.002035 0.009270 -0.002635
24.540670 0.002036 0.009260 -0.002645
24.542706 0.002036 0.009250 -0.002655
24.544742 0.002036 0.009240 -0.002665
24.546779 0.002037 0.009230 -0.002675
24.548816 0.002037 0.009220 -0.002685
24.550853 0.002037 0.009210 -0.002695
24.552891 0.002038 0.009200 -0.002705
24.554929 0.002038 0.009190 -0.002715
24.556967 0.002038 0.009180 -0.002725
24.559006 0.002039 0.009170 -0.002735
24.561046 0.002039 0.009160 -0.002745
24.563086 0.002040 0.009150 -0.002755
24.565126 0.002041 0.009140 -0.002765
24.567167 0.002041 0.009130 -0.002775
24.569209 0.002042 0.009120 -0.002785
24.571252 0.002043 0.009110 -0.002795
24.573295 0.002043 0.009100 -0.002805
24.575339 0.002044 0.009090 -0.002815
24.577383 0.002044 0.009080 -0.002825
24.579428 0.002045 0.009070 -0.002835
24.581473 0.002045 0.009060 -0.002845
24.583519 0.002046 0.009050 -0.002856
24.585565 0.002046 0.009040 -0.002866
24.587612 0.002047 0.009030 -0.002876
24.589659 0.002047 0.009020 -0.002886
24.591706 0.002047 0.009009 -0.002896
24.593754 0.002048 0.008999 -0.002906
24.595802 0.002048 0.008989 -0.002916
24.597851 0.002049 0.008979 -0.002926
24.599900 0.002049 0.008969 -0.002936
24.601949 0.002049 0.008959 -0.002946
24.603998 0.002049 0.008949 -0.002956
24.606048 0.002050 0.008939 -0.002966
24.608098 0.002050 0.008929 -0.002976
24.610148 0.002050 0.008919 -0.002987
24.612199 0.002050 0.008908 -0.002997
24.614249 0.002051 0.008898 -0.003007
24.616300 0.002051 0.008888 -0.003017
24.618352 0.002051 0.008878 -0.003027
24.620403 0.002051 0.008868 -0.003037
24.622454 0.002052 0.008858 -0.003048
24.624506 0.002052 0.008847 -0.003058
24.626558 0.002052 0.008837 -0.003068
24.628611 0.002052 0.008827 -0.003078
24.630663 0.002053 0.008817 -0.003088
24.632716 0.002053 0.008807 -0.003099
24.634769 0.002053 0.008796 -0.003109
24.636822 0.002053 0.008786 -0.003119
24.638876 0.002053 0.008776 -0.003129
24.640929 0.002053 0.008766 -0.003140
24.642982 0.002053 0.008755 -0.003150
24.645036 0.002054 0.008745 -0.003160
24.647090 0.002054 0.008735 -0.003171
24.649143 0.002054 0.008724 -0.003181
24.651197 0.002054 0.008714 -0.003191
24.653251 0.002054 0.008704 -0.003202
24.655304 0.002054 0.008693 -0.003212
24.657358 0.002054 0.008683 -0.003222
24.659412 0.002054 0.008672 -0.003233
24.661466 0.002054 0.008662 -0.003243
24.663520 0.002054 0.008652 -0.003254
24.665574 0.002054 0.008641 -0.003264
24.667628 0.002054 0.008631 -0.003274
24.669682 0.002054 0.008620 -0.003285
24.671736 0.002054 0.008610 -0.003295
24.673790 0.002054 0.008600 -0.003306
24.675844 0.002054 0.008589 -0.003316
24.677898 0.002054 0.008579 -0.003327
24.679952 0.002054 0.008568 -0.003337
24.682006 0.002054 0.008558 -0.003348
24.684060 0.002054 0.008547 -0.003358
24.686115 0.002054 0.008537 -0.003369
24.688169 0.002054 0.008526 -0.003379
24.690223 0.002054 0.008516 -0.003390
24.692277 0.002054 0.008505 -0.003400
24.694332 0.002054 0.008495 -0.003411
24.696386 0.002054 0.008484 -0.003421
24.698440 0.002054 0.008473 -0.003432
24.700495 0.002054 0.008463 -0.003442
24.702549 0.002055 0.008452 -0.003453
24.704604 0.002055 0.008442 -0.003463
24.706659 0.002055 0.008431 -0.003474
24.708713 0.002055 0.008421 -0.003485
24.710768 0.002054 0.008410 -0.003495
24.712822 0.002054 0.008399 -0.003506
24.714877 0.002055 0.008389 -0.003516
24.716931 0.002055 0.008378 -0.003527
24.718986 0.002055 0.008368 -0.003538
24.721041 0.002055 0.008357 -0.003548
24.723096 0.002055 0.008346 -0.003559
24.725150 0.002055 0.008336 -0.003569
24.727205 0.002055 0.008325 -0.003580
24.729260 0.002055 0.008315 -0.003591
24.731315 0.002055 0.008304 -0.003601
24.733370 0.002055 0.008293 -0.003612
24.735425 0.002055 0.008283 -0.003623
24.737480 0.002055 0.008272 -0.003633
24.739535 0.002055 0.008261 -0.003644
24.741591 0.002055 0.008251 -0.003655
24.743646 0.002055 0.008240 -0.003665
24.745702 0.002056 0.008229 -0.003676
24.747758 0.002056 0.008219 -0.003686
24.749814 0.002056 0.008208 -0.003697
24.751870 0.002056 0.008197 -0.003708
24.753927 0.002056 0.008187 -0.003718
24.755983 0.002057 0.008176 -0.003729
24.758040 0.002057 0.008165 -0.003740
24.760097 0.002057 0.008155 -0.003750
24.762154 0.002057 0.008144 -0.003761
24.764212 0.002057 0.008133 -0.003772
24.766269 0.002058 0.008123 -0.003782
24.768327 0.002058 0.008112 -0.003793
24.770386 0.002058 0.008101 -0.003804
24.772444 0.002058 0.008091 -0.003814
24.774503 0.002059 0.008080 -0.003825
24.776562 0.002059 0.008069 -0.003836
24.778621 0.002059 0.008059 -0.003846
24.780680 0.002059 0.008048 -0.003857
24.782740 0.002060 0.008037 -0.003868
24.784800 0.002060 0.008027 -0.003878
24.786860 0.002060 0.008016 -0.003889
24.788921 0.002061 0.008005 -0.003900
24.790982 0.002061 0.007995 -0.003910
24.793043 0.002061 0.007984 -0.003921
24.795104 0.002061 0.007973 -0.003932
24.797166 0.002062 0.007963 -0.003942
24.799228 0.002062 0.007952 -0.003953
24.801290 0.002062 0.007942 -0.003964
24.803352 0.002062 0.007931 -0.003974
24.805415 0.002063 0.007920 -0.003985
24.807478 0.002063 0.007910 -0.003996
24.809541 0.002063 0.007899 -0.004006
24.811604 0.002063 0.007888 -0.004017
24.813667 0.002063 0.007878 -0.004027
24.815731 0.002064 0.007867 -0.004038
24.817795 0.002064 0.007857 -0.004049
24.819859 0.002064 0.007846 -0.004059
24.821923 0.002064 0.007835 -0.004070
24.823987 0.002064 0.007825 -0.004080
24.826051 0.002065 0.007814 -0.004091
24.828116 0.002065 0.007804 -0.004102
24.830181 0.002065 0.007793 -0.004112
24.832246 0.002065 0.007782 -0.004123
24.834312 0.002065 0.007772 -0.004133
24.836377 0.002066 0.007761 -0.004144
24.838443 0.002066 0.007751 -0.004154
24.840509 0.002066 0.007740 -0.004165
24.842575 0.002066 0.007730 -0.004176
24.844642 0.002066 0.007719 -0.004186
24.846708 0.002067 0.007709 -0.004197
24.848775 0.002067 0.007698 -0.004207
24.850843 0.002067 0.007688 -0.004218
24.852910 0.002067 0.007677 -0.004228
24.854977 0.002067 0.007667 -0.004239
24.857045 0.002068 0.007656 -0.004249
24.859113 0.002068 0.007646 -0.004260
24.861181 0.002068 0.007635 -0.004270
24.863250 0.002068 0.007625 -0.004280
24.865318 0.002069 0.007614 -0.004291
24.867387 0.002069 0.007604 -0.004301
24.869456 0.002069 0.007593 -0.004312
24.871526 0.002069 0.007583 -0.004322
24.873595 0.002070 0.007573 -0.004333
24.875665 0.002070 0.007562 -0.004343
24.877735 0.002070 0.007552 -0.004353
24.879805 0.002070 0.007542 -0.004364
24.881875 0.002070 0.007531 -0.004374
24.883945 0.002070 0.007521 -0.004384
24.886016 0.002070 0.007510 -0.004395
24.888086 0.002070 0.007500 -0.004405
24.890157 0.002071 0.007490 -0.004415
24.892228 0.002071 0.007479 -0.004426
24.894299 0.002071 0.007469 -0.004436
24.896370 0.002071 0.007459 -0.004446
24.898442 0.002071 0.007449 -0.004457
24.900513 0.002072 0.007438 -0.004467
24.902585 0.002072 0.007428 -0.004477
24.904657 0.002072 0.007418 -0.004487
24.906729 0.002072 0.007408 -0.004498
24.908801 0.002072 0.007397 -0.004508
24.910873 0.002072 0.007387 -0.004518
24.912946 0.002073 0.007377 -0.004528
24.915019 0.002073 0.007367 -0.004538
24.917092 0.002073 0.007357 -0.004549
24.919164 0.002073 0.007347 -0.004559
24.921238 0.002073 0.007336 -0.004569
24.923311 0.002073 0.007326 -0.004579
24.925384 0.002073 0.007316 -0.004589
24.927458 0.002074 0.007306 -0.004599
24.929532 0.002074 0.007296 -0.004609
24.931606 0.002074 0.007286 -0.004619
24.933680 0.002074 0.007276 -0.004629
24.935754 0.002074 0.007266 -0.004639
24.937829 0.002074 0.007256 -0.004649
24.939903 0.002075 0.007246 -0.004660
24.941978 0.002075 0.007236 -0.004670
24.944053 0.002075 0.007226 -0.004680
24.946128 0.002075 0.007216 -0.004690
24.948204 0.002075 0.007206 -0.004699
24.950279 0.002076 0.007196 -0.004709
24.952355 0.002076 0.007186 -0.004719
24.954431 0.002076 0.007176 -0.004729
24.956507 0.002076 0.007166 -0.004739
24.958583 0.002076 0.007156 -0.004749
24.960659 0.002076 0.007146 -0.004759
24.962735 0.002076 0.007136 -0.004769
24.964811 0.002076 0.007126 -0.004779
24.966887 0.002076 0.007117 -0.004789
24.968964 0.002076 0.007107 -0.004798
24.971040 0.002076 0.007097 -0.004808
24.973117 0.002077 0.007087 -0.004818
24.975193 0.002077 0.007077 -0.004828
24.977270 0.002077 0.007068 -0.004838
24.979347 0.002077 0.007058 -0.004847
24.981424 0.002077 0.007048 -0.004857
24.983500 0.002076 0.007038 -0.004867
24.985576 0.002075 0.007029 -0.004876
24.987650 0.002074 0.007019 -0.004886
24.989723 0.002073 0.007009 -0.004896
24.991796 0.002072 0.007000 -0.004905
24.993867 0.002072 0.006990 -0.004915
24.995938 0.002071 0.006980 -0.004925
24.998008 0.002070 0.006971 -0.004934
25.000078 0.002070 0.006961 -0.004944
25.002147 0.002069 0.006952 -0.004953
25.004216 0.002069 0.006942 -0.004963
25.006284 0.002068 0.006933 -0.004972
25.008352 0.002068 0.006923 -0.004982
25.010420 0.002068 0.006914 -0.004991
25.012487 0.002067 0.006904 -0.005001
25.014553 0.002066 0.006895 -0.005010
25.016619 0.002065 0.006885 -0.005020
25.018683 0.002064 0.006876 -0.005029
25.020747 0.002064 0.006867 -0.005038
25.022809 0.002063 0.006857 -0.005048
25.024871 0.002062 0.006848 -0.005057
25.026932 0.002061 0.006839 -0.005067
25.028993 0.002060 0.006829 -0.005076
25.031053 0.002060 0.006820 -0.005085
25.033111 0.002059 0.006811 -0.005094
25.035170 0.002058 0.006802 -0.005104
25.037227 0.002058 0.006792 -0.005113
25.039284 0.002057 0.006783 -0.005122
25.041341 0.002056 0.006774 -0.005131
25.043397 0.002056 0.006765 -0.005140
25.045452 0.002055 0.006756 -0.005150
25.047507 0.002055 0.006746 -0.005159
25.049561 0.002054 0.006737 -0.005168
25.051615 0.002054 0.006728 -0.005177
25.053669 0.002054 0.006719 -0.005186
25.055723 0.002054 0.006710 -0.005195
25.057777 0.002054 0.006701 -0.005204
25.059830 0.002054 0.006692 -0.005213
25.061884 0.002053 0.006683 -0.005222
25.063936 0.002053 0.006674 -0.005231
25.065988 0.002052 0.006665 -0.005240
25.068039 0.002051 0.006656 -0.005249
25.070090 0.002050 0.006647 -0.005258
25.072139 0.002050 0.006638 -0.005267
25.074188 0.002049 0.006629 -0.005276
25.076237 0.002048 0.006620 -0.005285
25.078284 0.002048 0.006611 -0.005294
25.080331 0.002047 0.006602 -0.005303
25.082378 0.002046 0.006594 -0.005312
25.084424 0.002046 0.006585 -0.005320
25.086469 0.002045 0.006576 -0.005329
25.088513 0.002044 0.006567 -0.005338
25.090557 0.002044 0.006558 -0.005347
25.092600 0.002043 0.006550 -0.005356
25.094643 0.002043 0.006541 -0.005364
25.096685 0.002042 0.006532 -0.005373
25.098727 0.002042 0.006524 -0.005382
25.100768 0.002041 0.006515 -0.005390
25.102808 0.002040 0.006506 -0.005399
25.104848 0.002040 0.006498 -0.005408
25.106887 0.002039 0.006489 -0.005416
25.108926 0.002039 0.006480 -0.005425
25.110965 0.002039 0.006472 -0.005434
25.113003 0.002038 0.006463 -0.005442
25.115041 0.002038 0.006455 -0.005451
25.117080 0.002038 0.006446 -0.005459
25.119118 0.002038 0.006437 -0.005468
25.121156 0.002038 0.006429 -0.005476
25.123194 0.002038 0.006420 -0.005485
25.125232 0.002038 0.006412 -0.005493
25.127269 0.002037 0.006403 -0.005502
25.129306 0.002037 0.006395 -0.005510
25.131342 0.002036 0.006387 -0.005519
25.133377 0.002035 0.006378 -0.005527
25.135411 0.002035 0.006370 -0.005535
25.137446 0.002034 0.006361 -0.005544
25.139479 0.002034 0.006353 -0.005552
25.141512 0.002033 0.006345 -0.005560
25.143545 0.002033 0.006336 -0.005569
25.145577 0.002032 0.006328 -0.005577
25.147609 0.002032 0.006320 -0.005585
25.149641 0.002032 0.006312 -0.005594
25.151672 0.002031 0.006303 -0.005602
25.153704 0.002031 0.006295 -0.005610
25.155735 0.002031 0.006287 -0.005618
25.157765 0.002031 0.006279 -0.005627
25.159796 0.002031 0.006270 -0.005635
25.161827 0.002031 0.006262 -0.005643
25.163857 0.002031 0.006254 -0.005651
25.165889 0.002031 0.006246 -0.005659
25.167920 0.002031 0.006238 -0.005667
25.169952 0.002032 0.006230 -0.005676
25.171984 0.002032 0.006222 -0.005684
25.174016 0.002032 0.006213 -0.005692
25.176048 0.002032 0.006205 -0.005700
25.178080 0.002032 0.006197 -0.005708
25.180111 0.002032 0.006189 -0.005716
25.182143 0.002031 0.006181 -0.005724
25.184174 0.002031 0.006173 -0.005732
25.186204 0.002031 0.006165 -0.005740
25.188235 0.002031 0.006157 -0.005748
25.190266 0.002031 0.006149 -0.005756
25.192297 0.002031 0.006141 -0.005764
25.194327 0.002031 0.006133 -0.005772
25.196358 0.002031 0.006125 -0.005780
25.198389 0.002031 0.006117 -0.005788
25.200421 0.002032 0.006110 -0.005796
25.202453 0.002032 0.006102 -0.005804
25.204485 0.002033 0.006094 -0.005811
25.206519 0.002033 0.006086 -0.005819
25.208551 0.002033 0.006078 -0.005827
25.210584 0.002033 0.006070 -0.005835
25.212617 0.002033 0.006062 -0.005843
25.214650 0.002033 0.006055 -0.005851
25.216683 0.002033 0.006047 -0.005858
25.218716 0.002033 0.006039 -0.005866
25.220749 0.002033 0.006031 -0.005874
25.222782 0.002033 0.006023 -0.005882
25.224815 0.002034 0.006016 -0.005890
25.226850 0.002034 0.006008 -0.005897
25.228884 0.002035 0.006000 -0.005905
25.230919 0.002035 0.005992 -0.005913
25.232955 0.002036 0.005985 -0.005921
25.234991 0.002036 0.005977 -0.005928
25.237027 0.002036 0.005969 -0.005936
25.239063 0.002036 0.005961 -0.005944
25.241099 0.002036 0.005954 -0.005952
25.243135 0.002036 0.005946 -0.005959
25.245171 0.002036 0.005938 -0.005967
25.247207 0.002036 0.005931 -0.005975
25.249244 0.002036 0.005923 -0.005982
25.251281 0.002037 0.005915 -0.005990
25.253318 0.002037 0.005908 -0.005998
25.255355 0.002037 0.005900 -0.006005
25.257392 0.002038 0.005892 -0.006013
25.259430 0.002038 0.005885 -0.006021
25.261469 0.002039 0.005877 -0.006028
25.263509 0.002039 0.005869 -0.006036
25.265549 0.002040 0.005862 -0.006043
25.267589 0.002040 0.005854 -0.006051
25.269630 0.002041 0.005847 -0.006058
25.271671 0.002041 0.005839 -0.006066
25.273712 0.002041 0.005832 -0.006074
25.275754 0.002042 0.005824 -0.006081
25.277796 0.002042 0.005817 -0.006089
25.279838 0.002042 0.005809 -0.006096
25.281881 0.002042 0.005802 -0.006104
25.283923 0.002043 0.005794 -0.006111
25.285966 0.002043 0.005787 -0.006119
25.288009 0.002043 0.005779 -0.006126
25.290052 0.002043 0.005772 -0.006134
25.292095 0.002043 0.005764 -0.006141
25.294139 0.002044 0.005757 -0.006148
25.296183 0.002044 0.005749 -0.006156
25.298227 0.002044 0.005742 -0.006163
25.300272 0.002045 0.005734 -0.006171
25.302317 0.002045 0.005727 -0.006178
25.304363 0.002046 0.005720 -0.006186
25.306409 0.002046 0.005712 -0.006193
25.308456 0.002047 0.005705 -0.006200
25.310504 0.002048 0.005698 -0.006208
25.312552 0.002048 0.005690 -0.006215
25.314601 0.002049 0.005683 -0.006222
25.316650 0.002049 0.005675 -0.006230
25.318700 0.002050 0.005668 -0.006237
25.320750 0.002050 0.005661 -0.006244
25.322800 0.002050 0.005654 -0.006252
25.324851 0.002051 0.005646 -0.006259
25.326902 0.002051 0.005639 -0.006266
25.328953 0.002051 0.005632 -0.006274
25.331004 0.002052 0.005624 -0.006281
25.333056 0.002052 0.005617 -0.006288
25.335108 0.002052 0.005610 -0.006295
25.337161 0.002053 0.005603 -0.006303
25.339214 0.002053 0.005595 -0.006310
25.341267 0.002053 0.005588 -0.006317
25.343320 0.002053 0.005581 -0.006324
25.345374 0.002054 0.005574 -0.006331
25.347428 0.002054 0.005567 -0.006338
25.349482 0.002054 0.005560 -0.006346
25.351537 0.002055 0.005553 -0.006353
25.353593 0.002055 0.005545 -0.006360
25.355649 0.002056 0.005538 -0.006367
25.357706 0.002057 0.005531 -0.006374
25.359763 0.002058 0.005524 -0.006381
25.361822 0.002058 0.005517 -0.006388
25.363880 0.002059 0.005510 -0.006395
25.365939 0.002059 0.005503 -0.006402
25.367999 0.002060 0.005496 -0.006409
25.370059 0.002060 0.005489 -0.006416
25.372119 0.002060 0.005482 -0.006423
25.374180 0.002061 0.005475 -0.006431
25.376241 0.002061 0.005468 -0.006438
25.378303 0.002061 0.005461 -0.006445
25.380364 0.002062 0.005454 -0.006452
25.382426 0.002062 0.005447 -0.006459
25.384489 0.002062 0.005440 -0.006466
25.386551 0.002063 0.005433 -0.006472
25.388614 0.002063 0.005426 -0.006479
25.390678 0.002063 0.005419 -0.006486
25.392742 0.002064 0.005412 -0.006493
25.394806 0.002064 0.005405 -0.006500
25.396870 0.002064 0.005398 -0.006507
25.398935 0.002065 0.005391 -0.006514
25.401000 0.002065 0.005384 -0.006521
25.403065 0.002066 0.005377 -0.006528
25.405131 0.002066 0.005370 -0.006535
25.407198 0.002067 0.005363 -0.006542
25.409265 0.002067 0.005357 -0.006549
25.411333 0.002068 0.005350 -0.006556
25.413402 0.002068 0.005343 -0.006562
25.415471 0.002069 0.005336 -0.006569
25.417540 0.002069 0.005329 -0.006576
25.419609 0.002069 0.005322 -0.006583
25.421679 0.002070 0.005315 -0.006590
25.423749 0.002070 0.005309 -0.006597
25.425820 0.002071 0.005302 -0.006603
25.427891 0.002071 0.005295 -0.006610
25.429962 0.002071 0.005288 -0.006617
25.432034 0.002072 0.005281 -0.006624
25.434106 0.002072 0.005275 -0.006631
25.436178 0.002072 0.005268 -0.006637
25.438250 0.002072 0.005261 -0.006644
25.440323 0.002073 0.005254 -0.006651
25.442396 0.002073 0.005247 -0.006658
25.444469 0.002073 0.005241 -0.006664
25.446543 0.002074 0.005234 -0.006671
25.448617 0.002074 0.005227 -0.006678
25.450691 0.002074 0.005221 -0.006685
25.452765 0.002074 0.005214 -0.006691
25.454840 0.002075 0.005207 -0.006698
25.456915 0.002075 0.005201 -0.006705
25.458990 0.002076 0.005194 -0.006711
25.461066 0.002076 0.005187 -0.006718
25.463143 0.002076 0.005180 -0.006725
25.465220 0.002077 0.005174 -0.006731
25.467298 0.002078 0.005167 -0.006738
25.469376 0.002079 0.005161 -0.006745
25.471455 0.002079 0.005154 -0.006751
25.473535 0.002079 0.005147 -0.006758
25.475615 0.002080 0.005141 -0.006765
25.477695 0.002080 0.005134 -0.006771
25.479776 0.002081 0.005127 -0.006778
25.481857 0.002081 0.005121 -0.006784
25.483939 0.002082 0.005114 -0.006791
25.486021 0.002082 0.005108 -0.006797
25.488104 0.002083 0.005101 -0.006804
25.490187 0.002083 0.005095 -0.006811
25.492271 0.002084 0.005088 -0.006817
25.494355 0.002084 0.005082 -0.006824
25.496440 0.002085 0.005075 -0.006830
25.498526 0.002086 0.005068 -0.006837
25.500612 0.002086 0.005062 -0.006843
25.502699 0.002087 0.005055 -0.006850
25.504786 0.002087 0.005049 -0.006856
25.506874 0.002088 0.005042 -0.006863
25.508963 0.002089 0.005036 -0.006869
25.511052 0.002089 0.005030 -0.006876
25.513143 0.002090 0.005023 -0.006882
25.515233 0.002091 0.005017 -0.006889
25.517325 0.002092 0.005010 -0.006895
25.519418 0.002093 0.005004 -0.006901
25.521511 0.002093 0.004997 -0.006908
25.523605 0.002094 0.004991 -0.006914
25.525699 0.002094 0.004984 -0.006921
25.527793 0.002095 0.004978 -0.006927
25.529889 0.002095 0.004972 -0.006934
25.531985 0.002096 0.004965 -0.006940
25.534082 0.002097 0.004959 -0.006946
25.536179 0.002097 0.004952 -0.006953
25.538277 0.002098 0.004946 -0.006959
25.540375 0.002098 0.004940 -0.006965
25.542473 0.002098 0.004933 -0.006972
25.544572 0.002099 0.004927 -0.006978
25.546671 0.002099 0.004921 -0.006984
25.548771 0.002100 0.004914 -0.006991
25.550871 0.002100 0.004908 -0.006997
25.552972 0.002101 0.004902 -0.007003
25.555073 0.002101 0.004895 -0.007010
25.557175 0.002102 0.004889 -0.007016
25.559277 0.002103 0.004883 -0.007022
25.561381 0.002103 0.004877 -0.007029
25.563485 0.002104 0.004870 -0.007035
25.565590 0.002105 0.004864 -0.007041
25.567695 0.002105 0.004858 -0.007047
25.569800 0.002106 0.004852 -0.007054
25.571907 0.002106 0.004845 -0.007060
25.574013 0.002107 0.004839 -0.007066
25.576121 0.002107 0.004833 -0.007072
25.578228 0.002108 0.004827 -0.007078
25.580337 0.002108 0.004821 -0.007085
25.582445 0.002109 0.004814 -0.007091
25.584555 0.002109 0.004808 -0.007097
25.586664 0.002110 0.004802 -0.007103
25.588774 0.002110 0.004796 -0.007109
25.590884 0.002110 0.004790 -0.007116
25.592995 0.002111 0.004784 -0.007122
25.595106 0.002111 0.004777 -0.007128
25.597218 0.002111 0.004771 -0.007134
25.599330 0.002112 0.004765 -0.007140
25.601442 0.002112 0.004759 -0.007146
25.603554 0.002112 0.004753 -0.007152
25.605666 0.002112 0.004747 -0.007158
25.607779 0.002112 0.004741 -0.007164
25.609892 0.002113 0.004735 -0.007170
25.612004 0.002113 0.004729 -0.007177
25.614117 0.002113 0.004723 -0.007183
25.616230 0.002113 0.004717 -0.007189
25.618343 0.002113 0.004711 -0.007195
25.620456 0.002113 0.004705 -0.007201
25.622569 0.002113 0.004699 -0.007207
25.624682 0.002113 0.004693 -0.007213
25.626795 0.002113 0.004687 -0.007219
25.628909 0.002113 0.004681 -0.007225
25.631022 0.002113 0.004675 -0.007230
25.633136 0.002114 0.004669 -0.007236
25.635250 0.002114 0.004663 -0.007242
25.637363 0.002114 0.004657 -0.007248
25.639477 0.002114 0.004651 -0.007254
25.641591 0.002114 0.004645 -0.007260
25.643705 0.002114 0.004639 -0.007266
25.645819 0.002114 0.004633 -0.007272
25.647934 0.002114 0.004627 -0.007278
25.650048 0.002114 0.004622 -0.007284
25.652162 0.002114 0.004616 -0.007289
25.654277 0.002115 0.004610 -0.007295
25.656392 0.002115 0.004604 -0.007301
25.658506 0.002115 0.004598 -0.007307
25.660621 0.002115 0.004593 -0.007313
25.662736 0.002115 0.004587 -0.007318
25.664851 0.002115 0.004581 -0.007324
25.666966 0.002115 0.004575 -0.007330
25.669082 0.002115 0.004569 -0.007336
25.671197 0.002115 0.004564 -0.007341
25.673313 0.002115 0.004558 -0.007347
25.675428 0.002116 0.004552 -0.007353
25.677544 0.002116 0.004547 -0.007359
25.679660 0.002116 0.004541 -0.007364
25.681775 0.002116 0.004535 -0.007370
25.683891 0.002116 0.004529 -0.007376
25.686007 0.002116 0.004524 -0.007381
25.688123 0.002116 0.004518 -0.007387
25.690240 0.002116 0.004513 -0.007393
25.692356 0.002116 0.004507 -0.007398
25.694472 0.002116 0.004501 -0.007404
25.696589 0.002116 0.004496 -0.007410
25.698705 0.002117 0.004490 -0.007415
25.700822 0.002117 0.004484 -0.007421
25.702939 0.002117 0.004479 -0.007426
25.705056 0.002117 0.004473 -0.007432
25.707172 0.002117 0.004468 -0.007437
25.709289 0.002117 0.004462 -0.007443
25.711407 0.002117 0.004457 -0.007449
25.713524 0.002117 0.004451 -0.007454
25.715641 0.002117 0.004446 -0.007460
25.717758 0.002117 0.004440 -0.007465
25.719876 0.002117 0.004435 -0.007471
25.721993 0.002117 0.004429 -0.007476
25.724111 0.002118 0.004424 -0.007481
25.726228 0.002118 0.004418 -0.007487
25.728346 0.002118 0.004413 -0.007492
25.730464 0.002118 0.004407 -0.007498
25.732582 0.002118 0.004402 -0.007503
25.734700 0.002118 0.004397 -0.007509
25.736818 0.002118 0.004391 -0.007514
25.738936 0.002118 0.004386 -0.007519
25.741055 0.002118 0.004380 -0.007525
25.743173 0.002118 0.004375 -0.007530
25.745292 0.002119 0.004370 -0.007536
25.747410 0.002119 0.004364 -0.007541
25.749529 0.002119 0.004359 -0.007546
25.751648 0.002119 0.004354 -0.007552
25.753767 0.002119 0.004348 -0.007557
25.755886 0.002119 0.004343 -0.007562
25.758006 0.002119 0.004338 -0.007567
25.760125 0.002119 0.004332 -0.007573
25.762244 0.002119 0.004327 -0.007578
25.764364 0.002120 0.004322 -0.007583
25.766484 0.002120 0.004317 -0.007589
25.768604 0.002120 0.004311 -0.007594
25.770724 0.002120 0.004306 -0.007599
25.772844 0.002120 0.004301 -0.007604
25.774964 0.002120 0.004296 -0.007609
25.777084 0.002120 0.004291 -0.007615
25.779205 0.002121 0.004285 -0.007620
25.781326 0.002121 0.004280 -0.007625
25.783446 0.002121 0.004275 -0.007630
25.785567 0.002121 0.004270 -0.007635
25.787688 0.002121 0.004265 -0.007640
25.789809 0.002121 0.004260 -0.007646
25.791931 0.002121 0.004254 -0.007651
25.794052 0.002121 0.004249 -0.007656
25.796173 0.002121 0.004244 -0.007661
25.798295 0.002122 0.004239 -0.007666
25.800416 0.002122 0.004234 -0.007671
25.802538 0.002122 0.004229 -0.007676
25.804660 0.002122 0.004224 -0.007681
25.806782 0.002122 0.004219 -0.007686
25.808904 0.002122 0.004214 -0.007691
25.811026 0.002122 0.004209 -0.007696
25.813149 0.002122 0.004204 -0.007701
25.815271 0.002122 0.004199 -0.007706
25.817394 0.002123 0.004194 -0.007711
25.819516 0.002123 0.004189 -0.007716
25.821639 0.002123 0.004184 -0.007721
25.823762 0.002123 0.004179 -0.007726
25.825885 0.002123 0.004174 -0.007731
25.828008 0.002123 0.004169 -0.007736
25.830131 0.002123 0.004164 -0.007741
25.832255 0.002123 0.004159 -0.007746
25.834378 0.002123 0.004154 -0.007751
25.836502 0.002124 0.004149 -0.007756
25.838626 0.002124 0.004144 -0.007761
25.840749 0.002124 0.004139 -0.007766
25.842873 0.002124 0.004134 -0.007771
25.844997 0.002124 0.004129 -0.007776
25.847122 0.002124 0.004125 -0.007781
25.849246 0.002124 0.004120 -0.007785
25.851371 0.002125 0.004115 -0.007790
25.853495 0.002125 0.004110 -0.007795
25.855620 0.002125 0.004105 -0.007800
25.857745 0.002125 0.004100 -0.007805
25.859870 0.002125 0.004095 -0.007810
25.861995 0.002125 0.004091 -0.007815
25.864120 0.002125 0.004086 -0.007819
25.866246 0.002125 0.004081 -0.007824
25.868371 0.002126 0.004076 -0.007829
25.870497 0.002126 0.004071 -0.007834
25.872623 0.002126 0.004067 -0.007839
25.874749 0.002126 0.004062 -0.007843
25.876875 0.002126 0.004057 -0.007848
25.879001 0.002126 0.004052 -0.007853
25.881128 0.002126 0.004048 -0.007858
25.883254 0.002127 0.004043 -0.007862
25.885381 0.002127 0.004038 -0.007867
25.887508 0.002127 0.004033 -0.007872
25.889635 0.002127 0.004029 -0.007877
25.891762 0.002127 0.004024 -0.007881
25.893889 0.002127 0.004019 -0.007886
25.896016 0.002127 0.004015 -0.007891
25.898144 0.002128 0.004010 -0.007895
25.900272 0.002128 0.004005 -0.007900
25.902400 0.002128 0.004000 -0.007905
25.904528 0.002128 0.003996 -0.007909
25.906656 0.002128 0.003991 -0.007914
25.908784 0.002128 0.003986 -0.007919
25.910912 0.002128 0.003982 -0.007923
25.913041 0.002128 0.003977 -0.007928
25.915169 0.002129 0.003973 -0.007933
25.917298 0.002129 0.003968 -0.007937
25.919427 0.002129 0.003963 -0.007942
25.921556 0.002129 0.003959 -0.007947
25.923685 0.002129 0.003954 -0.007951
25.925814 0.002129 0.003949 -0.007956
25.927943 0.002129 0.003945 -0.007960
25.930072 0.002129 0.003940 -0.007965
25.932202 0.002129 0.003936 -0.007970
25.934331 0.002130 0.003931 -0.007974
25.936461 0.002130 0.003926 -0.007979
25.938591 0.002130 0.003922 -0.007983
25.940721 0.002130 0.003917 -0.007988
25.942851 0.002130 0.003913 -0.007993
25.944981 0.002130 0.003908 -0.007997
25.947112 0.002130 0.003904 -0.008002
25.949242 0.002131 0.003899 -0.008006
25.951373 0.002131 0.003894 -0.008011
25.953504 0.002131 0.003890 -0.008015
25.955635 0.002131 0.003885 -0.008020
25.957766 0.002131 0.003881 -0.008024
25.959897 0.002131 0.003876 -0.008029
25.962028 0.002131 0.003872 -0.008033
25.964160 0.002131 0.003867 -0.008038
25.966291 0.002132 0.003863 -0.008042
25.968423 0.002132 0.003858 -0.008047
25.970555 0.002132 0.003854 -0.008051
25.972687 0.002132 0.003849 -0.008056
25.974819 0.002132 0.003845 -0.008060
25.976951 0.002132 0.003840 -0.008065
25.979083 0.002132 0.003836 -0.008069
25.981216 0.002132 0.003831 -0.008074
25.983348 0.002132 0.003827 -0.008078
25.985480 0.002132 0.003822 -0.008083
25.987611 0.002132 0.003818 -0.008087
25.989743 0.002131 0.003813 -0.008092
25.991874 0.002131 0.003809 -0.008096
25.994005 0.002131 0.003805 -0.008101
25.996136 0.002131 0.003800 -0.008105
25.998267 0.002131 0.003796 -0.008110
26.000398 0.002131 0.003791 -0.008114
26.002528 0.002131 0.003787 -0.008118
26.004659 0.002131 0.003782 -0.008123
26.006790 0.002131 0.003778 -0.008127
26.008921 0.002131 0.003774 -0.008132
26.011051 0.002131 0.003769 -0.008136
26.013182 0.002131 0.003765 -0.008141
26.015313 0.002131 0.003760 -0.008145
26.017444 0.002131 0.003756 -0.008149
26.019575 0.002131 0.003751 -0.008154
26.021706 0.002131 0.003747 -0.008158
26.023837 0.002131 0.003743 -0.008163
26.025968 0.002131 0.003738 -0.008167
26.028099 0.002131 0.003734 -0.008171
26.030229 0.002131 0.003730 -0.008176
26.032360 0.002130 0.003725 -0.008180
26.034490 0.002130 0.003721 -0.008184
26.036620 0.002130 0.003716 -0.008189
26.038749 0.002130 0.003712 -0.008193
26.040879 0.002129 0.003708 -0.008198
26.043008 0.002129 0.003703 -0.008202
26.045137 0.002129 0.003699 -0.008206
26.047266 0.002129 0.003695 -0.008211
26.049395 0.002129 0.003690 -0.008215
26.051523 0.002129 0.003686 -0.008219
26.053652 0.002129 0.003682 -0.008224
26.055780 0.002128 0.003677 -0.008228
26.057908 0.002128 0.003673 -0.008232
26.060037 0.002128 0.003669 -0.008237
26.062165 0.002128 0.003664 -0.008241
26.064294 0.002129 0.003660 -0.008245
26.066423 0.002129 0.003656 -0.008250
26.068552 0.002129 0.003651 -0.008254
26.070681 0.002129 0.003647 -0.008258
26.072810 0.002129 0.003643 -0.008263
26.074940 0.002130 0.003638 -0.008267
26.077070 0.002130 0.003634 -0.008271
26.079201 0.002130 0.003630 -0.008275
26.081331 0.002131 0.003625 -0.008280
26.083462 0.002131 0.003621 -0.008284
26.085593 0.002131 0.003617 -0.008288
26.087724 0.002131 0.003613 -0.008293
26.089854 0.002131 0.003608 -0.008297
26.091985 0.002130 0.003604 -0.008301
26.094115 0.002130 0.003600 -0.008305
26.096246 0.002130 0.003596 -0.008310
26.098376 0.002130 0.003591 -0.008314
26.100506 0.002130 0.003587 -0.008318
26.102636 0.002130 0.003583 -0.008322
26.104767 0.002130 0.003578 -0.008327
26.106897 0.002130 0.003574 -0.008331
26.109027 0.002130 0.003570 -0.008335
26.111157 0.002130 0.003566 -0.008339
26.113288 0.002130 0.003561 -0.008344
26.115418 0.002130 0.003557 -0.008348
26.117548 0.002131 0.003553 -0.008352
26.119679 0.002131 0.003549 -0.008356
26.121810 0.002131 0.003545 -0.008361
26.123942 0.002131 0.003540 -0.008365
26.126073 0.002132 0.003536 -0.008369
26.128205 0.002132 0.003532 -0.008373
26.130338 0.002132 0.003528 -0.008377
26.132471 0.002133 0.003524 -0.008382
26.134604 0.002133 0.003519 -0.008386
26.136738 0.002134 0.003515 -0.008390
26.138872 0.002134 0.003511 -0.008394
26.141006 0.002134 0.003507 -0.008398
26.143140 0.002134 0.003503 -0.008403
26.145275 0.002134 0.003498 -0.008407
26.147409 0.002134 0.003494 -0.008411
26.149544 0.002135 0.003490 -0.008415
26.151678 0.002135 0.003486 -0.008419
26.153813 0.002135 0.003482 -0.008423
26.155948 0.002135 0.003478 -0.008428
26.158083 0.002135 0.003473 -0.008432
26.160218 0.002135 0.003469 -0.008436
26.162353 0.002135 0.003465 -0.008440
26.164488 0.002135 0.003461 -0.008444
26.166623 0.002135 0.003457 -0.008448
26.168758 0.002135 0.003453 -0.008452
26.170894 0.002136 0.003449 -0.008457
26.173030 0.002136 0.003445 -0.008461
26.175166 0.002136 0.003440 -0.008465
26.177302 0.002136 0.003436 -0.008469
26.179439 0.002137 0.003432 -0.008473
26.181575 0.002137 0.003428 -0.008477
26.183712 0.002137 0.003424 -0.008481
26.185848 0.002137 0.003420 -0.008485
26.187985 0.002137 0.003416 -0.008489
26.190122 0.002137 0.003412 -0.008493
26.192259 0.002137 0.003408 -0.008497
26.194396 0.002137 0.003404 -0.008501
26.196533 0.002137 0.003400 -0.008505
26.198670 0.002137 0.003396 -0.008510
26.200807 0.002137 0.003392 -0.008514
26.202944 0.002137 0.003388 -0.008518
26.205081 0.002137 0.003384 -0.008522
26.207219 0.002137 0.003380 -0.008526
26.209356 0.002137 0.003376 -0.008530
26.211494 0.002137 0.003372 -0.008534
26.213631 0.002138 0.003368 -0.008538
26.215769 0.002138 0.003364 -0.008542
26.217907 0.002138 0.003360 -0.008546
26.220044 0.002138 0.003356 -0.008550
26.222182 0.002138 0.003352 -0.008554
26.224320 0.002138 0.003348 -0.008558
26.226458 0.002138 0.003344 -0.008561
26.228596 0.002138 0.003340 -0.008565
26.230735 0.002138 0.003336 -0.008569
26.232873 0.002138 0.003332 -0.008573
26.235011 0.002138 0.003328 -0.008577
26.237149 0.002138 0.003324 -0.008581
26.239288 0.002138 0.003320 -0.008585
26.241426 0.002139 0.003316 -0.008589
26.243565 0.002139 0.003312 -0.008593
26.245704 0.002139 0.003308 -0.008597
26.247842 0.002139 0.003304 -0.008601
26.249981 0.002139 0.003301 -0.008605
26.252120 0.002139 0.003297 -0.008608
26.254259 0.002139 0.003293 -0.008612
26.256397 0.002139 0.003289 -0.008616
26.258536 0.002139 0.003285 -0.008620
26.260675 0.002139 0.003281 -0.008624
26.262814 0.002139 0.003277 -0.008628
26.264953 0.002139 0.003274 -0.008632
26.267092 0.002139 0.003270 -0.008635
26.269230 0.002139 0.003266 -0.008639
26.271369 0.002139 0.003262 -0.008643
26.273508 0.002139 0.003258 -0.008647
26.275647 0.002139 0.003254 -0.008651
26.277786 0.002139 0.003251 -0.008655
26.279925 0.002139 0.003247 -0.008658
26.282065 0.002139 0.003243 -0.008662
26.284204 0.002139 0.003239 -0.008666
26.286343 0.002139 0.003235 -0.008670
26.288482 0.002139 0.003232 -0.008673
26.290621 0.002139 0.003228 -0.008677
26.292760 0.002139 0.003224 -0.008681
26.294900 0.002139 0.003220 -0.008685
26.297039 0.002139 0.003217 -0.008689
26.299178 0.002139 0.003213 -0.008692
26.301317 0.002139 0.003209 -0.008696
26.303457 0.002139 0.003205 -0.008700
26.305596 0.002139 0.003202 -0.008704
26.307736 0.002139 0.003198 -0.008707
26.309875 0.002139 0.003194 -0.008711
26.312015 0.002140 0.003191 -0.008715
26.314154 0.002140 0.003187 -0.008718
26.316294 0.002140 0.003183 -0.008722
26.318434 0.002140 0.003179 -0.008726
26.320573 0.002140 0.003176 -0.008730
26.322713 0.002140 0.003172 -0.008733
26.324853 0.002140 0.003168 -0.008737
26.326993 0.002140 0.003165 -0.008741
26.329133 0.002140 0.003161 -0.008744
26.331273 0.002140 0.003157 -0.008748
26.333413 0.002140 0.003153 -0.008752
26.335554 0.002140 0.003150 -0.008755
26.337694 0.002140 0.003146 -0.008759
26.339834 0.002140 0.003142 -0.008763
26.341975 0.002140 0.003139 -0.008766
26.344115 0.002141 0.003135 -0.008770
26.346256 0.002141 0.003131 -0.008774
26.348397 0.002141 0.003128 -0.008777
26.350538 0.002141 0.003124 -0.008781
26.352678 0.002141 0.003120 -0.008785
26.354819 0.002141 0.003117 -0.008789
26.356961 0.002141 0.003113 -0.008792
26.359102 0.002141 0.003109 -0.008796
26.361243 0.002141 0.003106 -0.008800
26.363384 0.002141 0.003102 -0.008803
26.365526 0.002141 0.003098 -0.008807
26.367667 0.002141 0.003095 -0.008811
26.369809 0.002142 0.003091 -0.008814
26.371950 0.002142 0.003087 -0.008818
26.374092 0.002142 0.003084 -0.008822
26.376234 0.002142 0.003080 -0.008825
26.378376 0.002142 0.003076 -0.008829
26.380518 0.002142 0.003073 -0.008833
26.382660 0.002142 0.003069 -0.008836
26.384802 0.002142 0.003065 -0.008840
26.386944 0.002142 0.003061 -0.008844
26.389087 0.002142 0.003058 -0.008847
26.391229 0.002142 0.003054 -0.008851
26.393371 0.002142 0.003050 -0.008855
26.395514 0.002143 0.003047 -0.008859
26.397657 0.002143 0.003043 -0.008862
26.399799 0.002143 0.003039 -0.008866
26.401942 0.002143 0.003036 -0.008870
26.404085 0.002143 0.003032 -0.008873
26.406228 0.002143 0.003028 -0.008877
26.408371 0.002143 0.003024 -0.008881
26.410514 0.002143 0.003021 -0.008885
26.412658 0.002143 0.003017 -0.008888
26.414801 0.002143 0.003013 -0.008892
26.416944 0.002143 0.003009 -0.008896
26.419086 0.002143 0.003006 -0.008899
26.421229 0.002143 0.003002 -0.008903
26.423371 0.002142 0.002998 -0.008907
26.425513 0.002142 0.002994 -0.008911
26.427655 0.002142 0.002991 -0.008914
26.429797 0.002142 0.002987 -0.008918
26.431939 0.002142 0.002983 -0.008922
26.434081 0.002142 0.002979 -0.008926
26.436222 0.002141 0.002976 -0.008929
26.438364 0.002141 0.002972 -0.008933
26.440505 0.002141 0.002968 -0.008937
26.442646 0.002141 0.002964 -0.008941
26.444787 0.002141 0.002961 -0.008945
26.446928 0.002141 0.002957 -0.008948
26.449068 0.002141 0.002953 -0.008952
26.451209 0.002141 0.002949 -0.008956
26.453350 0.002140 0.002946 -0.008960
26.455490 0.002140 0.002942 -0.008963
26.457630 0.002140 0.002938 -0.008967
26.459770 0.002140 0.002934 -0.008971
26.461910 0.002140 0.002931 -0.008975
26.464050 0.002140 0.002927 -0.008978
26.466190 0.002140 0.002923 -0.008982
26.468330 0.002140 0.002919 -0.008986
26.470470 0.002140 0.002915 -0.008990
26.472609 0.002140 0.002912 -0.008993
26.474749 0.002140 0.002908 -0.008997
26.476888 0.002139 0.002904 -0.009001
26.479028 0.002139 0.002900 -0.009005
26.481167 0.002139 0.002897 -0.009008
26.483306 0.002139 0.002893 -0.009012
26.485446 0.002139 0.002889 -0.009016
26.487585 0.002139 0.002886 -0.009020
26.489724 0.002139 0.002882 -0.009023
26.491863 0.002139 0.002878 -0.009027
26.494002 0.002139 0.002874 -0.009031
26.496141 0.002139 0.002871 -0.009034
26.498280 0.002139 0.002867 -0.009038
26.500419 0.002139 0.002863 -0.009042
26.502558 0.002139 0.002860 -0.009045
26.504696 0.002139 0.002856 -0.009049
26.506835 0.002139 0.002852 -0.009053
26.508974 0.002139 0.002849 -0.009056
26.511113 0.002139 0.002845 -0.009060
26.513251 0.002139 0.002842 -0.009064
26.515390 0.002139 0.002838 -0.009067
26.517529 0.002139 0.002834 -0.009071
26.519667 0.002139 0.002831 -0.009074
26.521806 0.002139 0.002827 -0.009078
26.523945 0.002139 0.002824 -0.009082
26.526083 0.002139 0.002820 -0.009085
26.528222 0.002139 0.002817 -0.009089
26.530360 0.002138 0.002813 -0.009092
26.532498 0.002138 0.002810 -0.009096
26.534636 0.002137 0.002806 -0.009099
26.536773 0.002137 0.002803 -0.009102
26.538909 0.002137 0.002799 -0.009106
26.541046 0.002136 0.002796 -0.009109
26.543182 0.002136 0.002792 -0.009113
26.545317 0.002136 0.002789 -0.009116
26.547453 0.002135 0.002786 -0.009119
26.549588 0.002135 0.002782 -0.009123
26.551723 0.002135 0.002779 -0.009126
26.553858 0.002135 0.002776 -0.009129
26.555993 0.002135 0.002773 -0.009132
26.558128 0.002135 0.002769 -0.009136
26.560262 0.002135 0.002766 -0.009139
26.562397 0.002135 0.002763 -0.009142
26.564532 0.002135 0.002760 -0.009145
26.566666 0.002135 0.002757 -0.009148
26.568801 0.002135 0.002754 -0.009151
26.570936 0.002135 0.002751 -0.009154
26.573070 0.002135 0.002748 -0.009157
26.575205 0.002135 0.002745 -0.009160
26.577340 0.002135 0.002742 -0.009163
26.579476 0.002135 0.002739 -0.009166
26.581611 0.002135 0.002736 -0.009169
26.583747 0.002135 0.002733 -0.009172
26.585882 0.002136 0.002731 -0.009174
26.588018 0.002136 0.002728 -0.009177
26.590153 0.002136 0.002725 -0.009180
26.592289 0.002136 0.002723 -0.009183
26.594424 0.002135 0.002720 -0.009185
26.596560 0.002135 0.002717 -0.009188
26.598695 0.002135 0.002715 -0.009190
26.600830 0.002135 0.002712 -0.009193
26.602965 0.002135 0.002710 -0.009196
26.605100 0.002135 0.002707 -0.009198
26.607235 0.002135 0.002705 -0.009200
26.609370 0.002135 0.002702 -0.009203
26.611504 0.002135 0.002700 -0.009205
26.613639 0.002135 0.002697 -0.009208
26.615774 0.002135 0.002695 -0.009210
26.617908 0.002134 0.002693 -0.009212
26.620042 0.002134 0.002691 -0.009215
26.622177 0.002134 0.002688 -0.009217
26.624311 0.002134 0.002686 -0.009219
26.626445 0.002134 0.002684 -0.009221
26.628579 0.002134 0.002682 -0.009224
26.630714 0.002134 0.002680 -0.009226
26.632848 0.002134 0.002677 -0.009228
26.634982 0.002134 0.002675 -0.009230
26.637116 0.002134 0.002673 -0.009232
26.639250 0.002134 0.002671 -0.009234
26.641384 0.002134 0.002669 -0.009236
26.643518 0.002134 0.002667 -0.009238
26.645652 0.002134 0.002665 -0.009240
26.647785 0.002134 0.002663 -0.009242
26.649919 0.002134 0.002661 -0.009244
26.652053 0.002134 0.002659 -0.009246
26.654187 0.002134 0.002657 -0.009248
26.656320 0.002134 0.002655 -0.009250
26.658454 0.002134 0.002653 -0.009252
26.660587 0.002133 0.002651 -0.009254
26.662721 0.002133 0.002650 -0.009256
26.664854 0.002133 0.002648 -0.009257
26.666987 0.002133 0.002646 -0.009259
26.669120 0.002133 0.002644 -0.009261
26.671253 0.002133 0.002642 -0.009263
26.673386 0.002133 0.002640 -0.009265
26.675518 0.002133 0.002639 -0.009267
26.677651 0.002132 0.002637 -0.009268
26.679783 0.002132 0.002635 -0.009270
26.681915 0.002132 0.002633 -0.009272
26.684047 0.002132 0.002632 -0.009273
26.686179 0.002132 0.002630 -0.009275
26.688311 0.002132 0.002629 -0.009277
26.690442 0.002132 0.002627 -0.009278
26.692574 0.002131 0.002625 -0.009280
26.694705 0.002131 0.002624 -0.009281
26.696836 0.002131 0.002622 -0.009283
26.698967 0.002131 0.002621 -0.009284
26.701098 0.002131 0.002619 -0.009286
26.703229 0.002131 0.002618 -0.009287
26.705359 0.002131 0.002617 -0.009289
26.707490 0.002130 0.002615 -0.009290
26.709620 0.002130 0.002614 -0.009291
26.711750 0.002130 0.002613 -0.009293
26.713880 0.002130 0.002611 -0.009294
26.716010 0.002130 0.002610 -0.009295
26.718140 0.002130 0.002609 -0.009297
26.720270 0.002130 0.002607 -0.009298
26.722400 0.002130 0.002606 -0.009299
26.724529 0.002130 0.002605 -0.009300
26.726659 0.002129 0.002604 -0.009301
26.728788 0.002129 0.002603 -0.009302
26.730918 0.002129 0.002602 -0.009303
26.733047 0.002129 0.002601 -0.009305
26.735176 0.002129 0.002600 -0.009306
26.737305 0.002129 0.002598 -0.009307
26.739434 0.002129 0.002597 -0.009308
26.741563 0.002129 0.002596 -0.009309
26.743692 0.002129 0.002595 -0.009310
26.745821 0.002129 0.002594 -0.009311
26.747949 0.002129 0.002593 -0.009312
26.750078 0.002129 0.002592 -0.009313
26.752207 0.002129 0.002591 -0.009314
26.754335 0.002129 0.002591 -0.009315
26.756464 0.002129 0.002590 -0.009316
26.758593 0.002129 0.002589 -0.009317
26.760721 0.002129 0.002588 -0.009318
26.762850 0.002129 0.002587 -0.009319
26.764978 0.002129 0.002586 -0.009320
26.767107 0.002129 0.002585 -0.009321
26.769235 0.002129 0.002584 -0.009321
26.771364 0.002128 0.002583 -0.009322
26.773492 0.002128 0.002582 -0.009323
26.775621 0.002128 0.002581 -0.009325
26.777749 0.002128 0.002580 -0.009326
26.779878 0.002128 0.002579 -0.009327
26.782006 0.002128 0.002577 -0.009328
26.784134 0.002128 0.002576 -0.009329
26.786263 0.002128 0.002575 -0.009330
26.788391 0.002128 0.002574 -0.009331
26.790519 0.002128 0.002573 -0.009332
26.792647 0.002128 0.002572 -0.009333
26.794775 0.002128 0.002571 -0.009335
26.796903 0.002128 0.002569 -0.009336
26.799031 0.002128 0.002568 -0.009337
26.801158 0.002128 0.002567 -0.009338
26.803286 0.002127 0.002566 -0.009340
26.805413 0.002127 0.002564 -0.009341
26.807540 0.002127 0.002563 -0.009342
26.809667 0.002127 0.002561 -0.009344
26.811794 0.002127 0.002560 -0.009345
26.813921 0.002127 0.002559 -0.009347
26.816047 0.002127 0.002557 -0.009348
26.818174 0.002126 0.002556 -0.009349
26.820300 0.002126 0.002554 -0.009351
26.822426 0.002126 0.002553 -0.009353
26.824552 0.002126 0.002551 -0.009354
26.826678 0.002126 0.002549 -0.009356
26.828803 0.002126 0.002548 -0.009357
26.830929 0.002126 0.002546 -0.009359
26.833055 0.002125 0.002544 -0.009361
26.835180 0.002125 0.002543 -0.009362
26.837305 0.002125 0.002541 -0.009364
26.839430 0.002125 0.002539 -0.009366
26.841555 0.002125 0.002538 -0.009368
26.843680 0.002125 0.002536 -0.009369
26.845805 0.002125 0.002534 -0.009371
26.847930 0.002125 0.002532 -0.009373
26.850054 0.002125 0.002530 -0.009375
26.852179 0.002125 0.002529 -0.009377
26.854303 0.002124 0.002527 -0.009379
26.856427 0.002124 0.002525 -0.009380
26.858552 0.002124 0.002523 -0.009382
26.860676 0.002124 0.002521 -0.009384
26.862800 0.002124 0.002519 -0.009386
26.864924 0.002124 0.002517 -0.009388
26.867048 0.002124 0.002515 -0.009390
26.869172 0.002124 0.002513 -0.009392
26.871296 0.002124 0.002511 -0.009394
26.873420 0.002124 0.002509 -0.009396
26.875543 0.002124 0.002507 -0.009398
26.877667 0.002124 0.002505 -0.009400
26.879791 0.002124 0.002503 -0.009403
26.881914 0.002123 0.002501 -0.009405
26.884037 0.002123 0.002498 -0.009407
26.886160 0.002123 0.002496 -0.009409
26.888283 0.002123 0.002494 -0.009411
26.890406 0.002123 0.002492 -0.009413
26.892529 0.002123 0.002490 -0.009415
26.894651 0.002122 0.002488 -0.009417
26.896773 0.002122 0.002486 -0.009420
26.898895 0.002122 0.002483 -0.009422
26.901017 0.002122 0.002481 -0.009424
26.903139 0.002122 0.002479 -0.009426
26.905260 0.002121 0.002477 -0.009428
26.907382 0.002121 0.002474 -0.009431
26.909503 0.002121 0.002472 -0.009433
26.911624 0.002121 0.002470 -0.009435
26.913744 0.002121 0.002468 -0.009437
26.915865 0.002121 0.002466 -0.009440
26.917985 0.002120 0.002463 -0.009442
26.920106 0.002120 0.002461 -0.009444
26.922226 0.002120 0.002459 -0.009446
26.924345 0.002120 0.002456 -0.009449
26.926465 0.002120 0.002454 -0.009451
26.928585 0.002120 0.002452 -0.009453
26.930704 0.002119 0.002450 -0.009456
26.932823 0.002119 0.002447 -0.009458
26.934942 0.002119 0.002445 -0.009460
26.937061 0.002119 0.002443 -0.009463
26.939180 0.002119 0.002440 -0.009465
26.941299 0.002119 0.002438 -0.009467
26.943417 0.002118 0.002436 -0.009470
26.945536 0.002118 0.002433 -0.009472
26.947654 0.002118 0.002431 -0.009474
26.949772 0.002118 0.002428 -0.009477
26.951890 0.002118 0.002426 -0.009479
26.954008 0.002118 0.002424 -0.009481
26.956125 0.002118 0.002421 -0.009484
26.958243 0.002118 0.002419 -0.009486
26.960360 0.002117 0.002417 -0.009489
26.962478 0.002117 0.002414 -0.009491
26.964595 0.002117 0.002412 -0.009493
26.966712 0.002117 0.002409 -0.009496
26.968829 0.002117 0.002407 -0.009498
26.970946 0.002117 0.002404 -0.009501
26.973063 0.002117 0.002402 -0.009503
26.975179 0.002117 0.002400 -0.009506
26.977296 0.002117 0.002397 -0.009508
26.979412 0.002117 0.002395 -0.009511
26.981529 0.002116 0.002392 -0.009513
26.983645 0.002116 0.002390 -0.009516
26.985761 0.002116 0.002387 -0.009518
26.987878 0.002116 0.002385 -0.009521
26.989994 0.002116 0.002382 -0.009523
26.992110 0.002116 0.002380 -0.009526
26.994226 0.002116 0.002377 -0.009528
26.996342 0.002116 0.002375 -0.009531
26.998458 0.002116 0.002372 -0.009533
27.000573 0.002116 0.002370 -0.009536
27.002689 0.002116 0.002367 -0.009538
27.004805 0.002116 0.002364 -0.009541
27.006920 0.002116 0.002362 -0.009543
27.009036 0.002116 0.002359 -0.009546
27.011151 0.002116 0.002357 -0.009549
27.013267 0.002115 0.002354 -0.009551
27.015382 0.002115 0.002351 -0.009554
27.017498 0.002115 0.002349 -0.009556
27.019613 0.002115 0.002346 -0.009559
27.021729 0.002115 0.002344 -0.009562
27.023844 0.002115 0.002341 -0.009564
27.025959 0.002115 0.002338 -0.009567
27.028074 0.002115 0.002336 -0.009570
27.030190 0.002115 0.002333 -0.009572
27.032305 0.002115 0.002330 -0.009575
27.034420 0.002115 0.002328 -0.009578
27.036535 0.002115 0.002325 -0.009580
27.038650 0.002115 0.002322 -0.009583
27.040766 0.002115 0.002319 -0.009586
27.042881 0.002115 0.002317 -0.009588
27.044996 0.002115 0.002314 -0.009591
27.047111 0.002115 0.002311 -0.009594
27.049226 0.002115 0.002308 -0.009597
27.051341 0.002115 0.002306 -0.009599
27.053456 0.002115 0.002303 -0.009602
27.055572 0.002115 0.002300 -0.009605
27.057687 0.002115 0.002297 -0.009608
27.059802 0.002115 0.002295 -0.009611
27.061917 0.002115 0.002292 -0.009613
27.064032 0.002115 0.002289 -0.009616
27.066147 0.002115 0.002286 -0.009619
27.068262 0.002115 0.002283 -0.009622
27.070378 0.002115 0.002281 -0.009625
27.072493 0.002115 0.002278 -0.009628
27.074608 0.002115 0.002275 -0.009630
27.076723 0.002115 0.002272 -0.009633
27.078838 0.002115 0.002269 -0.009636
27.080953 0.002115 0.002266 -0.009639
27.083069 0.002115 0.002263 -0.009642
27.085184 0.002115 0.002260 -0.009645
27.087299 0.002115 0.002258 -0.009648
27.089414 0.002115 0.002255 -0.009651
27.091529 0.002115 0.002252 -0.009653
27.093644 0.002115 0.002249 -0.009656
27.095760 0.002115 0.002246 -0.009659
27.097875 0.002115 0.002243 -0.009662
27.099990 0.002115 0.002240 -0.009665
27.102105 0.002115 0.002237 -0.009668
27.104220 0.002115 0.002234 -0.009671
27.106335 0.002115 0.002231 -0.009674
27.108450 0.002115 0.002228 -0.009677
27.110565 0.002115 0.002225 -0.009680
27.112680 0.002115 0.002222 -0.009683
27.114795 0.002115 0.002219 -0.009686
27.116910 0.002115 0.002216 -0.009689
27.119025 0.002115 0.002214 -0.009692
27.121140 0.002115 0.002211 -0.009695
27.123255 0.002115 0.002208 -0.009698
27.125370 0.002115 0.002205 -0.009701
27.127484 0.002115 0.002202 -0.009704
27.129599 0.002115 0.002199 -0.009707
27.131714 0.002115 0.002196 -0.009710
27.133828 0.002115 0.002192 -0.009713
27.135943 0.002115 0.002189 -0.009716
27.138058 0.002115 0.002186 -0.009719
27.140172 0.002115 0.002183 -0.009722
27.142287 0.002115 0.002180 -0.009725
27.144402 0.002115 0.002177 -0.009728
27.146516 0.002115 0.002174 -0.009731
27.148631 0.002115 0.002171 -0.009734
27.150745 0.002115 0.002168 -0.009737
27.152860 0.002115 0.002165 -0.009740
27.154974 0.002115 0.002162 -0.009743
27.157089 0.002115 0.002159 -0.009746
27.159203 0.002115 0.002156 -0.009749
27.161318 0.002115 0.002153 -0.009752
27.163433 0.002115 0.002150 -0.009756
27.165547 0.002115 0.002147 -0.009759
27.167662 0.002115 0.002143 -0.009762
27.169776 0.002115 0.002140 -0.009765
27.171891 0.002115 0.002137 -0.009768
27.174006 0.002115 0.002134 -0.009771
27.176120 0.002115 0.002131 -0.009774
27.178235 0.002115 0.002128 -0.009777
27.180350 0.002115 0.002125 -0.009780
27.182465 0.002115 0.002122 -0.009784
27.184579 0.002115 0.002118 -0.009787
27.186694 0.002115 0.002115 -0.009790
27.188809 0.002115 0.002112 -0.009793
27.190924 0.002115 0.002109 -0.009796
27.193039 0.002115 0.002106 -0.009799
27.195154 0.002115 0.002103 -0.009803
27.197269 0.002115 0.002100 -0.009806
27.199384 0.002115 0.002096 -0.009809
27.201500 0.002115 0.002093 -0.009812
27.203615 0.002115 0.002090 -0.009815
27.205730 0.002115 0.002087 -0.009818
27.207845 0.002115 0.002084 -0.009822
27.209959 0.002114 0.002080 -0.009825
27.212073 0.002114 0.002077 -0.009828
27.214186 0.002113 0.002074 -0.009831
27.216299 0.002113 0.002071 -0.009834
27.218411 0.002112 0.002068 -0.009838
27.220523 0.002112 0.002064 -0.009841
27.222634 0.002111 0.002061 -0.009844
27.224744 0.002110 0.002058 -0.009847
27.226853 0.002109 0.002055 -0.009850
27.228962 0.002109 0.002052 -0.009854
27.231070 0.002108 0.002048 -0.009857
27.233177 0.002107 0.002045 -0.009860
27.235284 0.002107 0.002042 -0.009863
27.237390 0.002106 0.002039 -0.009867
27.239495 0.002105 0.002035 -0.009870
27.241599 0.002105 0.002032 -0.009873
27.243703 0.002104 0.002029 -0.009876
27.245806 0.002103 0.002026 -0.009879
27.247908 0.002102 0.002023 -0.009883
27.250010 0.002101 0.002019 -0.009886
27.252110 0.002101 0.002016 -0.009889
27.254210 0.002100 0.002013 -0.009892
27.256309 0.002099 0.002010 -0.009896
27.258408 0.002098 0.002006 -0.009899
27.260505 0.002098 0.002003 -0.009902
27.262602 0.002097 0.002000 -0.009905
27.264698 0.002096 0.001997 -0.009909
27.266793 0.002095 0.001993 -0.009912
27.268887 0.002094 0.001990 -0.009915
27.270980 0.002093 0.001987 -0.009918
27.273072 0.002092 0.001984 -0.009921
27.275163 0.002091 0.001980 -0.009925
27.277253 0.002090 0.001977 -0.009928
27.279341 0.002089 0.001974 -0.009931
27.281429 0.002088 0.001971 -0.009934
27.283517 0.002087 0.001967 -0.009938
27.285603 0.002086 0.001964 -0.009941
27.287689 0.002086 0.001961 -0.009944
27.289774 0.002085 0.001958 -0.009947
27.291858 0.002084 0.001954 -0.009951
27.293942 0.002084 0.001951 -0.009954
27.296024 0.002083 0.001948 -0.009957
27.298106 0.002081 0.001945 -0.009960
27.300186 0.002080 0.001941 -0.009964
27.302266 0.002079 0.001938 -0.009967
27.304344 0.002079 0.001935 -0.009970
27.306422 0.002078 0.001932 -0.009973
27.308499 0.002077 0.001928 -0.009977
27.310576 0.002076 0.001925 -0.009980
27.312651 0.002076 0.001922 -0.009983
27.314726 0.002075 0.001919 -0.009986
27.316801 0.002074 0.001915 -0.009990
27.318874 0.002074 0.001912 -0.009993
27.320947 0.002073 0.001909 -0.009996
27.323019 0.002072 0.001906 -0.010000
27.325090 0.002071 0.001902 -0.010003
27.327159 0.002070 0.001899 -0.010006
27.329228 0.002069 0.001896 -0.010009
27.331296 0.002068 0.001893 -0.010013
27.333363 0.002067 0.001889 -0.010016
27.335430 0.002067 0.001886 -0.010019
27.337496 0.002066 0.001883 -0.010022
27.339561 0.002066 0.001880 -0.010026
27.341627 0.002065 0.001876 -0.010029
27.343691 0.002065 0.001873 -0.010032
27.345755 0.002064 0.001870 -0.010035
27.347818 0.002063 0.001867 -0.010039
27.349881 0.002062 0.001863 -0.010042
27.351942 0.002061 0.001860 -0.010045
27.354003 0.002061 0.001857 -0.010048
27.356063 0.002060 0.001854 -0.010052
27.358123 0.002060 0.001850 -0.010055
27.360182 0.002060 0.001847 -0.010058
27.362241 0.002059 0.001844 -0.010061
27.364300 0.002059 0.001841 -0.010065
27.366359 0.002059 0.001837 -0.010068
27.368417 0.002058 0.001834 -0.010071
27.370474 0.002057 0.001831 -0.010074
27.372531 0.002057 0.001828 -0.010078
27.374587 0.002056 0.001824 -0.010081
27.376642 0.002055 0.001821 -0.010084
27.378696 0.002054 0.001818 -0.010087
27.380750 0.002054 0.001815 -0.010091
27.382803 0.002053 0.001811 -0.010094
27.384856 0.002053 0.001808 -0.010097
27.386909 0.002053 0.001805 -0.010100
27.388961 0.002052 0.001802 -0.010104
27.391013 0.002052 0.001798 -0.010107
27.393065 0.002052 0.001795 -0.010110
27.395117 0.002052 0.001792 -0.010113
27.397168 0.002051 0.001789 -0.010117
27.399218 0.002050 0.001785 -0.010120
27.401268 0.002050 0.001782 -0.010123
27.403317 0.002049 0.001779 -0.010126
27.405366 0.002049 0.001776 -0.010130
27.407414 0.002048 0.001772 -0.010133
27.409462 0.002048 0.001769 -0.010136
27.411509 0.002047 0.001766 -0.010139
27.413556 0.002047 0.001763 -0.010142
27.415602 0.002047 0.001760 -0.010146
27.417649 0.002046 0.001756 -0.010149
27.419695 0.002046 0.001753 -0.010152
27.421740 0.002046 0.001750 -0.010155
27.423786 0.002046 0.001747 -0.010159
27.425832 0.002046 0.001743 -0.010162
27.427878 0.002046 0.001740 -0.010165
27.429923 0.002046 0.001737 -0.010168
27.431968 0.002045 0.001734 -0.010172
27.434012 0.002044 0.001730 -0.010175
27.436056 0.002044 0.001727 -0.010178
27.438099 0.002043 0.001724 -0.010181
27.440142 0.002043 0.001721 -0.010184
27.442184 0.002042 0.001718 -0.010188
27.444226 0.002042 0.001714 -0.010191
27.446268 0.002041 0.001711 -0.010194
27.448309 0.002041 0.001708 -0.010197
27.450349 0.002041 0.001705 -0.010201
27.452389 0.002040 0.001701 -0.010204
27.454430 0.002040 0.001698 -0.010207
27.456470 0.002040 0.001695 -0.010210
27.458509 0.002040 0.001692 -0.010213
27.460549 0.002039 0.001689 -0.010217
27.462588 0.002039 0.001685 -0.010220
27.464627 0.002039 0.001682 -0.010223
27.466666 0.002039 0.001679 -0.010226
27.468705 0.002039 0.001676 -0.010229
27.470744 0.002039 0.001673 -0.010233
27.472783 0.002039 0.001669 -0.010236
27.474822 0.002038 0.001666 -0.010239
27.476859 0.002038 0.001663 -0.010242
27.478896 0.002037 0.001660 -0.010245
27.480932 0.002036 0.001657 -0.010249
27.482968 0.002036 0.001653 -0.010252
27.485004 0.002035 0.001650 -0.010255
27.487039 0.002035 0.001647 -0.010258
27.489074 0.002035 0.001644 -0.010261
27.491108 0.002035 0.001641 -0.010265
27.493143 0.002035 0.001637 -0.010268
27.495178 0.002035 0.001634 -0.010271
27.497212 0.002034 0.001631 -0.010274
27.499246 0.002034 0.001628 -0.010277
27.501280 0.002034 0.001625 -0.010280
27.503314 0.002034 0.001622 -0.010284
27.505348 0.002034 0.001618 -0.010287
27.507381 0.002034 0.001615 -0.010290
27.509415 0.002034 0.001612 -0.010293
27.511449 0.002034 0.001609 -0.010296
27.513483 0.002034 0.001606 -0.010299
27.515516 0.002033 0.001603 -0.010303
27.517550 0.002033 0.001599 -0.010306
27.519582 0.002033 0.001596 -0.010309
27.521615 0.002032 0.001593 -0.010312
27.523647 0.002032 0.001590 -0.010315
27.525678 0.002032 0.001587 -0.010318
27.527710 0.002031 0.001584 -0.010322
27.529741 0.002031 0.001581 -0.010325
27.531772 0.002031 0.001577 -0.010328
27.533803 0.002031 0.001574 -0.010331
27.535834 0.002031 0.001571 -0.010334
27.537864 0.002030 0.001568 -0.010337
27.539894 0.002030 0.001565 -0.010340
27.541924 0.002030 0.001562 -0.010344
27.543954 0.002030 0.001559 -0.010347
27.545984 0.002030 0.001555 -0.010350
27.548014 0.002030 0.001552 -0.010353
27.550043 0.002030 0.001549 -0.010356
27.552073 0.002030 0.001546 -0.010359
27.554103 0.002030 0.001543 -0.010362
27.556132 0.002029 0.001540 -0.010365
27.558162 0.002029 0.001537 -0.010369
27.560191 0.002029 0.001534 -0.010372
27.562219 0.002029 0.001530 -0.010375
27.564248 0.002029 0.001527 -0.010378
27.566276 0.002028 0.001524 -0.010381
27.568305 0.002028 0.001521 -0.010384
27.570333 0.002028 0.001518 -0.010387
27.572360 0.002028 0.001515 -0.010390
27.574388 0.002027 0.001512 -0.010393
27.576415 0.002027 0.001509 -0.010396
27.578442 0.002027 0.001506 -0.010400
27.580469 0.002027 0.001503 -0.010403
27.582496 0.002027 0.001499 -0.010406
27.584522 0.002027 0.001496 -0.010409
27.586549 0.002026 0.001493 -0.010412
27.588575 0.002026 0.001490 -0.010415
27.590601 0.002026 0.001487 -0.010418
27.592627 0.002026 0.001484 -0.010421
27.594653 0.002026 0.001481 -0.010424
27.596679 0.002026 0.001478 -0.010427
27.598705 0.002026 0.001475 -0.010430
27.600731 0.002026 0.001472 -0.010433
27.602756 0.002026 0.001469 -0.010436
27.604782 0.002025 0.001466 -0.010439
27.606807 0.002025 0.001463 -0.010443
27.608832 0.002025 0.001460 -0.010446
27.610856 0.002025 0.001457 -0.010449
27.612881 0.002025 0.001454 -0.010452
27.614905 0.002024 0.001450 -0.010455
27.616929 0.002024 0.001447 -0.010458
27.618953 0.002024 0.001444 -0.010461
27.620976 0.002024 0.001441 -0.010464
27.623000 0.002023 0.001438 -0.010467
27.625023 0.002023 0.001435 -0.010470
27.627046 0.002023 0.001432 -0.010473
27.629069 0.002023 0.001429 -0.010476
27.631092 0.002023 0.001426 -0.010479
27.633114 0.002022 0.001423 -0.010482
27.635137 0.002022 0.001420 -0.010485
27.637159 0.002022 0.001417 -0.010488
27.639181 0.002022 0.001414 -0.010491
27.641203 0.002022 0.001411 -0.010494
27.643226 0.002022 0.001408 -0.010497
27.645248 0.002022 0.001405 -0.010500
27.647270 0.002022 0.001402 -0.010503
27.649292 0.002022 0.001399 -0.010506
27.651314 0.002022 0.001396 -0.010509
27.653336 0.002022 0.001393 -0.010512
27.655357 0.002021 0.001390 -0.010515
27.657379 0.002021 0.001387 -0.010518
27.659400 0.002021 0.001384 -0.010521
27.661420 0.002021 0.001381 -0.010524
27.663441 0.002021 0.001378 -0.010527
27.665462 0.002021 0.001375 -0.010530
27.667482 0.002021 0.001372 -0.010533
27.669503 0.002021 0.001370 -0.010536
27.671524 0.002021 0.001367 -0.010539
27.673545 0.002021 0.001364 -0.010542
27.675565 0.002021 0.001361 -0.010544
27.677586 0.002021 0.001358 -0.010547
27.679606 0.002020 0.001355 -0.010550
27.681627 0.002020 0.001352 -0.010553
27.683647 0.002020 0.001349 -0.010556
27.685667 0.002020 0.001346 -0.010559
27.687686 0.002020 0.001343 -0.010562
27.689706 0.002020 0.001340 -0.010565
27.691725 0.002019 0.001337 -0.010568
27.693744 0.002019 0.001334 -0.010571
27.695764 0.002019 0.001331 -0.010574
27.697783 0.002019 0.001329 -0.010577
27.699802 0.002019 0.001326 -0.010579
27.701821 0.002019 0.001323 -0.010582
27.703840 0.002019 0.001320 -0.010585
27.705858 0.002019 0.001317 -0.010588
27.707877 0.002019 0.001314 -0.010591
27.709896 0.002019 0.001311 -0.010594
27.711915 0.002019 0.001308 -0.010597
27.713934 0.002019 0.001306 -0.010600
27.715953 0.002019 0.001303 -0.010603
27.717972 0.002019 0.001300 -0.010605
27.719991 0.002019 0.001297 -0.010608
27.722010 0.002019 0.001294 -0.010611
27.724028 0.002019 0.001291 -0.010614
27.726047 0.002019 0.001288 -0.010617
27.728066 0.002019 0.001286 -0.010620
27.730084 0.002019 0.001283 -0.010622
27.732103 0.002018 0.001280 -0.010625
27.734121 0.002019 0.001277 -0.010628
27.736140 0.002019 0.001274 -0.010631
27.738158 0.002019 0.001271 -0.010634
27.740177 0.002019 0.001269 -0.010637
27.742195 0.002018 0.001266 -0.010639
27.744214 0.002018 0.001263 -0.010642
27.746232 0.002019 0.001260 -0.010645
27.748251 0.002019 0.001257 -0.010648
27.750269 0.002019 0.001255 -0.010651
27.752288 0.002019 0.001252 -0.010653
27.754308 0.002019 0.001249 -0.010656
27.756327 0.002019 0.001246 -0.010659
27.758347 0.002020 0.001243 -0.010662
27.760366 0.002020 0.001241 -0.010665
27.762386 0.002020 0.001238 -0.010667
27.764406 0.002020 0.001235 -0.010670
27.766425 0.002020 0.001232 -0.010673
27.768445 0.002020 0.001230 -0.010676
27.770465 0.002020 0.001227 -0.010678
27.772485 0.002020 0.001224 -0.010681
27.774504 0.002020 0.001221 -0.010684
27.776524 0.002020 0.001219 -0.010687
27.778544 0.002020 0.001216 -0.010689
27.780564 0.002020 0.001213 -0.010692
27.782584 0.002020 0.001210 -0.010695
27.784605 0.002020 0.001208 -0.010697
27.786625 0.002020 0.001205 -0.010700
27.788646 0.002021 0.001202 -0.010703
27.790666 0.002021 0.001200 -0.010706
27.792687 0.002021 0.001197 -0.010708
27.794708 0.002021 0.001194 -0.010711
27.796730 0.002021 0.001192 -0.010714
27.798751 0.002021 0.001189 -0.010716
27.800773 0.002022 0.001186 -0.010719
27.802794 0.002022 0.001183 -0.010722
27.804816 0.002022 0.001181 -0.010724
27.806838 0.002022 0.001178 -0.010727
27.808860 0.002022 0.001175 -0.010730
27.810882 0.002022 0.001173 -0.010732
27.812904 0.002022 0.001170 -0.010735
27.814926 0.002022 0.001167 -0.010738
27.816948 0.002022 0.001165 -0.010740
27.818970 0.002022 0.001162 -0.010743
27.820992 0.002022 0.001160 -0.010746
27.823015 0.002022 0.001157 -0.010748
27.825037 0.002022 0.001154 -0.010751
27.827060 0.002022 0.001152 -0.010754
27.829082 0.002023 0.001149 -0.010756
27.831105 0.002023 0.001146 -0.010759
27.833128 0.002023 0.001144 -0.010761
27.835151 0.002023 0.001141 -0.010764
27.837174 0.002023 0.001139 -0.010767
27.839197 0.002023 0.001136 -0.010769
27.841221 0.002023 0.001133 -0.010772
27.843244 0.002024 0.001131 -0.010774
27.845268 0.002024 0.001128 -0.010777
27.847291 0.002024 0.001126 -0.010780
27.849315 0.002024 0.001123 -0.010782
27.851339 0.002024 0.001121 -0.010785
27.853363 0.002024 0.001118 -0.010787
27.855387 0.002024 0.001115 -0.010790
27.857412 0.002024 0.001113 -0.010792
27.859436 0.002024 0.001110 -0.010795
27.861460 0.002024 0.001108 -0.010797
27.863485 0.002025 0.001105 -0.010800
27.865510 0.002025 0.001103 -0.010802
27.867535 0.002025 0.001100 -0.010805
27.869560 0.002025 0.001098 -0.010808
27.871585 0.002025 0.001095 -0.010810
27.873611 0.002025 0.001093 -0.010813
27.875636 0.002025 0.001090 -0.010815
27.877661 0.002025 0.001088 -0.010818
27.879687 0.002026 0.001085 -0.010820
27.881713 0.002026 0.001083 -0.010823
27.883738 0.002026 0.001080 -0.010825
27.885764 0.002026 0.001078 -0.010828
27.887790 0.002026 0.001075 -0.010830
27.889816 0.002026 0.001073 -0.010833
27.891842 0.002026 0.001070 -0.010835
27.893869 0.002026 0.001068 -0.010837
27.895896 0.002027 0.001065 -0.010840
27.897923 0.002027 0.001063 -0.010842
27.899950 0.002027 0.001060 -0.010845
27.901977 0.002027 0.001058 -0.010847
27.904005 0.002028 0.001055 -0.010850
27.906033 0.002028 0.001053 -0.010852
27.908061 0.002028 0.001051 -0.010855
27.910089 0.002028 0.001048 -0.010857
27.912118 0.002029 0.001046 -0.010859
27.914147 0.002029 0.001043 -0.010862
27.916176 0.002029 0.001041 -0.010864
27.918206 0.002030 0.001038 -0.010867
27.920236 0.002030 0.001036 -0.010869
27.922266 0.002030 0.001034 -0.010872
27.924297 0.002030 0.001031 -0.010874
27.926327 0.002031 0.001029 -0.010876
27.928358 0.002031 0.001026 -0.010879
27.930389 0.002031 0.001024 -0.010881
27.932420 0.002031 0.001022 -0.010884
27.934451 0.002031 0.001019 -0.010886
27.936482 0.002031 0.001017 -0.010888
27.938514 0.002031 0.001015 -0.010891
27.940545 0.002032 0.001012 -0.010893
27.942577 0.002032 0.001010 -0.010895
27.944609 0.002032 0.001007 -0.010898
27.946642 0.002032 0.001005 -0.010900
27.948675 0.002033 0.001003 -0.010902
27.950708 0.002033 0.001000 -0.010905
27.952741 0.002033 0.000998 -0.010907
27.954775 0.002034 0.000996 -0.010909
27.956808 0.002034 0.000993 -0.010912
27.958843 0.002034 0.000991 -0.010914
27.960877 0.002035 0.000989 -0.010916
27.962912 0.002035 0.000986 -0.010919
27.964947 0.002035 0.000984 -0.010921
27.966983 0.002036 0.000982 -0.010923
27.969019 0.002036 0.000979 -0.010926
27.971055 0.002036 0.000977 -0.010928
27.973092 0.002037 0.000975 -0.010930
27.975129 0.002037 0.000973 -0.010933
27.977166 0.002037 0.000970 -0.010935
27.979203 0.002038 0.000968 -0.010937
27.981241 0.002038 0.000966 -0.010939
27.983279 0.002038 0.000963 -0.010942
27.985318 0.002038 0.000961 -0.010944
27.987356 0.002039 0.000959 -0.010946
27.989395 0.002039 0.000957 -0.010949
27.991434 0.002039 0.000954 -0.010951
27.993474 0.002039 0.000952 -0.010953
27.995514 0.002040 0.000950 -0.010955
27.997554 0.002040 0.000948 -0.010957
27.999594 0.002040 0.000945 -0.010960
28.001635 0.002041 0.000943 -0.010962
28.003675 0.002041 0.000941 -0.010964
28.005717 0.002041 0.000939 -0.010966
28.007758 0.002042 0.000937 -0.010969
28.009800 0.002042 0.000934 -0.010971
28.011842 0.002042 0.000932 -0.010973
28.013884 0.002042 0.000930 -0.010975
28.015927 0.002043 0.000928 -0.010977
28.017969 0.002043 0.000926 -0.010980
28.020012 0.002043 0.000923 -0.010982
28.022056 0.002043 0.000921 -0.010984
28.024099 0.002043 0.000919 -0.010986
28.026143 0.002044 0.000917 -0.010988
28.028187 0.002044 0.000915 -0.010990
28.030231 0.002044 0.000913 -0.010993
28.032276 0.002045 0.000910 -0.010995
28.034321 0.002045 0.000908 -0.010997
28.036366 0.002045 0.000906 -0.010999
28.038411 0.002045 0.000904 -0.011001
28.040457 0.002046 0.000902 -0.011003
28.042503 0.002046 0.000900 -0.011005
28.044549 0.002046 0.000898 -0.011008
28.046596 0.002047 0.000896 -0.011010
28.048643 0.002047 0.000893 -0.011012
28.050690 0.002047 0.000891 -0.011014
28.052738 0.002048 0.000889 -0.011016
28.054786 0.002048 0.000887 -0.011018
28.056834 0.002048 0.000885 -0.011020
28.058883 0.002049 0.000883 -0.011022
28.060932 0.002049 0.000881 -0.011024
28.062981 0.002049 0.000879 -0.011026
28.065030 0.002049 0.000877 -0.011028
28.067080 0.002050 0.000875 -0.011030
28.069130 0.002050 0.000873 -0.011032
28.071180 0.002050 0.000871 -0.011034
28.073231 0.002051 0.000869 -0.011036
28.075281 0.002051 0.000867 -0.011039
28.077333 0.002051 0.000865 -0.011041
28.079384 0.002052 0.000863 -0.011043
28.081436 0.002052 0.000861 -0.011045
28.083489 0.002052 0.000859 -0.011047
28.085541 0.002053 0.000857 -0.011049
28.087594 0.002053 0.000855 -0.011051
28.089647 0.002053 0.000853 -0.011053
28.091701 0.002054 0.000851 -0.011055
28.093755 0.002054 0.000849 -0.011057
28.095809 0.002054 0.000847 -0.011058
28.097863 0.002054 0.000845 -0.011060
28.099918 0.002055 0.000843 -0.011062
28.101973 0.002055 0.000841 -0.011064
28.104028 0.002055 0.000839 -0.011066
28.106083 0.002055 0.000837 -0.011068
28.108139 0.002056 0.000835 -0.011070
28.110195 0.002056 0.000833 -0.011072
28.112250 0.002056 0.000831 -0.011074
28.114307 0.002056 0.000829 -0.011076
28.116363 0.002056 0.000827 -0.011078
28.118419 0.002056 0.000825 -0.011080
28.120476 0.002057 0.000823 -0.011082
28.122532 0.002056 0.000822 -0.011084
28.124588 0.002056 0.000820 -0.011086
28.126644 0.002056 0.000818 -0.011087
28.128699 0.002055 0.000816 -0.011089
28.130755 0.002055 0.000814 -0.011091
28.132809 0.002055 0.000812 -0.011093
28.134863 0.002054 0.000810 -0.011095
28.136916 0.002053 0.000808 -0.011097
28.138968 0.002052 0.000807 -0.011099
28.141020 0.002052 0.000805 -0.011100
28.143071 0.002051 0.000803 -0.011102
28.145121 0.002050 0.000801 -0.011104
28.147171 0.002050 0.000799 -0.011106
28.149220 0.002049 0.000797 -0.011108
28.151268 0.002048 0.000796 -0.011110
28.153316 0.002048 0.000794 -0.011111
28.155363 0.002047 0.000792 -0.011113
28.157409 0.002046 0.000790 -0.011115
28.159455 0.002046 0.000788 -0.011117
28.161500 0.002045 0.000787 -0.011119
28.163544 0.002045 0.000785 -0.011120
28.165588 0.002044 0.000783 -0.011122
28.167632 0.002044 0.000781 -0.011124
28.169675 0.002043 0.000779 -0.011126
28.171717 0.002043 0.000778 -0.011127
28.173760 0.002042 0.000776 -0.011129
28.175801 0.002042 0.000774 -0.011131
28.177842 0.002041 0.000772 -0.011133
28.179883 0.002041 0.000771 -0.011134
28.181923 0.002040 0.000769 -0.011136
28.183963 0.002039 0.000767 -0.011138
28.186001 0.002039 0.000766 -0.011140
28.188040 0.002038 0.000764 -0.011141
28.190077 0.002037 0.000762 -0.011143
28.192114 0.002037 0.000760 -0.011145
28.194150 0.002036 0.000759 -0.011146
28.196185 0.002036 0.000757 -0.011148
28.198220 0.002035 0.000755 -0.011150
28.200254 0.002034 0.000754 -0.011151
28.202287 0.002033 0.000752 -0.011153
28.204320 0.002032 0.000750 -0.011155
28.206351 0.002032 0.000749 -0.011156
28.208382 0.002031 0.000747 -0.011158
28.210412 0.002030 0.000745 -0.011160
28.212442 0.002030 0.000744 -0.011161
28.214471 0.002029 0.000742 -0.011163
28.216499 0.002028 0.000741 -0.011165
28.218527 0.002028 0.000739 -0.011166
28.220554 0.002027 0.000737 -0.011168
28.222580 0.002026 0.000736 -0.011169
28.224606 0.002026 0.000734 -0.011171
28.226631 0.002025 0.000733 -0.011173
28.228655 0.002024 0.000731 -0.011174
28.230678 0.002023 0.000729 -0.011176
28.232700 0.002022 0.000728 -0.011177
28.234722 0.002021 0.000726 -0.011179
28.236742 0.002021 0.000725 -0.011181
28.238762 0.002020 0.000723 -0.011182
28.240780 0.002019 0.000722 -0.011184
28.242798 0.002018 0.000720 -0.011185
28.244815 0.002017 0.000718 -0.011187
28.246830 0.002016 0.000717 -0.011188
28.248845 0.002015 0.000715 -0.011190
28.250859 0.002014 0.000714 -0.011191
28.252872 0.002013 0.000712 -0.011193
28.254883 0.002012 0.000711 -0.011194
28.256894 0.002011 0.000709 -0.011196
28.258904 0.002010 0.000708 -0.011197
28.260913 0.002009 0.000706 -0.011199
28.262922 0.002008 0.000705 -0.011200
28.264929 0.002007 0.000703 -0.011202
28.266936 0.002007 0.000702 -0.011203
28.268942 0.002006 0.000700 -0.011205
28.270947 0.002005 0.000699 -0.011206
28.272952 0.002005 0.000698 -0.011208
28.274957 0.002004 0.000696 -0.011209
28.276960 0.002004 0.000695 -0.011211
28.278963 0.002003 0.000693 -0.011212
28.280965 0.002002 0.000692 -0.011213
28.282967 0.002001 0.000690 -0.011215
28.284968 0.002001 0.000689 -0.011216
28.286967 0.002000 0.000687 -0.011218
28.288967 0.001999 0.000686 -0.011219
28.290965 0.001998 0.000685 -0.011221
28.292962 0.001997 0.000683 -0.011222
28.294959 0.001997 0.000682 -0.011223
28.296955 0.001996 0.000680 -0.011225
28.298950 0.001995 0.000679 -0.011226
28.300944 0.001994 0.000678 -0.011228
28.302938 0.001994 0.000676 -0.011229
28.304931 0.001993 0.000675 -0.011230
28.306923 0.001992 0.000674 -0.011232
28.308914 0.001991 0.000672 -0.011233
28.310905 0.001991 0.000671 -0.011234
28.312895 0.001990 0.000669 -0.011236
28.314885 0.001990 0.000668 -0.011237
28.316874 0.001989 0.000667 -0.011238
28.318860 0.001987 0.000665 -0.011240
28.320846 0.001985 0.000664 -0.011241
28.322829 0.001984 0.000663 -0.011242
28.324812 0.001983 0.000661 -0.011244
28.326793 0.001981 0.000660 -0.011245
28.328773 0.001980 0.000659 -0.011246
28.330752 0.001978 0.000658 -0.011248
28.332728 0.001977 0.000656 -0.011249
28.334704 0.001975 0.000655 -0.011250
28.336677 0.001974 0.000654 -0.011252
28.338650 0.001973 0.000652 -0.011253
28.340622 0.001972 0.000651 -0.011254
28.342593 0.001971 0.000650 -0.011255
28.344564 0.001970 0.000649 -0.011257
28.346533 0.001969 0.000647 -0.011258
28.348501 0.001968 0.000646 -0.011259
28.350469 0.001968 0.000645 -0.011260
28.352436 0.001967 0.000643 -0.011262
28.354402 0.001966 0.000642 -0.011263
28.356367 0.001965 0.000641 -0.011264
28.358332 0.001965 0.000640 -0.011265
28.360297 0.001965 0.000639 -0.011267
28.362261 0.001964 0.000637 -0.011268
28.364225 0.001964 0.000636 -0.011269
28.366189 0.001964 0.000635 -0.011270
28.368152 0.001963 0.000634 -0.011272
28.370115 0.001963 0.000632 -0.011273
28.372077 0.001962 0.000631 -0.011274
28.374039 0.001962 0.000630 -0.011275
28.376001 0.001962 0.000629 -0.011276
28.377963 0.001962 0.000628 -0.011278
28.379925 0.001962 0.000626 -0.011279
28.381887 0.001962 0.000625 -0.011280
28.383849 0.001962 0.000624 -0.011281
28.385811 0.001962 0.000623 -0.011282
28.387774 0.001963 0.000622 -0.011283
28.389737 0.001963 0.000621 -0.011285
28.391700 0.001963 0.000619 -0.011286
28.393664 0.001964 0.000618 -0.011287
28.395628 0.001964 0.000617 -0.011288
28.397592 0.001964 0.000616 -0.011289
28.399556 0.001964 0.000615 -0.011290
28.401520 0.001964 0.000614 -0.011292
28.403484 0.001964 0.000613 -0.011293
28.405448 0.001964 0.000611 -0.011294
28.407412 0.001964 0.000610 -0.011295
28.409376 0.001964 0.000609 -0.011296
28.411341 0.001965 0.000608 -0.011297
28.413306 0.001965 0.000607 -0.011298
28.415271 0.001965 0.000606 -0.011299
28.417237 0.001966 0.000605 -0.011301
28.419204 0.001967 0.000604 -0.011302
28.421172 0.001967 0.000602 -0.011303
28.423140 0.001969 0.000601 -0.011304
28.425110 0.001970 0.000600 -0.011305
28.427082 0.001972 0.000599 -0.011306
28.429056 0.001975 0.000598 -0.011307
28.431033 0.001976 0.000597 -0.011308
28.433010 0.001977 0.000596 -0.011309
28.434986 0.001977 0.000595 -0.011310
28.436963 0.001977 0.000594 -0.011311
28.438940 0.001977 0.000593 -0.011313
28.440917 0.001977 0.000592 -0.011314
28.442894 0.001977 0.000591 -0.011315
28.444872 0.001977 0.000589 -0.011316
28.446850 0.001978 0.000588 -0.011317
28.448828 0.001979 0.000587 -0.011318
28.450808 0.001980 0.000586 -0.011319
28.452791 0.001982 0.000585 -0.011320
28.454777 0.001986 0.000584 -0.011321
28.456768 0.001991 0.000583 -0.011322
28.458761 0.001993 0.000582 -0.011323
28.460755 0.001994 0.000581 -0.011324
28.462750 0.001995 0.000580 -0.011325
28.464745 0.001995 0.000579 -0.011326
28.466741 0.001996 0.000578 -0.011327
28.468740 0.001998 0.000577 -0.011328
28.470740 0.002000 0.000576 -0.011329
28.472739 0.002000 0.000575 -0.011330
28.474738 0.001999 0.000574 -0.011331
28.476732 0.001994 0.000573 -0.011332
28.478722 0.001990 0.000572 -0.011333
28.480711 0.001989 0.000571 -0.011334
28.482697 0.001986 0.000570 -0.011335
28.484679 0.001983 0.000569 -0.011336
28.486660 0.001981 0.000568 -0.011337
28.488640 0.001980 0.000567 -0.011338
28.490619 0.001979 0.000566 -0.011339
28.492598 0.001979 0.000565 -0.011340
28.494576 0.001979 0.000564 -0.011341
28.496555 0.001979 0.000563 -0.011342
28.498533 0.001978 0.000562 -0.011343
28.500511 0.001978 0.000561 -0.011344
28.502488 0.001977 0.000560 -0.011345
28.504464 0.001976 0.000559 -0.011346
28.506438 0.001974 0.000558 -0.011347
28.508411 0.001973 0.000557 -0.011348
28.510382 0.001971 0.000556 -0.011349
28.512352 0.001970 0.000555 -0.011350
28.514321 0.001969 0.000554 -0.011351
28.516288 0.001968 0.000553 -0.011352
28.518255 0.001967 0.000553 -0.011353
28.520222 0.001966 0.000552 -0.011354
28.522187 0.001965 0.000551 -0.011354
28.524152 0.001965 0.000550 -0.011355
28.526116 0.001964 0.000549 -0.011356
28.528080 0.001964 0.000548 -0.011357
28.530044 0.001964 0.000547 -0.011358
28.532008 0.001964 0.000546 -0.011359
28.533972 0.001964 0.000545 -0.011360
28.535935 0.001964 0.000544 -0.011361
28.537899 0.001964 0.000544 -0.011362
28.539863 0.001964 0.000543 -0.011363
28.541826 0.001964 0.000542 -0.011363
28.543790 0.001964 0.000541 -0.011364
28.545753 0.001963 0.000540 -0.011365
28.547717 0.001963 0.000539 -0.011366
28.549680 0.001963 0.000538 -0.011367
28.551644 0.001963 0.000537 -0.011368
28.553607 0.001963 0.000536 -0.011369
28.555570 0.001963 0.000536 -0.011370
28.557534 0.001963 0.000535 -0.011370
28.559497 0.001963 0.000534 -0.011371
28.561460 0.001963 0.000533 -0.011372
28.563423 0.001963 0.000532 -0.011373
28.565386 0.001962 0.000531 -0.011374
28.567347 0.001962 0.000531 -0.011375
28.569309 0.001961 0.000530 -0.011376
28.571270 0.001961 0.000529 -0.011376
28.573230 0.001960 0.000528 -0.011377
28.575190 0.001960 0.000527 -0.011378
28.577149 0.001959 0.000526 -0.011379
28.579107 0.001958 0.000526 -0.011380
28.581065 0.001958 0.000525 -0.011380
28.583022 0.001957 0.000524 -0.011381
28.584978 0.001956 0.000523 -0.011382
28.586933 0.001956 0.000522 -0.011383
28.588888 0.001955 0.000521 -0.011384
28.590842 0.001954 0.000521 -0.011385
28.592796 0.001953 0.000520 -0.011385
28.594748 0.001953 0.000519 -0.011386
28.596700 0.001952 0.000518 -0.011387
28.598652 0.001952 0.000517 -0.011388
28.600603 0.001951 0.000517 -0.011389
28.602553 0.001950 0.000516 -0.011389
28.604503 0.001950 0.000515 -0.011390
28.606453 0.001950 0.000514 -0.011391
28.608402 0.001949 0.000514 -0.011392
28.610351 0.001949 0.000513 -0.011392
28.612300 0.001949 0.000512 -0.011393
28.614248 0.001949 0.000511 -0.011394
28.616197 0.001949 0.000510 -0.011395
28.618146 0.001949 0.000510 -0.011395
28.620095 0.001949 0.000509 -0.011396
28.622043 0.001949 0.000508 -0.011397
28.623992 0.001948 0.000507 -0.011398
28.625940 0.001948 0.000507 -0.011399
28.627888 0.001948 0.000506 -0.011399
28.629835 0.001948 0.000505 -0.011400
28.631782 0.001947 0.000504 -0.011401
28.633729 0.001946 0.000504 -0.011402
28.635674 0.001946 0.000503 -0.011402
28.637619 0.001945 0.000502 -0.011403
28.639563 0.001944 0.000501 -0.011404
28.641507 0.001944 0.000501 -0.011404
28.643450 0.001943 0.000500 -0.011405
28.645392 0.001942 0.000499 -0.011406
28.647334 0.001942 0.000499 -0.011407
28.649275 0.001941 0.000498 -0.011407
28.651216 0.001941 0.000497 -0.011408
28.653157 0.001941 0.000496 -0.011409
28.655098 0.001940 0.000496 -0.011410
28.657038 0.001940 0.000495 -0.011410
28.658977 0.001940 0.000494 -0.011411
28.660917 0.001939 0.000494 -0.011412
28.662856 0.001939 0.000493 -0.011412
28.664795 0.001939 0.000492 -0.011413
28.666733 0.001938 0.000491 -0.011414
28.668671 0.001938 0.000491 -0.011414
28.670608 0.001937 0.000490 -0.011415
28.672545 0.001937 0.000489 -0.011416
28.674482 0.001937 0.000489 -0.011417
28.676419 0.001936 0.000488 -0.011417
28.678354 0.001936 0.000487 -0.011418
28.680290 0.001935 0.000487 -0.011419
28.682225 0.001935 0.000486 -0.011419
28.684159 0.001935 0.000485 -0.011420
28.686094 0.001934 0.000485 -0.011421
28.688027 0.001934 0.000484 -0.011421
28.689961 0.001934 0.000483 -0.011422
28.691894 0.001933 0.000483 -0.011423
28.693827 0.001933 0.000482 -0.011423
28.695760 0.001932 0.000481 -0.011424
28.697692 0.001932 0.000481 -0.011425
28.699623 0.001932 0.000480 -0.011425
28.701555 0.001931 0.000479 -0.011426
28.703485 0.001931 0.000479 -0.011427
28.705415 0.001930 0.000478 -0.011427
28.707345 0.001930 0.000477 -0.011428
28.709274 0.001929 0.000477 -0.011429
28.711203 0.001929 0.000476 -0.011429
28.713132 0.001928 0.000475 -0.011430
28.715060 0.001928 0.000475 -0.011430
28.716987 0.001927 0.000474 -0.011431
28.718913 0.001926 0.000473 -0.011432
28.720839 0.001926 0.000473 -0.011432
28.722765 0.001926 0.000472 -0.011433
28.724690 0.001926 0.000472 -0.011434
28.726615 0.001925 0.000471 -0.011434
28.728539 0.001924 0.000470 -0.011435
28.730462 0.001923 0.000470 -0.011436
28.732385 0.001922 0.000469 -0.011436
28.734307 0.001922 0.000468 -0.011437
28.736228 0.001921 0.000468 -0.011437
28.738148 0.001921 0.000467 -0.011438
28.740069 0.001920 0.000467 -0.011439
28.741989 0.001920 0.000466 -0.011439
28.743909 0.001920 0.000465 -0.011440
28.745828 0.001919 0.000465 -0.011440
28.747745 0.001918 0.000464 -0.011441
28.749662 0.001917 0.000463 -0.011442
28.751579 0.001916 0.000463 -0.011442
28.753494 0.001915 0.000462 -0.011443
28.755409 0.001915 0.000462 -0.011444
28.757323 0.001914 0.000461 -0.011444
28.759236 0.001913 0.000460 -0.011445
28.761149 0.001913 0.000460 -0.011445
28.763061 0.001912 0.000459 -0.011446
28.764973 0.001912 0.000459 -0.011446
28.766885 0.001912 0.000458 -0.011447
28.768797 0.001912 0.000458 -0.011448
28.770707 0.001911 0.000457 -0.011448
28.772617 0.001910 0.000456 -0.011449
28.774525 0.001909 0.000456 -0.011449
28.776433 0.001908 0.000455 -0.011450
28.778340 0.001907 0.000455 -0.011451
28.780246 0.001906 0.000454 -0.011451
28.782151 0.001905 0.000454 -0.011452
28.784055 0.001904 0.000453 -0.011452
28.785959 0.001904 0.000452 -0.011453
28.787862 0.001903 0.000452 -0.011453
28.789765 0.001903 0.000451 -0.011454
28.791667 0.001903 0.000451 -0.011455
28.793570 0.001903 0.000450 -0.011455
28.795472 0.001902 0.000450 -0.011456
28.797372 0.001901 0.000449 -0.011456
28.799272 0.001900 0.000448 -0.011457
28.801171 0.001899 0.000448 -0.011457
28.803069 0.001898 0.000447 -0.011458
28.804966 0.001897 0.000447 -0.011458
28.806863 0.001896 0.000446 -0.011459
28.808759 0.001896 0.000446 -0.011460
28.810654 0.001895 0.000445 -0.011460
28.812548 0.001895 0.000445 -0.011461
28.814443 0.001895 0.000444 -0.011461
28.816337 0.001894 0.000443 -0.011462
28.818231 0.001894 0.000443 -0.011462
28.820124 0.001893 0.000442 -0.011463
28.822016 0.001892 0.000442 -0.011463
28.823907 0.001891 0.000441 -0.011464
28.825798 0.001890 0.000441 -0.011464
28.827687 0.001890 0.000440 -0.011465
28.829576 0.001889 0.000440 -0.011465
28.831464 0.001888 0.000439 -0.011466
28.833352 0.001888 0.000439 -0.011466
28.835239 0.001887 0.000438 -0.011467
28.837127 0.001887 0.000438 -0.011468
28.839014 0.001887 0.000437 -0.011468
28.840900 0.001886 0.000437 -0.011469
28.842785 0.001885 0.000436 -0.011469
28.844670 0.001884 0.000436 -0.011470
28.846553 0.001884 0.000435 -0.011470
28.848436 0.001883 0.000435 -0.011471
28.850318 0.001882 0.000434 -0.011471
28.852199 0.001881 0.000434 -0.011472
28.854081 0.001881 0.000433 -0.011472
28.855961 0.001881 0.000433 -0.011473
28.857842 0.001881 0.000432 -0.011473
28.859723 0.001881 0.000431 -0.011474
28.861602 0.001880 0.000431 -0.011474
28.863481 0.001879 0.000430 -0.011475
28.865359 0.001878 0.000430 -0.011475
28.867236 0.001877 0.000429 -0.011476
28.869112 0.001876 0.000429 -0.011476
28.870987 0.001875 0.000428 -0.011477
28.872862 0.001875 0.000428 -0.011477
28.874736 0.001874 0.000427 -0.011478
28.876610 0.001874 0.000427 -0.011478
28.878484 0.001874 0.000427 -0.011479
28.880358 0.001874 0.000426 -0.011479
28.882231 0.001873 0.000426 -0.011480
28.884103 0.001872 0.000425 -0.011480
28.885974 0.001871 0.000425 -0.011481
28.887845 0.001870 0.000424 -0.011481
28.889714 0.001870 0.000424 -0.011482
28.891583 0.001869 0.000423 -0.011482
28.893451 0.001868 0.000423 -0.011483
28.895319 0.001867 0.000422 -0.011483
28.897185 0.001867 0.000422 -0.011484
28.899052 0.001867 0.000421 -0.011484
28.900919 0.001867 0.000421 -0.011484
28.902786 0.001867 0.000420 -0.011485
28.904652 0.001866 0.000420 -0.011485
28.906517 0.001865 0.000419 -0.011486
28.908381 0.001864 0.000419 -0.011486
28.910244 0.001863 0.000418 -0.011487
28.912107 0.001862 0.000418 -0.011487
28.913968 0.001862 0.000417 -0.011488
28.915829 0.001861 0.000417 -0.011488
28.917689 0.001860 0.000416 -0.011489
28.919549 0.001860 0.000416 -0.011489
28.921408 0.001859 0.000416 -0.011490
28.923267 0.001859 0.000415 -0.011490
28.925126 0.001859 0.000415 -0.011491
28.926985 0.001859 0.000414 -0.011491
28.928843 0.001859 0.000414 -0.011491
28.930701 0.001858 0.000413 -0.011492
28.932559 0.001857 0.000413 -0.011492
28.934415 0.001856 0.000412 -0.011493
28.936270 0.001855 0.000412 -0.011493
28.938124 0.001854 0.000411 -0.011494
28.939978 0.001854 0.000411 -0.011494
28.941831 0.001853 0.000411 -0.011495
28.943683 0.001852 0.000410 -0.011495
28.945535 0.001852 0.000410 -0.011496
28.947386 0.001851 0.000409 -0.011496
28.949238 0.001851 0.000409 -0.011496
28.951089 0.001851 0.000408 -0.011497
28.952941 0.001851 0.000408 -0.011497
28.954792 0.001851 0.000407 -0.011498
28.956642 0.001851 0.000407 -0.011498
28.958492 0.001850 0.000407 -0.011499
28.960342 0.001850 0.000406 -0.011499
28.962192 0.001850 0.000406 -0.011499
28.964041 0.001849 0.000405 -0.011500
28.965889 0.001848 0.000405 -0.011500
28.967736 0.001847 0.000404 -0.011501
28.969583 0.001847 0.000404 -0.011501
28.971429 0.001846 0.000404 -0.011502
28.973275 0.001846 0.000403 -0.011502
28.975120 0.001845 0.000403 -0.011502
28.976965 0.001845 0.000402 -0.011503
28.978811 0.001845 0.000402 -0.011503
28.980656 0.001845 0.000401 -0.011504
28.982501 0.001845 0.000401 -0.011504
28.984346 0.001845 0.000401 -0.011505
28.986191 0.001845 0.000400 -0.011505
28.988035 0.001845 0.000400 -0.011505
28.989880 0.001844 0.000399 -0.011506
28.991724 0.001844 0.000399 -0.011506
28.993567 0.001844 0.000398 -0.011507
28.995411 0.001843 0.000398 -0.011507
28.997254 0.001843 0.000398 -0.011508
28.999097 0.001843 0.000397 -0.011508
29.000940 0.001843 0.000397 -0.011508
29.002782 0.001842 0.000396 -0.011509
29.004624 0.001842 0.000396 -0.011509
29.006466 0.001842 0.000396 -0.011510
29.008308 0.001842 0.000395 -0.011510
29.010150 0.001842 0.000395 -0.011510
29.011991 0.001841 0.000394 -0.011511
29.013832 0.001841 0.000394 -0.011511
29.015673 0.001841 0.000393 -0.011512
29.017513 0.001840 0.000393 -0.011512
29.019353 0.001840 0.000393 -0.011513
29.021193 0.001840 0.000392 -0.011513
29.023033 0.001840 0.000392 -0.011513
29.024872 0.001839 0.000391 -0.011514
29.026711 0.001839 0.000391 -0.011514
29.028550 0.001839 0.000391 -0.011515
29.030388 0.001838 0.000390 -0.011515
29.032226 0.001838 0.000390 -0.011515
29.034064 0.001838 0.000389 -0.011516
29.035902 0.001838 0.000389 -0.011516
29.037739 0.001837 0.000389 -0.011517
29.039576 0.001837 0.000388 -0.011517
29.041413 0.001837 0.000388 -0.011517
29.043249 0.001836 0.000387 -0.011518
29.045084 0.001835 0.000387 -0.011518
29.046919 0.001835 0.000387 -0.011518
29.048752 0.001834 0.000386 -0.011519
29.050586 0.001833 0.000386 -0.011519
29.052418 0.001832 0.000386 -0.011520
29.054250 0.001832 0.000385 -0.011520
29.056082 0.001832 0.000385 -0.011520
29.057913 0.001831 0.000384 -0.011521
29.059743 0.001831 0.000384 -0.011521
29.061573 0.001830 0.000384 -0.011522
29.063402 0.001829 0.000383 -0.011522
29.065231 0.001828 0.000383 -0.011522
29.067058 0.001827 0.000382 -0.011523
29.068884 0.001826 0.000382 -0.011523
29.070710 0.001826 0.000382 -0.011524
29.072535 0.001825 0.000381 -0.011524
29.074360 0.001825 0.000381 -0.011524
29.076184 0.001824 0.000381 -0.011525
29.078008 0.001824 0.000380 -0.011525
29.079832 0.001824 0.000380 -0.011525
29.081656 0.001824 0.000379 -0.011526
29.083480 0.001824 0.000379 -0.011526
29.085303 0.001823 0.000379 -0.011527
29.087126 0.001823 0.000378 -0.011527
29.088948 0.001823 0.000378 -0.011527
29.090770 0.001822 0.000378 -0.011528
29.092591 0.001821 0.000377 -0.011528
29.094411 0.001820 0.000377 -0.011528
29.096230 0.001819 0.000376 -0.011529
29.098048 0.001819 0.000376 -0.011529
29.099867 0.001818 0.000376 -0.011530
29.101685 0.001818 0.000375 -0.011530
29.103503 0.001818 0.000375 -0.011530
29.105322 0.001819 0.000375 -0.011531
29.107141 0.001819 0.000374 -0.011531
29.108959 0.001819 0.000374 -0.011531
29.110778 0.001819 0.000373 -0.011532
29.112596 0.001818 0.000373 -0.011532
29.114415 0.001818 0.000373 -0.011532
29.116233 0.001818 0.000372 -0.011533
29.118051 0.001818 0.000372 -0.011533
29.119869 0.001818 0.000372 -0.011534
29.121687 0.001818 0.000371 -0.011534
29.123505 0.001818 0.000371 -0.011534
29.125322 0.001817 0.000371 -0.011535
29.127140 0.001817 0.000370 -0.011535
29.128957 0.001817 0.000370 -0.011535
29.130774 0.001817 0.000370 -0.011536
29.132591 0.001817 0.000369 -0.011536
29.134408 0.001817 0.000369 -0.011536
29.136224 0.001817 0.000368 -0.011537
29.138041 0.001817 0.000368 -0.011537
29.139858 0.001816 0.000368 -0.011537
29.141674 0.001816 0.000367 -0.011538
29.143490 0.001816 0.000367 -0.011538
29.145306 0.001816 0.000367 -0.011539
29.147122 0.001816 0.000366 -0.011539
29.148939 0.001816 0.000366 -0.011539
29.150755 0.001816 0.000366 -0.011540
29.152571 0.001817 0.000365 -0.011540
29.154388 0.001817 0.000365 -0.011540
29.156205 0.001817 0.000365 -0.011541
29.158023 0.001817 0.000364 -0.011541
29.159840 0.001817 0.000364 -0.011541
29.161658 0.001818 0.000364 -0.011542
29.163475 0.001818 0.000363 -0.011542
29.165293 0.001818 0.000363 -0.011542
29.167111 0.001818 0.000363 -0.011543
29.168929 0.001818 0.000362 -0.011543
29.170747 0.001818 0.000362 -0.011543
29.172566 0.001818 0.000361 -0.011544
29.174384 0.001818 0.000361 -0.011544
29.176202 0.001818 0.000361 -0.011544
29.178020 0.001818 0.000360 -0.011545
29.179838 0.001818 0.000360 -0.011545
29.181656 0.001818 0.000360 -0.011545
29.183474 0.001818 0.000359 -0.011546
29.185293 0.001819 0.000359 -0.011546
29.187111 0.001819 0.000359 -0.011546
29.188931 0.001820 0.000358 -0.011547
29.190751 0.001820 0.000358 -0.011547
29.192572 0.001821 0.000358 -0.011547
29.194393 0.001821 0.000357 -0.011548
29.196215 0.001822 0.000357 -0.011548
29.198038 0.001823 0.000357 -0.011548
29.199860 0.001822 0.000356 -0.011549
29.201683 0.001822 0.000356 -0.011549
29.203504 0.001822 0.000356 -0.011549
29.205325 0.001821 0.000355 -0.011550
29.207146 0.001821 0.000355 -0.011550
29.208967 0.001820 0.000355 -0.011550
29.210787 0.001820 0.000354 -0.011551
29.212607 0.001820 0.000354 -0.011551
29.214426 0.001819 0.000354 -0.011551
29.216244 0.001818 0.000353 -0.011552
29.218062 0.001818 0.000353 -0.011552
29.219879 0.001817 0.000353 -0.011552
29.221696 0.001817 0.000352 -0.011553
29.223512 0.001816 0.000352 -0.011553
29.225328 0.001816 0.000352 -0.011553
29.227144 0.001816 0.000351 -0.011554
29.228959 0.001815 0.000351 -0.011554
29.230774 0.001815 0.000351 -0.011554
29.232589 0.001815 0.000350 -0.011555
29.234403 0.001814 0.000350 -0.011555
29.236218 0.001814 0.000350 -0.011555
29.238031 0.001814 0.000350 -0.011556
29.239845 0.001813 0.000349 -0.011556
29.241658 0.001813 0.000349 -0.011556
29.243470 0.001812 0.000349 -0.011557
29.245282 0.001812 0.000348 -0.011557
29.247094 0.001812 0.000348 -0.011557
29.248905 0.001811 0.000348 -0.011558
29.250716 0.001811 0.000347 -0.011558
29.252526 0.001810 0.000347 -0.011558
29.254336 0.001810 0.000347 -0.011559
29.256145 0.001809 0.000346 -0.011559
29.257954 0.001809 0.000346 -0.011559
29.259762 0.001808 0.000346 -0.011559
29.261570 0.001808 0.000345 -0.011560
29.263377 0.001808 0.000345 -0.011560
29.265185 0.001808 0.000345 -0.011560
29.266992 0.001807 0.000345 -0.011561
29.268800 0.001807 0.000344 -0.011561
29.270607 0.001807 0.000344 -0.011561
29.272414 0.001807 0.000344 -0.011562
29.274221 0.001807 0.000343 -0.011562
29.276027 0.001806 0.000343 -0.011562
29.277833 0.001806 0.000343 -0.011563
29.279639 0.001806 0.000342 -0.011563
29.281445 0.001806 0.000342 -0.011563
29.283251 0.001806 0.000342 -0.011563
29.285058 0.001807 0.000341 -0.011564
29.286865 0.001807 0.000341 -0.011564
29.288673 0.001807 0.000341 -0.011564
29.290481 0.001808 0.000341 -0.011565
29.292289 0.001809 0.000340 -0.011565
29.294099 0.001809 0.000340 -0.011565
29.295908 0.001810 0.000340 -0.011566
29.297718 0.001810 0.000339 -0.011566
29.299528 0.001810 0.000339 -0.011566
29.301338 0.001810 0.000339 -0.011566
29.303147 0.001809 0.000338 -0.011567
29.304956 0.001809 0.000338 -0.011567
29.306766 0.001809 0.000338 -0.011567
29.308575 0.001809 0.000338 -0.011568
29.310384 0.001809 0.000337 -0.011568
29.312193 0.001809 0.000337 -0.011568
29.314002 0.001809 0.000337 -0.011569
29.315810 0.001809 0.000336 -0.011569
29.317618 0.001808 0.000336 -0.011569
29.319427 0.001808 0.000336 -0.011569
29.321235 0.001808 0.000335 -0.011570
29.323044 0.001809 0.000335 -0.011570
29.324853 0.001809 0.000335 -0.011570
29.326663 0.001810 0.000335 -0.011571
29.328474 0.001811 0.000334 -0.011571
29.330285 0.001812 0.000334 -0.011571
29.332098 0.001812 0.000334 -0.011571
29.333911 0.001813 0.000333 -0.011572
29.335724 0.001813 0.000333 -0.011572
29.337537 0.001814 0.000333 -0.011572
29.339351 0.001814 0.000333 -0.011573
29.341166 0.001815 0.000332 -0.011573
29.342981 0.001815 0.000332 -0.011573
29.344797 0.001816 0.000332 -0.011573
29.346615 0.001817 0.000331 -0.011574
29.348433 0.001818 0.000331 -0.011574
29.350251 0.001818 0.000331 -0.011574
29.352070 0.001819 0.000331 -0.011575
29.353890 0.001820 0.000330 -0.011575
29.355710 0.001820 0.000330 -0.011575
29.357531 0.001821 0.000330 -0.011575
29.359351 0.001821 0.000329 -0.011576
29.361172 0.001821 0.000329 -0.011576
29.362993 0.001821 0.000329 -0.011576
29.364815 0.001821 0.000329 -0.011577
29.366636 0.001821 0.000328 -0.011577
29.368458 0.001822 0.000328 -0.011577
29.370279 0.001822 0.000328 -0.011577
29.372101 0.001822 0.000327 -0.011578
29.373924 0.001822 0.000327 -0.011578
29.375746 0.001823 0.000327 -0.011578
29.377570 0.001823 0.000327 -0.011579
29.379393 0.001824 0.000326 -0.011579
29.381217 0.001824 0.000326 -0.011579
29.383042 0.001825 0.000326 -0.011579
29.384867 0.001825 0.000325 -0.011580
29.386693 0.001826 0.000325 -0.011580
29.388519 0.001826 0.000325 -0.011580
29.390345 0.001826 0.000325 -0.011581
29.392172 0.001827 0.000324 -0.011581
29.393999 0.001827 0.000324 -0.011581
29.395826 0.001827 0.000324 -0.011581
29.397654 0.001828 0.000324 -0.011582
29.399483 0.001828 0.000323 -0.011582
29.401312 0.001829 0.000323 -0.011582
29.403141 0.001830 0.000323 -0.011582
29.404971 0.001830 0.000322 -0.011583
29.406802 0.001831 0.000322 -0.011583
29.408633 0.001831 0.000322 -0.011583
29.410466 0.001832 0.000322 -0.011584
29.412298 0.001833 0.000321 -0.011584
29.414131 0.001833 0.000321 -0.011584
29.415965 0.001833 0.000321 -0.011584
29.417798 0.001834 0.000321 -0.011585
29.419632 0.001834 0.000320 -0.011585
29.421466 0.001834 0.000320 -0.011585
29.423301 0.001835 0.000320 -0.011586
29.425136 0.001835 0.000319 -0.011586
29.426972 0.001836 0.000319 -0.011586
29.428809 0.001837 0.000319 -0.011586
29.430646 0.001837 0.000319 -0.011587
29.432485 0.001838 0.000318 -0.011587
29.434324 0.001839 0.000318 -0.011587
29.436163 0.001839 0.000318 -0.011587
29.438002 0.001839 0.000318 -0.011588
29.439841 0.001839 0.000317 -0.011588
29.441681 0.001840 0.000317 -0.011588
29.443521 0.001840 0.000317 -0.011588
29.445361 0.001840 0.000316 -0.011589
29.447202 0.001840 0.000316 -0.011589
29.449043 0.001841 0.000316 -0.011589
29.450884 0.001841 0.000316 -0.011590
29.452726 0.001842 0.000315 -0.011590
29.454568 0.001842 0.000315 -0.011590
29.456410 0.001842 0.000315 -0.011590
29.458253 0.001843 0.000315 -0.011591
29.460095 0.001843 0.000314 -0.011591
29.461939 0.001843 0.000314 -0.011591
29.463782 0.001843 0.000314 -0.011591
29.465625 0.001843 0.000314 -0.011592
29.467468 0.001843 0.000313 -0.011592
29.469312 0.001844 0.000313 -0.011592
29.471156 0.001844 0.000313 -0.011592
29.473000 0.001844 0.000312 -0.011593
29.474844 0.001844 0.000312 -0.011593
29.476688 0.001844 0.000312 -0.011593
29.478533 0.001845 0.000312 -0.011594
29.480378 0.001845 0.000311 -0.011594
29.482223 0.001845 0.000311 -0.011594
29.484069 0.001846 0.000311 -0.011594
29.485916 0.001846 0.000311 -0.011595
29.487763 0.001847 0.000310 -0.011595
29.489610 0.001847 0.000310 -0.011595
29.491458 0.001848 0.000310 -0.011595
29.493306 0.001848 0.000310 -0.011596
29.495155 0.001849 0.000309 -0.011596
29.497004 0.001849 0.000309 -0.011596
29.498853 0.001849 0.000309 -0.011596
29.500702 0.001849 0.000309 -0.011597
29.502552 0.001850 0.000308 -0.011597
29.504402 0.001850 0.000308 -0.011597
29.506253 0.001851 0.000308 -0.011597
29.508104 0.001851 0.000308 -0.011598
29.509955 0.001851 0.000307 -0.011598
29.511806 0.001852 0.000307 -0.011598
29.513659 0.001852 0.000307 -0.011598
29.515511 0.001853 0.000307 -0.011599
29.517364 0.001853 0.000306 -0.011599
29.519218 0.001853 0.000306 -0.011599
29.521071 0.001854 0.000306 -0.011599
29.522925 0.001854 0.000305 -0.011600
29.524780 0.001854 0.000305 -0.011600
29.526634 0.001855 0.000305 -0.011600
29.528489 0.001855 0.000305 -0.011600
29.530344 0.001855 0.000304 -0.011601
29.532200 0.001856 0.000304 -0.011601
29.534057 0.001856 0.000304 -0.011601
29.535913 0.001857 0.000304 -0.011601
29.537771 0.001857 0.000303 -0.011602
29.539629 0.001858 0.000303 -0.011602
29.541487 0.001858 0.000303 -0.011602
29.543346 0.001858 0.000303 -0.011602
29.545204 0.001859 0.000302 -0.011603
29.547063 0.001859 0.000302 -0.011603
29.548923 0.001859 0.000302 -0.011603
29.550782 0.001860 0.000302 -0.011603
29.552643 0.001860 0.000301 -0.011604
29.554503 0.001861 0.000301 -0.011604
29.556364 0.001861 0.000301 -0.011604
29.558225 0.001861 0.000301 -0.011604
29.560087 0.001862 0.000300 -0.011605
29.561950 0.001862 0.000300 -0.011605
29.563812 0.001863 0.000300 -0.011605
29.565676 0.001863 0.000300 -0.011605
29.567540 0.001864 0.000299 -0.011606
29.569404 0.001865 0.000299 -0.011606
29.571269 0.001865 0.000299 -0.011606
29.573134 0.001865 0.000299 -0.011606
29.575000 0.001866 0.000299 -0.011607
29.576866 0.001866 0.000298 -0.011607
29.578733 0.001866 0.000298 -0.011607
29.580599 0.001867 0.000298 -0.011607
29.582467 0.001867 0.000298 -0.011608
29.584335 0.001868 0.000297 -0.011608
29.586203 0.001868 0.000297 -0.011608
29.588072 0.001869 0.000297 -0.011608
29.589941 0.001869 0.000297 -0.011609
29.591811 0.001870 0.000296 -0.011609
29.593682 0.001871 0.000296 -0.011609
29.595553 0.001871 0.000296 -0.011609
29.597425 0.001872 0.000296 -0.011610
29.599297 0.001872 0.000295 -0.011610
29.601170 0.001873 0.000295 -0.011610
29.603044 0.001874 0.000295 -0.011610
29.604918 0.001874 0.000295 -0.011611
29.606793 0.001875 0.000294 -0.011611
29.608669 0.001876 0.000294 -0.011611
29.610546 0.001876 0.000294 -0.011611
29.612423 0.001877 0.000294 -0.011612
29.614300 0.001878 0.000293 -0.011612
29.616179 0.001878 0.000293 -0.011612
29.618057 0.001879 0.000293 -0.011612
29.619937 0.001879 0.000293 -0.011613
29.621817 0.001880 0.000292 -0.011613
29.623698 0.001881 0.000292 -0.011613
29.625579 0.001881 0.000292 -0.011613
29.627461 0.001882 0.000292 -0.011613
29.629344 0.001883 0.000291 -0.011614
29.631227 0.001883 0.000291 -0.011614
29.633112 0.001884 0.000291 -0.011614
29.634996 0.001885 0.000291 -0.011614
29.636882 0.001886 0.000291 -0.011615
29.638768 0.001886 0.000290 -0.011615
29.640655 0.001887 0.000290 -0.011615
29.642543 0.001888 0.000290 -0.011615
29.644431 0.001888 0.000290 -0.011616
29.646320 0.001889 0.000289 -0.011616
29.648210 0.001890 0.000289 -0.011616
29.650100 0.001890 0.000289 -0.011616
29.651991 0.001891 0.000289 -0.011617
29.653882 0.001891 0.000288 -0.011617
29.655774 0.001892 0.000288 -0.011617
29.657667 0.001893 0.000288 -0.011617
29.659560 0.001893 0.000288 -0.011617
29.661454 0.001894 0.000287 -0.011618
29.663349 0.001894 0.000287 -0.011618
29.665244 0.001895 0.000287 -0.011618
29.667140 0.001896 0.000287 -0.011618
29.669036 0.001896 0.000287 -0.011619
29.670933 0.001897 0.000286 -0.011619
29.672830 0.001897 0.000286 -0.011619
29.674728 0.001898 0.000286 -0.011619
29.676627 0.001898 0.000286 -0.011620
29.678526 0.001899 0.000285 -0.011620
29.680425 0.001900 0.000285 -0.011620
29.682325 0.001900 0.000285 -0.011620
29.684226 0.001901 0.000285 -0.011621
29.686127 0.001901 0.000284 -0.011621
29.688029 0.001902 0.000284 -0.011621
29.689931 0.001902 0.000284 -0.011621
29.691834 0.001903 0.000284 -0.011621
29.693737 0.001903 0.000284 -0.011622
29.695641 0.001904 0.000283 -0.011622
29.697546 0.001905 0.000283 -0.011622
29.699451 0.001905 0.000283 -0.011622
29.701357 0.001906 0.000283 -0.011623
29.703263 0.001906 0.000282 -0.011623
29.705170 0.001907 0.000282 -0.011623
29.707078 0.001907 0.000282 -0.011623
29.708986 0.001908 0.000282 -0.011624
29.710894 0.001908 0.000281 -0.011624
29.712803 0.001909 0.000281 -0.011624
29.714712 0.001909 0.000281 -0.011624
29.716622 0.001910 0.000281 -0.011624
29.718533 0.001910 0.000281 -0.011625
29.720444 0.001911 0.000280 -0.011625
29.722355 0.001911 0.000280 -0.011625
29.724267 0.001912 0.000280 -0.011625
29.726180 0.001912 0.000280 -0.011626
29.728093 0.001913 0.000279 -0.011626
29.730006 0.001913 0.000279 -0.011626
29.731920 0.001914 0.000279 -0.011626
29.733834 0.001914 0.000279 -0.011626
29.735749 0.001915 0.000279 -0.011627
29.737665 0.001915 0.000278 -0.011627
29.739580 0.001916 0.000278 -0.011627
29.741497 0.001916 0.000278 -0.011627
29.743414 0.001917 0.000278 -0.011628
29.745331 0.001917 0.000277 -0.011628
29.747249 0.001918 0.000277 -0.011628
29.749167 0.001918 0.000277 -0.011628
29.751086 0.001919 0.000277 -0.011628
29.753006 0.001919 0.000276 -0.011629
29.754926 0.001920 0.000276 -0.011629
29.756846 0.001920 0.000276 -0.011629
29.758767 0.001921 0.000276 -0.011629
29.760688 0.001921 0.000276 -0.011630
29.762610 0.001922 0.000275 -0.011630
29.764533 0.001922 0.000275 -0.011630
29.766456 0.001923 0.000275 -0.011630
29.768379 0.001923 0.000275 -0.011630
29.770303 0.001924 0.000274 -0.011631
29.772227 0.001924 0.000274 -0.011631
29.774152 0.001925 0.000274 -0.011631
29.776077 0.001925 0.000274 -0.011631
29.778003 0.001926 0.000274 -0.011632
29.779929 0.001926 0.000273 -0.011632
29.781855 0.001927 0.000273 -0.011632
29.783782 0.001927 0.000273 -0.011632
29.785710 0.001927 0.000273 -0.011632
29.787638 0.001928 0.000273 -0.011633
29.789566 0.001928 0.000272 -0.011633
29.791495 0.001929 0.000272 -0.011633
29.793424 0.001929 0.000272 -0.011633
29.795354 0.001930 0.000272 -0.011634
29.797284 0.001930 0.000271 -0.011634
29.799214 0.001930 0.000271 -0.011634
29.801145 0.001931 0.000271 -0.011634
29.803076 0.001931 0.000271 -0.011634
29.805007 0.001931 0.000271 -0.011635
29.806939 0.001932 0.000270 -0.011635
29.808871 0.001932 0.000270 -0.011635
29.810804 0.001933 0.000270 -0.011635
29.812736 0.001933 0.000270 -0.011635
29.814670 0.001933 0.000269 -0.011636
29.816603 0.001934 0.000269 -0.011636
29.818537 0.001934 0.000269 -0.011636
29.820471 0.001934 0.000269 -0.011636
29.822406 0.001935 0.000269 -0.011637
29.824341 0.001935 0.000268 -0.011637
29.826276 0.001935 0.000268 -0.011637
29.828212 0.001936 0.000268 -0.011637
29.830148 0.001936 0.000268 -0.011637
29.832084 0.001936 0.000268 -0.011638
29.834021 0.001937 0.000267 -0.011638
29.835958 0.001937 0.000267 -0.011638
29.837895 0.001937 0.000267 -0.011638
29.839832 0.001937 0.000267 -0.011638
29.841770 0.001938 0.000267 -0.011639
29.843708 0.001938 0.000266 -0.011639
29.845646 0.001938 0.000266 -0.011639
29.847585 0.001939 0.000266 -0.011639
29.849524 0.001939 0.000266 -0.011640
29.851463 0.001939 0.000265 -0.011640
29.853402 0.001939 0.000265 -0.011640
29.855342 0.001940 0.000265 -0.011640
29.857282 0.001940 0.000265 -0.011640
29.859222 0.001940 0.000265 -0.011641
29.861162 0.001940 0.000264 -0.011641
29.863102 0.001941 0.000264 -0.011641
29.865043 0.001941 0.000264 -0.011641
29.866984 0.001941 0.000264 -0.011641
29.868925 0.001941 0.000264 -0.011642
29.870867 0.001941 0.000263 -0.011642
29.872809 0.001942 0.000263 -0.011642
29.874751 0.001942 0.000263 -0.011642
29.876693 0.001942 0.000263 -0.011642
29.878635 0.001942 0.000263 -0.011643
29.880577 0.001942 0.000262 -0.011643
29.882519 0.001942 0.000262 -0.011643
29.884460 0.001941 0.000262 -0.011643
29.886401 0.001941 0.000262 -0.011643
29.888341 0.001940 0.000262 -0.011644
29.890281 0.001940 0.000261 -0.011644
29.892220 0.001939 0.000261 -0.011644
29.894158 0.001939 0.000261 -0.011644
29.896096 0.001938 0.000261 -0.011644
29.898034 0.001937 0.000260 -0.011645
29.899971 0.001937 0.000260 -0.011645
29.901907 0.001936 0.000260 -0.011645
29.903843 0.001936 0.000260 -0.011645
29.905778 0.001935 0.000260 -0.011646
29.907713 0.001935 0.000259 -0.011646
29.909647 0.001934 0.000259 -0.011646
29.911581 0.001934 0.000259 -0.011646
29.913515 0.001933 0.000259 -0.011646
29.915447 0.001933 0.000259 -0.011647
29.917380 0.001932 0.000258 -0.011647
29.919311 0.001932 0.000258 -0.011647
29.921242 0.001931 0.000258 -0.011647
29.923173 0.001931 0.000258 -0.011647
29.925103 0.001930 0.000258 -0.011648
29.927033 0.001930 0.000257 -0.011648
29.928962 0.001929 0.000257 -0.011648
29.930890 0.001928 0.000257 -0.011648
29.932818 0.001928 0.000257 -0.011648
29.934745 0.001927 0.000257 -0.011648
29.936672 0.001927 0.000257 -0.011649
29.938599 0.001926 0.000256 -0.011649
29.940524 0.001926 0.000256 -0.011649
29.942450 0.001925 0.000256 -0.011649
29.944375 0.001925 0.000256 -0.011649
29.946299 0.001924 0.000256 -0.011650
29.948223 0.001924 0.000255 -0.011650
29.950147 0.001924 0.000255 -0.011650
29.952070 0.001923 0.000255 -0.011650
29.953993 0.001923 0.000255 -0.011650
29.955916 0.001923 0.000255 -0.011651
29.957838 0.001922 0.000254 -0.011651
29.959760 0.001922 0.000254 -0.011651
29.961681 0.001921 0.000254 -0.011651
29.963602 0.001921 0.000254 -0.011651
29.965523 0.001921 0.000254 -0.011652
29.967443 0.001920 0.000253 -0.011652
29.969364 0.001920 0.000253 -0.011652
29.971284 0.001920 0.000253 -0.011652
29.973203 0.001920 0.000253 -0.011652
29.975123 0.001919 0.000253 -0.011653
29.977042 0.001919 0.000252 -0.011653
29.978961 0.001919 0.000252 -0.011653
29.980880 0.001919 0.000252 -0.011653
29.982799 0.001919 0.000252 -0.011653
29.984717 0.001919 0.000252 -0.011653
29.986635 0.001918 0.000252 -0.011654
29.988554 0.001918 0.000251 -0.011654
29.990472 0.001918 0.000251 -0.011654
29.992390 0.001918 0.000251 -0.011654
29.994308 0.001918 0.000251 -0.011654
29.996226 0.001918 0.000251 -0.011655
29.998144 0.001918 0.000250 -0.011655
30.000000 0.001856 0.000250 -0.011655
