2026-08-07 12:59:20 - === Simulation Started at: 2026-08-07 12:59:20 ===
2026-08-07 12:59:20 - cells: 254, 200, square resolution: 0.01
2026-08-07 13:00:10 - Step:     1 | Sim Clock Time:     0.10s | Max Depth: 0.002690m | Min Depth: 0.000000m
2026-08-07 13:00:14 - Step:     2 | Sim Clock Time:     0.20s | Max Depth: 0.003303m | Min Depth: 0.000000m
2026-08-07 13:00:14 - Step:     3 | Sim Clock Time:     0.30s | Max Depth: 0.001922m | Min Depth: 0.000000m
2026-08-07 13:00:14 - Step:     4 | Sim Clock Time:     0.40s | Max Depth: 0.002063m | Min Depth: 0.000000m
2026-08-07 13:00:14 - Step:     5 | Sim Clock Time:     0.50s | Max Depth: 0.001830m | Min Depth: 0.000000m
2026-08-07 13:00:14 - Step:     6 | Sim Clock Time:     0.60s | Max Depth: 0.001974m | Min Depth: 0.000000m
2026-08-07 13:00:14 - Step:     7 | Sim Clock Time:     0.70s | Max Depth: 0.002183m | Min Depth: 0.000000m
2026-08-07 13:00:14 - Step:     8 | Sim Clock Time:     0.80s | Max Depth: 0.002231m | Min Depth: 0.000000m
2026-08-07 13:00:14 - Step:     9 | Sim Clock Time:     0.90s | Max Depth: 0.002008m | Min Depth: 0.000000m
2026-08-07 13:00:14 - Step:    10 | Sim Clock Time:     1.00s | Max Depth: 0.001866m | Min Depth: 0.000000m
2026-08-07 13:00:14 - Step:    11 | Sim Clock Time:     1.10s | Max Depth: 0.001969m | Min Depth: 0.000000m
2026-08-07 13:00:14 - Step:    12 | Sim Clock Time:     1.20s | Max Depth: 0.002080m | Min Depth: 0.000000m
2026-08-07 13:00:14 - Step:    13 | Sim Clock Time:     1.30s | Max Depth: 0.002205m | Min Depth: 0.000000m
2026-08-07 13:00:14 - Step:    14 | Sim Clock Time:     1.40s | Max Depth: 0.002110m | Min Depth: 0.000000m
2026-08-07 13:00:14 - Step:    15 | Sim Clock Time:     1.50s | Max Depth: 0.002049m | Min Depth: 0.000000m
2026-08-07 13:00:14 - Step:    16 | Sim Clock Time:     1.60s | Max Depth: 0.002103m | Min Depth: 0.000000m
2026-08-07 13:00:14 - Step:    17 | Sim Clock Time:     1.70s | Max Depth: 0.002084m | Min Depth: 0.000000m
2026-08-07 13:00:14 - Step:    18 | Sim Clock Time:     1.80s | Max Depth: 0.002114m | Min Depth: 0.000000m
2026-08-07 13:00:14 - Step:    19 | Sim Clock Time:     1.90s | Max Depth: 0.002092m | Min Depth: 0.000000m
2026-08-07 13:00:14 - Step:    20 | Sim Clock Time:     2.00s | Max Depth: 0.002038m | Min Depth: 0.000000m
2026-08-07 13:00:14 - Step:    21 | Sim Clock Time:     2.10s | Max Depth: 0.002064m | Min Depth: 0.000000m
2026-08-07 13:00:14 - Step:    22 | Sim Clock Time:     2.20s | Max Depth: 0.002349m | Min Depth: 0.000000m
2026-08-07 13:00:14 - Step:    23 | Sim Clock Time:     2.30s | Max Depth: 0.002397m | Min Depth: 0.000000m
2026-08-07 13:00:14 - Step:    24 | Sim Clock Time:     2.40s | Max Depth: 0.002345m | Min Depth: 0.000000m
2026-08-07 13:00:14 - Step:    25 | Sim Clock Time:     2.50s | Max Depth: 0.002388m | Min Depth: 0.000000m
2026-08-07 13:00:14 - Step:    26 | Sim Clock Time:     2.60s | Max Depth: 0.002306m | Min Depth: 0.000000m
2026-08-07 13:00:14 - Step:    27 | Sim Clock Time:     2.70s | Max Depth: 0.002363m | Min Depth: 0.000000m
2026-08-07 13:00:14 - Step:    28 | Sim Clock Time:     2.80s | Max Depth: 0.002582m | Min Depth: 0.000000m
2026-08-07 13:00:14 - Step:    29 | Sim Clock Time:     2.90s | Max Depth: 0.002659m | Min Depth: 0.000000m
2026-08-07 13:00:14 - Step:    30 | Sim Clock Time:     3.00s | Max Depth: 0.002808m | Min Depth: 0.000000m
2026-08-07 13:00:14 - Step:    31 | Sim Clock Time:     3.10s | Max Depth: 0.002911m | Min Depth: 0.000000m
2026-08-07 13:00:14 - Step:    32 | Sim Clock Time:     3.20s | Max Depth: 0.003046m | Min Depth: 0.000000m
2026-08-07 13:00:14 - Step:    33 | Sim Clock Time:     3.30s | Max Depth: 0.003159m | Min Depth: 0.000000m
2026-08-07 13:00:14 - Step:    34 | Sim Clock Time:     3.40s | Max Depth: 0.003319m | Min Depth: 0.000000m
2026-08-07 13:00:14 - Step:    35 | Sim Clock Time:     3.50s | Max Depth: 0.003519m | Min Depth: 0.000000m
2026-08-07 13:00:14 - Step:    36 | Sim Clock Time:     3.60s | Max Depth: 0.003715m | Min Depth: 0.000000m
2026-08-07 13:00:14 - Step:    37 | Sim Clock Time:     3.70s | Max Depth: 0.003882m | Min Depth: 0.000000m
2026-08-07 13:00:14 - Step:    38 | Sim Clock Time:     3.80s | Max Depth: 0.004023m | Min Depth: 0.000000m
2026-08-07 13:00:14 - Step:    39 | Sim Clock Time:     3.90s | Max Depth: 0.004157m | Min Depth: 0.000000m
2026-08-07 13:00:14 - Step:    40 | Sim Clock Time:     4.00s | Max Depth: 0.004284m | Min Depth: 0.000000m
2026-08-07 13:00:14 - Step:    41 | Sim Clock Time:     4.10s | Max Depth: 0.004401m | Min Depth: 0.000000m
2026-08-07 13:00:14 - Step:    42 | Sim Clock Time:     4.20s | Max Depth: 0.004535m | Min Depth: 0.000000m
2026-08-07 13:00:14 - Step:    43 | Sim Clock Time:     4.30s | Max Depth: 0.004686m | Min Depth: 0.000000m
2026-08-07 13:00:14 - Step:    44 | Sim Clock Time:     4.40s | Max Depth: 0.004826m | Min Depth: 0.000000m
2026-08-07 13:00:14 - Step:    45 | Sim Clock Time:     4.50s | Max Depth: 0.004967m | Min Depth: 0.000000m
2026-08-07 13:00:14 - Step:    46 | Sim Clock Time:     4.60s | Max Depth: 0.005107m | Min Depth: 0.000000m
2026-08-07 13:00:14 - Step:    47 | Sim Clock Time:     4.70s | Max Depth: 0.005269m | Min Depth: 0.000000m
2026-08-07 13:00:14 - Step:    48 | Sim Clock Time:     4.80s | Max Depth: 0.005431m | Min Depth: 0.000001m
2026-08-07 13:00:14 - Step:    49 | Sim Clock Time:     4.90s | Max Depth: 0.005582m | Min Depth: 0.000001m
2026-08-07 13:00:14 - Step:    50 | Sim Clock Time:     5.00s | Max Depth: 0.005760m | Min Depth: 0.000001m
2026-08-07 13:00:14 - Step:    51 | Sim Clock Time:     5.10s | Max Depth: 0.006011m | Min Depth: 0.000001m
2026-08-07 13:00:14 - Step:    52 | Sim Clock Time:     5.20s | Max Depth: 0.006265m | Min Depth: 0.000001m
2026-08-07 13:00:14 - Step:    53 | Sim Clock Time:     5.30s | Max Depth: 0.006449m | Min Depth: 0.000001m
2026-08-07 13:00:14 - Step:    54 | Sim Clock Time:     5.40s | Max Depth: 0.006581m | Min Depth: 0.000001m
2026-08-07 13:00:15 - Step:    55 | Sim Clock Time:     5.50s | Max Depth: 0.006697m | Min Depth: 0.000001m
2026-08-07 13:00:15 - Step:    56 | Sim Clock Time:     5.60s | Max Depth: 0.006750m | Min Depth: 0.000001m
2026-08-07 13:00:15 - Step:    57 | Sim Clock Time:     5.70s | Max Depth: 0.006926m | Min Depth: 0.000001m
2026-08-07 13:00:15 - Step:    58 | Sim Clock Time:     5.80s | Max Depth: 0.007099m | Min Depth: 0.000001m
2026-08-07 13:00:15 - Step:    59 | Sim Clock Time:     5.90s | Max Depth: 0.007301m | Min Depth: 0.000001m
2026-08-07 13:00:15 - Step:    60 | Sim Clock Time:     6.00s | Max Depth: 0.007460m | Min Depth: 0.000001m
2026-08-07 13:00:15 - Step:    61 | Sim Clock Time:     6.10s | Max Depth: 0.007632m | Min Depth: 0.000001m
2026-08-07 13:00:15 - Step:    62 | Sim Clock Time:     6.20s | Max Depth: 0.007815m | Min Depth: 0.000001m
2026-08-07 13:00:15 - Step:    63 | Sim Clock Time:     6.30s | Max Depth: 0.007985m | Min Depth: 0.000001m
2026-08-07 13:00:15 - Step:    64 | Sim Clock Time:     6.40s | Max Depth: 0.008141m | Min Depth: 0.000001m
2026-08-07 13:00:15 - Step:    65 | Sim Clock Time:     6.50s | Max Depth: 0.008302m | Min Depth: 0.000001m
2026-08-07 13:00:15 - Step:    66 | Sim Clock Time:     6.60s | Max Depth: 0.008453m | Min Depth: 0.000001m
2026-08-07 13:00:15 - Step:    67 | Sim Clock Time:     6.70s | Max Depth: 0.008569m | Min Depth: 0.000001m
2026-08-07 13:00:15 - Step:    68 | Sim Clock Time:     6.80s | Max Depth: 0.008679m | Min Depth: 0.000001m
2026-08-07 13:00:15 - Step:    69 | Sim Clock Time:     6.90s | Max Depth: 0.008784m | Min Depth: 0.000001m
2026-08-07 13:00:15 - Step:    70 | Sim Clock Time:     7.00s | Max Depth: 0.008884m | Min Depth: 0.000001m
2026-08-07 13:00:15 - Step:    71 | Sim Clock Time:     7.10s | Max Depth: 0.008970m | Min Depth: 0.000001m
2026-08-07 13:00:15 - Step:    72 | Sim Clock Time:     7.20s | Max Depth: 0.009058m | Min Depth: 0.000001m
2026-08-07 13:00:15 - Step:    73 | Sim Clock Time:     7.30s | Max Depth: 0.009120m | Min Depth: 0.000001m
2026-08-07 13:00:15 - Step:    74 | Sim Clock Time:     7.40s | Max Depth: 0.009178m | Min Depth: 0.000001m
2026-08-07 13:00:15 - Step:    75 | Sim Clock Time:     7.50s | Max Depth: 0.009246m | Min Depth: 0.000001m
2026-08-07 13:00:15 - Step:    76 | Sim Clock Time:     7.60s | Max Depth: 0.009311m | Min Depth: 0.000001m
2026-08-07 13:00:15 - Step:    77 | Sim Clock Time:     7.70s | Max Depth: 0.009386m | Min Depth: 0.000001m
2026-08-07 13:00:15 - Step:    78 | Sim Clock Time:     7.80s | Max Depth: 0.009487m | Min Depth: 0.000001m
2026-08-07 13:00:15 - Step:    79 | Sim Clock Time:     7.90s | Max Depth: 0.009587m | Min Depth: 0.000001m
2026-08-07 13:00:15 - Step:    80 | Sim Clock Time:     8.00s | Max Depth: 0.009692m | Min Depth: 0.000001m
2026-08-07 13:00:15 - Step:    81 | Sim Clock Time:     8.10s | Max Depth: 0.009775m | Min Depth: 0.000001m
2026-08-07 13:00:15 - Step:    82 | Sim Clock Time:     8.20s | Max Depth: 0.009859m | Min Depth: 0.000001m
2026-08-07 13:00:15 - Step:    83 | Sim Clock Time:     8.30s | Max Depth: 0.009949m | Min Depth: 0.000001m
2026-08-07 13:00:15 - Step:    84 | Sim Clock Time:     8.40s | Max Depth: 0.010050m | Min Depth: 0.000001m
2026-08-07 13:00:16 - Step:    85 | Sim Clock Time:     8.50s | Max Depth: 0.010174m | Min Depth: 0.000001m
2026-08-07 13:00:16 - Step:    86 | Sim Clock Time:     8.60s | Max Depth: 0.010299m | Min Depth: 0.000001m
2026-08-07 13:00:16 - Step:    87 | Sim Clock Time:     8.70s | Max Depth: 0.010429m | Min Depth: 0.000001m
2026-08-07 13:00:16 - Step:    88 | Sim Clock Time:     8.80s | Max Depth: 0.010336m | Min Depth: 0.000001m
2026-08-07 13:00:16 - Step:    89 | Sim Clock Time:     8.90s | Max Depth: 0.010646m | Min Depth: 0.000001m
2026-08-07 13:00:16 - Step:    90 | Sim Clock Time:     9.00s | Max Depth: 0.010861m | Min Depth: 0.000001m
2026-08-07 13:00:16 - Step:    91 | Sim Clock Time:     9.10s | Max Depth: 0.010612m | Min Depth: 0.000001m
2026-08-07 13:00:16 - Step:    92 | Sim Clock Time:     9.20s | Max Depth: 0.010723m | Min Depth: 0.000001m
2026-08-07 13:00:16 - Step:    93 | Sim Clock Time:     9.30s | Max Depth: 0.011071m | Min Depth: 0.000001m
2026-08-07 13:00:16 - Step:    94 | Sim Clock Time:     9.40s | Max Depth: 0.010883m | Min Depth: 0.000001m
2026-08-07 13:00:16 - Step:    95 | Sim Clock Time:     9.50s | Max Depth: 0.011043m | Min Depth: 0.000001m
2026-08-07 13:00:16 - Step:    96 | Sim Clock Time:     9.60s | Max Depth: 0.011153m | Min Depth: 0.000001m
2026-08-07 13:00:16 - Step:    97 | Sim Clock Time:     9.70s | Max Depth: 0.011180m | Min Depth: 0.000001m
2026-08-07 13:00:16 - Step:    98 | Sim Clock Time:     9.80s | Max Depth: 0.011341m | Min Depth: 0.000001m
2026-08-07 13:00:16 - Step:    99 | Sim Clock Time:     9.90s | Max Depth: 0.011320m | Min Depth: 0.000001m
2026-08-07 13:00:16 - Step:   100 | Sim Clock Time:    10.00s | Max Depth: 0.011896m | Min Depth: 0.000001m
2026-08-07 13:00:16 - Step:   101 | Sim Clock Time:    10.10s | Max Depth: 0.011219m | Min Depth: 0.000001m
2026-08-07 13:00:16 - Step:   102 | Sim Clock Time:    10.20s | Max Depth: 0.012305m | Min Depth: 0.000001m
2026-08-07 13:00:16 - Step:   103 | Sim Clock Time:    10.30s | Max Depth: 0.012151m | Min Depth: 0.000001m
2026-08-07 13:00:16 - Step:   104 | Sim Clock Time:    10.40s | Max Depth: 0.012568m | Min Depth: 0.000001m
2026-08-07 13:00:16 - Step:   105 | Sim Clock Time:    10.50s | Max Depth: 0.013932m | Min Depth: 0.000001m
2026-08-07 13:00:16 - Step:   106 | Sim Clock Time:    10.60s | Max Depth: 0.014057m | Min Depth: 0.000001m
2026-08-07 13:00:16 - Step:   107 | Sim Clock Time:    10.70s | Max Depth: 0.015751m | Min Depth: 0.000001m
2026-08-07 13:00:16 - Step:   108 | Sim Clock Time:    10.80s | Max Depth: 0.016208m | Min Depth: 0.000001m
2026-08-07 13:00:17 - Step:   109 | Sim Clock Time:    10.90s | Max Depth: 0.017689m | Min Depth: 0.000001m
2026-08-07 13:00:17 - Step:   110 | Sim Clock Time:    11.00s | Max Depth: 0.018437m | Min Depth: 0.000001m
2026-08-07 13:00:17 - Step:   111 | Sim Clock Time:    11.10s | Max Depth: 0.019161m | Min Depth: 0.000001m
2026-08-07 13:00:17 - Step:   112 | Sim Clock Time:    11.20s | Max Depth: 0.019555m | Min Depth: 0.000001m
2026-08-07 13:00:17 - Step:   113 | Sim Clock Time:    11.30s | Max Depth: 0.021047m | Min Depth: 0.000001m
2026-08-07 13:00:17 - Step:   114 | Sim Clock Time:    11.40s | Max Depth: 0.020038m | Min Depth: 0.000001m
2026-08-07 13:00:17 - Step:   115 | Sim Clock Time:    11.50s | Max Depth: 0.021897m | Min Depth: 0.000001m
2026-08-07 13:00:17 - Step:   116 | Sim Clock Time:    11.60s | Max Depth: 0.025070m | Min Depth: 0.000001m
2026-08-07 13:00:17 - Step:   117 | Sim Clock Time:    11.70s | Max Depth: 0.019109m | Min Depth: 0.000001m
2026-08-07 13:00:17 - Step:   118 | Sim Clock Time:    11.80s | Max Depth: 0.025325m | Min Depth: 0.000001m
2026-08-07 13:00:17 - Step:   119 | Sim Clock Time:    11.90s | Max Depth: 0.018965m | Min Depth: 0.000001m
2026-08-07 13:00:17 - Step:   120 | Sim Clock Time:    12.00s | Max Depth: 0.022107m | Min Depth: 0.000001m
2026-08-07 13:00:17 - Step:   121 | Sim Clock Time:    12.10s | Max Depth: 0.029910m | Min Depth: 0.000001m
2026-08-07 13:00:17 - Step:   122 | Sim Clock Time:    12.20s | Max Depth: 0.019480m | Min Depth: 0.000001m
2026-08-07 13:00:17 - Step:   123 | Sim Clock Time:    12.30s | Max Depth: 0.024943m | Min Depth: 0.000001m
2026-08-07 13:00:17 - Step:   124 | Sim Clock Time:    12.40s | Max Depth: 0.031873m | Min Depth: 0.000001m
2026-08-07 13:00:17 - Step:   125 | Sim Clock Time:    12.50s | Max Depth: 0.019315m | Min Depth: 0.000001m
2026-08-07 13:00:17 - Step:   126 | Sim Clock Time:    12.60s | Max Depth: 0.027603m | Min Depth: 0.000001m
2026-08-07 13:00:17 - Step:   127 | Sim Clock Time:    12.70s | Max Depth: 0.029326m | Min Depth: 0.000001m
2026-08-07 13:00:18 - Step:   128 | Sim Clock Time:    12.80s | Max Depth: 0.019042m | Min Depth: 0.000001m
2026-08-07 13:00:18 - Step:   129 | Sim Clock Time:    12.90s | Max Depth: 0.029533m | Min Depth: 0.000001m
2026-08-07 13:00:18 - Step:   130 | Sim Clock Time:    13.00s | Max Depth: 0.025469m | Min Depth: 0.000001m
2026-08-07 13:00:18 - Step:   131 | Sim Clock Time:    13.10s | Max Depth: 0.019062m | Min Depth: 0.000001m
2026-08-07 13:00:18 - Step:   132 | Sim Clock Time:    13.20s | Max Depth: 0.030943m | Min Depth: 0.000001m
2026-08-07 13:00:18 - Step:   133 | Sim Clock Time:    13.30s | Max Depth: 0.023433m | Min Depth: 0.000001m
2026-08-07 13:00:18 - Step:   134 | Sim Clock Time:    13.40s | Max Depth: 0.020583m | Min Depth: 0.000001m
2026-08-07 13:00:18 - Step:   135 | Sim Clock Time:    13.50s | Max Depth: 0.032136m | Min Depth: 0.000001m
2026-08-07 13:00:18 - Step:   136 | Sim Clock Time:    13.60s | Max Depth: 0.022601m | Min Depth: 0.000001m
2026-08-07 13:00:18 - Step:   137 | Sim Clock Time:    13.70s | Max Depth: 0.021798m | Min Depth: 0.000001m
2026-08-07 13:00:18 - Step:   138 | Sim Clock Time:    13.80s | Max Depth: 0.033225m | Min Depth: 0.000001m
2026-08-07 13:00:18 - Step:   139 | Sim Clock Time:    13.90s | Max Depth: 0.023060m | Min Depth: 0.000001m
2026-08-07 13:00:18 - Step:   140 | Sim Clock Time:    14.00s | Max Depth: 0.022596m | Min Depth: 0.000001m
2026-08-07 13:00:18 - Step:   141 | Sim Clock Time:    14.10s | Max Depth: 0.034571m | Min Depth: 0.000001m
2026-08-07 13:00:18 - Step:   142 | Sim Clock Time:    14.20s | Max Depth: 0.023924m | Min Depth: 0.000001m
2026-08-07 13:00:18 - Step:   143 | Sim Clock Time:    14.30s | Max Depth: 0.022493m | Min Depth: 0.000001m
2026-08-07 13:00:18 - Step:   144 | Sim Clock Time:    14.40s | Max Depth: 0.035646m | Min Depth: 0.000001m
2026-08-07 13:00:18 - Step:   145 | Sim Clock Time:    14.50s | Max Depth: 0.024631m | Min Depth: 0.000001m
2026-08-07 13:00:19 - Step:   146 | Sim Clock Time:    14.60s | Max Depth: 0.022481m | Min Depth: 0.000001m
2026-08-07 13:00:19 - Step:   147 | Sim Clock Time:    14.70s | Max Depth: 0.036401m | Min Depth: 0.000001m
2026-08-07 13:00:19 - Step:   148 | Sim Clock Time:    14.80s | Max Depth: 0.027597m | Min Depth: 0.000001m
2026-08-07 13:00:19 - Step:   149 | Sim Clock Time:    14.90s | Max Depth: 0.023148m | Min Depth: 0.000001m
2026-08-07 13:00:19 - Step:   150 | Sim Clock Time:    15.00s | Max Depth: 0.035401m | Min Depth: 0.000001m
2026-08-07 13:00:19 - Step:   151 | Sim Clock Time:    15.10s | Max Depth: 0.033621m | Min Depth: 0.000001m
2026-08-07 13:00:19 - Step:   152 | Sim Clock Time:    15.20s | Max Depth: 0.023761m | Min Depth: 0.000001m
2026-08-07 13:00:19 - Step:   153 | Sim Clock Time:    15.30s | Max Depth: 0.030372m | Min Depth: 0.000001m
2026-08-07 13:00:19 - Step:   154 | Sim Clock Time:    15.40s | Max Depth: 0.042119m | Min Depth: 0.000001m
2026-08-07 13:00:19 - Step:   155 | Sim Clock Time:    15.50s | Max Depth: 0.026916m | Min Depth: 0.000001m
2026-08-07 13:00:19 - Step:   156 | Sim Clock Time:    15.60s | Max Depth: 0.025480m | Min Depth: 0.000001m
2026-08-07 13:00:19 - Step:   157 | Sim Clock Time:    15.70s | Max Depth: 0.039556m | Min Depth: 0.000001m
2026-08-07 13:00:19 - Step:   158 | Sim Clock Time:    15.80s | Max Depth: 0.030204m | Min Depth: 0.000001m
2026-08-07 13:00:19 - Step:   159 | Sim Clock Time:    15.90s | Max Depth: 0.025913m | Min Depth: 0.000001m
2026-08-07 13:00:19 - Step:   160 | Sim Clock Time:    16.00s | Max Depth: 0.033266m | Min Depth: 0.000001m
2026-08-07 13:00:19 - Step:   161 | Sim Clock Time:    16.10s | Max Depth: 0.042533m | Min Depth: 0.000001m
2026-08-07 13:00:19 - Step:   162 | Sim Clock Time:    16.20s | Max Depth: 0.035214m | Min Depth: 0.000001m
2026-08-07 13:00:20 - Step:   163 | Sim Clock Time:    16.30s | Max Depth: 0.034642m | Min Depth: 0.000001m
2026-08-07 13:00:20 - Step:   164 | Sim Clock Time:    16.40s | Max Depth: 0.035630m | Min Depth: 0.000001m
2026-08-07 13:00:20 - Step:   165 | Sim Clock Time:    16.50s | Max Depth: 0.038769m | Min Depth: 0.000001m
2026-08-07 13:00:20 - Step:   166 | Sim Clock Time:    16.60s | Max Depth: 0.039207m | Min Depth: 0.000001m
2026-08-07 13:00:20 - Step:   167 | Sim Clock Time:    16.70s | Max Depth: 0.038021m | Min Depth: 0.000001m
2026-08-07 13:00:20 - Step:   168 | Sim Clock Time:    16.80s | Max Depth: 0.037142m | Min Depth: 0.000001m
2026-08-07 13:00:20 - Step:   169 | Sim Clock Time:    16.90s | Max Depth: 0.037467m | Min Depth: 0.000001m
2026-08-07 13:00:20 - Step:   170 | Sim Clock Time:    17.00s | Max Depth: 0.038456m | Min Depth: 0.000001m
2026-08-07 13:00:20 - Step:   171 | Sim Clock Time:    17.10s | Max Depth: 0.039148m | Min Depth: 0.000001m
2026-08-07 13:00:20 - Step:   172 | Sim Clock Time:    17.20s | Max Depth: 0.039242m | Min Depth: 0.000001m
2026-08-07 13:00:20 - Step:   173 | Sim Clock Time:    17.30s | Max Depth: 0.039072m | Min Depth: 0.000001m
2026-08-07 13:00:20 - Step:   174 | Sim Clock Time:    17.40s | Max Depth: 0.039074m | Min Depth: 0.000001m
2026-08-07 13:00:20 - Step:   175 | Sim Clock Time:    17.50s | Max Depth: 0.039340m | Min Depth: 0.000001m
2026-08-07 13:00:20 - Step:   176 | Sim Clock Time:    17.60s | Max Depth: 0.039690m | Min Depth: 0.000001m
2026-08-07 13:00:20 - Step:   177 | Sim Clock Time:    17.70s | Max Depth: 0.040019m | Min Depth: 0.000001m
2026-08-07 13:00:20 - Step:   178 | Sim Clock Time:    17.80s | Max Depth: 0.040307m | Min Depth: 0.000001m
2026-08-07 13:00:20 - Step:   179 | Sim Clock Time:    17.90s | Max Depth: 0.040548m | Min Depth: 0.000001m
2026-08-07 13:00:21 - Step:   180 | Sim Clock Time:    18.00s | Max Depth: 0.040783m | Min Depth: 0.000001m
2026-08-07 13:00:21 - Step:   181 | Sim Clock Time:    18.10s | Max Depth: 0.041099m | Min Depth: 0.000001m
2026-08-07 13:00:21 - Step:   182 | Sim Clock Time:    18.20s | Max Depth: 0.041487m | Min Depth: 0.000001m
2026-08-07 13:00:21 - Step:   183 | Sim Clock Time:    18.30s | Max Depth: 0.041914m | Min Depth: 0.000001m
2026-08-07 13:00:21 - Step:   184 | Sim Clock Time:    18.40s | Max Depth: 0.042349m | Min Depth: 0.000001m
2026-08-07 13:00:21 - Step:   185 | Sim Clock Time:    18.50s | Max Depth: 0.042742m | Min Depth: 0.000001m
2026-08-07 13:00:21 - Step:   186 | Sim Clock Time:    18.60s | Max Depth: 0.043126m | Min Depth: 0.000001m
2026-08-07 13:00:21 - Step:   187 | Sim Clock Time:    18.70s | Max Depth: 0.043488m | Min Depth: 0.000001m
2026-08-07 13:00:21 - Step:   188 | Sim Clock Time:    18.80s | Max Depth: 0.043837m | Min Depth: 0.000001m
2026-08-07 13:00:21 - Step:   189 | Sim Clock Time:    18.90s | Max Depth: 0.044165m | Min Depth: 0.000001m
2026-08-07 13:00:21 - Step:   190 | Sim Clock Time:    19.00s | Max Depth: 0.044495m | Min Depth: 0.000001m
2026-08-07 13:00:21 - Step:   191 | Sim Clock Time:    19.10s | Max Depth: 0.044841m | Min Depth: 0.000001m
2026-08-07 13:00:21 - Step:   192 | Sim Clock Time:    19.20s | Max Depth: 0.045158m | Min Depth: 0.000001m
2026-08-07 13:00:21 - Step:   193 | Sim Clock Time:    19.30s | Max Depth: 0.047077m | Min Depth: 0.000001m
2026-08-07 13:00:21 - Step:   194 | Sim Clock Time:    19.40s | Max Depth: 0.050215m | Min Depth: 0.000001m
2026-08-07 13:00:21 - Step:   195 | Sim Clock Time:    19.50s | Max Depth: 0.050997m | Min Depth: 0.000001m
2026-08-07 13:00:21 - Step:   196 | Sim Clock Time:    19.60s | Max Depth: 0.051557m | Min Depth: 0.000001m
2026-08-07 13:00:22 - Step:   197 | Sim Clock Time:    19.70s | Max Depth: 0.051983m | Min Depth: 0.000001m
2026-08-07 13:00:22 - Step:   198 | Sim Clock Time:    19.80s | Max Depth: 0.052378m | Min Depth: 0.000001m
2026-08-07 13:00:22 - Step:   199 | Sim Clock Time:    19.90s | Max Depth: 0.052709m | Min Depth: 0.000001m
2026-08-07 13:00:22 - Step:   200 | Sim Clock Time:    20.00s | Max Depth: 0.053013m | Min Depth: 0.000001m
2026-08-07 13:00:22 - Step:   201 | Sim Clock Time:    20.10s | Max Depth: 0.053338m | Min Depth: 0.000001m
2026-08-07 13:00:22 - Step:   202 | Sim Clock Time:    20.20s | Max Depth: 0.053661m | Min Depth: 0.000001m
2026-08-07 13:00:22 - Step:   203 | Sim Clock Time:    20.30s | Max Depth: 0.053955m | Min Depth: 0.000001m
2026-08-07 13:00:22 - Step:   204 | Sim Clock Time:    20.40s | Max Depth: 0.054240m | Min Depth: 0.000001m
2026-08-07 13:00:22 - Step:   205 | Sim Clock Time:    20.50s | Max Depth: 0.054528m | Min Depth: 0.000001m
2026-08-07 13:00:22 - Step:   206 | Sim Clock Time:    20.60s | Max Depth: 0.054825m | Min Depth: 0.000001m
2026-08-07 13:00:22 - Step:   207 | Sim Clock Time:    20.70s | Max Depth: 0.055169m | Min Depth: 0.000001m
2026-08-07 13:00:22 - Step:   208 | Sim Clock Time:    20.80s | Max Depth: 0.055540m | Min Depth: 0.000001m
2026-08-07 13:00:22 - Step:   209 | Sim Clock Time:    20.90s | Max Depth: 0.055882m | Min Depth: 0.000001m
2026-08-07 13:00:22 - Step:   210 | Sim Clock Time:    21.00s | Max Depth: 0.056225m | Min Depth: 0.000001m
2026-08-07 13:00:22 - Step:   211 | Sim Clock Time:    21.10s | Max Depth: 0.056609m | Min Depth: 0.000001m
2026-08-07 13:00:22 - Step:   212 | Sim Clock Time:    21.20s | Max Depth: 0.057039m | Min Depth: 0.000001m
2026-08-07 13:00:22 - Step:   213 | Sim Clock Time:    21.30s | Max Depth: 0.057457m | Min Depth: 0.000001m
2026-08-07 13:00:23 - Step:   214 | Sim Clock Time:    21.40s | Max Depth: 0.057855m | Min Depth: 0.000001m
2026-08-07 13:00:23 - Step:   215 | Sim Clock Time:    21.50s | Max Depth: 0.058237m | Min Depth: 0.000001m
2026-08-07 13:00:23 - Step:   216 | Sim Clock Time:    21.60s | Max Depth: 0.058630m | Min Depth: 0.000001m
2026-08-07 13:00:23 - Step:   217 | Sim Clock Time:    21.70s | Max Depth: 0.059028m | Min Depth: 0.000001m
2026-08-07 13:00:23 - Step:   218 | Sim Clock Time:    21.80s | Max Depth: 0.059436m | Min Depth: 0.000001m
2026-08-07 13:00:23 - Step:   219 | Sim Clock Time:    21.90s | Max Depth: 0.059797m | Min Depth: 0.000001m
2026-08-07 13:00:23 - Step:   220 | Sim Clock Time:    22.00s | Max Depth: 0.061141m | Min Depth: 0.000001m
2026-08-07 13:00:23 - Step:   221 | Sim Clock Time:    22.10s | Max Depth: 0.064944m | Min Depth: 0.000001m
2026-08-07 13:00:23 - Step:   222 | Sim Clock Time:    22.20s | Max Depth: 0.065308m | Min Depth: 0.000001m
2026-08-07 13:00:23 - Step:   223 | Sim Clock Time:    22.30s | Max Depth: 0.065806m | Min Depth: 0.000001m
2026-08-07 13:00:23 - Step:   224 | Sim Clock Time:    22.40s | Max Depth: 0.066179m | Min Depth: 0.000001m
2026-08-07 13:00:23 - Step:   225 | Sim Clock Time:    22.50s | Max Depth: 0.066452m | Min Depth: 0.000001m
2026-08-07 13:00:23 - Step:   226 | Sim Clock Time:    22.60s | Max Depth: 0.066711m | Min Depth: 0.000001m
2026-08-07 13:00:23 - Step:   227 | Sim Clock Time:    22.70s | Max Depth: 0.066991m | Min Depth: 0.000001m
2026-08-07 13:00:23 - Step:   228 | Sim Clock Time:    22.80s | Max Depth: 0.067338m | Min Depth: 0.000001m
2026-08-07 13:00:23 - Step:   229 | Sim Clock Time:    22.90s | Max Depth: 0.067736m | Min Depth: 0.000001m
2026-08-07 13:00:24 - Step:   230 | Sim Clock Time:    23.00s | Max Depth: 0.068119m | Min Depth: 0.000001m
2026-08-07 13:00:24 - Step:   231 | Sim Clock Time:    23.10s | Max Depth: 0.068472m | Min Depth: 0.000001m
2026-08-07 13:00:24 - Step:   232 | Sim Clock Time:    23.20s | Max Depth: 0.068838m | Min Depth: 0.000001m
2026-08-07 13:00:24 - Step:   233 | Sim Clock Time:    23.30s | Max Depth: 0.069202m | Min Depth: 0.000001m
2026-08-07 13:00:24 - Step:   234 | Sim Clock Time:    23.40s | Max Depth: 0.069595m | Min Depth: 0.000001m
2026-08-07 13:00:24 - Step:   235 | Sim Clock Time:    23.50s | Max Depth: 0.069985m | Min Depth: 0.000001m
2026-08-07 13:00:24 - Step:   236 | Sim Clock Time:    23.60s | Max Depth: 0.070401m | Min Depth: 0.000001m
2026-08-07 13:00:24 - Step:   237 | Sim Clock Time:    23.70s | Max Depth: 0.070859m | Min Depth: 0.000001m
2026-08-07 13:00:24 - Step:   238 | Sim Clock Time:    23.80s | Max Depth: 0.071334m | Min Depth: 0.000001m
2026-08-07 13:00:24 - Step:   239 | Sim Clock Time:    23.90s | Max Depth: 0.071770m | Min Depth: 0.000001m
2026-08-07 13:00:24 - Step:   240 | Sim Clock Time:    24.00s | Max Depth: 0.072187m | Min Depth: 0.000001m
2026-08-07 13:00:24 - Step:   241 | Sim Clock Time:    24.10s | Max Depth: 0.072607m | Min Depth: 0.000001m
2026-08-07 13:00:24 - Step:   242 | Sim Clock Time:    24.20s | Max Depth: 0.073057m | Min Depth: 0.000001m
2026-08-07 13:00:24 - Step:   243 | Sim Clock Time:    24.30s | Max Depth: 0.073500m | Min Depth: 0.000001m
2026-08-07 13:00:24 - Step:   244 | Sim Clock Time:    24.40s | Max Depth: 0.074335m | Min Depth: 0.000001m
2026-08-07 13:00:24 - Step:   245 | Sim Clock Time:    24.50s | Max Depth: 0.078224m | Min Depth: 0.000001m
2026-08-07 13:00:25 - Step:   246 | Sim Clock Time:    24.60s | Max Depth: 0.078791m | Min Depth: 0.000001m
2026-08-07 13:00:25 - Step:   247 | Sim Clock Time:    24.70s | Max Depth: 0.079330m | Min Depth: 0.000001m
2026-08-07 13:00:25 - Step:   248 | Sim Clock Time:    24.80s | Max Depth: 0.079712m | Min Depth: 0.000001m
2026-08-07 13:00:25 - Step:   249 | Sim Clock Time:    24.90s | Max Depth: 0.080039m | Min Depth: 0.000001m
2026-08-07 13:00:25 - Step:   250 | Sim Clock Time:    25.00s | Max Depth: 0.080395m | Min Depth: 0.000001m
2026-08-07 13:00:25 - Step:   251 | Sim Clock Time:    25.10s | Max Depth: 0.080756m | Min Depth: 0.000001m
2026-08-07 13:00:25 - Step:   252 | Sim Clock Time:    25.20s | Max Depth: 0.081061m | Min Depth: 0.000001m
2026-08-07 13:00:25 - Step:   253 | Sim Clock Time:    25.30s | Max Depth: 0.081388m | Min Depth: 0.000001m
2026-08-07 13:00:25 - Step:   254 | Sim Clock Time:    25.40s | Max Depth: 0.081695m | Min Depth: 0.000001m
2026-08-07 13:00:25 - Step:   255 | Sim Clock Time:    25.50s | Max Depth: 0.081996m | Min Depth: 0.000001m
2026-08-07 13:00:25 - Step:   256 | Sim Clock Time:    25.60s | Max Depth: 0.082328m | Min Depth: 0.000001m
2026-08-07 13:00:25 - Step:   257 | Sim Clock Time:    25.70s | Max Depth: 0.082713m | Min Depth: 0.000001m
2026-08-07 13:00:25 - Step:   258 | Sim Clock Time:    25.80s | Max Depth: 0.083132m | Min Depth: 0.000001m
2026-08-07 13:00:25 - Step:   259 | Sim Clock Time:    25.90s | Max Depth: 0.083576m | Min Depth: 0.000001m
2026-08-07 13:00:25 - Step:   260 | Sim Clock Time:    26.00s | Max Depth: 0.084042m | Min Depth: 0.000001m
2026-08-07 13:00:25 - Step:   261 | Sim Clock Time:    26.10s | Max Depth: 0.084515m | Min Depth: 0.000001m
2026-08-07 13:00:26 - Step:   262 | Sim Clock Time:    26.20s | Max Depth: 0.084953m | Min Depth: 0.000001m
2026-08-07 13:00:26 - Step:   263 | Sim Clock Time:    26.30s | Max Depth: 0.085380m | Min Depth: 0.000001m
2026-08-07 13:00:26 - Step:   264 | Sim Clock Time:    26.40s | Max Depth: 0.085809m | Min Depth: 0.000001m
2026-08-07 13:00:26 - Step:   265 | Sim Clock Time:    26.50s | Max Depth: 0.086301m | Min Depth: 0.000001m
2026-08-07 13:00:26 - Step:   266 | Sim Clock Time:    26.60s | Max Depth: 0.086889m | Min Depth: 0.000001m
2026-08-07 13:00:26 - Step:   267 | Sim Clock Time:    26.70s | Max Depth: 0.090692m | Min Depth: 0.000001m
2026-08-07 13:00:26 - Step:   268 | Sim Clock Time:    26.80s | Max Depth: 0.091433m | Min Depth: 0.000001m
2026-08-07 13:00:26 - Step:   269 | Sim Clock Time:    26.90s | Max Depth: 0.092016m | Min Depth: 0.000001m
2026-08-07 13:00:26 - Step:   270 | Sim Clock Time:    27.00s | Max Depth: 0.092437m | Min Depth: 0.000001m
2026-08-07 13:00:26 - Step:   271 | Sim Clock Time:    27.10s | Max Depth: 0.092831m | Min Depth: 0.000001m
2026-08-07 13:00:26 - Step:   272 | Sim Clock Time:    27.20s | Max Depth: 0.093236m | Min Depth: 0.000001m
2026-08-07 13:00:26 - Step:   273 | Sim Clock Time:    27.30s | Max Depth: 0.093602m | Min Depth: 0.000001m
2026-08-07 13:00:26 - Step:   274 | Sim Clock Time:    27.40s | Max Depth: 0.093975m | Min Depth: 0.000001m
2026-08-07 13:00:26 - Step:   275 | Sim Clock Time:    27.50s | Max Depth: 0.094327m | Min Depth: 0.000001m
2026-08-07 13:00:26 - Step:   276 | Sim Clock Time:    27.60s | Max Depth: 0.094643m | Min Depth: 0.000001m
2026-08-07 13:00:26 - Step:   277 | Sim Clock Time:    27.70s | Max Depth: 0.094955m | Min Depth: 0.000001m
2026-08-07 13:00:27 - Step:   278 | Sim Clock Time:    27.80s | Max Depth: 0.095321m | Min Depth: 0.000001m
2026-08-07 13:00:27 - Step:   279 | Sim Clock Time:    27.90s | Max Depth: 0.095726m | Min Depth: 0.000001m
2026-08-07 13:00:27 - Step:   280 | Sim Clock Time:    28.00s | Max Depth: 0.096142m | Min Depth: 0.000001m
2026-08-07 13:00:27 - Step:   281 | Sim Clock Time:    28.10s | Max Depth: 0.096570m | Min Depth: 0.000001m
2026-08-07 13:00:27 - Step:   282 | Sim Clock Time:    28.20s | Max Depth: 0.097022m | Min Depth: 0.000001m
2026-08-07 13:00:27 - Step:   283 | Sim Clock Time:    28.30s | Max Depth: 0.097465m | Min Depth: 0.000001m
2026-08-07 13:00:27 - Step:   284 | Sim Clock Time:    28.40s | Max Depth: 0.097890m | Min Depth: 0.000001m
2026-08-07 13:00:27 - Step:   285 | Sim Clock Time:    28.50s | Max Depth: 0.098305m | Min Depth: 0.000001m
2026-08-07 13:00:27 - Step:   286 | Sim Clock Time:    28.60s | Max Depth: 0.098763m | Min Depth: 0.000001m
2026-08-07 13:00:27 - Step:   287 | Sim Clock Time:    28.70s | Max Depth: 0.100159m | Min Depth: 0.000001m
2026-08-07 13:00:27 - Step:   288 | Sim Clock Time:    28.80s | Max Depth: 0.103287m | Min Depth: 0.000001m
2026-08-07 13:00:27 - Step:   289 | Sim Clock Time:    28.90s | Max Depth: 0.103878m | Min Depth: 0.000001m
2026-08-07 13:00:27 - Step:   290 | Sim Clock Time:    29.00s | Max Depth: 0.104298m | Min Depth: 0.000001m
2026-08-07 13:00:27 - Step:   291 | Sim Clock Time:    29.10s | Max Depth: 0.104662m | Min Depth: 0.000001m
2026-08-07 13:00:27 - Step:   292 | Sim Clock Time:    29.20s | Max Depth: 0.105038m | Min Depth: 0.000001m
2026-08-07 13:00:27 - Step:   293 | Sim Clock Time:    29.30s | Max Depth: 0.105375m | Min Depth: 0.000001m
2026-08-07 13:00:28 - Step:   294 | Sim Clock Time:    29.40s | Max Depth: 0.105712m | Min Depth: 0.000001m
2026-08-07 13:00:28 - Step:   295 | Sim Clock Time:    29.50s | Max Depth: 0.106043m | Min Depth: 0.000001m
2026-08-07 13:00:28 - Step:   296 | Sim Clock Time:    29.60s | Max Depth: 0.106338m | Min Depth: 0.000001m
2026-08-07 13:00:28 - Step:   297 | Sim Clock Time:    29.70s | Max Depth: 0.106630m | Min Depth: 0.000001m
2026-08-07 13:00:28 - Step:   298 | Sim Clock Time:    29.80s | Max Depth: 0.106979m | Min Depth: 0.000001m
2026-08-07 13:00:28 - Step:   299 | Sim Clock Time:    29.90s | Max Depth: 0.107358m | Min Depth: 0.000001m
2026-08-07 13:00:28 - Step:   300 | Sim Clock Time:    30.00s | Max Depth: 0.107743m | Min Depth: 0.000001m
2026-08-07 13:00:28 - Step:   301 | Sim Clock Time:    30.10s | Max Depth: 0.108133m | Min Depth: 0.000001m
2026-08-07 13:00:28 - Step:   302 | Sim Clock Time:    30.20s | Max Depth: 0.108563m | Min Depth: 0.000001m
2026-08-07 13:00:28 - Step:   303 | Sim Clock Time:    30.30s | Max Depth: 0.108982m | Min Depth: 0.000001m
2026-08-07 13:00:28 - Step:   304 | Sim Clock Time:    30.40s | Max Depth: 0.109386m | Min Depth: 0.000001m
2026-08-07 13:00:28 - Step:   305 | Sim Clock Time:    30.50s | Max Depth: 0.109830m | Min Depth: 0.000001m
2026-08-07 13:00:28 - Step:   306 | Sim Clock Time:    30.60s | Max Depth: 0.110030m | Min Depth: 0.000001m
2026-08-07 13:00:28 - Step:   307 | Sim Clock Time:    30.70s | Max Depth: 0.113543m | Min Depth: 0.000001m
2026-08-07 13:00:28 - Step:   308 | Sim Clock Time:    30.80s | Max Depth: 0.114667m | Min Depth: 0.000001m
2026-08-07 13:00:28 - Step:   309 | Sim Clock Time:    30.90s | Max Depth: 0.115122m | Min Depth: 0.000001m
2026-08-07 13:00:29 - Step:   310 | Sim Clock Time:    31.00s | Max Depth: 0.115454m | Min Depth: 0.000001m
2026-08-07 13:00:29 - Step:   311 | Sim Clock Time:    31.10s | Max Depth: 0.115797m | Min Depth: 0.000001m
2026-08-07 13:00:29 - Step:   312 | Sim Clock Time:    31.20s | Max Depth: 0.116108m | Min Depth: 0.000001m
2026-08-07 13:00:29 - Step:   313 | Sim Clock Time:    31.30s | Max Depth: 0.116399m | Min Depth: 0.000001m
2026-08-07 13:00:29 - Step:   314 | Sim Clock Time:    31.40s | Max Depth: 0.116684m | Min Depth: 0.000001m
2026-08-07 13:00:29 - Step:   315 | Sim Clock Time:    31.50s | Max Depth: 0.116928m | Min Depth: 0.000001m
2026-08-07 13:00:29 - Step:   316 | Sim Clock Time:    31.60s | Max Depth: 0.117181m | Min Depth: 0.000001m
2026-08-07 13:00:29 - Step:   317 | Sim Clock Time:    31.70s | Max Depth: 0.117592m | Min Depth: 0.000001m
2026-08-07 13:00:29 - Step:   318 | Sim Clock Time:    31.80s | Max Depth: 0.118065m | Min Depth: 0.000001m
2026-08-07 13:00:29 - Step:   319 | Sim Clock Time:    31.90s | Max Depth: 0.118385m | Min Depth: 0.000001m
2026-08-07 13:00:29 - Step:   320 | Sim Clock Time:    32.00s | Max Depth: 0.118724m | Min Depth: 0.000001m
2026-08-07 13:00:29 - Step:   321 | Sim Clock Time:    32.10s | Max Depth: 0.119019m | Min Depth: 0.000001m
2026-08-07 13:00:29 - Step:   322 | Sim Clock Time:    32.20s | Max Depth: 0.119320m | Min Depth: 0.000001m
2026-08-07 13:00:29 - Step:   323 | Sim Clock Time:    32.30s | Max Depth: 0.119589m | Min Depth: 0.000001m
2026-08-07 13:00:29 - Step:   324 | Sim Clock Time:    32.40s | Max Depth: 0.120001m | Min Depth: 0.000001m
2026-08-07 13:00:30 - Step:   325 | Sim Clock Time:    32.50s | Max Depth: 0.120766m | Min Depth: 0.000001m
2026-08-07 13:00:30 - Step:   326 | Sim Clock Time:    32.60s | Max Depth: 0.124138m | Min Depth: 0.000001m
2026-08-07 13:00:30 - Step:   327 | Sim Clock Time:    32.70s | Max Depth: 0.124697m | Min Depth: 0.000001m
2026-08-07 13:00:30 - Step:   328 | Sim Clock Time:    32.80s | Max Depth: 0.125044m | Min Depth: 0.000001m
2026-08-07 13:00:30 - Step:   329 | Sim Clock Time:    32.90s | Max Depth: 0.125337m | Min Depth: 0.000001m
2026-08-07 13:00:30 - Step:   330 | Sim Clock Time:    33.00s | Max Depth: 0.125631m | Min Depth: 0.000001m
2026-08-07 13:00:30 - Step:   331 | Sim Clock Time:    33.10s | Max Depth: 0.125875m | Min Depth: 0.000001m
2026-08-07 13:00:30 - Step:   332 | Sim Clock Time:    33.20s | Max Depth: 0.126124m | Min Depth: 0.000001m
2026-08-07 13:00:30 - Step:   333 | Sim Clock Time:    33.30s | Max Depth: 0.126351m | Min Depth: 0.000001m
2026-08-07 13:00:30 - Step:   334 | Sim Clock Time:    33.40s | Max Depth: 0.126572m | Min Depth: 0.000001m
2026-08-07 13:00:30 - Step:   335 | Sim Clock Time:    33.50s | Max Depth: 0.126975m | Min Depth: 0.000001m
2026-08-07 13:00:30 - Step:   336 | Sim Clock Time:    33.60s | Max Depth: 0.127453m | Min Depth: 0.000001m
2026-08-07 13:00:30 - Step:   337 | Sim Clock Time:    33.70s | Max Depth: 0.127755m | Min Depth: 0.000001m
2026-08-07 13:00:30 - Step:   338 | Sim Clock Time:    33.80s | Max Depth: 0.128029m | Min Depth: 0.000001m
2026-08-07 13:00:30 - Step:   339 | Sim Clock Time:    33.90s | Max Depth: 0.128295m | Min Depth: 0.000001m
2026-08-07 13:00:30 - Step:   340 | Sim Clock Time:    34.00s | Max Depth: 0.128535m | Min Depth: 0.000001m
2026-08-07 13:00:31 - Step:   341 | Sim Clock Time:    34.10s | Max Depth: 0.128759m | Min Depth: 0.000001m
2026-08-07 13:00:31 - Step:   342 | Sim Clock Time:    34.20s | Max Depth: 0.129006m | Min Depth: 0.000001m
2026-08-07 13:00:31 - Step:   343 | Sim Clock Time:    34.30s | Max Depth: 0.130021m | Min Depth: 0.000001m
2026-08-07 13:00:31 - Step:   344 | Sim Clock Time:    34.40s | Max Depth: 0.133082m | Min Depth: 0.000001m
2026-08-07 13:00:31 - Step:   345 | Sim Clock Time:    34.50s | Max Depth: 0.133539m | Min Depth: 0.000001m
2026-08-07 13:00:31 - Step:   346 | Sim Clock Time:    34.60s | Max Depth: 0.133827m | Min Depth: 0.000001m
2026-08-07 13:00:31 - Step:   347 | Sim Clock Time:    34.70s | Max Depth: 0.134099m | Min Depth: 0.000001m
2026-08-07 13:00:31 - Step:   348 | Sim Clock Time:    34.80s | Max Depth: 0.134328m | Min Depth: 0.000001m
2026-08-07 13:00:31 - Step:   349 | Sim Clock Time:    34.90s | Max Depth: 0.134535m | Min Depth: 0.000001m
2026-08-07 13:00:31 - Step:   350 | Sim Clock Time:    35.00s | Max Depth: 0.134736m | Min Depth: 0.000001m
2026-08-07 13:00:31 - Step:   351 | Sim Clock Time:    35.10s | Max Depth: 0.134911m | Min Depth: 0.000001m
2026-08-07 13:00:31 - Step:   352 | Sim Clock Time:    35.20s | Max Depth: 0.135093m | Min Depth: 0.000001m
2026-08-07 13:00:31 - Step:   353 | Sim Clock Time:    35.30s | Max Depth: 0.135667m | Min Depth: 0.000001m
2026-08-07 13:00:31 - Step:   354 | Sim Clock Time:    35.40s | Max Depth: 0.136002m | Min Depth: 0.000001m
2026-08-07 13:00:31 - Step:   355 | Sim Clock Time:    35.50s | Max Depth: 0.136259m | Min Depth: 0.000001m
2026-08-07 13:00:31 - Step:   356 | Sim Clock Time:    35.60s | Max Depth: 0.136514m | Min Depth: 0.000001m
2026-08-07 13:00:32 - Step:   357 | Sim Clock Time:    35.70s | Max Depth: 0.136721m | Min Depth: 0.000001m
2026-08-07 13:00:32 - Step:   358 | Sim Clock Time:    35.80s | Max Depth: 0.136923m | Min Depth: 0.000001m
2026-08-07 13:00:32 - Step:   359 | Sim Clock Time:    35.90s | Max Depth: 0.137090m | Min Depth: 0.000001m
2026-08-07 13:00:32 - Step:   360 | Sim Clock Time:    36.00s | Max Depth: 0.137276m | Min Depth: 0.000001m
2026-08-07 13:00:32 - Step:   361 | Sim Clock Time:    36.10s | Max Depth: 0.140678m | Min Depth: 0.000001m
2026-08-07 13:00:32 - Step:   362 | Sim Clock Time:    36.20s | Max Depth: 0.141369m | Min Depth: 0.000001m
2026-08-07 13:00:32 - Step:   363 | Sim Clock Time:    36.30s | Max Depth: 0.141648m | Min Depth: 0.000001m
2026-08-07 13:00:32 - Step:   364 | Sim Clock Time:    36.40s | Max Depth: 0.141884m | Min Depth: 0.000001m
2026-08-07 13:00:32 - Step:   365 | Sim Clock Time:    36.50s | Max Depth: 0.142081m | Min Depth: 0.000001m
2026-08-07 13:00:32 - Step:   366 | Sim Clock Time:    36.60s | Max Depth: 0.142243m | Min Depth: 0.000001m
2026-08-07 13:00:32 - Step:   367 | Sim Clock Time:    36.70s | Max Depth: 0.142411m | Min Depth: 0.000001m
2026-08-07 13:00:32 - Step:   368 | Sim Clock Time:    36.80s | Max Depth: 0.142588m | Min Depth: 0.000001m
2026-08-07 13:00:32 - Step:   369 | Sim Clock Time:    36.90s | Max Depth: 0.142763m | Min Depth: 0.000001m
2026-08-07 13:00:32 - Step:   370 | Sim Clock Time:    37.00s | Max Depth: 0.143359m | Min Depth: 0.000001m
2026-08-07 13:00:32 - Step:   371 | Sim Clock Time:    37.10s | Max Depth: 0.143684m | Min Depth: 0.000001m
2026-08-07 13:00:32 - Step:   372 | Sim Clock Time:    37.20s | Max Depth: 0.143908m | Min Depth: 0.000001m
2026-08-07 13:00:33 - Step:   373 | Sim Clock Time:    37.30s | Max Depth: 0.144131m | Min Depth: 0.000001m
2026-08-07 13:00:33 - Step:   374 | Sim Clock Time:    37.40s | Max Depth: 0.144318m | Min Depth: 0.000001m
2026-08-07 13:00:33 - Step:   375 | Sim Clock Time:    37.50s | Max Depth: 0.144504m | Min Depth: 0.000001m
2026-08-07 13:00:33 - Step:   376 | Sim Clock Time:    37.60s | Max Depth: 0.144723m | Min Depth: 0.000001m
2026-08-07 13:00:33 - Step:   377 | Sim Clock Time:    37.70s | Max Depth: 0.144813m | Min Depth: 0.000001m
2026-08-07 13:00:33 - Step:   378 | Sim Clock Time:    37.80s | Max Depth: 0.148344m | Min Depth: 0.000001m
2026-08-07 13:00:33 - Step:   379 | Sim Clock Time:    37.90s | Max Depth: 0.148877m | Min Depth: 0.000001m
2026-08-07 13:00:33 - Step:   380 | Sim Clock Time:    38.00s | Max Depth: 0.149109m | Min Depth: 0.000001m
2026-08-07 13:00:33 - Step:   381 | Sim Clock Time:    38.10s | Max Depth: 0.149322m | Min Depth: 0.000001m
2026-08-07 13:00:33 - Step:   382 | Sim Clock Time:    38.20s | Max Depth: 0.149494m | Min Depth: 0.000001m
2026-08-07 13:00:33 - Step:   383 | Sim Clock Time:    38.30s | Max Depth: 0.149667m | Min Depth: 0.000001m
2026-08-07 13:00:33 - Step:   384 | Sim Clock Time:    38.40s | Max Depth: 0.149839m | Min Depth: 0.000001m
2026-08-07 13:00:33 - Step:   385 | Sim Clock Time:    38.50s | Max Depth: 0.150001m | Min Depth: 0.000001m
2026-08-07 13:00:33 - Step:   386 | Sim Clock Time:    38.60s | Max Depth: 0.150165m | Min Depth: 0.000001m
2026-08-07 13:00:33 - Step:   387 | Sim Clock Time:    38.70s | Max Depth: 0.150726m | Min Depth: 0.000001m
2026-08-07 13:00:33 - Step:   388 | Sim Clock Time:    38.80s | Max Depth: 0.150984m | Min Depth: 0.000001m
2026-08-07 13:00:33 - Step:   389 | Sim Clock Time:    38.90s | Max Depth: 0.151221m | Min Depth: 0.000001m
2026-08-07 13:00:34 - Step:   390 | Sim Clock Time:    39.00s | Max Depth: 0.151420m | Min Depth: 0.000001m
2026-08-07 13:00:34 - Step:   391 | Sim Clock Time:    39.10s | Max Depth: 0.151603m | Min Depth: 0.000001m
2026-08-07 13:00:34 - Step:   392 | Sim Clock Time:    39.20s | Max Depth: 0.151750m | Min Depth: 0.000001m
2026-08-07 13:00:34 - Step:   393 | Sim Clock Time:    39.30s | Max Depth: 0.151912m | Min Depth: 0.000001m
2026-08-07 13:00:34 - Step:   394 | Sim Clock Time:    39.40s | Max Depth: 0.153919m | Min Depth: 0.000001m
2026-08-07 13:00:34 - Step:   395 | Sim Clock Time:    39.50s | Max Depth: 0.155759m | Min Depth: 0.000001m
2026-08-07 13:00:34 - Step:   396 | Sim Clock Time:    39.60s | Max Depth: 0.156059m | Min Depth: 0.000001m
2026-08-07 13:00:34 - Step:   397 | Sim Clock Time:    39.70s | Max Depth: 0.156318m | Min Depth: 0.000001m
2026-08-07 13:00:34 - Step:   398 | Sim Clock Time:    39.80s | Max Depth: 0.156533m | Min Depth: 0.000001m
2026-08-07 13:00:34 - Step:   399 | Sim Clock Time:    39.90s | Max Depth: 0.156727m | Min Depth: 0.000001m
2026-08-07 13:00:34 - Step:   400 | Sim Clock Time:    40.00s | Max Depth: 0.156914m | Min Depth: 0.000001m
2026-08-07 13:00:34 - Step:   401 | Sim Clock Time:    40.10s | Max Depth: 0.157078m | Min Depth: 0.000001m
2026-08-07 13:00:34 - Step:   402 | Sim Clock Time:    40.20s | Max Depth: 0.157240m | Min Depth: 0.000001m
2026-08-07 13:00:34 - Step:   403 | Sim Clock Time:    40.30s | Max Depth: 0.157655m | Min Depth: 0.000001m
2026-08-07 13:00:34 - Step:   404 | Sim Clock Time:    40.40s | Max Depth: 0.157936m | Min Depth: 0.000001m
2026-08-07 13:00:34 - Step:   405 | Sim Clock Time:    40.50s | Max Depth: 0.158198m | Min Depth: 0.000001m
2026-08-07 13:00:35 - Step:   406 | Sim Clock Time:    40.60s | Max Depth: 0.158413m | Min Depth: 0.000001m
2026-08-07 13:00:35 - Step:   407 | Sim Clock Time:    40.70s | Max Depth: 0.158610m | Min Depth: 0.000001m
2026-08-07 13:00:35 - Step:   408 | Sim Clock Time:    40.80s | Max Depth: 0.158775m | Min Depth: 0.000001m
2026-08-07 13:00:35 - Step:   409 | Sim Clock Time:    40.90s | Max Depth: 0.158985m | Min Depth: 0.000001m
2026-08-07 13:00:35 - Step:   410 | Sim Clock Time:    41.00s | Max Depth: 0.160605m | Min Depth: 0.000001m
2026-08-07 13:00:35 - Step:   411 | Sim Clock Time:    41.10s | Max Depth: 0.162959m | Min Depth: 0.000001m
2026-08-07 13:00:35 - Step:   412 | Sim Clock Time:    41.20s | Max Depth: 0.163284m | Min Depth: 0.000001m
2026-08-07 13:00:35 - Step:   413 | Sim Clock Time:    41.30s | Max Depth: 0.163552m | Min Depth: 0.000001m
2026-08-07 13:00:35 - Step:   414 | Sim Clock Time:    41.40s | Max Depth: 0.163763m | Min Depth: 0.000001m
2026-08-07 13:00:35 - Step:   415 | Sim Clock Time:    41.50s | Max Depth: 0.164003m | Min Depth: 0.000001m
2026-08-07 13:00:35 - Step:   416 | Sim Clock Time:    41.60s | Max Depth: 0.164236m | Min Depth: 0.000001m
2026-08-07 13:00:35 - Step:   417 | Sim Clock Time:    41.70s | Max Depth: 0.164463m | Min Depth: 0.000001m
2026-08-07 13:00:35 - Step:   418 | Sim Clock Time:    41.80s | Max Depth: 0.164683m | Min Depth: 0.000001m
2026-08-07 13:00:35 - Step:   419 | Sim Clock Time:    41.90s | Max Depth: 0.164943m | Min Depth: 0.000001m
2026-08-07 13:00:35 - Step:   420 | Sim Clock Time:    42.00s | Max Depth: 0.165248m | Min Depth: 0.000001m
2026-08-07 13:00:35 - Step:   421 | Sim Clock Time:    42.10s | Max Depth: 0.165550m | Min Depth: 0.000001m
2026-08-07 13:00:36 - Step:   422 | Sim Clock Time:    42.20s | Max Depth: 0.165841m | Min Depth: 0.000001m
2026-08-07 13:00:36 - Step:   423 | Sim Clock Time:    42.30s | Max Depth: 0.166203m | Min Depth: 0.000001m
2026-08-07 13:00:36 - Step:   424 | Sim Clock Time:    42.40s | Max Depth: 0.166573m | Min Depth: 0.000001m
2026-08-07 13:00:36 - Step:   425 | Sim Clock Time:    42.50s | Max Depth: 0.166530m | Min Depth: 0.000001m
2026-08-07 13:00:36 - Step:   426 | Sim Clock Time:    42.60s | Max Depth: 0.169540m | Min Depth: 0.000001m
2026-08-07 13:00:36 - Step:   427 | Sim Clock Time:    42.70s | Max Depth: 0.170922m | Min Depth: 0.000001m
2026-08-07 13:00:36 - Step:   428 | Sim Clock Time:    42.80s | Max Depth: 0.171277m | Min Depth: 0.000001m
2026-08-07 13:00:36 - Step:   429 | Sim Clock Time:    42.90s | Max Depth: 0.171609m | Min Depth: 0.000001m
2026-08-07 13:00:36 - Step:   430 | Sim Clock Time:    43.00s | Max Depth: 0.171886m | Min Depth: 0.000001m
2026-08-07 13:00:36 - Step:   431 | Sim Clock Time:    43.10s | Max Depth: 0.172169m | Min Depth: 0.000001m
2026-08-07 13:00:36 - Step:   432 | Sim Clock Time:    43.20s | Max Depth: 0.172419m | Min Depth: 0.000001m
2026-08-07 13:00:36 - Step:   433 | Sim Clock Time:    43.30s | Max Depth: 0.172669m | Min Depth: 0.000001m
2026-08-07 13:00:36 - Step:   434 | Sim Clock Time:    43.40s | Max Depth: 0.172945m | Min Depth: 0.000001m
2026-08-07 13:00:36 - Step:   435 | Sim Clock Time:    43.50s | Max Depth: 0.173267m | Min Depth: 0.000001m
2026-08-07 13:00:36 - Step:   436 | Sim Clock Time:    43.60s | Max Depth: 0.173625m | Min Depth: 0.000001m
2026-08-07 13:00:36 - Step:   437 | Sim Clock Time:    43.70s | Max Depth: 0.173976m | Min Depth: 0.000001m
2026-08-07 13:00:37 - Step:   438 | Sim Clock Time:    43.80s | Max Depth: 0.174322m | Min Depth: 0.000001m
2026-08-07 13:00:37 - Step:   439 | Sim Clock Time:    43.90s | Max Depth: 0.174637m | Min Depth: 0.000001m
2026-08-07 13:00:37 - Step:   440 | Sim Clock Time:    44.00s | Max Depth: 0.175147m | Min Depth: 0.000001m
2026-08-07 13:00:37 - Step:   441 | Sim Clock Time:    44.10s | Max Depth: 0.175851m | Min Depth: 0.000001m
2026-08-07 13:00:37 - Step:   442 | Sim Clock Time:    44.20s | Max Depth: 0.179068m | Min Depth: 0.000001m
2026-08-07 13:00:37 - Step:   443 | Sim Clock Time:    44.30s | Max Depth: 0.179554m | Min Depth: 0.000001m
2026-08-07 13:00:37 - Step:   444 | Sim Clock Time:    44.40s | Max Depth: 0.179942m | Min Depth: 0.000001m
2026-08-07 13:00:37 - Step:   445 | Sim Clock Time:    44.50s | Max Depth: 0.180261m | Min Depth: 0.000001m
2026-08-07 13:00:37 - Step:   446 | Sim Clock Time:    44.60s | Max Depth: 0.180584m | Min Depth: 0.000001m
2026-08-07 13:00:37 - Step:   447 | Sim Clock Time:    44.70s | Max Depth: 0.180874m | Min Depth: 0.000001m
2026-08-07 13:00:37 - Step:   448 | Sim Clock Time:    44.80s | Max Depth: 0.181162m | Min Depth: 0.000001m
2026-08-07 13:00:37 - Step:   449 | Sim Clock Time:    44.90s | Max Depth: 0.181453m | Min Depth: 0.000001m
2026-08-07 13:00:37 - Step:   450 | Sim Clock Time:    45.00s | Max Depth: 0.181893m | Min Depth: 0.000001m
2026-08-07 13:00:37 - Step:   451 | Sim Clock Time:    45.10s | Max Depth: 0.182312m | Min Depth: 0.000001m
2026-08-07 13:00:37 - Step:   452 | Sim Clock Time:    45.20s | Max Depth: 0.182695m | Min Depth: 0.000001m
2026-08-07 13:00:38 - Step:   453 | Sim Clock Time:    45.30s | Max Depth: 0.183019m | Min Depth: 0.000001m
2026-08-07 13:00:38 - Step:   454 | Sim Clock Time:    45.40s | Max Depth: 0.183339m | Min Depth: 0.000001m
2026-08-07 13:00:38 - Step:   455 | Sim Clock Time:    45.50s | Max Depth: 0.183863m | Min Depth: 0.000001m
2026-08-07 13:00:38 - Step:   456 | Sim Clock Time:    45.60s | Max Depth: 0.184403m | Min Depth: 0.000001m
2026-08-07 13:00:38 - Step:   457 | Sim Clock Time:    45.70s | Max Depth: 0.187766m | Min Depth: 0.000001m
2026-08-07 13:00:38 - Step:   458 | Sim Clock Time:    45.80s | Max Depth: 0.188285m | Min Depth: 0.000001m
2026-08-07 13:00:38 - Step:   459 | Sim Clock Time:    45.90s | Max Depth: 0.188702m | Min Depth: 0.000001m
2026-08-07 13:00:38 - Step:   460 | Sim Clock Time:    46.00s | Max Depth: 0.189043m | Min Depth: 0.000001m
2026-08-07 13:00:38 - Step:   461 | Sim Clock Time:    46.10s | Max Depth: 0.189389m | Min Depth: 0.000001m
2026-08-07 13:00:38 - Step:   462 | Sim Clock Time:    46.20s | Max Depth: 0.189710m | Min Depth: 0.000001m
2026-08-07 13:00:38 - Step:   463 | Sim Clock Time:    46.30s | Max Depth: 0.190016m | Min Depth: 0.000001m
2026-08-07 13:00:38 - Step:   464 | Sim Clock Time:    46.40s | Max Depth: 0.190341m | Min Depth: 0.000001m
2026-08-07 13:00:38 - Step:   465 | Sim Clock Time:    46.50s | Max Depth: 0.190840m | Min Depth: 0.000001m
2026-08-07 13:00:38 - Step:   466 | Sim Clock Time:    46.60s | Max Depth: 0.191285m | Min Depth: 0.000001m
2026-08-07 13:00:38 - Step:   467 | Sim Clock Time:    46.70s | Max Depth: 0.191669m | Min Depth: 0.000001m
2026-08-07 13:00:38 - Step:   468 | Sim Clock Time:    46.80s | Max Depth: 0.192029m | Min Depth: 0.000001m
2026-08-07 13:00:39 - Step:   469 | Sim Clock Time:    46.90s | Max Depth: 0.192363m | Min Depth: 0.000001m
2026-08-07 13:00:39 - Step:   470 | Sim Clock Time:    47.00s | Max Depth: 0.192694m | Min Depth: 0.000001m
2026-08-07 13:00:39 - Step:   471 | Sim Clock Time:    47.10s | Max Depth: 0.195103m | Min Depth: 0.000001m
2026-08-07 13:00:39 - Step:   472 | Sim Clock Time:    47.20s | Max Depth: 0.196914m | Min Depth: 0.000001m
2026-08-07 13:00:39 - Step:   473 | Sim Clock Time:    47.30s | Max Depth: 0.197385m | Min Depth: 0.000001m
2026-08-07 13:00:39 - Step:   474 | Sim Clock Time:    47.40s | Max Depth: 0.197803m | Min Depth: 0.000001m
2026-08-07 13:00:39 - Step:   475 | Sim Clock Time:    47.50s | Max Depth: 0.198165m | Min Depth: 0.000001m
2026-08-07 13:00:39 - Step:   476 | Sim Clock Time:    47.60s | Max Depth: 0.198524m | Min Depth: 0.000001m
2026-08-07 13:00:39 - Step:   477 | Sim Clock Time:    47.70s | Max Depth: 0.198864m | Min Depth: 0.000001m
2026-08-07 13:00:39 - Step:   478 | Sim Clock Time:    47.80s | Max Depth: 0.199198m | Min Depth: 0.000001m
2026-08-07 13:00:39 - Step:   479 | Sim Clock Time:    47.90s | Max Depth: 0.199652m | Min Depth: 0.000001m
2026-08-07 13:00:39 - Step:   480 | Sim Clock Time:    48.00s | Max Depth: 0.200180m | Min Depth: 0.000001m
2026-08-07 13:00:39 - Step:   481 | Sim Clock Time:    48.10s | Max Depth: 0.200632m | Min Depth: 0.000001m
2026-08-07 13:00:39 - Step:   482 | Sim Clock Time:    48.20s | Max Depth: 0.201003m | Min Depth: 0.000001m
2026-08-07 13:00:39 - Step:   483 | Sim Clock Time:    48.30s | Max Depth: 0.201381m | Min Depth: 0.000001m
2026-08-07 13:00:39 - Step:   484 | Sim Clock Time:    48.40s | Max Depth: 0.201871m | Min Depth: 0.000001m
2026-08-07 13:00:40 - Step:   485 | Sim Clock Time:    48.50s | Max Depth: 0.202417m | Min Depth: 0.000001m
2026-08-07 13:00:40 - Step:   486 | Sim Clock Time:    48.60s | Max Depth: 0.205796m | Min Depth: 0.000001m
2026-08-07 13:00:40 - Step:   487 | Sim Clock Time:    48.70s | Max Depth: 0.206379m | Min Depth: 0.000001m
2026-08-07 13:00:40 - Step:   488 | Sim Clock Time:    48.80s | Max Depth: 0.206837m | Min Depth: 0.000001m
2026-08-07 13:00:40 - Step:   489 | Sim Clock Time:    48.90s | Max Depth: 0.207219m | Min Depth: 0.000001m
2026-08-07 13:00:40 - Step:   490 | Sim Clock Time:    49.00s | Max Depth: 0.207602m | Min Depth: 0.000001m
2026-08-07 13:00:40 - Step:   491 | Sim Clock Time:    49.10s | Max Depth: 0.207961m | Min Depth: 0.000001m
2026-08-07 13:00:40 - Step:   492 | Sim Clock Time:    49.20s | Max Depth: 0.208308m | Min Depth: 0.000001m
2026-08-07 13:00:40 - Step:   493 | Sim Clock Time:    49.30s | Max Depth: 0.208809m | Min Depth: 0.000001m
2026-08-07 13:00:40 - Step:   494 | Sim Clock Time:    49.40s | Max Depth: 0.209405m | Min Depth: 0.000001m
2026-08-07 13:00:40 - Step:   495 | Sim Clock Time:    49.50s | Max Depth: 0.209876m | Min Depth: 0.000001m
2026-08-07 13:00:40 - Step:   496 | Sim Clock Time:    49.60s | Max Depth: 0.210265m | Min Depth: 0.000001m
2026-08-07 13:00:40 - Step:   497 | Sim Clock Time:    49.70s | Max Depth: 0.210644m | Min Depth: 0.000001m
2026-08-07 13:00:40 - Step:   498 | Sim Clock Time:    49.80s | Max Depth: 0.211090m | Min Depth: 0.000001m
2026-08-07 13:00:40 - Step:   499 | Sim Clock Time:    49.90s | Max Depth: 0.211529m | Min Depth: 0.000001m
2026-08-07 13:00:40 - Step:   500 | Sim Clock Time:    50.00s | Max Depth: 0.214986m | Min Depth: 0.000001m
2026-08-07 13:00:41 - Step:   501 | Sim Clock Time:    50.10s | Max Depth: 0.215578m | Min Depth: 0.000001m
2026-08-07 13:00:41 - Step:   502 | Sim Clock Time:    50.20s | Max Depth: 0.216039m | Min Depth: 0.000001m
2026-08-07 13:00:41 - Step:   503 | Sim Clock Time:    50.30s | Max Depth: 0.216429m | Min Depth: 0.000001m
2026-08-07 13:00:41 - Step:   504 | Sim Clock Time:    50.40s | Max Depth: 0.216813m | Min Depth: 0.000001m
2026-08-07 13:00:41 - Step:   505 | Sim Clock Time:    50.50s | Max Depth: 0.217180m | Min Depth: 0.000001m
2026-08-07 13:00:41 - Step:   506 | Sim Clock Time:    50.60s | Max Depth: 0.217533m | Min Depth: 0.000001m
2026-08-07 13:00:41 - Step:   507 | Sim Clock Time:    50.70s | Max Depth: 0.218139m | Min Depth: 0.000001m
2026-08-07 13:00:41 - Step:   508 | Sim Clock Time:    50.80s | Max Depth: 0.218700m | Min Depth: 0.000001m
2026-08-07 13:00:41 - Step:   509 | Sim Clock Time:    50.90s | Max Depth: 0.219162m | Min Depth: 0.000001m
2026-08-07 13:00:41 - Step:   510 | Sim Clock Time:    51.00s | Max Depth: 0.219554m | Min Depth: 0.000001m
2026-08-07 13:00:41 - Step:   511 | Sim Clock Time:    51.10s | Max Depth: 0.219934m | Min Depth: 0.000001m
2026-08-07 13:00:41 - Step:   512 | Sim Clock Time:    51.20s | Max Depth: 0.220306m | Min Depth: 0.000001m
2026-08-07 13:00:41 - Step:   513 | Sim Clock Time:    51.30s | Max Depth: 0.222279m | Min Depth: 0.000001m
2026-08-07 13:00:41 - Step:   514 | Sim Clock Time:    51.40s | Max Depth: 0.224371m | Min Depth: 0.000001m
2026-08-07 13:00:41 - Step:   515 | Sim Clock Time:    51.50s | Max Depth: 0.224896m | Min Depth: 0.000001m
2026-08-07 13:00:42 - Step:   516 | Sim Clock Time:    51.60s | Max Depth: 0.225336m | Min Depth: 0.000001m
2026-08-07 13:00:42 - Step:   517 | Sim Clock Time:    51.70s | Max Depth: 0.225742m | Min Depth: 0.000001m
2026-08-07 13:00:42 - Step:   518 | Sim Clock Time:    51.80s | Max Depth: 0.226135m | Min Depth: 0.000001m
2026-08-07 13:00:42 - Step:   519 | Sim Clock Time:    51.90s | Max Depth: 0.226507m | Min Depth: 0.000001m
2026-08-07 13:00:42 - Step:   520 | Sim Clock Time:    52.00s | Max Depth: 0.226876m | Min Depth: 0.000001m
2026-08-07 13:00:42 - Step:   521 | Sim Clock Time:    52.10s | Max Depth: 0.227622m | Min Depth: 0.000001m
2026-08-07 13:00:42 - Step:   522 | Sim Clock Time:    52.20s | Max Depth: 0.228136m | Min Depth: 0.000001m
2026-08-07 13:00:42 - Step:   523 | Sim Clock Time:    52.30s | Max Depth: 0.228562m | Min Depth: 0.000001m
2026-08-07 13:00:42 - Step:   524 | Sim Clock Time:    52.40s | Max Depth: 0.228970m | Min Depth: 0.000001m
2026-08-07 13:00:42 - Step:   525 | Sim Clock Time:    52.50s | Max Depth: 0.229427m | Min Depth: 0.000001m
2026-08-07 13:00:42 - Step:   526 | Sim Clock Time:    52.60s | Max Depth: 0.229728m | Min Depth: 0.000001m
2026-08-07 13:00:42 - Step:   527 | Sim Clock Time:    52.70s | Max Depth: 0.233197m | Min Depth: 0.000001m
2026-08-07 13:00:42 - Step:   528 | Sim Clock Time:    52.80s | Max Depth: 0.233903m | Min Depth: 0.000001m
2026-08-07 13:00:42 - Step:   529 | Sim Clock Time:    52.90s | Max Depth: 0.234389m | Min Depth: 0.000001m
2026-08-07 13:00:42 - Step:   530 | Sim Clock Time:    53.00s | Max Depth: 0.234806m | Min Depth: 0.000001m
2026-08-07 13:00:42 - Step:   531 | Sim Clock Time:    53.10s | Max Depth: 0.235212m | Min Depth: 0.000001m
2026-08-07 13:00:43 - Step:   532 | Sim Clock Time:    53.20s | Max Depth: 0.235595m | Min Depth: 0.000001m
2026-08-07 13:00:43 - Step:   533 | Sim Clock Time:    53.30s | Max Depth: 0.235966m | Min Depth: 0.000001m
2026-08-07 13:00:43 - Step:   534 | Sim Clock Time:    53.40s | Max Depth: 0.236727m | Min Depth: 0.000001m
2026-08-07 13:00:43 - Step:   535 | Sim Clock Time:    53.50s | Max Depth: 0.237280m | Min Depth: 0.000001m
2026-08-07 13:00:43 - Step:   536 | Sim Clock Time:    53.60s | Max Depth: 0.237738m | Min Depth: 0.000001m
2026-08-07 13:00:43 - Step:   537 | Sim Clock Time:    53.70s | Max Depth: 0.238148m | Min Depth: 0.000001m
2026-08-07 13:00:43 - Step:   538 | Sim Clock Time:    53.80s | Max Depth: 0.238549m | Min Depth: 0.000001m
2026-08-07 13:00:43 - Step:   539 | Sim Clock Time:    53.90s | Max Depth: 0.238928m | Min Depth: 0.000001m
2026-08-07 13:00:43 - Step:   540 | Sim Clock Time:    54.00s | Max Depth: 0.242102m | Min Depth: 0.000001m
2026-08-07 13:00:43 - Step:   541 | Sim Clock Time:    54.10s | Max Depth: 0.243001m | Min Depth: 0.000001m
2026-08-07 13:00:43 - Step:   542 | Sim Clock Time:    54.20s | Max Depth: 0.243504m | Min Depth: 0.000001m
2026-08-07 13:00:43 - Step:   543 | Sim Clock Time:    54.30s | Max Depth: 0.243931m | Min Depth: 0.000001m
2026-08-07 13:00:43 - Step:   544 | Sim Clock Time:    54.40s | Max Depth: 0.244345m | Min Depth: 0.000001m
2026-08-07 13:00:43 - Step:   545 | Sim Clock Time:    54.50s | Max Depth: 0.244738m | Min Depth: 0.000001m
2026-08-07 13:00:43 - Step:   546 | Sim Clock Time:    54.60s | Max Depth: 0.245110m | Min Depth: 0.000001m
2026-08-07 13:00:44 - Step:   547 | Sim Clock Time:    54.70s | Max Depth: 0.245877m | Min Depth: 0.000001m
2026-08-07 13:00:44 - Step:   548 | Sim Clock Time:    54.80s | Max Depth: 0.246441m | Min Depth: 0.000001m
2026-08-07 13:00:44 - Step:   549 | Sim Clock Time:    54.90s | Max Depth: 0.246900m | Min Depth: 0.000001m
2026-08-07 13:00:44 - Step:   550 | Sim Clock Time:    55.00s | Max Depth: 0.247318m | Min Depth: 0.000001m
2026-08-07 13:00:44 - Step:   551 | Sim Clock Time:    55.10s | Max Depth: 0.247721m | Min Depth: 0.000001m
2026-08-07 13:00:44 - Step:   552 | Sim Clock Time:    55.20s | Max Depth: 0.248099m | Min Depth: 0.000001m
2026-08-07 13:00:44 - Step:   553 | Sim Clock Time:    55.30s | Max Depth: 0.251370m | Min Depth: 0.000001m
2026-08-07 13:00:44 - Step:   554 | Sim Clock Time:    55.40s | Max Depth: 0.252158m | Min Depth: 0.000001m
2026-08-07 13:00:44 - Step:   555 | Sim Clock Time:    55.50s | Max Depth: 0.252655m | Min Depth: 0.000001m
2026-08-07 13:00:44 - Step:   556 | Sim Clock Time:    55.60s | Max Depth: 0.253080m | Min Depth: 0.000001m
2026-08-07 13:00:44 - Step:   557 | Sim Clock Time:    55.70s | Max Depth: 0.253491m | Min Depth: 0.000001m
2026-08-07 13:00:44 - Step:   558 | Sim Clock Time:    55.80s | Max Depth: 0.253882m | Min Depth: 0.000001m
2026-08-07 13:00:44 - Step:   559 | Sim Clock Time:    55.90s | Max Depth: 0.254251m | Min Depth: 0.000001m
2026-08-07 13:00:44 - Step:   560 | Sim Clock Time:    56.00s | Max Depth: 0.255158m | Min Depth: 0.000001m
2026-08-07 13:00:44 - Step:   561 | Sim Clock Time:    56.10s | Max Depth: 0.255694m | Min Depth: 0.000001m
2026-08-07 13:00:44 - Step:   562 | Sim Clock Time:    56.20s | Max Depth: 0.256129m | Min Depth: 0.000001m
2026-08-07 13:00:45 - Step:   563 | Sim Clock Time:    56.30s | Max Depth: 0.256541m | Min Depth: 0.000001m
2026-08-07 13:00:45 - Step:   564 | Sim Clock Time:    56.40s | Max Depth: 0.256944m | Min Depth: 0.000001m
2026-08-07 13:00:45 - Step:   565 | Sim Clock Time:    56.50s | Max Depth: 0.257694m | Min Depth: 0.000001m
2026-08-07 13:00:45 - Step:   566 | Sim Clock Time:    56.60s | Max Depth: 0.260742m | Min Depth: 0.000001m
2026-08-07 13:00:45 - Step:   567 | Sim Clock Time:    56.70s | Max Depth: 0.261335m | Min Depth: 0.000001m
2026-08-07 13:00:45 - Step:   568 | Sim Clock Time:    56.80s | Max Depth: 0.261802m | Min Depth: 0.000001m
2026-08-07 13:00:45 - Step:   569 | Sim Clock Time:    56.90s | Max Depth: 0.262225m | Min Depth: 0.000001m
2026-08-07 13:00:45 - Step:   570 | Sim Clock Time:    57.00s | Max Depth: 0.262633m | Min Depth: 0.000001m
2026-08-07 13:00:45 - Step:   571 | Sim Clock Time:    57.10s | Max Depth: 0.263018m | Min Depth: 0.000001m
2026-08-07 13:00:45 - Step:   572 | Sim Clock Time:    57.20s | Max Depth: 0.263671m | Min Depth: 0.000001m
2026-08-07 13:00:45 - Step:   573 | Sim Clock Time:    57.30s | Max Depth: 0.264375m | Min Depth: 0.000001m
2026-08-07 13:00:45 - Step:   574 | Sim Clock Time:    57.40s | Max Depth: 0.264861m | Min Depth: 0.000001m
2026-08-07 13:00:45 - Step:   575 | Sim Clock Time:    57.50s | Max Depth: 0.265266m | Min Depth: 0.000001m
2026-08-07 13:00:45 - Step:   576 | Sim Clock Time:    57.60s | Max Depth: 0.265663m | Min Depth: 0.000001m
2026-08-07 13:00:45 - Step:   577 | Sim Clock Time:    57.70s | Max Depth: 0.266040m | Min Depth: 0.000001m
2026-08-07 13:00:46 - Step:   578 | Sim Clock Time:    57.80s | Max Depth: 0.268947m | Min Depth: 0.000001m
2026-08-07 13:00:46 - Step:   579 | Sim Clock Time:    57.90s | Max Depth: 0.269933m | Min Depth: 0.000001m
2026-08-07 13:00:46 - Step:   580 | Sim Clock Time:    58.00s | Max Depth: 0.270433m | Min Depth: 0.000001m
2026-08-07 13:00:46 - Step:   581 | Sim Clock Time:    58.10s | Max Depth: 0.270849m | Min Depth: 0.000001m
2026-08-07 13:00:46 - Step:   582 | Sim Clock Time:    58.20s | Max Depth: 0.271250m | Min Depth: 0.000001m
2026-08-07 13:00:46 - Step:   583 | Sim Clock Time:    58.30s | Max Depth: 0.271637m | Min Depth: 0.000001m
2026-08-07 13:00:46 - Step:   584 | Sim Clock Time:    58.40s | Max Depth: 0.271989m | Min Depth: 0.000001m
2026-08-07 13:00:46 - Step:   585 | Sim Clock Time:    58.50s | Max Depth: 0.272988m | Min Depth: 0.000001m
2026-08-07 13:00:46 - Step:   586 | Sim Clock Time:    58.60s | Max Depth: 0.273509m | Min Depth: 0.000001m
2026-08-07 13:00:46 - Step:   587 | Sim Clock Time:    58.70s | Max Depth: 0.273918m | Min Depth: 0.000001m
2026-08-07 13:00:46 - Step:   588 | Sim Clock Time:    58.80s | Max Depth: 0.274316m | Min Depth: 0.000001m
2026-08-07 13:00:46 - Step:   589 | Sim Clock Time:    58.90s | Max Depth: 0.274701m | Min Depth: 0.000001m
2026-08-07 13:00:46 - Step:   590 | Sim Clock Time:    59.00s | Max Depth: 0.276725m | Min Depth: 0.000001m
2026-08-07 13:00:46 - Step:   591 | Sim Clock Time:    59.10s | Max Depth: 0.278405m | Min Depth: 0.000001m
2026-08-07 13:00:46 - Step:   592 | Sim Clock Time:    59.20s | Max Depth: 0.278913m | Min Depth: 0.000001m
2026-08-07 13:00:47 - Step:   593 | Sim Clock Time:    59.30s | Max Depth: 0.279329m | Min Depth: 0.000001m
2026-08-07 13:00:47 - Step:   594 | Sim Clock Time:    59.40s | Max Depth: 0.279722m | Min Depth: 0.000001m
2026-08-07 13:00:47 - Step:   595 | Sim Clock Time:    59.50s | Max Depth: 0.280096m | Min Depth: 0.000001m
2026-08-07 13:00:47 - Step:   596 | Sim Clock Time:    59.60s | Max Depth: 0.280422m | Min Depth: 0.000001m
2026-08-07 13:00:47 - Step:   597 | Sim Clock Time:    59.70s | Max Depth: 0.281412m | Min Depth: 0.000001m
2026-08-07 13:00:47 - Step:   598 | Sim Clock Time:    59.80s | Max Depth: 0.281932m | Min Depth: 0.000001m
2026-08-07 13:00:47 - Step:   599 | Sim Clock Time:    59.90s | Max Depth: 0.282333m | Min Depth: 0.000001m
2026-08-07 13:00:47 - Step:   600 | Sim Clock Time:    60.00s | Max Depth: 0.282709m | Min Depth: 0.000001m
2026-08-07 13:00:47 - Step:   601 | Sim Clock Time:    60.10s | Max Depth: 0.283077m | Min Depth: 0.000001m
2026-08-07 13:00:47 - Step:   602 | Sim Clock Time:    60.20s | Max Depth: 0.284739m | Min Depth: 0.000001m
2026-08-07 13:00:47 - Step:   603 | Sim Clock Time:    60.30s | Max Depth: 0.286682m | Min Depth: 0.000001m
2026-08-07 13:00:47 - Step:   604 | Sim Clock Time:    60.40s | Max Depth: 0.287179m | Min Depth: 0.000001m
2026-08-07 13:00:47 - Step:   605 | Sim Clock Time:    60.50s | Max Depth: 0.287579m | Min Depth: 0.000001m
2026-08-07 13:00:47 - Step:   606 | Sim Clock Time:    60.60s | Max Depth: 0.287947m | Min Depth: 0.000001m
2026-08-07 13:00:47 - Step:   607 | Sim Clock Time:    60.70s | Max Depth: 0.288297m | Min Depth: 0.000001m
2026-08-07 13:00:47 - Step:   608 | Sim Clock Time:    60.80s | Max Depth: 0.288602m | Min Depth: 0.000001m
2026-08-07 13:00:48 - Step:   609 | Sim Clock Time:    60.90s | Max Depth: 0.289616m | Min Depth: 0.000001m
2026-08-07 13:00:48 - Step:   610 | Sim Clock Time:    61.00s | Max Depth: 0.290112m | Min Depth: 0.000001m
2026-08-07 13:00:48 - Step:   611 | Sim Clock Time:    61.10s | Max Depth: 0.290485m | Min Depth: 0.000001m
2026-08-07 13:00:48 - Step:   612 | Sim Clock Time:    61.20s | Max Depth: 0.290833m | Min Depth: 0.000001m
2026-08-07 13:00:48 - Step:   613 | Sim Clock Time:    61.30s | Max Depth: 0.291173m | Min Depth: 0.000001m
2026-08-07 13:00:48 - Step:   614 | Sim Clock Time:    61.40s | Max Depth: 0.293167m | Min Depth: 0.000001m
2026-08-07 13:00:48 - Step:   615 | Sim Clock Time:    61.50s | Max Depth: 0.294677m | Min Depth: 0.000001m
2026-08-07 13:00:48 - Step:   616 | Sim Clock Time:    61.60s | Max Depth: 0.295140m | Min Depth: 0.000001m
2026-08-07 13:00:48 - Step:   617 | Sim Clock Time:    61.70s | Max Depth: 0.295503m | Min Depth: 0.000001m
2026-08-07 13:00:48 - Step:   618 | Sim Clock Time:    61.80s | Max Depth: 0.295831m | Min Depth: 0.000001m
2026-08-07 13:00:48 - Step:   619 | Sim Clock Time:    61.90s | Max Depth: 0.296146m | Min Depth: 0.000001m
2026-08-07 13:00:48 - Step:   620 | Sim Clock Time:    62.00s | Max Depth: 0.296535m | Min Depth: 0.000001m
2026-08-07 13:00:48 - Step:   621 | Sim Clock Time:    62.10s | Max Depth: 0.297517m | Min Depth: 0.000001m
2026-08-07 13:00:48 - Step:   622 | Sim Clock Time:    62.20s | Max Depth: 0.297960m | Min Depth: 0.000001m
2026-08-07 13:00:48 - Step:   623 | Sim Clock Time:    62.30s | Max Depth: 0.298294m | Min Depth: 0.000001m
2026-08-07 13:00:49 - Step:   624 | Sim Clock Time:    62.40s | Max Depth: 0.298609m | Min Depth: 0.000001m
2026-08-07 13:00:49 - Step:   625 | Sim Clock Time:    62.50s | Max Depth: 0.298883m | Min Depth: 0.000001m
2026-08-07 13:00:49 - Step:   626 | Sim Clock Time:    62.60s | Max Depth: 0.301499m | Min Depth: 0.000001m
2026-08-07 13:00:49 - Step:   627 | Sim Clock Time:    62.70s | Max Depth: 0.302302m | Min Depth: 0.000001m
2026-08-07 13:00:49 - Step:   628 | Sim Clock Time:    62.80s | Max Depth: 0.302696m | Min Depth: 0.000001m
2026-08-07 13:00:49 - Step:   629 | Sim Clock Time:    62.90s | Max Depth: 0.303009m | Min Depth: 0.000001m
2026-08-07 13:00:49 - Step:   630 | Sim Clock Time:    63.00s | Max Depth: 0.303297m | Min Depth: 0.000001m
2026-08-07 13:00:49 - Step:   631 | Sim Clock Time:    63.10s | Max Depth: 0.303539m | Min Depth: 0.000001m
2026-08-07 13:00:49 - Step:   632 | Sim Clock Time:    63.20s | Max Depth: 0.304410m | Min Depth: 0.000001m
2026-08-07 13:00:49 - Step:   633 | Sim Clock Time:    63.30s | Max Depth: 0.304993m | Min Depth: 0.000001m
2026-08-07 13:00:49 - Step:   634 | Sim Clock Time:    63.40s | Max Depth: 0.305343m | Min Depth: 0.000001m
2026-08-07 13:00:49 - Step:   635 | Sim Clock Time:    63.50s | Max Depth: 0.305618m | Min Depth: 0.000001m
2026-08-07 13:00:49 - Step:   636 | Sim Clock Time:    63.60s | Max Depth: 0.305897m | Min Depth: 0.000001m
2026-08-07 13:00:49 - Step:   637 | Sim Clock Time:    63.70s | Max Depth: 0.306117m | Min Depth: 0.000001m
2026-08-07 13:00:49 - Step:   638 | Sim Clock Time:    63.80s | Max Depth: 0.308980m | Min Depth: 0.000001m
2026-08-07 13:00:50 - Step:   639 | Sim Clock Time:    63.90s | Max Depth: 0.309412m | Min Depth: 0.000001m
2026-08-07 13:00:50 - Step:   640 | Sim Clock Time:    64.00s | Max Depth: 0.309714m | Min Depth: 0.000001m
2026-08-07 13:00:50 - Step:   641 | Sim Clock Time:    64.10s | Max Depth: 0.309960m | Min Depth: 0.000001m
2026-08-07 13:00:50 - Step:   642 | Sim Clock Time:    64.20s | Max Depth: 0.310193m | Min Depth: 0.000001m
2026-08-07 13:00:50 - Step:   643 | Sim Clock Time:    64.30s | Max Depth: 0.310386m | Min Depth: 0.000001m
2026-08-07 13:00:50 - Step:   644 | Sim Clock Time:    64.40s | Max Depth: 0.311475m | Min Depth: 0.000001m
2026-08-07 13:00:50 - Step:   645 | Sim Clock Time:    64.50s | Max Depth: 0.311854m | Min Depth: 0.000001m
2026-08-07 13:00:50 - Step:   646 | Sim Clock Time:    64.60s | Max Depth: 0.312105m | Min Depth: 0.000001m
2026-08-07 13:00:50 - Step:   647 | Sim Clock Time:    64.70s | Max Depth: 0.312331m | Min Depth: 0.000001m
2026-08-07 13:00:50 - Step:   648 | Sim Clock Time:    64.80s | Max Depth: 0.312514m | Min Depth: 0.000001m
2026-08-07 13:00:50 - Step:   649 | Sim Clock Time:    64.90s | Max Depth: 0.314790m | Min Depth: 0.000001m
2026-08-07 13:00:50 - Step:   650 | Sim Clock Time:    65.00s | Max Depth: 0.315592m | Min Depth: 0.000001m
2026-08-07 13:00:50 - Step:   651 | Sim Clock Time:    65.10s | Max Depth: 0.315897m | Min Depth: 0.000001m
2026-08-07 13:00:50 - Step:   652 | Sim Clock Time:    65.20s | Max Depth: 0.316115m | Min Depth: 0.000001m
2026-08-07 13:00:50 - Step:   653 | Sim Clock Time:    65.30s | Max Depth: 0.316313m | Min Depth: 0.000001m
2026-08-07 13:00:51 - Step:   654 | Sim Clock Time:    65.40s | Max Depth: 0.316454m | Min Depth: 0.000001m
2026-08-07 13:00:51 - Step:   655 | Sim Clock Time:    65.50s | Max Depth: 0.317377m | Min Depth: 0.000001m
2026-08-07 13:00:51 - Step:   656 | Sim Clock Time:    65.60s | Max Depth: 0.317826m | Min Depth: 0.000001m
2026-08-07 13:00:51 - Step:   657 | Sim Clock Time:    65.70s | Max Depth: 0.318068m | Min Depth: 0.000001m
2026-08-07 13:00:51 - Step:   658 | Sim Clock Time:    65.80s | Max Depth: 0.318245m | Min Depth: 0.000001m
2026-08-07 13:00:51 - Step:   659 | Sim Clock Time:    65.90s | Max Depth: 0.318417m | Min Depth: 0.000001m
2026-08-07 13:00:51 - Step:   660 | Sim Clock Time:    66.00s | Max Depth: 0.319294m | Min Depth: 0.000001m
2026-08-07 13:00:51 - Step:   661 | Sim Clock Time:    66.10s | Max Depth: 0.321248m | Min Depth: 0.000001m
2026-08-07 13:00:51 - Step:   662 | Sim Clock Time:    66.20s | Max Depth: 0.321560m | Min Depth: 0.000001m
2026-08-07 13:00:51 - Step:   663 | Sim Clock Time:    66.30s | Max Depth: 0.321756m | Min Depth: 0.000001m
2026-08-07 13:00:51 - Step:   664 | Sim Clock Time:    66.40s | Max Depth: 0.321908m | Min Depth: 0.000001m
2026-08-07 13:00:51 - Step:   665 | Sim Clock Time:    66.50s | Max Depth: 0.322025m | Min Depth: 0.000001m
2026-08-07 13:00:51 - Step:   666 | Sim Clock Time:    66.60s | Max Depth: 0.322644m | Min Depth: 0.000001m
2026-08-07 13:00:51 - Step:   667 | Sim Clock Time:    66.70s | Max Depth: 0.323295m | Min Depth: 0.000001m
2026-08-07 13:00:51 - Step:   668 | Sim Clock Time:    66.80s | Max Depth: 0.323533m | Min Depth: 0.000001m
2026-08-07 13:00:52 - Step:   669 | Sim Clock Time:    66.90s | Max Depth: 0.323674m | Min Depth: 0.000001m
2026-08-07 13:00:52 - Step:   670 | Sim Clock Time:    67.00s | Max Depth: 0.323819m | Min Depth: 0.000001m
2026-08-07 13:00:52 - Step:   671 | Sim Clock Time:    67.10s | Max Depth: 0.323913m | Min Depth: 0.000001m
2026-08-07 13:00:52 - Step:   672 | Sim Clock Time:    67.20s | Max Depth: 0.326413m | Min Depth: 0.000001m
2026-08-07 13:00:52 - Step:   673 | Sim Clock Time:    67.30s | Max Depth: 0.326742m | Min Depth: 0.000001m
2026-08-07 13:00:52 - Step:   674 | Sim Clock Time:    67.40s | Max Depth: 0.326913m | Min Depth: 0.000001m
2026-08-07 13:00:52 - Step:   675 | Sim Clock Time:    67.50s | Max Depth: 0.327023m | Min Depth: 0.000001m
2026-08-07 13:00:52 - Step:   676 | Sim Clock Time:    67.60s | Max Depth: 0.327113m | Min Depth: 0.000001m
2026-08-07 13:00:52 - Step:   677 | Sim Clock Time:    67.70s | Max Depth: 0.327239m | Min Depth: 0.000001m
2026-08-07 13:00:52 - Step:   678 | Sim Clock Time:    67.80s | Max Depth: 0.328299m | Min Depth: 0.000001m
2026-08-07 13:00:52 - Step:   679 | Sim Clock Time:    67.90s | Max Depth: 0.328529m | Min Depth: 0.000001m
2026-08-07 13:00:52 - Step:   680 | Sim Clock Time:    68.00s | Max Depth: 0.328639m | Min Depth: 0.000001m
2026-08-07 13:00:52 - Step:   681 | Sim Clock Time:    68.10s | Max Depth: 0.328749m | Min Depth: 0.000001m
2026-08-07 13:00:52 - Step:   682 | Sim Clock Time:    68.20s | Max Depth: 0.328799m | Min Depth: 0.000001m
2026-08-07 13:00:53 - Step:   683 | Sim Clock Time:    68.30s | Max Depth: 0.331087m | Min Depth: 0.000001m
2026-08-07 13:00:53 - Step:   684 | Sim Clock Time:    68.40s | Max Depth: 0.331467m | Min Depth: 0.000001m
2026-08-07 13:00:53 - Step:   685 | Sim Clock Time:    68.50s | Max Depth: 0.331618m | Min Depth: 0.000001m
2026-08-07 13:00:53 - Step:   686 | Sim Clock Time:    68.60s | Max Depth: 0.331693m | Min Depth: 0.000001m
2026-08-07 13:00:53 - Step:   687 | Sim Clock Time:    68.70s | Max Depth: 0.331754m | Min Depth: 0.000001m
2026-08-07 13:00:53 - Step:   688 | Sim Clock Time:    68.80s | Max Depth: 0.331787m | Min Depth: 0.000001m
2026-08-07 13:00:53 - Step:   689 | Sim Clock Time:    68.90s | Max Depth: 0.332871m | Min Depth: 0.000001m
2026-08-07 13:00:53 - Step:   690 | Sim Clock Time:    69.00s | Max Depth: 0.333088m | Min Depth: 0.000001m
2026-08-07 13:00:53 - Step:   691 | Sim Clock Time:    69.10s | Max Depth: 0.333168m | Min Depth: 0.000001m
2026-08-07 13:00:53 - Step:   692 | Sim Clock Time:    69.20s | Max Depth: 0.333244m | Min Depth: 0.000001m
2026-08-07 13:00:53 - Step:   693 | Sim Clock Time:    69.30s | Max Depth: 0.333258m | Min Depth: 0.000001m
2026-08-07 13:00:53 - Step:   694 | Sim Clock Time:    69.40s | Max Depth: 0.335356m | Min Depth: 0.000001m
2026-08-07 13:00:53 - Step:   695 | Sim Clock Time:    69.50s | Max Depth: 0.335778m | Min Depth: 0.000001m
2026-08-07 13:00:53 - Step:   696 | Sim Clock Time:    69.60s | Max Depth: 0.335903m | Min Depth: 0.000001m
2026-08-07 13:00:53 - Step:   697 | Sim Clock Time:    69.70s | Max Depth: 0.335943m | Min Depth: 0.000001m
2026-08-07 13:00:54 - Step:   698 | Sim Clock Time:    69.80s | Max Depth: 0.335971m | Min Depth: 0.000001m
2026-08-07 13:00:54 - Step:   699 | Sim Clock Time:    69.90s | Max Depth: 0.335966m | Min Depth: 0.000001m
2026-08-07 13:00:54 - Step:   700 | Sim Clock Time:    70.00s | Max Depth: 0.337050m | Min Depth: 0.000001m
2026-08-07 13:00:54 - Step:   701 | Sim Clock Time:    70.10s | Max Depth: 0.337242m | Min Depth: 0.000001m
2026-08-07 13:00:54 - Step:   702 | Sim Clock Time:    70.20s | Max Depth: 0.337287m | Min Depth: 0.000001m
2026-08-07 13:00:54 - Step:   703 | Sim Clock Time:    70.30s | Max Depth: 0.337328m | Min Depth: 0.000001m
2026-08-07 13:00:54 - Step:   704 | Sim Clock Time:    70.40s | Max Depth: 0.337309m | Min Depth: 0.000001m
2026-08-07 13:00:54 - Step:   705 | Sim Clock Time:    70.50s | Max Depth: 0.339285m | Min Depth: 0.000001m
2026-08-07 13:00:54 - Step:   706 | Sim Clock Time:    70.60s | Max Depth: 0.339693m | Min Depth: 0.000001m
2026-08-07 13:00:54 - Step:   707 | Sim Clock Time:    70.70s | Max Depth: 0.339788m | Min Depth: 0.000001m
2026-08-07 13:00:54 - Step:   708 | Sim Clock Time:    70.80s | Max Depth: 0.339795m | Min Depth: 0.000001m
2026-08-07 13:00:54 - Step:   709 | Sim Clock Time:    70.90s | Max Depth: 0.339789m | Min Depth: 0.000001m
2026-08-07 13:00:54 - Step:   710 | Sim Clock Time:    71.00s | Max Depth: 0.339752m | Min Depth: 0.000001m
2026-08-07 13:00:54 - Step:   711 | Sim Clock Time:    71.10s | Max Depth: 0.340843m | Min Depth: 0.000001m
2026-08-07 13:00:55 - Step:   712 | Sim Clock Time:    71.20s | Max Depth: 0.341002m | Min Depth: 0.000001m
2026-08-07 13:00:55 - Step:   713 | Sim Clock Time:    71.30s | Max Depth: 0.341014m | Min Depth: 0.000001m
2026-08-07 13:00:55 - Step:   714 | Sim Clock Time:    71.40s | Max Depth: 0.341023m | Min Depth: 0.000001m
2026-08-07 13:00:55 - Step:   715 | Sim Clock Time:    71.50s | Max Depth: 0.340981m | Min Depth: 0.000001m
2026-08-07 13:00:55 - Step:   716 | Sim Clock Time:    71.60s | Max Depth: 0.342923m | Min Depth: 0.000001m
2026-08-07 13:00:55 - Step:   717 | Sim Clock Time:    71.70s | Max Depth: 0.343257m | Min Depth: 0.000001m
2026-08-07 13:00:55 - Step:   718 | Sim Clock Time:    71.80s | Max Depth: 0.343311m | Min Depth: 0.000001m
2026-08-07 13:00:55 - Step:   719 | Sim Clock Time:    71.90s | Max Depth: 0.343294m | Min Depth: 0.000001m
2026-08-07 13:00:55 - Step:   720 | Sim Clock Time:    72.00s | Max Depth: 0.343250m | Min Depth: 0.000001m
2026-08-07 13:00:55 - Step:   721 | Sim Clock Time:    72.10s | Max Depth: 0.343193m | Min Depth: 0.000001m
2026-08-07 13:00:55 - Step:   722 | Sim Clock Time:    72.20s | Max Depth: 0.344313m | Min Depth: 0.000001m
2026-08-07 13:00:55 - Step:   723 | Sim Clock Time:    72.30s | Max Depth: 0.344429m | Min Depth: 0.000001m
2026-08-07 13:00:55 - Step:   724 | Sim Clock Time:    72.40s | Max Depth: 0.344406m | Min Depth: 0.000001m
2026-08-07 13:00:55 - Step:   725 | Sim Clock Time:    72.50s | Max Depth: 0.344382m | Min Depth: 0.000001m
2026-08-07 13:00:56 - Step:   726 | Sim Clock Time:    72.60s | Max Depth: 0.344321m | Min Depth: 0.000001m
2026-08-07 13:00:56 - Step:   727 | Sim Clock Time:    72.70s | Max Depth: 0.346263m | Min Depth: 0.000001m
2026-08-07 13:00:56 - Step:   728 | Sim Clock Time:    72.80s | Max Depth: 0.346496m | Min Depth: 0.000001m
2026-08-07 13:00:56 - Step:   729 | Sim Clock Time:    72.90s | Max Depth: 0.346510m | Min Depth: 0.000001m
2026-08-07 13:00:56 - Step:   730 | Sim Clock Time:    73.00s | Max Depth: 0.346471m | Min Depth: 0.000001m
2026-08-07 13:00:56 - Step:   731 | Sim Clock Time:    73.10s | Max Depth: 0.346392m | Min Depth: 0.000001m
2026-08-07 13:00:56 - Step:   732 | Sim Clock Time:    73.20s | Max Depth: 0.346667m | Min Depth: 0.000001m
2026-08-07 13:00:56 - Step:   733 | Sim Clock Time:    73.30s | Max Depth: 0.347477m | Min Depth: 0.000001m
2026-08-07 13:00:56 - Step:   734 | Sim Clock Time:    73.40s | Max Depth: 0.347542m | Min Depth: 0.000001m
2026-08-07 13:00:56 - Step:   735 | Sim Clock Time:    73.50s | Max Depth: 0.347490m | Min Depth: 0.000001m
2026-08-07 13:00:56 - Step:   736 | Sim Clock Time:    73.60s | Max Depth: 0.347432m | Min Depth: 0.000001m
2026-08-07 13:00:56 - Step:   737 | Sim Clock Time:    73.70s | Max Depth: 0.347426m | Min Depth: 0.000001m
2026-08-07 13:00:56 - Step:   738 | Sim Clock Time:    73.80s | Max Depth: 0.349307m | Min Depth: 0.000001m
2026-08-07 13:00:56 - Step:   739 | Sim Clock Time:    73.90s | Max Depth: 0.349451m | Min Depth: 0.000001m
2026-08-07 13:00:57 - Step:   740 | Sim Clock Time:    74.00s | Max Depth: 0.349419m | Min Depth: 0.000001m
2026-08-07 13:00:57 - Step:   741 | Sim Clock Time:    74.10s | Max Depth: 0.349359m | Min Depth: 0.000001m
2026-08-07 13:00:57 - Step:   742 | Sim Clock Time:    74.20s | Max Depth: 0.349245m | Min Depth: 0.000001m
2026-08-07 13:00:57 - Step:   743 | Sim Clock Time:    74.30s | Max Depth: 0.349917m | Min Depth: 0.000001m
2026-08-07 13:00:57 - Step:   744 | Sim Clock Time:    74.40s | Max Depth: 0.350364m | Min Depth: 0.000001m
2026-08-07 13:00:57 - Step:   745 | Sim Clock Time:    74.50s | Max Depth: 0.350368m | Min Depth: 0.000001m
2026-08-07 13:00:57 - Step:   746 | Sim Clock Time:    74.60s | Max Depth: 0.350301m | Min Depth: 0.000001m
2026-08-07 13:00:57 - Step:   747 | Sim Clock Time:    74.70s | Max Depth: 0.350200m | Min Depth: 0.000001m
2026-08-07 13:00:57 - Step:   748 | Sim Clock Time:    74.80s | Max Depth: 0.350258m | Min Depth: 0.000001m
2026-08-07 13:00:57 - Step:   749 | Sim Clock Time:    74.90s | Max Depth: 0.352061m | Min Depth: 0.000001m
2026-08-07 13:00:57 - Step:   750 | Sim Clock Time:    75.00s | Max Depth: 0.352139m | Min Depth: 0.000001m
2026-08-07 13:00:57 - Step:   751 | Sim Clock Time:    75.10s | Max Depth: 0.352069m | Min Depth: 0.000001m
2026-08-07 13:00:57 - Step:   752 | Sim Clock Time:    75.20s | Max Depth: 0.351983m | Min Depth: 0.000001m
2026-08-07 13:00:57 - Step:   753 | Sim Clock Time:    75.30s | Max Depth: 0.351842m | Min Depth: 0.000001m
2026-08-07 13:00:58 - Step:   754 | Sim Clock Time:    75.40s | Max Depth: 0.352768m | Min Depth: 0.000001m
2026-08-07 13:00:58 - Step:   755 | Sim Clock Time:    75.50s | Max Depth: 0.352994m | Min Depth: 0.000001m
2026-08-07 13:00:58 - Step:   756 | Sim Clock Time:    75.60s | Max Depth: 0.352940m | Min Depth: 0.000001m
2026-08-07 13:00:58 - Step:   757 | Sim Clock Time:    75.70s | Max Depth: 0.352862m | Min Depth: 0.000001m
2026-08-07 13:00:58 - Step:   758 | Sim Clock Time:    75.80s | Max Depth: 0.352727m | Min Depth: 0.000001m
2026-08-07 13:00:58 - Step:   759 | Sim Clock Time:    75.90s | Max Depth: 0.353731m | Min Depth: 0.000001m
2026-08-07 13:00:58 - Step:   760 | Sim Clock Time:    76.00s | Max Depth: 0.354582m | Min Depth: 0.000001m
2026-08-07 13:00:58 - Step:   761 | Sim Clock Time:    76.10s | Max Depth: 0.354591m | Min Depth: 0.000001m
2026-08-07 13:00:58 - Step:   762 | Sim Clock Time:    76.20s | Max Depth: 0.354497m | Min Depth: 0.000001m
2026-08-07 13:00:58 - Step:   763 | Sim Clock Time:    76.30s | Max Depth: 0.354380m | Min Depth: 0.000001m
2026-08-07 13:00:58 - Step:   764 | Sim Clock Time:    76.40s | Max Depth: 0.354227m | Min Depth: 0.000001m
2026-08-07 13:00:58 - Step:   765 | Sim Clock Time:    76.50s | Max Depth: 0.355292m | Min Depth: 0.000001m
2026-08-07 13:00:58 - Step:   766 | Sim Clock Time:    76.60s | Max Depth: 0.355396m | Min Depth: 0.000001m
2026-08-07 13:00:58 - Step:   767 | Sim Clock Time:    76.70s | Max Depth: 0.355300m | Min Depth: 0.000001m
2026-08-07 13:00:59 - Step:   768 | Sim Clock Time:    76.80s | Max Depth: 0.355199m | Min Depth: 0.000001m
2026-08-07 13:00:59 - Step:   769 | Sim Clock Time:    76.90s | Max Depth: 0.355062m | Min Depth: 0.000001m
2026-08-07 13:00:59 - Step:   770 | Sim Clock Time:    77.00s | Max Depth: 0.356589m | Min Depth: 0.000001m
2026-08-07 13:00:59 - Step:   771 | Sim Clock Time:    77.10s | Max Depth: 0.356888m | Min Depth: 0.000001m
2026-08-07 13:00:59 - Step:   772 | Sim Clock Time:    77.20s | Max Depth: 0.356828m | Min Depth: 0.000001m
2026-08-07 13:00:59 - Step:   773 | Sim Clock Time:    77.30s | Max Depth: 0.356720m | Min Depth: 0.000001m
2026-08-07 13:00:59 - Step:   774 | Sim Clock Time:    77.40s | Max Depth: 0.356568m | Min Depth: 0.000001m
2026-08-07 13:00:59 - Step:   775 | Sim Clock Time:    77.50s | Max Depth: 0.356619m | Min Depth: 0.000001m
2026-08-07 13:00:59 - Step:   776 | Sim Clock Time:    77.60s | Max Depth: 0.357592m | Min Depth: 0.000001m
2026-08-07 13:00:59 - Step:   777 | Sim Clock Time:    77.70s | Max Depth: 0.357584m | Min Depth: 0.000001m
2026-08-07 13:00:59 - Step:   778 | Sim Clock Time:    77.80s | Max Depth: 0.357469m | Min Depth: 0.000001m
2026-08-07 13:00:59 - Step:   779 | Sim Clock Time:    77.90s | Max Depth: 0.357333m | Min Depth: 0.000001m
2026-08-07 13:00:59 - Step:   780 | Sim Clock Time:    78.00s | Max Depth: 0.357338m | Min Depth: 0.000001m
2026-08-07 13:00:59 - Step:   781 | Sim Clock Time:    78.10s | Max Depth: 0.358909m | Min Depth: 0.000001m
2026-08-07 13:01:00 - Step:   782 | Sim Clock Time:    78.20s | Max Depth: 0.358994m | Min Depth: 0.000001m
2026-08-07 13:01:00 - Step:   783 | Sim Clock Time:    78.30s | Max Depth: 0.358886m | Min Depth: 0.000001m
2026-08-07 13:01:00 - Step:   784 | Sim Clock Time:    78.40s | Max Depth: 0.358759m | Min Depth: 0.000001m
2026-08-07 13:01:00 - Step:   785 | Sim Clock Time:    78.50s | Max Depth: 0.358574m | Min Depth: 0.000001m
2026-08-07 13:01:00 - Step:   786 | Sim Clock Time:    78.60s | Max Depth: 0.359373m | Min Depth: 0.000001m
2026-08-07 13:01:00 - Step:   787 | Sim Clock Time:    78.70s | Max Depth: 0.359677m | Min Depth: 0.000001m
2026-08-07 13:01:00 - Step:   788 | Sim Clock Time:    78.80s | Max Depth: 0.359585m | Min Depth: 0.000001m
2026-08-07 13:01:00 - Step:   789 | Sim Clock Time:    78.90s | Max Depth: 0.359465m | Min Depth: 0.000001m
2026-08-07 13:01:00 - Step:   790 | Sim Clock Time:    79.00s | Max Depth: 0.359293m | Min Depth: 0.000001m
2026-08-07 13:01:00 - Step:   791 | Sim Clock Time:    79.10s | Max Depth: 0.359820m | Min Depth: 0.000001m
2026-08-07 13:01:00 - Step:   792 | Sim Clock Time:    79.20s | Max Depth: 0.360936m | Min Depth: 0.000001m
2026-08-07 13:01:00 - Step:   793 | Sim Clock Time:    79.30s | Max Depth: 0.360912m | Min Depth: 0.000001m
2026-08-07 13:01:00 - Step:   794 | Sim Clock Time:    79.40s | Max Depth: 0.360780m | Min Depth: 0.000001m
2026-08-07 13:01:00 - Step:   795 | Sim Clock Time:    79.50s | Max Depth: 0.360624m | Min Depth: 0.000001m
2026-08-07 13:01:01 - Step:   796 | Sim Clock Time:    79.60s | Max Depth: 0.360433m | Min Depth: 0.000001m
2026-08-07 13:01:01 - Step:   797 | Sim Clock Time:    79.70s | Max Depth: 0.361485m | Min Depth: 0.000001m
2026-08-07 13:01:01 - Step:   798 | Sim Clock Time:    79.80s | Max Depth: 0.361566m | Min Depth: 0.000001m
2026-08-07 13:01:01 - Step:   799 | Sim Clock Time:    79.90s | Max Depth: 0.361431m | Min Depth: 0.000001m
2026-08-07 13:01:01 - Step:   800 | Sim Clock Time:    80.00s | Max Depth: 0.361288m | Min Depth: 0.000001m
2026-08-07 13:01:01 - Step:   801 | Sim Clock Time:    80.10s | Max Depth: 0.361133m | Min Depth: 0.000001m
2026-08-07 13:01:01 - Step:   802 | Sim Clock Time:    80.20s | Max Depth: 0.362504m | Min Depth: 0.000001m
2026-08-07 13:01:01 - Step:   803 | Sim Clock Time:    80.30s | Max Depth: 0.362774m | Min Depth: 0.000001m
2026-08-07 13:01:01 - Step:   804 | Sim Clock Time:    80.40s | Max Depth: 0.362666m | Min Depth: 0.000001m
2026-08-07 13:01:01 - Step:   805 | Sim Clock Time:    80.50s | Max Depth: 0.362521m | Min Depth: 0.000001m
2026-08-07 13:01:01 - Step:   806 | Sim Clock Time:    80.60s | Max Depth: 0.362325m | Min Depth: 0.000001m
2026-08-07 13:01:01 - Step:   807 | Sim Clock Time:    80.70s | Max Depth: 0.362545m | Min Depth: 0.000001m
2026-08-07 13:01:01 - Step:   808 | Sim Clock Time:    80.80s | Max Depth: 0.363347m | Min Depth: 0.000001m
2026-08-07 13:01:01 - Step:   809 | Sim Clock Time:    80.90s | Max Depth: 0.363278m | Min Depth: 0.000001m
2026-08-07 13:01:02 - Step:   810 | Sim Clock Time:    81.00s | Max Depth: 0.363132m | Min Depth: 0.000001m
2026-08-07 13:01:02 - Step:   811 | Sim Clock Time:    81.10s | Max Depth: 0.362948m | Min Depth: 0.000001m
2026-08-07 13:01:02 - Step:   812 | Sim Clock Time:    81.20s | Max Depth: 0.362999m | Min Depth: 0.000001m
2026-08-07 13:01:02 - Step:   813 | Sim Clock Time:    81.30s | Max Depth: 0.364408m | Min Depth: 0.000001m
2026-08-07 13:01:02 - Step:   814 | Sim Clock Time:    81.40s | Max Depth: 0.364428m | Min Depth: 0.000001m
2026-08-07 13:01:02 - Step:   815 | Sim Clock Time:    81.50s | Max Depth: 0.364280m | Min Depth: 0.000001m
2026-08-07 13:01:02 - Step:   816 | Sim Clock Time:    81.60s | Max Depth: 0.364114m | Min Depth: 0.000001m
2026-08-07 13:01:02 - Step:   817 | Sim Clock Time:    81.70s | Max Depth: 0.363896m | Min Depth: 0.000001m
2026-08-07 13:01:02 - Step:   818 | Sim Clock Time:    81.80s | Max Depth: 0.364822m | Min Depth: 0.000001m
2026-08-07 13:01:02 - Step:   819 | Sim Clock Time:    81.90s | Max Depth: 0.364994m | Min Depth: 0.000001m
2026-08-07 13:01:02 - Step:   820 | Sim Clock Time:    82.00s | Max Depth: 0.364850m | Min Depth: 0.000001m
2026-08-07 13:01:02 - Step:   821 | Sim Clock Time:    82.10s | Max Depth: 0.364692m | Min Depth: 0.000001m
2026-08-07 13:01:02 - Step:   822 | Sim Clock Time:    82.20s | Max Depth: 0.364518m | Min Depth: 0.000001m
2026-08-07 13:01:02 - Step:   823 | Sim Clock Time:    82.30s | Max Depth: 0.365453m | Min Depth: 0.000001m
2026-08-07 13:01:03 - Step:   824 | Sim Clock Time:    82.40s | Max Depth: 0.366033m | Min Depth: 0.000001m
2026-08-07 13:01:03 - Step:   825 | Sim Clock Time:    82.50s | Max Depth: 0.365929m | Min Depth: 0.000001m
2026-08-07 13:01:03 - Step:   826 | Sim Clock Time:    82.60s | Max Depth: 0.365766m | Min Depth: 0.000001m
2026-08-07 13:01:03 - Step:   827 | Sim Clock Time:    82.70s | Max Depth: 0.365561m | Min Depth: 0.000001m
2026-08-07 13:01:03 - Step:   828 | Sim Clock Time:    82.80s | Max Depth: 0.365424m | Min Depth: 0.000001m
2026-08-07 13:01:03 - Step:   829 | Sim Clock Time:    82.90s | Max Depth: 0.366510m | Min Depth: 0.000001m
2026-08-07 13:01:03 - Step:   830 | Sim Clock Time:    83.00s | Max Depth: 0.366464m | Min Depth: 0.000001m
2026-08-07 13:01:03 - Step:   831 | Sim Clock Time:    83.10s | Max Depth: 0.366300m | Min Depth: 0.000001m
2026-08-07 13:01:03 - Step:   832 | Sim Clock Time:    83.20s | Max Depth: 0.366107m | Min Depth: 0.000001m
2026-08-07 13:01:03 - Step:   833 | Sim Clock Time:    83.30s | Max Depth: 0.366109m | Min Depth: 0.000001m
2026-08-07 13:01:03 - Step:   834 | Sim Clock Time:    83.40s | Max Depth: 0.367405m | Min Depth: 0.000001m
2026-08-07 13:01:03 - Step:   835 | Sim Clock Time:    83.50s | Max Depth: 0.367464m | Min Depth: 0.000001m
2026-08-07 13:01:03 - Step:   836 | Sim Clock Time:    83.60s | Max Depth: 0.367303m | Min Depth: 0.000001m
2026-08-07 13:01:03 - Step:   837 | Sim Clock Time:    83.70s | Max Depth: 0.367125m | Min Depth: 0.000001m
2026-08-07 13:01:04 - Step:   838 | Sim Clock Time:    83.80s | Max Depth: 0.366889m | Min Depth: 0.000001m
2026-08-07 13:01:04 - Step:   839 | Sim Clock Time:    83.90s | Max Depth: 0.367688m | Min Depth: 0.000001m
2026-08-07 13:01:04 - Step:   840 | Sim Clock Time:    84.00s | Max Depth: 0.367956m | Min Depth: 0.000001m
2026-08-07 13:01:04 - Step:   841 | Sim Clock Time:    84.10s | Max Depth: 0.367803m | Min Depth: 0.000001m
2026-08-07 13:01:04 - Step:   842 | Sim Clock Time:    84.20s | Max Depth: 0.367632m | Min Depth: 0.000001m
2026-08-07 13:01:04 - Step:   843 | Sim Clock Time:    84.30s | Max Depth: 0.367443m | Min Depth: 0.000001m
2026-08-07 13:01:04 - Step:   844 | Sim Clock Time:    84.40s | Max Depth: 0.367978m | Min Depth: 0.000001m
2026-08-07 13:01:04 - Step:   845 | Sim Clock Time:    84.50s | Max Depth: 0.368851m | Min Depth: 0.000001m
2026-08-07 13:01:04 - Step:   846 | Sim Clock Time:    84.60s | Max Depth: 0.368747m | Min Depth: 0.000001m
2026-08-07 13:01:04 - Step:   847 | Sim Clock Time:    84.70s | Max Depth: 0.368571m | Min Depth: 0.000001m
2026-08-07 13:01:04 - Step:   848 | Sim Clock Time:    84.80s | Max Depth: 0.368351m | Min Depth: 0.000001m
2026-08-07 13:01:04 - Step:   849 | Sim Clock Time:    84.90s | Max Depth: 0.368227m | Min Depth: 0.000001m
2026-08-07 13:01:04 - Step:   850 | Sim Clock Time:    85.00s | Max Depth: 0.369254m | Min Depth: 0.000001m
2026-08-07 13:01:04 - Step:   851 | Sim Clock Time:    85.10s | Max Depth: 0.369217m | Min Depth: 0.000001m
2026-08-07 13:01:05 - Step:   852 | Sim Clock Time:    85.20s | Max Depth: 0.369039m | Min Depth: 0.000001m
2026-08-07 13:01:05 - Step:   853 | Sim Clock Time:    85.30s | Max Depth: 0.368832m | Min Depth: 0.000001m
2026-08-07 13:01:05 - Step:   854 | Sim Clock Time:    85.40s | Max Depth: 0.368812m | Min Depth: 0.000001m
2026-08-07 13:01:05 - Step:   855 | Sim Clock Time:    85.50s | Max Depth: 0.370012m | Min Depth: 0.000001m
2026-08-07 13:01:05 - Step:   856 | Sim Clock Time:    85.60s | Max Depth: 0.370093m | Min Depth: 0.000001m
2026-08-07 13:01:05 - Step:   857 | Sim Clock Time:    85.70s | Max Depth: 0.369919m | Min Depth: 0.000001m
2026-08-07 13:01:05 - Step:   858 | Sim Clock Time:    85.80s | Max Depth: 0.369727m | Min Depth: 0.000001m
2026-08-07 13:01:05 - Step:   859 | Sim Clock Time:    85.90s | Max Depth: 0.369480m | Min Depth: 0.000001m
2026-08-07 13:01:05 - Step:   860 | Sim Clock Time:    86.00s | Max Depth: 0.370205m | Min Depth: 0.000001m
2026-08-07 13:01:05 - Step:   861 | Sim Clock Time:    86.10s | Max Depth: 0.370523m | Min Depth: 0.000001m
2026-08-07 13:01:05 - Step:   862 | Sim Clock Time:    86.20s | Max Depth: 0.370360m | Min Depth: 0.000001m
2026-08-07 13:01:05 - Step:   863 | Sim Clock Time:    86.30s | Max Depth: 0.370176m | Min Depth: 0.000001m
2026-08-07 13:01:05 - Step:   864 | Sim Clock Time:    86.40s | Max Depth: 0.369981m | Min Depth: 0.000001m
2026-08-07 13:01:05 - Step:   865 | Sim Clock Time:    86.50s | Max Depth: 0.370330m | Min Depth: 0.000001m
2026-08-07 13:01:06 - Step:   866 | Sim Clock Time:    86.60s | Max Depth: 0.371306m | Min Depth: 0.000001m
2026-08-07 13:01:06 - Step:   867 | Sim Clock Time:    86.70s | Max Depth: 0.371190m | Min Depth: 0.000001m
2026-08-07 13:01:06 - Step:   868 | Sim Clock Time:    86.80s | Max Depth: 0.371002m | Min Depth: 0.000001m
2026-08-07 13:01:06 - Step:   869 | Sim Clock Time:    86.90s | Max Depth: 0.370765m | Min Depth: 0.000001m
2026-08-07 13:01:06 - Step:   870 | Sim Clock Time:    87.00s | Max Depth: 0.370667m | Min Depth: 0.000001m
2026-08-07 13:01:06 - Step:   871 | Sim Clock Time:    87.10s | Max Depth: 0.371658m | Min Depth: 0.000001m
2026-08-07 13:01:06 - Step:   872 | Sim Clock Time:    87.20s | Max Depth: 0.371603m | Min Depth: 0.000001m
2026-08-07 13:01:06 - Step:   873 | Sim Clock Time:    87.30s | Max Depth: 0.371415m | Min Depth: 0.000001m
2026-08-07 13:01:06 - Step:   874 | Sim Clock Time:    87.40s | Max Depth: 0.371190m | Min Depth: 0.000001m
2026-08-07 13:01:06 - Step:   875 | Sim Clock Time:    87.50s | Max Depth: 0.371185m | Min Depth: 0.000001m
2026-08-07 13:01:06 - Step:   876 | Sim Clock Time:    87.60s | Max Depth: 0.372315m | Min Depth: 0.000001m
2026-08-07 13:01:06 - Step:   877 | Sim Clock Time:    87.70s | Max Depth: 0.372375m | Min Depth: 0.000001m
2026-08-07 13:01:06 - Step:   878 | Sim Clock Time:    87.80s | Max Depth: 0.372190m | Min Depth: 0.000001m
2026-08-07 13:01:06 - Step:   879 | Sim Clock Time:    87.90s | Max Depth: 0.371982m | Min Depth: 0.000001m
2026-08-07 13:01:07 - Step:   880 | Sim Clock Time:    88.00s | Max Depth: 0.371729m | Min Depth: 0.000001m
2026-08-07 13:01:07 - Step:   881 | Sim Clock Time:    88.10s | Max Depth: 0.372473m | Min Depth: 0.000001m
2026-08-07 13:01:07 - Step:   882 | Sim Clock Time:    88.20s | Max Depth: 0.372756m | Min Depth: 0.000001m
2026-08-07 13:01:07 - Step:   883 | Sim Clock Time:    88.30s | Max Depth: 0.372580m | Min Depth: 0.000001m
2026-08-07 13:01:07 - Step:   884 | Sim Clock Time:    88.40s | Max Depth: 0.372382m | Min Depth: 0.000001m
2026-08-07 13:01:07 - Step:   885 | Sim Clock Time:    88.50s | Max Depth: 0.372187m | Min Depth: 0.000001m
2026-08-07 13:01:07 - Step:   886 | Sim Clock Time:    88.60s | Max Depth: 0.372597m | Min Depth: 0.000001m
2026-08-07 13:01:07 - Step:   887 | Sim Clock Time:    88.70s | Max Depth: 0.373452m | Min Depth: 0.000001m
2026-08-07 13:01:07 - Step:   888 | Sim Clock Time:    88.80s | Max Depth: 0.373313m | Min Depth: 0.000001m
2026-08-07 13:01:07 - Step:   889 | Sim Clock Time:    88.90s | Max Depth: 0.373114m | Min Depth: 0.000001m
2026-08-07 13:01:07 - Step:   890 | Sim Clock Time:    89.00s | Max Depth: 0.372862m | Min Depth: 0.000001m
2026-08-07 13:01:07 - Step:   891 | Sim Clock Time:    89.10s | Max Depth: 0.372797m | Min Depth: 0.000001m
2026-08-07 13:01:07 - Step:   892 | Sim Clock Time:    89.20s | Max Depth: 0.373771m | Min Depth: 0.000001m
2026-08-07 13:01:07 - Step:   893 | Sim Clock Time:    89.30s | Max Depth: 0.373679m | Min Depth: 0.000001m
2026-08-07 13:01:08 - Step:   894 | Sim Clock Time:    89.40s | Max Depth: 0.373483m | Min Depth: 0.000001m
2026-08-07 13:01:08 - Step:   895 | Sim Clock Time:    89.50s | Max Depth: 0.373244m | Min Depth: 0.000001m
2026-08-07 13:01:08 - Step:   896 | Sim Clock Time:    89.60s | Max Depth: 0.373275m | Min Depth: 0.000001m
2026-08-07 13:01:08 - Step:   897 | Sim Clock Time:    89.70s | Max Depth: 0.374361m | Min Depth: 0.000001m
2026-08-07 13:01:08 - Step:   898 | Sim Clock Time:    89.80s | Max Depth: 0.374364m | Min Depth: 0.000001m
2026-08-07 13:01:08 - Step:   899 | Sim Clock Time:    89.90s | Max Depth: 0.374168m | Min Depth: 0.000001m
2026-08-07 13:01:08 - Step:   900 | Sim Clock Time:    90.00s | Max Depth: 0.373942m | Min Depth: 0.000001m
2026-08-07 13:01:08 - Step:   901 | Sim Clock Time:    90.10s | Max Depth: 0.373712m | Min Depth: 0.000001m
2026-08-07 13:01:08 - Step:   902 | Sim Clock Time:    90.20s | Max Depth: 0.374523m | Min Depth: 0.000001m
2026-08-07 13:01:08 - Step:   903 | Sim Clock Time:    90.30s | Max Depth: 0.374704m | Min Depth: 0.000001m
2026-08-07 13:01:08 - Step:   904 | Sim Clock Time:    90.40s | Max Depth: 0.374514m | Min Depth: 0.000001m
2026-08-07 13:01:08 - Step:   905 | Sim Clock Time:    90.50s | Max Depth: 0.374297m | Min Depth: 0.000001m
2026-08-07 13:01:08 - Step:   906 | Sim Clock Time:    90.60s | Max Depth: 0.374112m | Min Depth: 0.000001m
2026-08-07 13:01:09 - Step:   907 | Sim Clock Time:    90.70s | Max Depth: 0.374741m | Min Depth: 0.000001m
2026-08-07 13:01:09 - Step:   908 | Sim Clock Time:    90.80s | Max Depth: 0.375328m | Min Depth: 0.000001m
2026-08-07 13:01:09 - Step:   909 | Sim Clock Time:    90.90s | Max Depth: 0.375163m | Min Depth: 0.000001m
2026-08-07 13:01:09 - Step:   910 | Sim Clock Time:    91.00s | Max Depth: 0.374953m | Min Depth: 0.000001m
2026-08-07 13:01:09 - Step:   911 | Sim Clock Time:    91.10s | Max Depth: 0.374688m | Min Depth: 0.000001m
2026-08-07 13:01:09 - Step:   912 | Sim Clock Time:    91.20s | Max Depth: 0.374654m | Min Depth: 0.000001m
2026-08-07 13:01:09 - Step:   913 | Sim Clock Time:    91.30s | Max Depth: 0.375625m | Min Depth: 0.000001m
2026-08-07 13:01:09 - Step:   914 | Sim Clock Time:    91.40s | Max Depth: 0.375489m | Min Depth: 0.000001m
2026-08-07 13:01:09 - Step:   915 | Sim Clock Time:    91.50s | Max Depth: 0.375285m | Min Depth: 0.000001m
2026-08-07 13:01:09 - Step:   916 | Sim Clock Time:    91.60s | Max Depth: 0.375050m | Min Depth: 0.000001m
2026-08-07 13:01:09 - Step:   917 | Sim Clock Time:    91.70s | Max Depth: 0.375099m | Min Depth: 0.000001m
2026-08-07 13:01:09 - Step:   918 | Sim Clock Time:    91.80s | Max Depth: 0.376169m | Min Depth: 0.000001m
2026-08-07 13:01:09 - Step:   919 | Sim Clock Time:    91.90s | Max Depth: 0.376100m | Min Depth: 0.000001m
2026-08-07 13:01:09 - Step:   920 | Sim Clock Time:    92.00s | Max Depth: 0.375895m | Min Depth: 0.000001m
2026-08-07 13:01:10 - Step:   921 | Sim Clock Time:    92.10s | Max Depth: 0.375648m | Min Depth: 0.000001m
2026-08-07 13:01:10 - Step:   922 | Sim Clock Time:    92.20s | Max Depth: 0.375520m | Min Depth: 0.000001m
2026-08-07 13:01:10 - Step:   923 | Sim Clock Time:    92.30s | Max Depth: 0.376349m | Min Depth: 0.000001m
2026-08-07 13:01:10 - Step:   924 | Sim Clock Time:    92.40s | Max Depth: 0.376406m | Min Depth: 0.000001m
2026-08-07 13:01:10 - Step:   925 | Sim Clock Time:    92.50s | Max Depth: 0.376204m | Min Depth: 0.000001m
2026-08-07 13:01:10 - Step:   926 | Sim Clock Time:    92.60s | Max Depth: 0.375965m | Min Depth: 0.000001m
2026-08-07 13:01:10 - Step:   927 | Sim Clock Time:    92.70s | Max Depth: 0.375794m | Min Depth: 0.000001m
2026-08-07 13:01:10 - Step:   928 | Sim Clock Time:    92.80s | Max Depth: 0.376680m | Min Depth: 0.000001m
2026-08-07 13:01:10 - Step:   929 | Sim Clock Time:    92.90s | Max Depth: 0.376967m | Min Depth: 0.000001m
2026-08-07 13:01:10 - Step:   930 | Sim Clock Time:    93.00s | Max Depth: 0.376780m | Min Depth: 0.000001m
2026-08-07 13:01:10 - Step:   931 | Sim Clock Time:    93.10s | Max Depth: 0.376555m | Min Depth: 0.000001m
2026-08-07 13:01:10 - Step:   932 | Sim Clock Time:    93.20s | Max Depth: 0.376285m | Min Depth: 0.000001m
2026-08-07 13:01:10 - Step:   933 | Sim Clock Time:    93.30s | Max Depth: 0.376554m | Min Depth: 0.000001m
2026-08-07 13:01:10 - Step:   934 | Sim Clock Time:    93.40s | Max Depth: 0.377245m | Min Depth: 0.000001m
2026-08-07 13:01:11 - Step:   935 | Sim Clock Time:    93.50s | Max Depth: 0.377072m | Min Depth: 0.000001m
2026-08-07 13:01:11 - Step:   936 | Sim Clock Time:    93.60s | Max Depth: 0.376855m | Min Depth: 0.000001m
2026-08-07 13:01:11 - Step:   937 | Sim Clock Time:    93.70s | Max Depth: 0.376650m | Min Depth: 0.000001m
2026-08-07 13:01:11 - Step:   938 | Sim Clock Time:    93.80s | Max Depth: 0.376687m | Min Depth: 0.000001m
2026-08-07 13:01:11 - Step:   939 | Sim Clock Time:    93.90s | Max Depth: 0.377751m | Min Depth: 0.000001m
2026-08-07 13:01:11 - Step:   940 | Sim Clock Time:    94.00s | Max Depth: 0.377615m | Min Depth: 0.000001m
2026-08-07 13:01:11 - Step:   941 | Sim Clock Time:    94.10s | Max Depth: 0.377403m | Min Depth: 0.000001m
2026-08-07 13:01:11 - Step:   942 | Sim Clock Time:    94.20s | Max Depth: 0.377135m | Min Depth: 0.000001m
2026-08-07 13:01:11 - Step:   943 | Sim Clock Time:    94.30s | Max Depth: 0.377086m | Min Depth: 0.000001m
2026-08-07 13:01:11 - Step:   944 | Sim Clock Time:    94.40s | Max Depth: 0.377957m | Min Depth: 0.000001m
2026-08-07 13:01:11 - Step:   945 | Sim Clock Time:    94.50s | Max Depth: 0.377892m | Min Depth: 0.000001m
2026-08-07 13:01:11 - Step:   946 | Sim Clock Time:    94.60s | Max Depth: 0.377684m | Min Depth: 0.000001m
2026-08-07 13:01:11 - Step:   947 | Sim Clock Time:    94.70s | Max Depth: 0.377432m | Min Depth: 0.000001m
2026-08-07 13:01:11 - Step:   948 | Sim Clock Time:    94.80s | Max Depth: 0.377424m | Min Depth: 0.000001m
2026-08-07 13:01:12 - Step:   949 | Sim Clock Time:    94.90s | Max Depth: 0.378350m | Min Depth: 0.000001m
2026-08-07 13:01:12 - Step:   950 | Sim Clock Time:    95.00s | Max Depth: 0.378400m | Min Depth: 0.000001m
2026-08-07 13:01:12 - Step:   951 | Sim Clock Time:    95.10s | Max Depth: 0.378197m | Min Depth: 0.000001m
2026-08-07 13:01:12 - Step:   952 | Sim Clock Time:    95.20s | Max Depth: 0.377952m | Min Depth: 0.000001m
2026-08-07 13:01:12 - Step:   953 | Sim Clock Time:    95.30s | Max Depth: 0.377702m | Min Depth: 0.000001m
2026-08-07 13:01:12 - Step:   954 | Sim Clock Time:    95.40s | Max Depth: 0.378383m | Min Depth: 0.000001m
2026-08-07 13:01:12 - Step:   955 | Sim Clock Time:    95.50s | Max Depth: 0.378657m | Min Depth: 0.000001m
2026-08-07 13:01:12 - Step:   956 | Sim Clock Time:    95.60s | Max Depth: 0.378461m | Min Depth: 0.000001m
2026-08-07 13:01:12 - Step:   957 | Sim Clock Time:    95.70s | Max Depth: 0.378223m | Min Depth: 0.000001m
2026-08-07 13:01:12 - Step:   958 | Sim Clock Time:    95.80s | Max Depth: 0.378042m | Min Depth: 0.000001m
2026-08-07 13:01:12 - Step:   959 | Sim Clock Time:    95.90s | Max Depth: 0.378367m | Min Depth: 0.000001m
2026-08-07 13:01:12 - Step:   960 | Sim Clock Time:    96.00s | Max Depth: 0.379124m | Min Depth: 0.000001m
2026-08-07 13:01:12 - Step:   961 | Sim Clock Time:    96.10s | Max Depth: 0.378946m | Min Depth: 0.000001m
2026-08-07 13:01:12 - Step:   962 | Sim Clock Time:    96.20s | Max Depth: 0.378721m | Min Depth: 0.000001m
2026-08-07 13:01:13 - Step:   963 | Sim Clock Time:    96.30s | Max Depth: 0.378443m | Min Depth: 0.000001m
2026-08-07 13:01:13 - Step:   964 | Sim Clock Time:    96.40s | Max Depth: 0.378439m | Min Depth: 0.000001m
2026-08-07 13:01:13 - Step:   965 | Sim Clock Time:    96.50s | Max Depth: 0.379346m | Min Depth: 0.000001m
2026-08-07 13:01:13 - Step:   966 | Sim Clock Time:    96.60s | Max Depth: 0.379196m | Min Depth: 0.000001m
2026-08-07 13:01:13 - Step:   967 | Sim Clock Time:    96.70s | Max Depth: 0.378977m | Min Depth: 0.000001m
2026-08-07 13:01:13 - Step:   968 | Sim Clock Time:    96.80s | Max Depth: 0.378753m | Min Depth: 0.000001m
2026-08-07 13:01:13 - Step:   969 | Sim Clock Time:    96.90s | Max Depth: 0.378785m | Min Depth: 0.000001m
2026-08-07 13:01:13 - Step:   970 | Sim Clock Time:    97.00s | Max Depth: 0.379750m | Min Depth: 0.000001m
2026-08-07 13:01:13 - Step:   971 | Sim Clock Time:    97.10s | Max Depth: 0.379654m | Min Depth: 0.000001m
2026-08-07 13:01:13 - Step:   972 | Sim Clock Time:    97.20s | Max Depth: 0.379441m | Min Depth: 0.000001m
2026-08-07 13:01:13 - Step:   973 | Sim Clock Time:    97.30s | Max Depth: 0.379172m | Min Depth: 0.000001m
2026-08-07 13:01:13 - Step:   974 | Sim Clock Time:    97.40s | Max Depth: 0.379101m | Min Depth: 0.000001m
2026-08-07 13:01:13 - Step:   975 | Sim Clock Time:    97.50s | Max Depth: 0.379873m | Min Depth: 0.000001m
2026-08-07 13:01:14 - Step:   976 | Sim Clock Time:    97.60s | Max Depth: 0.379890m | Min Depth: 0.000001m
2026-08-07 13:01:14 - Step:   977 | Sim Clock Time:    97.70s | Max Depth: 0.379682m | Min Depth: 0.000001m
2026-08-07 13:01:14 - Step:   978 | Sim Clock Time:    97.80s | Max Depth: 0.379424m | Min Depth: 0.000001m
2026-08-07 13:01:14 - Step:   979 | Sim Clock Time:    97.90s | Max Depth: 0.379320m | Min Depth: 0.000001m
2026-08-07 13:01:14 - Step:   980 | Sim Clock Time:    98.00s | Max Depth: 0.380106m | Min Depth: 0.000001m
2026-08-07 13:01:14 - Step:   981 | Sim Clock Time:    98.10s | Max Depth: 0.380317m | Min Depth: 0.000001m
2026-08-07 13:01:14 - Step:   982 | Sim Clock Time:    98.20s | Max Depth: 0.380118m | Min Depth: 0.000001m
2026-08-07 13:01:14 - Step:   983 | Sim Clock Time:    98.30s | Max Depth: 0.379870m | Min Depth: 0.000001m
2026-08-07 13:01:14 - Step:   984 | Sim Clock Time:    98.40s | Max Depth: 0.379603m | Min Depth: 0.000001m
2026-08-07 13:01:14 - Step:   985 | Sim Clock Time:    98.50s | Max Depth: 0.380001m | Min Depth: 0.000001m
2026-08-07 13:01:14 - Step:   986 | Sim Clock Time:    98.60s | Max Depth: 0.380533m | Min Depth: 0.000001m
2026-08-07 13:01:14 - Step:   987 | Sim Clock Time:    98.70s | Max Depth: 0.380345m | Min Depth: 0.000001m
2026-08-07 13:01:14 - Step:   988 | Sim Clock Time:    98.80s | Max Depth: 0.380104m | Min Depth: 0.000001m
2026-08-07 13:01:14 - Step:   989 | Sim Clock Time:    98.90s | Max Depth: 0.379921m | Min Depth: 0.000001m
2026-08-07 13:01:15 - Step:   990 | Sim Clock Time:    99.00s | Max Depth: 0.379940m | Min Depth: 0.000001m
2026-08-07 13:01:15 - Step:   991 | Sim Clock Time:    99.10s | Max Depth: 0.380926m | Min Depth: 0.000001m
2026-08-07 13:01:15 - Step:   992 | Sim Clock Time:    99.20s | Max Depth: 0.380758m | Min Depth: 0.000001m
2026-08-07 13:01:15 - Step:   993 | Sim Clock Time:    99.30s | Max Depth: 0.380529m | Min Depth: 0.000001m
2026-08-07 13:01:15 - Step:   994 | Sim Clock Time:    99.40s | Max Depth: 0.380248m | Min Depth: 0.000001m
2026-08-07 13:01:15 - Step:   995 | Sim Clock Time:    99.50s | Max Depth: 0.380249m | Min Depth: 0.000001m
2026-08-07 13:01:15 - Step:   996 | Sim Clock Time:    99.60s | Max Depth: 0.381098m | Min Depth: 0.000001m
2026-08-07 13:01:15 - Step:   997 | Sim Clock Time:    99.70s | Max Depth: 0.380972m | Min Depth: 0.000001m
2026-08-07 13:01:15 - Step:   998 | Sim Clock Time:    99.80s | Max Depth: 0.380751m | Min Depth: 0.000001m
2026-08-07 13:01:15 - Step:   999 | Sim Clock Time:    99.90s | Max Depth: 0.380517m | Min Depth: 0.000001m
2026-08-07 13:01:15 - Step:  1000 | Sim Clock Time:   100.00s | Max Depth: 0.380537m | Min Depth: 0.000001m
2026-08-07 13:01:15 - Step:  1001 | Sim Clock Time:   100.10s | Max Depth: 0.381420m | Min Depth: 0.000001m
2026-08-07 13:01:15 - Step:  1002 | Sim Clock Time:   100.20s | Max Depth: 0.381361m | Min Depth: 0.000001m
2026-08-07 13:01:15 - Step:  1003 | Sim Clock Time:   100.30s | Max Depth: 0.381148m | Min Depth: 0.000001m
2026-08-07 13:01:16 - Step:  1004 | Sim Clock Time:   100.40s | Max Depth: 0.380874m | Min Depth: 0.000001m
2026-08-07 13:01:16 - Step:  1005 | Sim Clock Time:   100.50s | Max Depth: 0.380787m | Min Depth: 0.000001m
2026-08-07 13:01:16 - Step:  1006 | Sim Clock Time:   100.60s | Max Depth: 0.381487m | Min Depth: 0.000001m
2026-08-07 13:01:16 - Step:  1007 | Sim Clock Time:   100.70s | Max Depth: 0.381562m | Min Depth: 0.000001m
2026-08-07 13:01:16 - Step:  1008 | Sim Clock Time:   100.80s | Max Depth: 0.381356m | Min Depth: 0.000001m
2026-08-07 13:01:16 - Step:  1009 | Sim Clock Time:   100.90s | Max Depth: 0.381095m | Min Depth: 0.000001m
2026-08-07 13:01:16 - Step:  1010 | Sim Clock Time:   101.00s | Max Depth: 0.380939m | Min Depth: 0.000001m
2026-08-07 13:01:16 - Step:  1011 | Sim Clock Time:   101.10s | Max Depth: 0.381589m | Min Depth: 0.000001m
2026-08-07 13:01:16 - Step:  1012 | Sim Clock Time:   101.20s | Max Depth: 0.381926m | Min Depth: 0.000001m
2026-08-07 13:01:16 - Step:  1013 | Sim Clock Time:   101.30s | Max Depth: 0.381729m | Min Depth: 0.000001m
2026-08-07 13:01:16 - Step:  1014 | Sim Clock Time:   101.40s | Max Depth: 0.381476m | Min Depth: 0.000001m
2026-08-07 13:01:16 - Step:  1015 | Sim Clock Time:   101.50s | Max Depth: 0.381211m | Min Depth: 0.000001m
2026-08-07 13:01:16 - Step:  1016 | Sim Clock Time:   101.60s | Max Depth: 0.381408m | Min Depth: 0.000001m
2026-08-07 13:01:16 - Step:  1017 | Sim Clock Time:   101.70s | Max Depth: 0.382110m | Min Depth: 0.000001m
2026-08-07 13:01:17 - Step:  1018 | Sim Clock Time:   101.80s | Max Depth: 0.381926m | Min Depth: 0.000001m
2026-08-07 13:01:17 - Step:  1019 | Sim Clock Time:   101.90s | Max Depth: 0.381679m | Min Depth: 0.000001m
2026-08-07 13:01:17 - Step:  1020 | Sim Clock Time:   102.00s | Max Depth: 0.381503m | Min Depth: 0.000001m
2026-08-07 13:01:17 - Step:  1021 | Sim Clock Time:   102.10s | Max Depth: 0.381512m | Min Depth: 0.000001m
2026-08-07 13:01:17 - Step:  1022 | Sim Clock Time:   102.20s | Max Depth: 0.382441m | Min Depth: 0.000001m
2026-08-07 13:01:17 - Step:  1023 | Sim Clock Time:   102.30s | Max Depth: 0.382279m | Min Depth: 0.000001m
2026-08-07 13:01:17 - Step:  1024 | Sim Clock Time:   102.40s | Max Depth: 0.382046m | Min Depth: 0.000001m
2026-08-07 13:01:17 - Step:  1025 | Sim Clock Time:   102.50s | Max Depth: 0.381763m | Min Depth: 0.000001m
2026-08-07 13:01:17 - Step:  1026 | Sim Clock Time:   102.60s | Max Depth: 0.381776m | Min Depth: 0.000001m
2026-08-07 13:01:17 - Step:  1027 | Sim Clock Time:   102.70s | Max Depth: 0.382579m | Min Depth: 0.000001m
2026-08-07 13:01:17 - Step:  1028 | Sim Clock Time:   102.80s | Max Depth: 0.382465m | Min Depth: 0.000001m
2026-08-07 13:01:17 - Step:  1029 | Sim Clock Time:   102.90s | Max Depth: 0.382240m | Min Depth: 0.000001m
2026-08-07 13:01:17 - Step:  1030 | Sim Clock Time:   103.00s | Max Depth: 0.382012m | Min Depth: 0.000001m
2026-08-07 13:01:18 - Step:  1031 | Sim Clock Time:   103.10s | Max Depth: 0.382017m | Min Depth: 0.000001m
2026-08-07 13:01:18 - Step:  1032 | Sim Clock Time:   103.20s | Max Depth: 0.382844m | Min Depth: 0.000001m
2026-08-07 13:01:18 - Step:  1033 | Sim Clock Time:   103.30s | Max Depth: 0.382797m | Min Depth: 0.000001m
2026-08-07 13:01:18 - Step:  1034 | Sim Clock Time:   103.40s | Max Depth: 0.382582m | Min Depth: 0.000001m
2026-08-07 13:01:18 - Step:  1035 | Sim Clock Time:   103.50s | Max Depth: 0.382303m | Min Depth: 0.000001m
2026-08-07 13:01:18 - Step:  1036 | Sim Clock Time:   103.60s | Max Depth: 0.382226m | Min Depth: 0.000001m
2026-08-07 13:01:18 - Step:  1037 | Sim Clock Time:   103.70s | Max Depth: 0.382879m | Min Depth: 0.000001m
2026-08-07 13:01:18 - Step:  1038 | Sim Clock Time:   103.80s | Max Depth: 0.382973m | Min Depth: 0.000001m
2026-08-07 13:01:18 - Step:  1039 | Sim Clock Time:   103.90s | Max Depth: 0.382766m | Min Depth: 0.000001m
2026-08-07 13:01:18 - Step:  1040 | Sim Clock Time:   104.00s | Max Depth: 0.382504m | Min Depth: 0.000001m
2026-08-07 13:01:18 - Step:  1041 | Sim Clock Time:   104.10s | Max Depth: 0.382354m | Min Depth: 0.000001m
2026-08-07 13:01:18 - Step:  1042 | Sim Clock Time:   104.20s | Max Depth: 0.382922m | Min Depth: 0.000001m
2026-08-07 13:01:18 - Step:  1043 | Sim Clock Time:   104.30s | Max Depth: 0.383285m | Min Depth: 0.000001m
2026-08-07 13:01:18 - Step:  1044 | Sim Clock Time:   104.40s | Max Depth: 0.383087m | Min Depth: 0.000001m
2026-08-07 13:01:19 - Step:  1045 | Sim Clock Time:   104.50s | Max Depth: 0.382825m | Min Depth: 0.000001m
2026-08-07 13:01:19 - Step:  1046 | Sim Clock Time:   104.60s | Max Depth: 0.382588m | Min Depth: 0.000001m
2026-08-07 13:01:19 - Step:  1047 | Sim Clock Time:   104.70s | Max Depth: 0.382726m | Min Depth: 0.000001m
2026-08-07 13:01:19 - Step:  1048 | Sim Clock Time:   104.80s | Max Depth: 0.383444m | Min Depth: 0.000001m
2026-08-07 13:01:19 - Step:  1049 | Sim Clock Time:   104.90s | Max Depth: 0.383261m | Min Depth: 0.000001m
2026-08-07 13:01:19 - Step:  1050 | Sim Clock Time:   105.00s | Max Depth: 0.383004m | Min Depth: 0.000001m
2026-08-07 13:01:19 - Step:  1051 | Sim Clock Time:   105.10s | Max Depth: 0.382843m | Min Depth: 0.000001m
2026-08-07 13:01:19 - Step:  1052 | Sim Clock Time:   105.20s | Max Depth: 0.382841m | Min Depth: 0.000001m
2026-08-07 13:01:19 - Step:  1053 | Sim Clock Time:   105.30s | Max Depth: 0.383728m | Min Depth: 0.000001m
2026-08-07 13:01:19 - Step:  1054 | Sim Clock Time:   105.40s | Max Depth: 0.383563m | Min Depth: 0.000001m
2026-08-07 13:01:19 - Step:  1055 | Sim Clock Time:   105.50s | Max Depth: 0.383323m | Min Depth: 0.000001m
2026-08-07 13:01:19 - Step:  1056 | Sim Clock Time:   105.60s | Max Depth: 0.383063m | Min Depth: 0.000001m
2026-08-07 13:01:19 - Step:  1057 | Sim Clock Time:   105.70s | Max Depth: 0.383069m | Min Depth: 0.000001m
2026-08-07 13:01:19 - Step:  1058 | Sim Clock Time:   105.80s | Max Depth: 0.383847m | Min Depth: 0.000001m
2026-08-07 13:01:20 - Step:  1059 | Sim Clock Time:   105.90s | Max Depth: 0.383728m | Min Depth: 0.000001m
2026-08-07 13:01:20 - Step:  1060 | Sim Clock Time:   106.00s | Max Depth: 0.383495m | Min Depth: 0.000001m
2026-08-07 13:01:20 - Step:  1061 | Sim Clock Time:   106.10s | Max Depth: 0.383289m | Min Depth: 0.000001m
2026-08-07 13:01:20 - Step:  1062 | Sim Clock Time:   106.20s | Max Depth: 0.383284m | Min Depth: 0.000001m
2026-08-07 13:01:20 - Step:  1063 | Sim Clock Time:   106.30s | Max Depth: 0.384076m | Min Depth: 0.000001m
2026-08-07 13:01:20 - Step:  1064 | Sim Clock Time:   106.40s | Max Depth: 0.384014m | Min Depth: 0.000001m
2026-08-07 13:01:20 - Step:  1065 | Sim Clock Time:   106.50s | Max Depth: 0.383793m | Min Depth: 0.000001m
2026-08-07 13:01:20 - Step:  1066 | Sim Clock Time:   106.60s | Max Depth: 0.383510m | Min Depth: 0.000001m
2026-08-07 13:01:20 - Step:  1067 | Sim Clock Time:   106.70s | Max Depth: 0.383468m | Min Depth: 0.000001m
2026-08-07 13:01:20 - Step:  1068 | Sim Clock Time:   106.80s | Max Depth: 0.384108m | Min Depth: 0.000001m
2026-08-07 13:01:20 - Step:  1069 | Sim Clock Time:   106.90s | Max Depth: 0.384169m | Min Depth: 0.000001m
2026-08-07 13:01:20 - Step:  1070 | Sim Clock Time:   107.00s | Max Depth: 0.383957m | Min Depth: 0.000001m
2026-08-07 13:01:20 - Step:  1071 | Sim Clock Time:   107.10s | Max Depth: 0.383696m | Min Depth: 0.000001m
2026-08-07 13:01:20 - Step:  1072 | Sim Clock Time:   107.20s | Max Depth: 0.383563m | Min Depth: 0.000001m
2026-08-07 13:01:21 - Step:  1073 | Sim Clock Time:   107.30s | Max Depth: 0.384148m | Min Depth: 0.000001m
2026-08-07 13:01:21 - Step:  1074 | Sim Clock Time:   107.40s | Max Depth: 0.384439m | Min Depth: 0.000001m
2026-08-07 13:01:21 - Step:  1075 | Sim Clock Time:   107.50s | Max Depth: 0.384236m | Min Depth: 0.000001m
2026-08-07 13:01:21 - Step:  1076 | Sim Clock Time:   107.60s | Max Depth: 0.383965m | Min Depth: 0.000001m
2026-08-07 13:01:21 - Step:  1077 | Sim Clock Time:   107.70s | Max Depth: 0.383757m | Min Depth: 0.000001m
2026-08-07 13:01:21 - Step:  1078 | Sim Clock Time:   107.80s | Max Depth: 0.383985m | Min Depth: 0.000001m
2026-08-07 13:01:21 - Step:  1079 | Sim Clock Time:   107.90s | Max Depth: 0.384580m | Min Depth: 0.000001m
2026-08-07 13:01:21 - Step:  1080 | Sim Clock Time:   108.00s | Max Depth: 0.384392m | Min Depth: 0.000001m
2026-08-07 13:01:21 - Step:  1081 | Sim Clock Time:   108.10s | Max Depth: 0.384127m | Min Depth: 0.000001m
2026-08-07 13:01:21 - Step:  1082 | Sim Clock Time:   108.20s | Max Depth: 0.383983m | Min Depth: 0.000001m
2026-08-07 13:01:21 - Step:  1083 | Sim Clock Time:   108.30s | Max Depth: 0.383975m | Min Depth: 0.000001m
2026-08-07 13:01:21 - Step:  1084 | Sim Clock Time:   108.40s | Max Depth: 0.384827m | Min Depth: 0.000001m
2026-08-07 13:01:21 - Step:  1085 | Sim Clock Time:   108.50s | Max Depth: 0.384654m | Min Depth: 0.000001m
2026-08-07 13:01:21 - Step:  1086 | Sim Clock Time:   108.60s | Max Depth: 0.384404m | Min Depth: 0.000001m
2026-08-07 13:01:22 - Step:  1087 | Sim Clock Time:   108.70s | Max Depth: 0.384174m | Min Depth: 0.000001m
2026-08-07 13:01:22 - Step:  1088 | Sim Clock Time:   108.80s | Max Depth: 0.384173m | Min Depth: 0.000001m
2026-08-07 13:01:22 - Step:  1089 | Sim Clock Time:   108.90s | Max Depth: 0.384938m | Min Depth: 0.000001m
2026-08-07 13:01:22 - Step:  1090 | Sim Clock Time:   109.00s | Max Depth: 0.384802m | Min Depth: 0.000001m
2026-08-07 13:01:22 - Step:  1091 | Sim Clock Time:   109.10s | Max Depth: 0.384557m | Min Depth: 0.000001m
2026-08-07 13:01:22 - Step:  1092 | Sim Clock Time:   109.20s | Max Depth: 0.384380m | Min Depth: 0.000001m
2026-08-07 13:01:22 - Step:  1093 | Sim Clock Time:   109.30s | Max Depth: 0.384369m | Min Depth: 0.000001m
2026-08-07 13:01:22 - Step:  1094 | Sim Clock Time:   109.40s | Max Depth: 0.385148m | Min Depth: 0.000001m
2026-08-07 13:01:22 - Step:  1095 | Sim Clock Time:   109.50s | Max Depth: 0.385050m | Min Depth: 0.000001m
2026-08-07 13:01:22 - Step:  1096 | Sim Clock Time:   109.60s | Max Depth: 0.384821m | Min Depth: 0.000001m
2026-08-07 13:01:22 - Step:  1097 | Sim Clock Time:   109.70s | Max Depth: 0.384552m | Min Depth: 0.000001m
2026-08-07 13:01:22 - Step:  1098 | Sim Clock Time:   109.80s | Max Depth: 0.384540m | Min Depth: 0.000001m
2026-08-07 13:01:22 - Step:  1099 | Sim Clock Time:   109.90s | Max Depth: 0.385192m | Min Depth: 0.000001m
2026-08-07 13:01:22 - Step:  1100 | Sim Clock Time:   110.00s | Max Depth: 0.385189m | Min Depth: 0.000001m
2026-08-07 13:01:23 - Step:  1101 | Sim Clock Time:   110.10s | Max Depth: 0.384968m | Min Depth: 0.000001m
2026-08-07 13:01:23 - Step:  1102 | Sim Clock Time:   110.20s | Max Depth: 0.384712m | Min Depth: 0.000001m
2026-08-07 13:01:23 - Step:  1103 | Sim Clock Time:   110.30s | Max Depth: 0.384654m | Min Depth: 0.000001m
2026-08-07 13:01:23 - Step:  1104 | Sim Clock Time:   110.40s | Max Depth: 0.385264m | Min Depth: 0.000001m
2026-08-07 13:01:23 - Step:  1105 | Sim Clock Time:   110.50s | Max Depth: 0.385423m | Min Depth: 0.000001m
2026-08-07 13:01:23 - Step:  1106 | Sim Clock Time:   110.60s | Max Depth: 0.385215m | Min Depth: 0.000001m
2026-08-07 13:01:23 - Step:  1107 | Sim Clock Time:   110.70s | Max Depth: 0.384936m | Min Depth: 0.000001m
2026-08-07 13:01:23 - Step:  1108 | Sim Clock Time:   110.80s | Max Depth: 0.384754m | Min Depth: 0.000001m
2026-08-07 13:01:23 - Step:  1109 | Sim Clock Time:   110.90s | Max Depth: 0.385161m | Min Depth: 0.000001m
2026-08-07 13:01:23 - Step:  1110 | Sim Clock Time:   111.00s | Max Depth: 0.385550m | Min Depth: 0.000001m
2026-08-07 13:01:23 - Step:  1111 | Sim Clock Time:   111.10s | Max Depth: 0.385355m | Min Depth: 0.000001m
2026-08-07 13:01:23 - Step:  1112 | Sim Clock Time:   111.20s | Max Depth: 0.385095m | Min Depth: 0.000001m
2026-08-07 13:01:23 - Step:  1113 | Sim Clock Time:   111.30s | Max Depth: 0.384958m | Min Depth: 0.000001m
2026-08-07 13:01:24 - Step:  1114 | Sim Clock Time:   111.40s | Max Depth: 0.384944m | Min Depth: 0.000001m
2026-08-07 13:01:24 - Step:  1115 | Sim Clock Time:   111.50s | Max Depth: 0.385771m | Min Depth: 0.000001m
2026-08-07 13:01:24 - Step:  1116 | Sim Clock Time:   111.60s | Max Depth: 0.385587m | Min Depth: 0.000001m
2026-08-07 13:01:24 - Step:  1117 | Sim Clock Time:   111.70s | Max Depth: 0.385322m | Min Depth: 0.000001m
2026-08-07 13:01:24 - Step:  1118 | Sim Clock Time:   111.80s | Max Depth: 0.385125m | Min Depth: 0.000001m
2026-08-07 13:01:24 - Step:  1119 | Sim Clock Time:   111.90s | Max Depth: 0.385117m | Min Depth: 0.000001m
2026-08-07 13:01:24 - Step:  1120 | Sim Clock Time:   112.00s | Max Depth: 0.385876m | Min Depth: 0.000001m
2026-08-07 13:01:24 - Step:  1121 | Sim Clock Time:   112.10s | Max Depth: 0.385719m | Min Depth: 0.000001m
2026-08-07 13:01:24 - Step:  1122 | Sim Clock Time:   112.20s | Max Depth: 0.385457m | Min Depth: 0.000001m
2026-08-07 13:01:24 - Step:  1123 | Sim Clock Time:   112.30s | Max Depth: 0.385313m | Min Depth: 0.000001m
2026-08-07 13:01:24 - Step:  1124 | Sim Clock Time:   112.40s | Max Depth: 0.385296m | Min Depth: 0.000001m
2026-08-07 13:01:24 - Step:  1125 | Sim Clock Time:   112.50s | Max Depth: 0.386072m | Min Depth: 0.000001m
2026-08-07 13:01:24 - Step:  1126 | Sim Clock Time:   112.60s | Max Depth: 0.385938m | Min Depth: 0.000001m
2026-08-07 13:01:24 - Step:  1127 | Sim Clock Time:   112.70s | Max Depth: 0.385693m | Min Depth: 0.000001m
2026-08-07 13:01:25 - Step:  1128 | Sim Clock Time:   112.80s | Max Depth: 0.385469m | Min Depth: 0.000001m
2026-08-07 13:01:25 - Step:  1129 | Sim Clock Time:   112.90s | Max Depth: 0.385456m | Min Depth: 0.000001m
2026-08-07 13:01:25 - Step:  1130 | Sim Clock Time:   113.00s | Max Depth: 0.386130m | Min Depth: 0.000001m
2026-08-07 13:01:25 - Step:  1131 | Sim Clock Time:   113.10s | Max Depth: 0.386062m | Min Depth: 0.000001m
2026-08-07 13:01:25 - Step:  1132 | Sim Clock Time:   113.20s | Max Depth: 0.385824m | Min Depth: 0.000001m
2026-08-07 13:01:25 - Step:  1133 | Sim Clock Time:   113.30s | Max Depth: 0.385628m | Min Depth: 0.000001m
2026-08-07 13:01:25 - Step:  1134 | Sim Clock Time:   113.40s | Max Depth: 0.385593m | Min Depth: 0.000001m
2026-08-07 13:01:25 - Step:  1135 | Sim Clock Time:   113.50s | Max Depth: 0.386246m | Min Depth: 0.000001m
2026-08-07 13:01:25 - Step:  1136 | Sim Clock Time:   113.60s | Max Depth: 0.386269m | Min Depth: 0.000001m
2026-08-07 13:01:25 - Step:  1137 | Sim Clock Time:   113.70s | Max Depth: 0.386047m | Min Depth: 0.000001m
2026-08-07 13:01:25 - Step:  1138 | Sim Clock Time:   113.80s | Max Depth: 0.385765m | Min Depth: 0.000001m
2026-08-07 13:01:25 - Step:  1139 | Sim Clock Time:   113.90s | Max Depth: 0.385701m | Min Depth: 0.000001m
2026-08-07 13:01:25 - Step:  1140 | Sim Clock Time:   114.00s | Max Depth: 0.386206m | Min Depth: 0.000001m
2026-08-07 13:01:25 - Step:  1141 | Sim Clock Time:   114.10s | Max Depth: 0.386383m | Min Depth: 0.000001m
2026-08-07 13:01:26 - Step:  1142 | Sim Clock Time:   114.20s | Max Depth: 0.386173m | Min Depth: 0.000001m
2026-08-07 13:01:26 - Step:  1143 | Sim Clock Time:   114.30s | Max Depth: 0.385925m | Min Depth: 0.000001m
2026-08-07 13:01:26 - Step:  1144 | Sim Clock Time:   114.40s | Max Depth: 0.385790m | Min Depth: 0.000001m
2026-08-07 13:01:26 - Step:  1145 | Sim Clock Time:   114.50s | Max Depth: 0.386105m | Min Depth: 0.000001m
2026-08-07 13:01:26 - Step:  1146 | Sim Clock Time:   114.60s | Max Depth: 0.386580m | Min Depth: 0.000001m
2026-08-07 13:01:26 - Step:  1147 | Sim Clock Time:   114.70s | Max Depth: 0.386381m | Min Depth: 0.000001m
2026-08-07 13:01:26 - Step:  1148 | Sim Clock Time:   114.80s | Max Depth: 0.386107m | Min Depth: 0.000001m
2026-08-07 13:01:26 - Step:  1149 | Sim Clock Time:   114.90s | Max Depth: 0.385941m | Min Depth: 0.000001m
2026-08-07 13:01:26 - Step:  1150 | Sim Clock Time:   115.00s | Max Depth: 0.385926m | Min Depth: 0.000001m
2026-08-07 13:01:26 - Step:  1151 | Sim Clock Time:   115.10s | Max Depth: 0.386679m | Min Depth: 0.000001m
2026-08-07 13:01:26 - Step:  1152 | Sim Clock Time:   115.20s | Max Depth: 0.386502m | Min Depth: 0.000001m
2026-08-07 13:01:26 - Step:  1153 | Sim Clock Time:   115.30s | Max Depth: 0.386249m | Min Depth: 0.000001m
2026-08-07 13:01:26 - Step:  1154 | Sim Clock Time:   115.40s | Max Depth: 0.386114m | Min Depth: 0.000001m
2026-08-07 13:01:26 - Step:  1155 | Sim Clock Time:   115.50s | Max Depth: 0.386093m | Min Depth: 0.000001m
2026-08-07 13:01:27 - Step:  1156 | Sim Clock Time:   115.60s | Max Depth: 0.386859m | Min Depth: 0.000001m
2026-08-07 13:01:27 - Step:  1157 | Sim Clock Time:   115.70s | Max Depth: 0.386697m | Min Depth: 0.000001m
2026-08-07 13:01:27 - Step:  1158 | Sim Clock Time:   115.80s | Max Depth: 0.386437m | Min Depth: 0.000001m
2026-08-07 13:01:27 - Step:  1159 | Sim Clock Time:   115.90s | Max Depth: 0.386253m | Min Depth: 0.000001m
2026-08-07 13:01:27 - Step:  1160 | Sim Clock Time:   116.00s | Max Depth: 0.386236m | Min Depth: 0.000001m
2026-08-07 13:01:27 - Step:  1161 | Sim Clock Time:   116.10s | Max Depth: 0.386926m | Min Depth: 0.000001m
2026-08-07 13:01:27 - Step:  1162 | Sim Clock Time:   116.20s | Max Depth: 0.386811m | Min Depth: 0.000001m
2026-08-07 13:01:27 - Step:  1163 | Sim Clock Time:   116.30s | Max Depth: 0.386553m | Min Depth: 0.000001m
2026-08-07 13:01:27 - Step:  1164 | Sim Clock Time:   116.40s | Max Depth: 0.386409m | Min Depth: 0.000001m
2026-08-07 13:01:27 - Step:  1165 | Sim Clock Time:   116.50s | Max Depth: 0.386383m | Min Depth: 0.000001m
2026-08-07 13:01:27 - Step:  1166 | Sim Clock Time:   116.60s | Max Depth: 0.387072m | Min Depth: 0.000001m
2026-08-07 13:01:27 - Step:  1167 | Sim Clock Time:   116.70s | Max Depth: 0.386995m | Min Depth: 0.000001m
2026-08-07 13:01:27 - Step:  1168 | Sim Clock Time:   116.80s | Max Depth: 0.386755m | Min Depth: 0.000001m
2026-08-07 13:01:27 - Step:  1169 | Sim Clock Time:   116.90s | Max Depth: 0.386536m | Min Depth: 0.000001m
2026-08-07 13:01:28 - Step:  1170 | Sim Clock Time:   117.00s | Max Depth: 0.386506m | Min Depth: 0.000001m
2026-08-07 13:01:28 - Step:  1171 | Sim Clock Time:   117.10s | Max Depth: 0.387085m | Min Depth: 0.000001m
2026-08-07 13:01:28 - Step:  1172 | Sim Clock Time:   117.20s | Max Depth: 0.387101m | Min Depth: 0.000001m
2026-08-07 13:01:28 - Step:  1173 | Sim Clock Time:   117.30s | Max Depth: 0.386868m | Min Depth: 0.000001m
2026-08-07 13:01:28 - Step:  1174 | Sim Clock Time:   117.40s | Max Depth: 0.386652m | Min Depth: 0.000001m
2026-08-07 13:01:28 - Step:  1175 | Sim Clock Time:   117.50s | Max Depth: 0.386578m | Min Depth: 0.000001m
2026-08-07 13:01:28 - Step:  1176 | Sim Clock Time:   117.60s | Max Depth: 0.387098m | Min Depth: 0.000001m
2026-08-07 13:01:28 - Step:  1177 | Sim Clock Time:   117.70s | Max Depth: 0.387275m | Min Depth: 0.000001m
2026-08-07 13:01:28 - Step:  1178 | Sim Clock Time:   117.80s | Max Depth: 0.387058m | Min Depth: 0.000001m
2026-08-07 13:01:28 - Step:  1179 | Sim Clock Time:   117.90s | Max Depth: 0.386773m | Min Depth: 0.000001m
2026-08-07 13:01:28 - Step:  1180 | Sim Clock Time:   118.00s | Max Depth: 0.386637m | Min Depth: 0.000001m
2026-08-07 13:01:28 - Step:  1181 | Sim Clock Time:   118.10s | Max Depth: 0.386989m | Min Depth: 0.000001m
2026-08-07 13:01:28 - Step:  1182 | Sim Clock Time:   118.20s | Max Depth: 0.387370m | Min Depth: 0.000001m
2026-08-07 13:01:29 - Step:  1183 | Sim Clock Time:   118.30s | Max Depth: 0.387168m | Min Depth: 0.000001m
2026-08-07 13:01:29 - Step:  1184 | Sim Clock Time:   118.40s | Max Depth: 0.386930m | Min Depth: 0.000001m
2026-08-07 13:01:29 - Step:  1185 | Sim Clock Time:   118.50s | Max Depth: 0.386798m | Min Depth: 0.000001m
2026-08-07 13:01:29 - Step:  1186 | Sim Clock Time:   118.60s | Max Depth: 0.386776m | Min Depth: 0.000001m
2026-08-07 13:01:29 - Step:  1187 | Sim Clock Time:   118.70s | Max Depth: 0.387533m | Min Depth: 0.000001m
2026-08-07 13:01:29 - Step:  1188 | Sim Clock Time:   118.80s | Max Depth: 0.387345m | Min Depth: 0.000001m
2026-08-07 13:01:29 - Step:  1189 | Sim Clock Time:   118.90s | Max Depth: 0.387072m | Min Depth: 0.000001m
2026-08-07 13:01:29 - Step:  1190 | Sim Clock Time:   119.00s | Max Depth: 0.386925m | Min Depth: 0.000001m
2026-08-07 13:01:29 - Step:  1191 | Sim Clock Time:   119.10s | Max Depth: 0.386906m | Min Depth: 0.000001m
2026-08-07 13:01:29 - Step:  1192 | Sim Clock Time:   119.20s | Max Depth: 0.387611m | Min Depth: 0.000001m
2026-08-07 13:01:29 - Step:  1193 | Sim Clock Time:   119.30s | Max Depth: 0.387451m | Min Depth: 0.000001m
2026-08-07 13:01:29 - Step:  1194 | Sim Clock Time:   119.40s | Max Depth: 0.387208m | Min Depth: 0.000001m
2026-08-07 13:01:29 - Step:  1195 | Sim Clock Time:   119.50s | Max Depth: 0.387074m | Min Depth: 0.000001m
2026-08-07 13:01:29 - Step:  1196 | Sim Clock Time:   119.60s | Max Depth: 0.387048m | Min Depth: 0.000001m
2026-08-07 13:01:30 - Step:  1197 | Sim Clock Time:   119.70s | Max Depth: 0.387757m | Min Depth: 0.000001m
2026-08-07 13:01:30 - Step:  1198 | Sim Clock Time:   119.80s | Max Depth: 0.387617m | Min Depth: 0.000001m
2026-08-07 13:01:30 - Step:  1199 | Sim Clock Time:   119.90s | Max Depth: 0.387361m | Min Depth: 0.000001m
2026-08-07 13:01:30 - Step:  1200 | Sim Clock Time:   120.00s | Max Depth: 0.387191m | Min Depth: 0.000001m
2026-08-07 13:01:30 - depth range: 0.000001, 0.387191
2026-08-07 13:01:30 - Successfully saved 4 micro-step gauge text files!
2026-08-07 13:01:30 - Saved bottom_boundary_discharge.txt
2026-08-07 13:01:31 - Saved maximum water depth to netcdf file
2026-08-07 13:01:31 - === Simulation Ended at: 2026-08-07 13:01:31 ===
2026-08-07 13:01:31 - Total Physical Time Simulated: 120.00 seconds
2026-08-07 13:01:31 - Total Computational Time: 0.0362h
