2026-08-08 00:55:18 - === Simulation Started at: 2026-08-08 00:55:18 ===
2026-08-08 00:55:18 - cells: 254, 200, square resolution: 0.01
2026-08-08 00:56:10 - Step:     1 | Sim Clock Time:     0.10s | Max Depth: 0.002600m | Min Depth: 0.000000m
2026-08-08 00:56:13 - Step:     2 | Sim Clock Time:     0.20s | Max Depth: 0.003174m | Min Depth: 0.000000m
2026-08-08 00:56:13 - Step:     3 | Sim Clock Time:     0.30s | Max Depth: 0.001883m | Min Depth: 0.000000m
2026-08-08 00:56:13 - Step:     4 | Sim Clock Time:     0.40s | Max Depth: 0.001881m | Min Depth: 0.000000m
2026-08-08 00:56:13 - Step:     5 | Sim Clock Time:     0.50s | Max Depth: 0.001749m | Min Depth: 0.000000m
2026-08-08 00:56:13 - Step:     6 | Sim Clock Time:     0.60s | Max Depth: 0.001853m | Min Depth: 0.000000m
2026-08-08 00:56:13 - Step:     7 | Sim Clock Time:     0.70s | Max Depth: 0.002082m | Min Depth: 0.000000m
2026-08-08 00:56:13 - Step:     8 | Sim Clock Time:     0.80s | Max Depth: 0.002176m | Min Depth: 0.000000m
2026-08-08 00:56:13 - Step:     9 | Sim Clock Time:     0.90s | Max Depth: 0.001968m | Min Depth: 0.000000m
2026-08-08 00:56:13 - Step:    10 | Sim Clock Time:     1.00s | Max Depth: 0.001809m | Min Depth: 0.000000m
2026-08-08 00:56:13 - Step:    11 | Sim Clock Time:     1.10s | Max Depth: 0.001922m | Min Depth: 0.000000m
2026-08-08 00:56:13 - Step:    12 | Sim Clock Time:     1.20s | Max Depth: 0.002027m | Min Depth: 0.000000m
2026-08-08 00:56:13 - Step:    13 | Sim Clock Time:     1.30s | Max Depth: 0.002166m | Min Depth: 0.000000m
2026-08-08 00:56:13 - Step:    14 | Sim Clock Time:     1.40s | Max Depth: 0.002040m | Min Depth: 0.000000m
2026-08-08 00:56:13 - Step:    15 | Sim Clock Time:     1.50s | Max Depth: 0.002009m | Min Depth: 0.000000m
2026-08-08 00:56:13 - Step:    16 | Sim Clock Time:     1.60s | Max Depth: 0.002063m | Min Depth: 0.000000m
2026-08-08 00:56:13 - Step:    17 | Sim Clock Time:     1.70s | Max Depth: 0.002057m | Min Depth: 0.000000m
2026-08-08 00:56:13 - Step:    18 | Sim Clock Time:     1.80s | Max Depth: 0.002076m | Min Depth: 0.000000m
2026-08-08 00:56:14 - Step:    19 | Sim Clock Time:     1.90s | Max Depth: 0.002051m | Min Depth: 0.000000m
2026-08-08 00:56:14 - Step:    20 | Sim Clock Time:     2.00s | Max Depth: 0.002052m | Min Depth: 0.000000m
2026-08-08 00:56:14 - Step:    21 | Sim Clock Time:     2.10s | Max Depth: 0.002037m | Min Depth: 0.000000m
2026-08-08 00:56:14 - Step:    22 | Sim Clock Time:     2.20s | Max Depth: 0.002231m | Min Depth: 0.000000m
2026-08-08 00:56:14 - Step:    23 | Sim Clock Time:     2.30s | Max Depth: 0.002310m | Min Depth: 0.000000m
2026-08-08 00:56:14 - Step:    24 | Sim Clock Time:     2.40s | Max Depth: 0.002300m | Min Depth: 0.000000m
2026-08-08 00:56:14 - Step:    25 | Sim Clock Time:     2.50s | Max Depth: 0.002307m | Min Depth: 0.000000m
2026-08-08 00:56:14 - Step:    26 | Sim Clock Time:     2.60s | Max Depth: 0.002335m | Min Depth: 0.000000m
2026-08-08 00:56:14 - Step:    27 | Sim Clock Time:     2.70s | Max Depth: 0.002290m | Min Depth: 0.000000m
2026-08-08 00:56:14 - Step:    28 | Sim Clock Time:     2.80s | Max Depth: 0.002387m | Min Depth: 0.000000m
2026-08-08 00:56:14 - Step:    29 | Sim Clock Time:     2.90s | Max Depth: 0.002572m | Min Depth: 0.000000m
2026-08-08 00:56:14 - Step:    30 | Sim Clock Time:     3.00s | Max Depth: 0.002704m | Min Depth: 0.000000m
2026-08-08 00:56:14 - Step:    31 | Sim Clock Time:     3.10s | Max Depth: 0.002786m | Min Depth: 0.000000m
2026-08-08 00:56:14 - Step:    32 | Sim Clock Time:     3.20s | Max Depth: 0.002924m | Min Depth: 0.000000m
2026-08-08 00:56:14 - Step:    33 | Sim Clock Time:     3.30s | Max Depth: 0.003019m | Min Depth: 0.000000m
2026-08-08 00:56:14 - Step:    34 | Sim Clock Time:     3.40s | Max Depth: 0.003189m | Min Depth: 0.000000m
2026-08-08 00:56:14 - Step:    35 | Sim Clock Time:     3.50s | Max Depth: 0.003383m | Min Depth: 0.000000m
2026-08-08 00:56:14 - Step:    36 | Sim Clock Time:     3.60s | Max Depth: 0.003572m | Min Depth: 0.000000m
2026-08-08 00:56:14 - Step:    37 | Sim Clock Time:     3.70s | Max Depth: 0.003754m | Min Depth: 0.000000m
2026-08-08 00:56:14 - Step:    38 | Sim Clock Time:     3.80s | Max Depth: 0.003904m | Min Depth: 0.000000m
2026-08-08 00:56:14 - Step:    39 | Sim Clock Time:     3.90s | Max Depth: 0.004034m | Min Depth: 0.000000m
2026-08-08 00:56:14 - Step:    40 | Sim Clock Time:     4.00s | Max Depth: 0.004166m | Min Depth: 0.000000m
2026-08-08 00:56:14 - Step:    41 | Sim Clock Time:     4.10s | Max Depth: 0.004284m | Min Depth: 0.000000m
2026-08-08 00:56:14 - Step:    42 | Sim Clock Time:     4.20s | Max Depth: 0.004403m | Min Depth: 0.000000m
2026-08-08 00:56:14 - Step:    43 | Sim Clock Time:     4.30s | Max Depth: 0.004542m | Min Depth: 0.000000m
2026-08-08 00:56:14 - Step:    44 | Sim Clock Time:     4.40s | Max Depth: 0.004684m | Min Depth: 0.000000m
2026-08-08 00:56:14 - Step:    45 | Sim Clock Time:     4.50s | Max Depth: 0.004823m | Min Depth: 0.000000m
2026-08-08 00:56:14 - Step:    46 | Sim Clock Time:     4.60s | Max Depth: 0.004965m | Min Depth: 0.000000m
2026-08-08 00:56:14 - Step:    47 | Sim Clock Time:     4.70s | Max Depth: 0.005103m | Min Depth: 0.000000m
2026-08-08 00:56:14 - Step:    48 | Sim Clock Time:     4.80s | Max Depth: 0.005266m | Min Depth: 0.000000m
2026-08-08 00:56:14 - Step:    49 | Sim Clock Time:     4.90s | Max Depth: 0.005420m | Min Depth: 0.000001m
2026-08-08 00:56:14 - Step:    50 | Sim Clock Time:     5.00s | Max Depth: 0.005568m | Min Depth: 0.000001m
2026-08-08 00:56:14 - Step:    51 | Sim Clock Time:     5.10s | Max Depth: 0.005730m | Min Depth: 0.000001m
2026-08-08 00:56:14 - Step:    52 | Sim Clock Time:     5.20s | Max Depth: 0.005961m | Min Depth: 0.000001m
2026-08-08 00:56:14 - Step:    53 | Sim Clock Time:     5.30s | Max Depth: 0.006191m | Min Depth: 0.000001m
2026-08-08 00:56:14 - Step:    54 | Sim Clock Time:     5.40s | Max Depth: 0.006361m | Min Depth: 0.000001m
2026-08-08 00:56:14 - Step:    55 | Sim Clock Time:     5.50s | Max Depth: 0.006488m | Min Depth: 0.000001m
2026-08-08 00:56:14 - Step:    56 | Sim Clock Time:     5.60s | Max Depth: 0.006600m | Min Depth: 0.000001m
2026-08-08 00:56:14 - Step:    57 | Sim Clock Time:     5.70s | Max Depth: 0.006715m | Min Depth: 0.000001m
2026-08-08 00:56:14 - Step:    58 | Sim Clock Time:     5.80s | Max Depth: 0.006887m | Min Depth: 0.000001m
2026-08-08 00:56:14 - Step:    59 | Sim Clock Time:     5.90s | Max Depth: 0.007057m | Min Depth: 0.000001m
2026-08-08 00:56:14 - Step:    60 | Sim Clock Time:     6.00s | Max Depth: 0.007230m | Min Depth: 0.000001m
2026-08-08 00:56:14 - Step:    61 | Sim Clock Time:     6.10s | Max Depth: 0.007410m | Min Depth: 0.000001m
2026-08-08 00:56:14 - Step:    62 | Sim Clock Time:     6.20s | Max Depth: 0.007577m | Min Depth: 0.000001m
2026-08-08 00:56:14 - Step:    63 | Sim Clock Time:     6.30s | Max Depth: 0.007752m | Min Depth: 0.000001m
2026-08-08 00:56:14 - Step:    64 | Sim Clock Time:     6.40s | Max Depth: 0.007916m | Min Depth: 0.000001m
2026-08-08 00:56:14 - Step:    65 | Sim Clock Time:     6.50s | Max Depth: 0.008065m | Min Depth: 0.000001m
2026-08-08 00:56:14 - Step:    66 | Sim Clock Time:     6.60s | Max Depth: 0.008215m | Min Depth: 0.000001m
2026-08-08 00:56:15 - Step:    67 | Sim Clock Time:     6.70s | Max Depth: 0.008363m | Min Depth: 0.000001m
2026-08-08 00:56:15 - Step:    68 | Sim Clock Time:     6.80s | Max Depth: 0.008476m | Min Depth: 0.000001m
2026-08-08 00:56:15 - Step:    69 | Sim Clock Time:     6.90s | Max Depth: 0.008577m | Min Depth: 0.000001m
2026-08-08 00:56:15 - Step:    70 | Sim Clock Time:     7.00s | Max Depth: 0.008679m | Min Depth: 0.000001m
2026-08-08 00:56:15 - Step:    71 | Sim Clock Time:     7.10s | Max Depth: 0.008771m | Min Depth: 0.000001m
2026-08-08 00:56:15 - Step:    72 | Sim Clock Time:     7.20s | Max Depth: 0.008856m | Min Depth: 0.000001m
2026-08-08 00:56:15 - Step:    73 | Sim Clock Time:     7.30s | Max Depth: 0.008944m | Min Depth: 0.000001m
2026-08-08 00:56:15 - Step:    74 | Sim Clock Time:     7.40s | Max Depth: 0.009008m | Min Depth: 0.000001m
2026-08-08 00:56:15 - Step:    75 | Sim Clock Time:     7.50s | Max Depth: 0.009060m | Min Depth: 0.000001m
2026-08-08 00:56:15 - Step:    76 | Sim Clock Time:     7.60s | Max Depth: 0.009124m | Min Depth: 0.000001m
2026-08-08 00:56:15 - Step:    77 | Sim Clock Time:     7.70s | Max Depth: 0.009191m | Min Depth: 0.000001m
2026-08-08 00:56:15 - Step:    78 | Sim Clock Time:     7.80s | Max Depth: 0.009257m | Min Depth: 0.000001m
2026-08-08 00:56:15 - Step:    79 | Sim Clock Time:     7.90s | Max Depth: 0.009316m | Min Depth: 0.000001m
2026-08-08 00:56:15 - Step:    80 | Sim Clock Time:     8.00s | Max Depth: 0.009418m | Min Depth: 0.000001m
2026-08-08 00:56:15 - Step:    81 | Sim Clock Time:     8.10s | Max Depth: 0.009521m | Min Depth: 0.000001m
2026-08-08 00:56:15 - Step:    82 | Sim Clock Time:     8.20s | Max Depth: 0.009607m | Min Depth: 0.000001m
2026-08-08 00:56:15 - Step:    83 | Sim Clock Time:     8.30s | Max Depth: 0.009676m | Min Depth: 0.000001m
2026-08-08 00:56:15 - Step:    84 | Sim Clock Time:     8.40s | Max Depth: 0.009747m | Min Depth: 0.000001m
2026-08-08 00:56:15 - Step:    85 | Sim Clock Time:     8.50s | Max Depth: 0.009849m | Min Depth: 0.000001m
2026-08-08 00:56:15 - Step:    86 | Sim Clock Time:     8.60s | Max Depth: 0.009996m | Min Depth: 0.000001m
2026-08-08 00:56:15 - Step:    87 | Sim Clock Time:     8.70s | Max Depth: 0.010148m | Min Depth: 0.000001m
2026-08-08 00:56:15 - Step:    88 | Sim Clock Time:     8.80s | Max Depth: 0.010271m | Min Depth: 0.000001m
2026-08-08 00:56:15 - Step:    89 | Sim Clock Time:     8.90s | Max Depth: 0.010353m | Min Depth: 0.000001m
2026-08-08 00:56:15 - Step:    90 | Sim Clock Time:     9.00s | Max Depth: 0.010310m | Min Depth: 0.000001m
2026-08-08 00:56:15 - Step:    91 | Sim Clock Time:     9.10s | Max Depth: 0.010313m | Min Depth: 0.000001m
2026-08-08 00:56:15 - Step:    92 | Sim Clock Time:     9.20s | Max Depth: 0.010689m | Min Depth: 0.000001m
2026-08-08 00:56:15 - Step:    93 | Sim Clock Time:     9.30s | Max Depth: 0.010601m | Min Depth: 0.000001m
2026-08-08 00:56:16 - Step:    94 | Sim Clock Time:     9.40s | Max Depth: 0.010649m | Min Depth: 0.000001m
2026-08-08 00:56:16 - Step:    95 | Sim Clock Time:     9.50s | Max Depth: 0.010736m | Min Depth: 0.000001m
2026-08-08 00:56:16 - Step:    96 | Sim Clock Time:     9.60s | Max Depth: 0.010897m | Min Depth: 0.000001m
2026-08-08 00:56:16 - Step:    97 | Sim Clock Time:     9.70s | Max Depth: 0.010951m | Min Depth: 0.000001m
2026-08-08 00:56:16 - Step:    98 | Sim Clock Time:     9.80s | Max Depth: 0.010764m | Min Depth: 0.000001m
2026-08-08 00:56:16 - Step:    99 | Sim Clock Time:     9.90s | Max Depth: 0.011244m | Min Depth: 0.000001m
2026-08-08 00:56:16 - Step:   100 | Sim Clock Time:    10.00s | Max Depth: 0.011325m | Min Depth: 0.000001m
2026-08-08 00:56:16 - Step:   101 | Sim Clock Time:    10.10s | Max Depth: 0.010919m | Min Depth: 0.000001m
2026-08-08 00:56:16 - Step:   102 | Sim Clock Time:    10.20s | Max Depth: 0.011928m | Min Depth: 0.000001m
2026-08-08 00:56:16 - Step:   103 | Sim Clock Time:    10.30s | Max Depth: 0.011558m | Min Depth: 0.000001m
2026-08-08 00:56:16 - Step:   104 | Sim Clock Time:    10.40s | Max Depth: 0.012037m | Min Depth: 0.000001m
2026-08-08 00:56:16 - Step:   105 | Sim Clock Time:    10.50s | Max Depth: 0.012275m | Min Depth: 0.000001m
2026-08-08 00:56:16 - Step:   106 | Sim Clock Time:    10.60s | Max Depth: 0.013196m | Min Depth: 0.000001m
2026-08-08 00:56:16 - Step:   107 | Sim Clock Time:    10.70s | Max Depth: 0.013940m | Min Depth: 0.000001m
2026-08-08 00:56:16 - Step:   108 | Sim Clock Time:    10.80s | Max Depth: 0.015060m | Min Depth: 0.000001m
2026-08-08 00:56:16 - Step:   109 | Sim Clock Time:    10.90s | Max Depth: 0.016096m | Min Depth: 0.000001m
2026-08-08 00:56:16 - Step:   110 | Sim Clock Time:    11.00s | Max Depth: 0.017098m | Min Depth: 0.000001m
2026-08-08 00:56:16 - Step:   111 | Sim Clock Time:    11.10s | Max Depth: 0.017928m | Min Depth: 0.000001m
2026-08-08 00:56:16 - Step:   112 | Sim Clock Time:    11.20s | Max Depth: 0.018710m | Min Depth: 0.000001m
2026-08-08 00:56:16 - Step:   113 | Sim Clock Time:    11.30s | Max Depth: 0.019718m | Min Depth: 0.000001m
2026-08-08 00:56:16 - Step:   114 | Sim Clock Time:    11.40s | Max Depth: 0.019767m | Min Depth: 0.000001m
2026-08-08 00:56:16 - Step:   115 | Sim Clock Time:    11.50s | Max Depth: 0.021927m | Min Depth: 0.000001m
2026-08-08 00:56:17 - Step:   116 | Sim Clock Time:    11.60s | Max Depth: 0.018344m | Min Depth: 0.000001m
2026-08-08 00:56:17 - Step:   117 | Sim Clock Time:    11.70s | Max Depth: 0.023664m | Min Depth: 0.000001m
2026-08-08 00:56:17 - Step:   118 | Sim Clock Time:    11.80s | Max Depth: 0.019262m | Min Depth: 0.000001m
2026-08-08 00:56:17 - Step:   119 | Sim Clock Time:    11.90s | Max Depth: 0.020214m | Min Depth: 0.000001m
2026-08-08 00:56:17 - Step:   120 | Sim Clock Time:    12.00s | Max Depth: 0.028082m | Min Depth: 0.000001m
2026-08-08 00:56:17 - Step:   121 | Sim Clock Time:    12.10s | Max Depth: 0.018000m | Min Depth: 0.000001m
2026-08-08 00:56:17 - Step:   122 | Sim Clock Time:    12.20s | Max Depth: 0.024307m | Min Depth: 0.000001m
2026-08-08 00:56:17 - Step:   123 | Sim Clock Time:    12.30s | Max Depth: 0.028187m | Min Depth: 0.000001m
2026-08-08 00:56:17 - Step:   124 | Sim Clock Time:    12.40s | Max Depth: 0.017795m | Min Depth: 0.000001m
2026-08-08 00:56:17 - Step:   125 | Sim Clock Time:    12.50s | Max Depth: 0.027056m | Min Depth: 0.000001m
2026-08-08 00:56:17 - Step:   126 | Sim Clock Time:    12.60s | Max Depth: 0.022658m | Min Depth: 0.000001m
2026-08-08 00:56:17 - Step:   127 | Sim Clock Time:    12.70s | Max Depth: 0.018910m | Min Depth: 0.000001m
2026-08-08 00:56:17 - Step:   128 | Sim Clock Time:    12.80s | Max Depth: 0.028971m | Min Depth: 0.000001m
2026-08-08 00:56:17 - Step:   129 | Sim Clock Time:    12.90s | Max Depth: 0.020429m | Min Depth: 0.000001m
2026-08-08 00:56:17 - Step:   130 | Sim Clock Time:    13.00s | Max Depth: 0.021903m | Min Depth: 0.000001m
2026-08-08 00:56:17 - Step:   131 | Sim Clock Time:    13.10s | Max Depth: 0.031873m | Min Depth: 0.000001m
2026-08-08 00:56:17 - Step:   132 | Sim Clock Time:    13.20s | Max Depth: 0.020919m | Min Depth: 0.000001m
2026-08-08 00:56:17 - Step:   133 | Sim Clock Time:    13.30s | Max Depth: 0.024619m | Min Depth: 0.000001m
2026-08-08 00:56:18 - Step:   134 | Sim Clock Time:    13.40s | Max Depth: 0.033924m | Min Depth: 0.000001m
2026-08-08 00:56:18 - Step:   135 | Sim Clock Time:    13.50s | Max Depth: 0.020915m | Min Depth: 0.000001m
2026-08-08 00:56:18 - Step:   136 | Sim Clock Time:    13.60s | Max Depth: 0.026875m | Min Depth: 0.000001m
2026-08-08 00:56:18 - Step:   137 | Sim Clock Time:    13.70s | Max Depth: 0.034741m | Min Depth: 0.000001m
2026-08-08 00:56:18 - Step:   138 | Sim Clock Time:    13.80s | Max Depth: 0.020852m | Min Depth: 0.000001m
2026-08-08 00:56:18 - Step:   139 | Sim Clock Time:    13.90s | Max Depth: 0.028110m | Min Depth: 0.000001m
2026-08-08 00:56:18 - Step:   140 | Sim Clock Time:    14.00s | Max Depth: 0.034647m | Min Depth: 0.000001m
2026-08-08 00:56:18 - Step:   141 | Sim Clock Time:    14.10s | Max Depth: 0.021022m | Min Depth: 0.000001m
2026-08-08 00:56:18 - Step:   142 | Sim Clock Time:    14.20s | Max Depth: 0.029217m | Min Depth: 0.000001m
2026-08-08 00:56:18 - Step:   143 | Sim Clock Time:    14.30s | Max Depth: 0.034343m | Min Depth: 0.000001m
2026-08-08 00:56:18 - Step:   144 | Sim Clock Time:    14.40s | Max Depth: 0.021517m | Min Depth: 0.000001m
2026-08-08 00:56:18 - Step:   145 | Sim Clock Time:    14.50s | Max Depth: 0.030814m | Min Depth: 0.000001m
2026-08-08 00:56:18 - Step:   146 | Sim Clock Time:    14.60s | Max Depth: 0.036192m | Min Depth: 0.000001m
2026-08-08 00:56:18 - Step:   147 | Sim Clock Time:    14.70s | Max Depth: 0.022230m | Min Depth: 0.000001m
2026-08-08 00:56:18 - Step:   148 | Sim Clock Time:    14.80s | Max Depth: 0.029807m | Min Depth: 0.000001m
2026-08-08 00:56:18 - Step:   149 | Sim Clock Time:    14.90s | Max Depth: 0.038170m | Min Depth: 0.000001m
2026-08-08 00:56:18 - Step:   150 | Sim Clock Time:    15.00s | Max Depth: 0.023356m | Min Depth: 0.000001m
2026-08-08 00:56:19 - Step:   151 | Sim Clock Time:    15.10s | Max Depth: 0.027943m | Min Depth: 0.000001m
2026-08-08 00:56:19 - Step:   152 | Sim Clock Time:    15.20s | Max Depth: 0.041064m | Min Depth: 0.000001m
2026-08-08 00:56:19 - Step:   153 | Sim Clock Time:    15.30s | Max Depth: 0.025224m | Min Depth: 0.000001m
2026-08-08 00:56:19 - Step:   154 | Sim Clock Time:    15.40s | Max Depth: 0.025590m | Min Depth: 0.000001m
2026-08-08 00:56:19 - Step:   155 | Sim Clock Time:    15.50s | Max Depth: 0.040188m | Min Depth: 0.000001m
2026-08-08 00:56:19 - Step:   156 | Sim Clock Time:    15.60s | Max Depth: 0.027191m | Min Depth: 0.000001m
2026-08-08 00:56:19 - Step:   157 | Sim Clock Time:    15.70s | Max Depth: 0.024056m | Min Depth: 0.000001m
2026-08-08 00:56:19 - Step:   158 | Sim Clock Time:    15.80s | Max Depth: 0.037155m | Min Depth: 0.000001m
2026-08-08 00:56:19 - Step:   159 | Sim Clock Time:    15.90s | Max Depth: 0.032211m | Min Depth: 0.000001m
2026-08-08 00:56:19 - Step:   160 | Sim Clock Time:    16.00s | Max Depth: 0.024947m | Min Depth: 0.000001m
2026-08-08 00:56:19 - Step:   161 | Sim Clock Time:    16.10s | Max Depth: 0.032318m | Min Depth: 0.000001m
2026-08-08 00:56:19 - Step:   162 | Sim Clock Time:    16.20s | Max Depth: 0.043618m | Min Depth: 0.000001m
2026-08-08 00:56:19 - Step:   163 | Sim Clock Time:    16.30s | Max Depth: 0.034358m | Min Depth: 0.000001m
2026-08-08 00:56:19 - Step:   164 | Sim Clock Time:    16.40s | Max Depth: 0.032698m | Min Depth: 0.000001m
2026-08-08 00:56:19 - Step:   165 | Sim Clock Time:    16.50s | Max Depth: 0.035269m | Min Depth: 0.000001m
2026-08-08 00:56:19 - Step:   166 | Sim Clock Time:    16.60s | Max Depth: 0.038815m | Min Depth: 0.000001m
2026-08-08 00:56:19 - Step:   167 | Sim Clock Time:    16.70s | Max Depth: 0.038043m | Min Depth: 0.000001m
2026-08-08 00:56:20 - Step:   168 | Sim Clock Time:    16.80s | Max Depth: 0.036378m | Min Depth: 0.000001m
2026-08-08 00:56:20 - Step:   169 | Sim Clock Time:    16.90s | Max Depth: 0.035830m | Min Depth: 0.000001m
2026-08-08 00:56:20 - Step:   170 | Sim Clock Time:    17.00s | Max Depth: 0.036767m | Min Depth: 0.000001m
2026-08-08 00:56:20 - Step:   171 | Sim Clock Time:    17.10s | Max Depth: 0.037979m | Min Depth: 0.000001m
2026-08-08 00:56:20 - Step:   172 | Sim Clock Time:    17.20s | Max Depth: 0.038562m | Min Depth: 0.000001m
2026-08-08 00:56:20 - Step:   173 | Sim Clock Time:    17.30s | Max Depth: 0.038542m | Min Depth: 0.000001m
2026-08-08 00:56:20 - Step:   174 | Sim Clock Time:    17.40s | Max Depth: 0.038376m | Min Depth: 0.000001m
2026-08-08 00:56:20 - Step:   175 | Sim Clock Time:    17.50s | Max Depth: 0.038398m | Min Depth: 0.000001m
2026-08-08 00:56:20 - Step:   176 | Sim Clock Time:    17.60s | Max Depth: 0.038658m | Min Depth: 0.000001m
2026-08-08 00:56:20 - Step:   177 | Sim Clock Time:    17.70s | Max Depth: 0.039010m | Min Depth: 0.000001m
2026-08-08 00:56:20 - Step:   178 | Sim Clock Time:    17.80s | Max Depth: 0.039400m | Min Depth: 0.000001m
2026-08-08 00:56:20 - Step:   179 | Sim Clock Time:    17.90s | Max Depth: 0.039731m | Min Depth: 0.000001m
2026-08-08 00:56:20 - Step:   180 | Sim Clock Time:    18.00s | Max Depth: 0.040014m | Min Depth: 0.000001m
2026-08-08 00:56:20 - Step:   181 | Sim Clock Time:    18.10s | Max Depth: 0.040283m | Min Depth: 0.000001m
2026-08-08 00:56:20 - Step:   182 | Sim Clock Time:    18.20s | Max Depth: 0.040535m | Min Depth: 0.000001m
2026-08-08 00:56:20 - Step:   183 | Sim Clock Time:    18.30s | Max Depth: 0.040814m | Min Depth: 0.000001m
2026-08-08 00:56:20 - Step:   184 | Sim Clock Time:    18.40s | Max Depth: 0.041129m | Min Depth: 0.000001m
2026-08-08 00:56:21 - Step:   185 | Sim Clock Time:    18.50s | Max Depth: 0.041473m | Min Depth: 0.000001m
2026-08-08 00:56:21 - Step:   186 | Sim Clock Time:    18.60s | Max Depth: 0.041829m | Min Depth: 0.000001m
2026-08-08 00:56:21 - Step:   187 | Sim Clock Time:    18.70s | Max Depth: 0.042199m | Min Depth: 0.000001m
2026-08-08 00:56:21 - Step:   188 | Sim Clock Time:    18.80s | Max Depth: 0.042519m | Min Depth: 0.000001m
2026-08-08 00:56:21 - Step:   189 | Sim Clock Time:    18.90s | Max Depth: 0.042828m | Min Depth: 0.000001m
2026-08-08 00:56:21 - Step:   190 | Sim Clock Time:    19.00s | Max Depth: 0.043122m | Min Depth: 0.000001m
2026-08-08 00:56:21 - Step:   191 | Sim Clock Time:    19.10s | Max Depth: 0.043418m | Min Depth: 0.000001m
2026-08-08 00:56:21 - Step:   192 | Sim Clock Time:    19.20s | Max Depth: 0.043707m | Min Depth: 0.000001m
2026-08-08 00:56:21 - Step:   193 | Sim Clock Time:    19.30s | Max Depth: 0.044020m | Min Depth: 0.000001m
2026-08-08 00:56:21 - Step:   194 | Sim Clock Time:    19.40s | Max Depth: 0.044314m | Min Depth: 0.000001m
2026-08-08 00:56:21 - Step:   195 | Sim Clock Time:    19.50s | Max Depth: 0.045798m | Min Depth: 0.000001m
2026-08-08 00:56:21 - Step:   196 | Sim Clock Time:    19.60s | Max Depth: 0.048916m | Min Depth: 0.000001m
2026-08-08 00:56:21 - Step:   197 | Sim Clock Time:    19.70s | Max Depth: 0.049908m | Min Depth: 0.000001m
2026-08-08 00:56:21 - Step:   198 | Sim Clock Time:    19.80s | Max Depth: 0.050426m | Min Depth: 0.000001m
2026-08-08 00:56:21 - Step:   199 | Sim Clock Time:    19.90s | Max Depth: 0.050849m | Min Depth: 0.000001m
2026-08-08 00:56:21 - Step:   200 | Sim Clock Time:    20.00s | Max Depth: 0.051267m | Min Depth: 0.000001m
2026-08-08 00:56:22 - Step:   201 | Sim Clock Time:    20.10s | Max Depth: 0.051601m | Min Depth: 0.000001m
2026-08-08 00:56:22 - Step:   202 | Sim Clock Time:    20.20s | Max Depth: 0.051910m | Min Depth: 0.000001m
2026-08-08 00:56:22 - Step:   203 | Sim Clock Time:    20.30s | Max Depth: 0.052235m | Min Depth: 0.000001m
2026-08-08 00:56:22 - Step:   204 | Sim Clock Time:    20.40s | Max Depth: 0.052566m | Min Depth: 0.000001m
2026-08-08 00:56:22 - Step:   205 | Sim Clock Time:    20.50s | Max Depth: 0.052897m | Min Depth: 0.000001m
2026-08-08 00:56:22 - Step:   206 | Sim Clock Time:    20.60s | Max Depth: 0.053182m | Min Depth: 0.000001m
2026-08-08 00:56:22 - Step:   207 | Sim Clock Time:    20.70s | Max Depth: 0.053447m | Min Depth: 0.000001m
2026-08-08 00:56:22 - Step:   208 | Sim Clock Time:    20.80s | Max Depth: 0.053748m | Min Depth: 0.000001m
2026-08-08 00:56:22 - Step:   209 | Sim Clock Time:    20.90s | Max Depth: 0.054079m | Min Depth: 0.000001m
2026-08-08 00:56:22 - Step:   210 | Sim Clock Time:    21.00s | Max Depth: 0.054423m | Min Depth: 0.000001m
2026-08-08 00:56:22 - Step:   211 | Sim Clock Time:    21.10s | Max Depth: 0.054751m | Min Depth: 0.000001m
2026-08-08 00:56:22 - Step:   212 | Sim Clock Time:    21.20s | Max Depth: 0.055087m | Min Depth: 0.000001m
2026-08-08 00:56:22 - Step:   213 | Sim Clock Time:    21.30s | Max Depth: 0.055460m | Min Depth: 0.000001m
2026-08-08 00:56:22 - Step:   214 | Sim Clock Time:    21.40s | Max Depth: 0.055852m | Min Depth: 0.000001m
2026-08-08 00:56:22 - Step:   215 | Sim Clock Time:    21.50s | Max Depth: 0.056264m | Min Depth: 0.000001m
2026-08-08 00:56:22 - Step:   216 | Sim Clock Time:    21.60s | Max Depth: 0.056685m | Min Depth: 0.000001m
2026-08-08 00:56:22 - Step:   217 | Sim Clock Time:    21.70s | Max Depth: 0.057067m | Min Depth: 0.000001m
2026-08-08 00:56:23 - Step:   218 | Sim Clock Time:    21.80s | Max Depth: 0.057436m | Min Depth: 0.000001m
2026-08-08 00:56:23 - Step:   219 | Sim Clock Time:    21.90s | Max Depth: 0.057797m | Min Depth: 0.000001m
2026-08-08 00:56:23 - Step:   220 | Sim Clock Time:    22.00s | Max Depth: 0.058170m | Min Depth: 0.000001m
2026-08-08 00:56:23 - Step:   221 | Sim Clock Time:    22.10s | Max Depth: 0.058565m | Min Depth: 0.000001m
2026-08-08 00:56:23 - Step:   222 | Sim Clock Time:    22.20s | Max Depth: 0.058947m | Min Depth: 0.000001m
2026-08-08 00:56:23 - Step:   223 | Sim Clock Time:    22.30s | Max Depth: 0.062767m | Min Depth: 0.000001m
2026-08-08 00:56:23 - Step:   224 | Sim Clock Time:    22.40s | Max Depth: 0.063812m | Min Depth: 0.000001m
2026-08-08 00:56:23 - Step:   225 | Sim Clock Time:    22.50s | Max Depth: 0.064305m | Min Depth: 0.000001m
2026-08-08 00:56:23 - Step:   226 | Sim Clock Time:    22.60s | Max Depth: 0.064717m | Min Depth: 0.000001m
2026-08-08 00:56:23 - Step:   227 | Sim Clock Time:    22.70s | Max Depth: 0.065030m | Min Depth: 0.000001m
2026-08-08 00:56:23 - Step:   228 | Sim Clock Time:    22.80s | Max Depth: 0.065291m | Min Depth: 0.000001m
2026-08-08 00:56:23 - Step:   229 | Sim Clock Time:    22.90s | Max Depth: 0.065567m | Min Depth: 0.000001m
2026-08-08 00:56:23 - Step:   230 | Sim Clock Time:    23.00s | Max Depth: 0.065852m | Min Depth: 0.000001m
2026-08-08 00:56:23 - Step:   231 | Sim Clock Time:    23.10s | Max Depth: 0.066183m | Min Depth: 0.000001m
2026-08-08 00:56:23 - Step:   232 | Sim Clock Time:    23.20s | Max Depth: 0.066552m | Min Depth: 0.000001m
2026-08-08 00:56:24 - Step:   233 | Sim Clock Time:    23.30s | Max Depth: 0.066900m | Min Depth: 0.000001m
2026-08-08 00:56:24 - Step:   234 | Sim Clock Time:    23.40s | Max Depth: 0.067244m | Min Depth: 0.000001m
2026-08-08 00:56:24 - Step:   235 | Sim Clock Time:    23.50s | Max Depth: 0.067593m | Min Depth: 0.000001m
2026-08-08 00:56:24 - Step:   236 | Sim Clock Time:    23.60s | Max Depth: 0.068001m | Min Depth: 0.000001m
2026-08-08 00:56:24 - Step:   237 | Sim Clock Time:    23.70s | Max Depth: 0.068394m | Min Depth: 0.000001m
2026-08-08 00:56:24 - Step:   238 | Sim Clock Time:    23.80s | Max Depth: 0.068788m | Min Depth: 0.000001m
2026-08-08 00:56:24 - Step:   239 | Sim Clock Time:    23.90s | Max Depth: 0.069217m | Min Depth: 0.000001m
2026-08-08 00:56:24 - Step:   240 | Sim Clock Time:    24.00s | Max Depth: 0.069655m | Min Depth: 0.000001m
2026-08-08 00:56:24 - Step:   241 | Sim Clock Time:    24.10s | Max Depth: 0.070129m | Min Depth: 0.000001m
2026-08-08 00:56:24 - Step:   242 | Sim Clock Time:    24.20s | Max Depth: 0.070558m | Min Depth: 0.000001m
2026-08-08 00:56:24 - Step:   243 | Sim Clock Time:    24.30s | Max Depth: 0.070957m | Min Depth: 0.000001m
2026-08-08 00:56:24 - Step:   244 | Sim Clock Time:    24.40s | Max Depth: 0.071352m | Min Depth: 0.000001m
2026-08-08 00:56:24 - Step:   245 | Sim Clock Time:    24.50s | Max Depth: 0.071778m | Min Depth: 0.000001m
2026-08-08 00:56:24 - Step:   246 | Sim Clock Time:    24.60s | Max Depth: 0.072121m | Min Depth: 0.000001m
2026-08-08 00:56:24 - Step:   247 | Sim Clock Time:    24.70s | Max Depth: 0.074230m | Min Depth: 0.000001m
2026-08-08 00:56:24 - Step:   248 | Sim Clock Time:    24.80s | Max Depth: 0.076828m | Min Depth: 0.000001m
2026-08-08 00:56:25 - Step:   249 | Sim Clock Time:    24.90s | Max Depth: 0.077336m | Min Depth: 0.000001m
2026-08-08 00:56:25 - Step:   250 | Sim Clock Time:    25.00s | Max Depth: 0.077801m | Min Depth: 0.000001m
2026-08-08 00:56:25 - Step:   251 | Sim Clock Time:    25.10s | Max Depth: 0.078151m | Min Depth: 0.000001m
2026-08-08 00:56:25 - Step:   252 | Sim Clock Time:    25.20s | Max Depth: 0.078479m | Min Depth: 0.000001m
2026-08-08 00:56:25 - Step:   253 | Sim Clock Time:    25.30s | Max Depth: 0.078835m | Min Depth: 0.000001m
2026-08-08 00:56:25 - Step:   254 | Sim Clock Time:    25.40s | Max Depth: 0.079197m | Min Depth: 0.000001m
2026-08-08 00:56:25 - Step:   255 | Sim Clock Time:    25.50s | Max Depth: 0.079555m | Min Depth: 0.000001m
2026-08-08 00:56:25 - Step:   256 | Sim Clock Time:    25.60s | Max Depth: 0.079862m | Min Depth: 0.000001m
2026-08-08 00:56:25 - Step:   257 | Sim Clock Time:    25.70s | Max Depth: 0.080173m | Min Depth: 0.000001m
2026-08-08 00:56:25 - Step:   258 | Sim Clock Time:    25.80s | Max Depth: 0.080471m | Min Depth: 0.000001m
2026-08-08 00:56:25 - Step:   259 | Sim Clock Time:    25.90s | Max Depth: 0.080810m | Min Depth: 0.000001m
2026-08-08 00:56:25 - Step:   260 | Sim Clock Time:    26.00s | Max Depth: 0.081193m | Min Depth: 0.000001m
2026-08-08 00:56:25 - Step:   261 | Sim Clock Time:    26.10s | Max Depth: 0.081602m | Min Depth: 0.000001m
2026-08-08 00:56:25 - Step:   262 | Sim Clock Time:    26.20s | Max Depth: 0.082081m | Min Depth: 0.000001m
2026-08-08 00:56:25 - Step:   263 | Sim Clock Time:    26.30s | Max Depth: 0.082584m | Min Depth: 0.000001m
2026-08-08 00:56:25 - Step:   264 | Sim Clock Time:    26.40s | Max Depth: 0.083090m | Min Depth: 0.000001m
2026-08-08 00:56:26 - Step:   265 | Sim Clock Time:    26.50s | Max Depth: 0.083568m | Min Depth: 0.000001m
2026-08-08 00:56:26 - Step:   266 | Sim Clock Time:    26.60s | Max Depth: 0.084005m | Min Depth: 0.000001m
2026-08-08 00:56:26 - Step:   267 | Sim Clock Time:    26.70s | Max Depth: 0.084452m | Min Depth: 0.000001m
2026-08-08 00:56:26 - Step:   268 | Sim Clock Time:    26.80s | Max Depth: 0.084947m | Min Depth: 0.000001m
2026-08-08 00:56:26 - Step:   269 | Sim Clock Time:    26.90s | Max Depth: 0.085768m | Min Depth: 0.000001m
2026-08-08 00:56:26 - Step:   270 | Sim Clock Time:    27.00s | Max Depth: 0.089308m | Min Depth: 0.000001m
2026-08-08 00:56:26 - Step:   271 | Sim Clock Time:    27.10s | Max Depth: 0.089998m | Min Depth: 0.000001m
2026-08-08 00:56:26 - Step:   272 | Sim Clock Time:    27.20s | Max Depth: 0.090520m | Min Depth: 0.000001m
2026-08-08 00:56:26 - Step:   273 | Sim Clock Time:    27.30s | Max Depth: 0.090984m | Min Depth: 0.000001m
2026-08-08 00:56:26 - Step:   274 | Sim Clock Time:    27.40s | Max Depth: 0.091420m | Min Depth: 0.000001m
2026-08-08 00:56:26 - Step:   275 | Sim Clock Time:    27.50s | Max Depth: 0.091856m | Min Depth: 0.000001m
2026-08-08 00:56:26 - Step:   276 | Sim Clock Time:    27.60s | Max Depth: 0.092280m | Min Depth: 0.000001m
2026-08-08 00:56:26 - Step:   277 | Sim Clock Time:    27.70s | Max Depth: 0.092700m | Min Depth: 0.000001m
2026-08-08 00:56:26 - Step:   278 | Sim Clock Time:    27.80s | Max Depth: 0.093084m | Min Depth: 0.000001m
2026-08-08 00:56:26 - Step:   279 | Sim Clock Time:    27.90s | Max Depth: 0.093436m | Min Depth: 0.000001m
2026-08-08 00:56:27 - Step:   280 | Sim Clock Time:    28.00s | Max Depth: 0.093789m | Min Depth: 0.000001m
2026-08-08 00:56:27 - Step:   281 | Sim Clock Time:    28.10s | Max Depth: 0.094199m | Min Depth: 0.000001m
2026-08-08 00:56:27 - Step:   282 | Sim Clock Time:    28.20s | Max Depth: 0.094640m | Min Depth: 0.000001m
2026-08-08 00:56:27 - Step:   283 | Sim Clock Time:    28.30s | Max Depth: 0.095103m | Min Depth: 0.000001m
2026-08-08 00:56:27 - Step:   284 | Sim Clock Time:    28.40s | Max Depth: 0.095612m | Min Depth: 0.000001m
2026-08-08 00:56:27 - Step:   285 | Sim Clock Time:    28.50s | Max Depth: 0.096119m | Min Depth: 0.000001m
2026-08-08 00:56:27 - Step:   286 | Sim Clock Time:    28.60s | Max Depth: 0.096617m | Min Depth: 0.000001m
2026-08-08 00:56:27 - Step:   287 | Sim Clock Time:    28.70s | Max Depth: 0.097089m | Min Depth: 0.000001m
2026-08-08 00:56:27 - Step:   288 | Sim Clock Time:    28.80s | Max Depth: 0.097558m | Min Depth: 0.000001m
2026-08-08 00:56:27 - Step:   289 | Sim Clock Time:    28.90s | Max Depth: 0.098056m | Min Depth: 0.000001m
2026-08-08 00:56:27 - Step:   290 | Sim Clock Time:    29.00s | Max Depth: 0.099202m | Min Depth: 0.000001m
2026-08-08 00:56:27 - Step:   291 | Sim Clock Time:    29.10s | Max Depth: 0.102454m | Min Depth: 0.000001m
2026-08-08 00:56:27 - Step:   292 | Sim Clock Time:    29.20s | Max Depth: 0.103143m | Min Depth: 0.000001m
2026-08-08 00:56:27 - Step:   293 | Sim Clock Time:    29.30s | Max Depth: 0.103667m | Min Depth: 0.000001m
2026-08-08 00:56:27 - Step:   294 | Sim Clock Time:    29.40s | Max Depth: 0.104090m | Min Depth: 0.000001m
2026-08-08 00:56:27 - Step:   295 | Sim Clock Time:    29.50s | Max Depth: 0.104524m | Min Depth: 0.000001m
2026-08-08 00:56:28 - Step:   296 | Sim Clock Time:    29.60s | Max Depth: 0.104943m | Min Depth: 0.000001m
2026-08-08 00:56:28 - Step:   297 | Sim Clock Time:    29.70s | Max Depth: 0.105364m | Min Depth: 0.000001m
2026-08-08 00:56:28 - Step:   298 | Sim Clock Time:    29.80s | Max Depth: 0.105758m | Min Depth: 0.000001m
2026-08-08 00:56:28 - Step:   299 | Sim Clock Time:    29.90s | Max Depth: 0.106118m | Min Depth: 0.000001m
2026-08-08 00:56:28 - Step:   300 | Sim Clock Time:    30.00s | Max Depth: 0.106476m | Min Depth: 0.000001m
2026-08-08 00:56:28 - Step:   301 | Sim Clock Time:    30.10s | Max Depth: 0.106897m | Min Depth: 0.000001m
2026-08-08 00:56:28 - Step:   302 | Sim Clock Time:    30.20s | Max Depth: 0.107349m | Min Depth: 0.000001m
2026-08-08 00:56:28 - Step:   303 | Sim Clock Time:    30.30s | Max Depth: 0.107805m | Min Depth: 0.000001m
2026-08-08 00:56:28 - Step:   304 | Sim Clock Time:    30.40s | Max Depth: 0.108322m | Min Depth: 0.000001m
2026-08-08 00:56:28 - Step:   305 | Sim Clock Time:    30.50s | Max Depth: 0.108835m | Min Depth: 0.000001m
2026-08-08 00:56:28 - Step:   306 | Sim Clock Time:    30.60s | Max Depth: 0.109366m | Min Depth: 0.000001m
2026-08-08 00:56:28 - Step:   307 | Sim Clock Time:    30.70s | Max Depth: 0.109860m | Min Depth: 0.000001m
2026-08-08 00:56:28 - Step:   308 | Sim Clock Time:    30.80s | Max Depth: 0.110391m | Min Depth: 0.000001m
2026-08-08 00:56:28 - Step:   309 | Sim Clock Time:    30.90s | Max Depth: 0.110708m | Min Depth: 0.000001m
2026-08-08 00:56:28 - Step:   310 | Sim Clock Time:    31.00s | Max Depth: 0.113702m | Min Depth: 0.000001m
2026-08-08 00:56:29 - Step:   311 | Sim Clock Time:    31.10s | Max Depth: 0.115357m | Min Depth: 0.000001m
2026-08-08 00:56:29 - Step:   312 | Sim Clock Time:    31.20s | Max Depth: 0.115950m | Min Depth: 0.000001m
2026-08-08 00:56:29 - Step:   313 | Sim Clock Time:    31.30s | Max Depth: 0.116430m | Min Depth: 0.000001m
2026-08-08 00:56:29 - Step:   314 | Sim Clock Time:    31.40s | Max Depth: 0.116887m | Min Depth: 0.000001m
2026-08-08 00:56:29 - Step:   315 | Sim Clock Time:    31.50s | Max Depth: 0.117320m | Min Depth: 0.000001m
2026-08-08 00:56:29 - Step:   316 | Sim Clock Time:    31.60s | Max Depth: 0.117770m | Min Depth: 0.000001m
2026-08-08 00:56:29 - Step:   317 | Sim Clock Time:    31.70s | Max Depth: 0.118192m | Min Depth: 0.000001m
2026-08-08 00:56:29 - Step:   318 | Sim Clock Time:    31.80s | Max Depth: 0.118582m | Min Depth: 0.000001m
2026-08-08 00:56:29 - Step:   319 | Sim Clock Time:    31.90s | Max Depth: 0.118980m | Min Depth: 0.000001m
2026-08-08 00:56:29 - Step:   320 | Sim Clock Time:    32.00s | Max Depth: 0.119420m | Min Depth: 0.000001m
2026-08-08 00:56:29 - Step:   321 | Sim Clock Time:    32.10s | Max Depth: 0.119895m | Min Depth: 0.000001m
2026-08-08 00:56:29 - Step:   322 | Sim Clock Time:    32.20s | Max Depth: 0.120378m | Min Depth: 0.000001m
2026-08-08 00:56:29 - Step:   323 | Sim Clock Time:    32.30s | Max Depth: 0.120902m | Min Depth: 0.000001m
2026-08-08 00:56:29 - Step:   324 | Sim Clock Time:    32.40s | Max Depth: 0.121441m | Min Depth: 0.000001m
2026-08-08 00:56:29 - Step:   325 | Sim Clock Time:    32.50s | Max Depth: 0.121974m | Min Depth: 0.000001m
2026-08-08 00:56:29 - Step:   326 | Sim Clock Time:    32.60s | Max Depth: 0.122472m | Min Depth: 0.000001m
2026-08-08 00:56:30 - Step:   327 | Sim Clock Time:    32.70s | Max Depth: 0.122995m | Min Depth: 0.000001m
2026-08-08 00:56:30 - Step:   328 | Sim Clock Time:    32.80s | Max Depth: 0.123932m | Min Depth: 0.000001m
2026-08-08 00:56:30 - Step:   329 | Sim Clock Time:    32.90s | Max Depth: 0.127201m | Min Depth: 0.000001m
2026-08-08 00:56:30 - Step:   330 | Sim Clock Time:    33.00s | Max Depth: 0.128000m | Min Depth: 0.000001m
2026-08-08 00:56:30 - Step:   331 | Sim Clock Time:    33.10s | Max Depth: 0.128546m | Min Depth: 0.000001m
2026-08-08 00:56:30 - Step:   332 | Sim Clock Time:    33.20s | Max Depth: 0.129030m | Min Depth: 0.000001m
2026-08-08 00:56:30 - Step:   333 | Sim Clock Time:    33.30s | Max Depth: 0.129484m | Min Depth: 0.000001m
2026-08-08 00:56:30 - Step:   334 | Sim Clock Time:    33.40s | Max Depth: 0.129930m | Min Depth: 0.000001m
2026-08-08 00:56:30 - Step:   335 | Sim Clock Time:    33.50s | Max Depth: 0.130366m | Min Depth: 0.000001m
2026-08-08 00:56:30 - Step:   336 | Sim Clock Time:    33.60s | Max Depth: 0.130763m | Min Depth: 0.000001m
2026-08-08 00:56:30 - Step:   337 | Sim Clock Time:    33.70s | Max Depth: 0.131170m | Min Depth: 0.000001m
2026-08-08 00:56:30 - Step:   338 | Sim Clock Time:    33.80s | Max Depth: 0.131608m | Min Depth: 0.000001m
2026-08-08 00:56:30 - Step:   339 | Sim Clock Time:    33.90s | Max Depth: 0.132078m | Min Depth: 0.000001m
2026-08-08 00:56:30 - Step:   340 | Sim Clock Time:    34.00s | Max Depth: 0.132571m | Min Depth: 0.000001m
2026-08-08 00:56:30 - Step:   341 | Sim Clock Time:    34.10s | Max Depth: 0.133102m | Min Depth: 0.000001m
2026-08-08 00:56:31 - Step:   342 | Sim Clock Time:    34.20s | Max Depth: 0.133659m | Min Depth: 0.000001m
2026-08-08 00:56:31 - Step:   343 | Sim Clock Time:    34.30s | Max Depth: 0.134187m | Min Depth: 0.000001m
2026-08-08 00:56:31 - Step:   344 | Sim Clock Time:    34.40s | Max Depth: 0.134731m | Min Depth: 0.000001m
2026-08-08 00:56:31 - Step:   345 | Sim Clock Time:    34.50s | Max Depth: 0.135092m | Min Depth: 0.000001m
2026-08-08 00:56:31 - Step:   346 | Sim Clock Time:    34.60s | Max Depth: 0.137337m | Min Depth: 0.000001m
2026-08-08 00:56:31 - Step:   347 | Sim Clock Time:    34.70s | Max Depth: 0.139613m | Min Depth: 0.000001m
2026-08-08 00:56:31 - Step:   348 | Sim Clock Time:    34.80s | Max Depth: 0.140239m | Min Depth: 0.000001m
2026-08-08 00:56:31 - Step:   349 | Sim Clock Time:    34.90s | Max Depth: 0.140757m | Min Depth: 0.000001m
2026-08-08 00:56:31 - Step:   350 | Sim Clock Time:    35.00s | Max Depth: 0.141238m | Min Depth: 0.000001m
2026-08-08 00:56:31 - Step:   351 | Sim Clock Time:    35.10s | Max Depth: 0.141681m | Min Depth: 0.000001m
2026-08-08 00:56:31 - Step:   352 | Sim Clock Time:    35.20s | Max Depth: 0.142134m | Min Depth: 0.000001m
2026-08-08 00:56:31 - Step:   353 | Sim Clock Time:    35.30s | Max Depth: 0.142539m | Min Depth: 0.000001m
2026-08-08 00:56:31 - Step:   354 | Sim Clock Time:    35.40s | Max Depth: 0.142939m | Min Depth: 0.000001m
2026-08-08 00:56:31 - Step:   355 | Sim Clock Time:    35.50s | Max Depth: 0.143378m | Min Depth: 0.000001m
2026-08-08 00:56:31 - Step:   356 | Sim Clock Time:    35.60s | Max Depth: 0.143855m | Min Depth: 0.000001m
2026-08-08 00:56:32 - Step:   357 | Sim Clock Time:    35.70s | Max Depth: 0.144393m | Min Depth: 0.000001m
2026-08-08 00:56:32 - Step:   358 | Sim Clock Time:    35.80s | Max Depth: 0.144886m | Min Depth: 0.000001m
2026-08-08 00:56:32 - Step:   359 | Sim Clock Time:    35.90s | Max Depth: 0.145441m | Min Depth: 0.000001m
2026-08-08 00:56:32 - Step:   360 | Sim Clock Time:    36.00s | Max Depth: 0.145976m | Min Depth: 0.000001m
2026-08-08 00:56:32 - Step:   361 | Sim Clock Time:    36.10s | Max Depth: 0.146541m | Min Depth: 0.000001m
2026-08-08 00:56:32 - Step:   362 | Sim Clock Time:    36.20s | Max Depth: 0.146791m | Min Depth: 0.000001m
2026-08-08 00:56:32 - Step:   363 | Sim Clock Time:    36.30s | Max Depth: 0.149655m | Min Depth: 0.000001m
2026-08-08 00:56:32 - Step:   364 | Sim Clock Time:    36.40s | Max Depth: 0.151445m | Min Depth: 0.000001m
2026-08-08 00:56:32 - Step:   365 | Sim Clock Time:    36.50s | Max Depth: 0.152056m | Min Depth: 0.000001m
2026-08-08 00:56:32 - Step:   366 | Sim Clock Time:    36.60s | Max Depth: 0.152572m | Min Depth: 0.000001m
2026-08-08 00:56:32 - Step:   367 | Sim Clock Time:    36.70s | Max Depth: 0.153051m | Min Depth: 0.000001m
2026-08-08 00:56:32 - Step:   368 | Sim Clock Time:    36.80s | Max Depth: 0.153508m | Min Depth: 0.000001m
2026-08-08 00:56:32 - Step:   369 | Sim Clock Time:    36.90s | Max Depth: 0.153940m | Min Depth: 0.000001m
2026-08-08 00:56:32 - Step:   370 | Sim Clock Time:    37.00s | Max Depth: 0.154349m | Min Depth: 0.000001m
2026-08-08 00:56:32 - Step:   371 | Sim Clock Time:    37.10s | Max Depth: 0.154777m | Min Depth: 0.000001m
2026-08-08 00:56:33 - Step:   372 | Sim Clock Time:    37.20s | Max Depth: 0.155316m | Min Depth: 0.000001m
2026-08-08 00:56:33 - Step:   373 | Sim Clock Time:    37.30s | Max Depth: 0.155938m | Min Depth: 0.000001m
2026-08-08 00:56:33 - Step:   374 | Sim Clock Time:    37.40s | Max Depth: 0.156467m | Min Depth: 0.000001m
2026-08-08 00:56:33 - Step:   375 | Sim Clock Time:    37.50s | Max Depth: 0.156931m | Min Depth: 0.000001m
2026-08-08 00:56:33 - Step:   376 | Sim Clock Time:    37.60s | Max Depth: 0.157391m | Min Depth: 0.000001m
2026-08-08 00:56:33 - Step:   377 | Sim Clock Time:    37.70s | Max Depth: 0.157885m | Min Depth: 0.000001m
2026-08-08 00:56:33 - Step:   378 | Sim Clock Time:    37.80s | Max Depth: 0.158361m | Min Depth: 0.000001m
2026-08-08 00:56:33 - Step:   379 | Sim Clock Time:    37.90s | Max Depth: 0.159991m | Min Depth: 0.000001m
2026-08-08 00:56:33 - Step:   380 | Sim Clock Time:    38.00s | Max Depth: 0.162719m | Min Depth: 0.000001m
2026-08-08 00:56:33 - Step:   381 | Sim Clock Time:    38.10s | Max Depth: 0.163383m | Min Depth: 0.000001m
2026-08-08 00:56:33 - Step:   382 | Sim Clock Time:    38.20s | Max Depth: 0.163924m | Min Depth: 0.000001m
2026-08-08 00:56:33 - Step:   383 | Sim Clock Time:    38.30s | Max Depth: 0.164408m | Min Depth: 0.000001m
2026-08-08 00:56:33 - Step:   384 | Sim Clock Time:    38.40s | Max Depth: 0.164863m | Min Depth: 0.000001m
2026-08-08 00:56:33 - Step:   385 | Sim Clock Time:    38.50s | Max Depth: 0.165295m | Min Depth: 0.000001m
2026-08-08 00:56:33 - Step:   386 | Sim Clock Time:    38.60s | Max Depth: 0.165699m | Min Depth: 0.000001m
2026-08-08 00:56:34 - Step:   387 | Sim Clock Time:    38.70s | Max Depth: 0.166131m | Min Depth: 0.000001m
2026-08-08 00:56:34 - Step:   388 | Sim Clock Time:    38.80s | Max Depth: 0.166763m | Min Depth: 0.000001m
2026-08-08 00:56:34 - Step:   389 | Sim Clock Time:    38.90s | Max Depth: 0.167376m | Min Depth: 0.000001m
2026-08-08 00:56:34 - Step:   390 | Sim Clock Time:    39.00s | Max Depth: 0.167887m | Min Depth: 0.000001m
2026-08-08 00:56:34 - Step:   391 | Sim Clock Time:    39.10s | Max Depth: 0.168353m | Min Depth: 0.000001m
2026-08-08 00:56:34 - Step:   392 | Sim Clock Time:    39.20s | Max Depth: 0.168793m | Min Depth: 0.000001m
2026-08-08 00:56:34 - Step:   393 | Sim Clock Time:    39.30s | Max Depth: 0.169297m | Min Depth: 0.000001m
2026-08-08 00:56:34 - Step:   394 | Sim Clock Time:    39.40s | Max Depth: 0.169640m | Min Depth: 0.000001m
2026-08-08 00:56:34 - Step:   395 | Sim Clock Time:    39.50s | Max Depth: 0.172653m | Min Depth: 0.000001m
2026-08-08 00:56:34 - Step:   396 | Sim Clock Time:    39.60s | Max Depth: 0.174133m | Min Depth: 0.000001m
2026-08-08 00:56:34 - Step:   397 | Sim Clock Time:    39.70s | Max Depth: 0.174750m | Min Depth: 0.000001m
2026-08-08 00:56:34 - Step:   398 | Sim Clock Time:    39.80s | Max Depth: 0.175256m | Min Depth: 0.000001m
2026-08-08 00:56:34 - Step:   399 | Sim Clock Time:    39.90s | Max Depth: 0.175714m | Min Depth: 0.000001m
2026-08-08 00:56:34 - Step:   400 | Sim Clock Time:    40.00s | Max Depth: 0.176151m | Min Depth: 0.000001m
2026-08-08 00:56:34 - Step:   401 | Sim Clock Time:    40.10s | Max Depth: 0.176566m | Min Depth: 0.000001m
2026-08-08 00:56:35 - Step:   402 | Sim Clock Time:    40.20s | Max Depth: 0.176977m | Min Depth: 0.000001m
2026-08-08 00:56:35 - Step:   403 | Sim Clock Time:    40.30s | Max Depth: 0.177512m | Min Depth: 0.000001m
2026-08-08 00:56:35 - Step:   404 | Sim Clock Time:    40.40s | Max Depth: 0.178224m | Min Depth: 0.000001m
2026-08-08 00:56:35 - Step:   405 | Sim Clock Time:    40.50s | Max Depth: 0.178795m | Min Depth: 0.000001m
2026-08-08 00:56:35 - Step:   406 | Sim Clock Time:    40.60s | Max Depth: 0.179269m | Min Depth: 0.000001m
2026-08-08 00:56:35 - Step:   407 | Sim Clock Time:    40.70s | Max Depth: 0.179720m | Min Depth: 0.000001m
2026-08-08 00:56:35 - Step:   408 | Sim Clock Time:    40.80s | Max Depth: 0.180168m | Min Depth: 0.000001m
2026-08-08 00:56:35 - Step:   409 | Sim Clock Time:    40.90s | Max Depth: 0.180577m | Min Depth: 0.000001m
2026-08-08 00:56:35 - Step:   410 | Sim Clock Time:    41.00s | Max Depth: 0.182785m | Min Depth: 0.000001m
2026-08-08 00:56:35 - Step:   411 | Sim Clock Time:    41.10s | Max Depth: 0.184876m | Min Depth: 0.000001m
2026-08-08 00:56:35 - Step:   412 | Sim Clock Time:    41.20s | Max Depth: 0.185526m | Min Depth: 0.000001m
2026-08-08 00:56:35 - Step:   413 | Sim Clock Time:    41.30s | Max Depth: 0.186045m | Min Depth: 0.000001m
2026-08-08 00:56:35 - Step:   414 | Sim Clock Time:    41.40s | Max Depth: 0.186518m | Min Depth: 0.000001m
2026-08-08 00:56:35 - Step:   415 | Sim Clock Time:    41.50s | Max Depth: 0.186962m | Min Depth: 0.000001m
2026-08-08 00:56:35 - Step:   416 | Sim Clock Time:    41.60s | Max Depth: 0.187377m | Min Depth: 0.000001m
2026-08-08 00:56:36 - Step:   417 | Sim Clock Time:    41.70s | Max Depth: 0.187802m | Min Depth: 0.000001m
2026-08-08 00:56:36 - Step:   418 | Sim Clock Time:    41.80s | Max Depth: 0.188406m | Min Depth: 0.000001m
2026-08-08 00:56:36 - Step:   419 | Sim Clock Time:    41.90s | Max Depth: 0.189108m | Min Depth: 0.000001m
2026-08-08 00:56:36 - Step:   420 | Sim Clock Time:    42.00s | Max Depth: 0.189650m | Min Depth: 0.000001m
2026-08-08 00:56:36 - Step:   421 | Sim Clock Time:    42.10s | Max Depth: 0.190135m | Min Depth: 0.000001m
2026-08-08 00:56:36 - Step:   422 | Sim Clock Time:    42.20s | Max Depth: 0.190599m | Min Depth: 0.000001m
2026-08-08 00:56:36 - Step:   423 | Sim Clock Time:    42.30s | Max Depth: 0.191017m | Min Depth: 0.000001m
2026-08-08 00:56:36 - Step:   424 | Sim Clock Time:    42.40s | Max Depth: 0.191429m | Min Depth: 0.000001m
2026-08-08 00:56:36 - Step:   425 | Sim Clock Time:    42.50s | Max Depth: 0.194502m | Min Depth: 0.000001m
2026-08-08 00:56:36 - Step:   426 | Sim Clock Time:    42.60s | Max Depth: 0.195729m | Min Depth: 0.000001m
2026-08-08 00:56:36 - Step:   427 | Sim Clock Time:    42.70s | Max Depth: 0.196335m | Min Depth: 0.000001m
2026-08-08 00:56:36 - Step:   428 | Sim Clock Time:    42.80s | Max Depth: 0.196832m | Min Depth: 0.000001m
2026-08-08 00:56:36 - Step:   429 | Sim Clock Time:    42.90s | Max Depth: 0.197283m | Min Depth: 0.000001m
2026-08-08 00:56:36 - Step:   430 | Sim Clock Time:    43.00s | Max Depth: 0.197713m | Min Depth: 0.000001m
2026-08-08 00:56:36 - Step:   431 | Sim Clock Time:    43.10s | Max Depth: 0.198117m | Min Depth: 0.000001m
2026-08-08 00:56:37 - Step:   432 | Sim Clock Time:    43.20s | Max Depth: 0.198549m | Min Depth: 0.000001m
2026-08-08 00:56:37 - Step:   433 | Sim Clock Time:    43.30s | Max Depth: 0.199334m | Min Depth: 0.000001m
2026-08-08 00:56:37 - Step:   434 | Sim Clock Time:    43.40s | Max Depth: 0.199966m | Min Depth: 0.000001m
2026-08-08 00:56:37 - Step:   435 | Sim Clock Time:    43.50s | Max Depth: 0.200458m | Min Depth: 0.000001m
2026-08-08 00:56:37 - Step:   436 | Sim Clock Time:    43.60s | Max Depth: 0.200905m | Min Depth: 0.000001m
2026-08-08 00:56:37 - Step:   437 | Sim Clock Time:    43.70s | Max Depth: 0.201349m | Min Depth: 0.000001m
2026-08-08 00:56:37 - Step:   438 | Sim Clock Time:    43.80s | Max Depth: 0.201756m | Min Depth: 0.000001m
2026-08-08 00:56:37 - Step:   439 | Sim Clock Time:    43.90s | Max Depth: 0.203471m | Min Depth: 0.000001m
2026-08-08 00:56:37 - Step:   440 | Sim Clock Time:    44.00s | Max Depth: 0.205882m | Min Depth: 0.000001m
2026-08-08 00:56:37 - Step:   441 | Sim Clock Time:    44.10s | Max Depth: 0.206545m | Min Depth: 0.000001m
2026-08-08 00:56:37 - Step:   442 | Sim Clock Time:    44.20s | Max Depth: 0.207058m | Min Depth: 0.000001m
2026-08-08 00:56:37 - Step:   443 | Sim Clock Time:    44.30s | Max Depth: 0.207511m | Min Depth: 0.000001m
2026-08-08 00:56:37 - Step:   444 | Sim Clock Time:    44.40s | Max Depth: 0.207950m | Min Depth: 0.000001m
2026-08-08 00:56:37 - Step:   445 | Sim Clock Time:    44.50s | Max Depth: 0.208349m | Min Depth: 0.000001m
2026-08-08 00:56:37 - Step:   446 | Sim Clock Time:    44.60s | Max Depth: 0.208776m | Min Depth: 0.000001m
2026-08-08 00:56:38 - Step:   447 | Sim Clock Time:    44.70s | Max Depth: 0.209592m | Min Depth: 0.000001m
2026-08-08 00:56:38 - Step:   448 | Sim Clock Time:    44.80s | Max Depth: 0.210241m | Min Depth: 0.000001m
2026-08-08 00:56:38 - Step:   449 | Sim Clock Time:    44.90s | Max Depth: 0.210764m | Min Depth: 0.000001m
2026-08-08 00:56:38 - Step:   450 | Sim Clock Time:    45.00s | Max Depth: 0.211231m | Min Depth: 0.000001m
2026-08-08 00:56:38 - Step:   451 | Sim Clock Time:    45.10s | Max Depth: 0.211675m | Min Depth: 0.000001m
2026-08-08 00:56:38 - Step:   452 | Sim Clock Time:    45.20s | Max Depth: 0.212073m | Min Depth: 0.000001m
2026-08-08 00:56:38 - Step:   453 | Sim Clock Time:    45.30s | Max Depth: 0.213804m | Min Depth: 0.000001m
2026-08-08 00:56:38 - Step:   454 | Sim Clock Time:    45.40s | Max Depth: 0.216057m | Min Depth: 0.000001m
2026-08-08 00:56:38 - Step:   455 | Sim Clock Time:    45.50s | Max Depth: 0.216706m | Min Depth: 0.000001m
2026-08-08 00:56:38 - Step:   456 | Sim Clock Time:    45.60s | Max Depth: 0.217197m | Min Depth: 0.000001m
2026-08-08 00:56:38 - Step:   457 | Sim Clock Time:    45.70s | Max Depth: 0.217637m | Min Depth: 0.000001m
2026-08-08 00:56:38 - Step:   458 | Sim Clock Time:    45.80s | Max Depth: 0.218055m | Min Depth: 0.000001m
2026-08-08 00:56:38 - Step:   459 | Sim Clock Time:    45.90s | Max Depth: 0.218445m | Min Depth: 0.000001m
2026-08-08 00:56:38 - Step:   460 | Sim Clock Time:    46.00s | Max Depth: 0.218865m | Min Depth: 0.000001m
2026-08-08 00:56:38 - Step:   461 | Sim Clock Time:    46.10s | Max Depth: 0.219755m | Min Depth: 0.000001m
2026-08-08 00:56:39 - Step:   462 | Sim Clock Time:    46.20s | Max Depth: 0.220348m | Min Depth: 0.000001m
2026-08-08 00:56:39 - Step:   463 | Sim Clock Time:    46.30s | Max Depth: 0.220800m | Min Depth: 0.000001m
2026-08-08 00:56:39 - Step:   464 | Sim Clock Time:    46.40s | Max Depth: 0.221230m | Min Depth: 0.000001m
2026-08-08 00:56:39 - Step:   465 | Sim Clock Time:    46.50s | Max Depth: 0.221626m | Min Depth: 0.000001m
2026-08-08 00:56:39 - Step:   466 | Sim Clock Time:    46.60s | Max Depth: 0.221997m | Min Depth: 0.000001m
2026-08-08 00:56:39 - Step:   467 | Sim Clock Time:    46.70s | Max Depth: 0.224905m | Min Depth: 0.000001m
2026-08-08 00:56:39 - Step:   468 | Sim Clock Time:    46.80s | Max Depth: 0.226035m | Min Depth: 0.000001m
2026-08-08 00:56:39 - Step:   469 | Sim Clock Time:    46.90s | Max Depth: 0.226590m | Min Depth: 0.000001m
2026-08-08 00:56:39 - Step:   470 | Sim Clock Time:    47.00s | Max Depth: 0.227026m | Min Depth: 0.000001m
2026-08-08 00:56:39 - Step:   471 | Sim Clock Time:    47.10s | Max Depth: 0.227437m | Min Depth: 0.000001m
2026-08-08 00:56:39 - Step:   472 | Sim Clock Time:    47.20s | Max Depth: 0.227800m | Min Depth: 0.000001m
2026-08-08 00:56:39 - Step:   473 | Sim Clock Time:    47.30s | Max Depth: 0.228167m | Min Depth: 0.000001m
2026-08-08 00:56:39 - Step:   474 | Sim Clock Time:    47.40s | Max Depth: 0.228875m | Min Depth: 0.000001m
2026-08-08 00:56:39 - Step:   475 | Sim Clock Time:    47.50s | Max Depth: 0.229553m | Min Depth: 0.000001m
2026-08-08 00:56:39 - Step:   476 | Sim Clock Time:    47.60s | Max Depth: 0.230038m | Min Depth: 0.000001m
2026-08-08 00:56:40 - Step:   477 | Sim Clock Time:    47.70s | Max Depth: 0.230459m | Min Depth: 0.000001m
2026-08-08 00:56:40 - Step:   478 | Sim Clock Time:    47.80s | Max Depth: 0.230852m | Min Depth: 0.000001m
2026-08-08 00:56:40 - Step:   479 | Sim Clock Time:    47.90s | Max Depth: 0.231208m | Min Depth: 0.000001m
2026-08-08 00:56:40 - Step:   480 | Sim Clock Time:    48.00s | Max Depth: 0.232661m | Min Depth: 0.000001m
2026-08-08 00:56:40 - Step:   481 | Sim Clock Time:    48.10s | Max Depth: 0.234999m | Min Depth: 0.000001m
2026-08-08 00:56:40 - Step:   482 | Sim Clock Time:    48.20s | Max Depth: 0.235609m | Min Depth: 0.000001m
2026-08-08 00:56:40 - Step:   483 | Sim Clock Time:    48.30s | Max Depth: 0.236043m | Min Depth: 0.000001m
2026-08-08 00:56:40 - Step:   484 | Sim Clock Time:    48.40s | Max Depth: 0.236434m | Min Depth: 0.000001m
2026-08-08 00:56:40 - Step:   485 | Sim Clock Time:    48.50s | Max Depth: 0.236786m | Min Depth: 0.000001m
2026-08-08 00:56:40 - Step:   486 | Sim Clock Time:    48.60s | Max Depth: 0.237124m | Min Depth: 0.000001m
2026-08-08 00:56:40 - Step:   487 | Sim Clock Time:    48.70s | Max Depth: 0.237699m | Min Depth: 0.000001m
2026-08-08 00:56:40 - Step:   488 | Sim Clock Time:    48.80s | Max Depth: 0.238521m | Min Depth: 0.000001m
2026-08-08 00:56:40 - Step:   489 | Sim Clock Time:    48.90s | Max Depth: 0.239010m | Min Depth: 0.000001m
2026-08-08 00:56:40 - Step:   490 | Sim Clock Time:    49.00s | Max Depth: 0.239408m | Min Depth: 0.000001m
2026-08-08 00:56:40 - Step:   491 | Sim Clock Time:    49.10s | Max Depth: 0.239785m | Min Depth: 0.000001m
2026-08-08 00:56:41 - Step:   492 | Sim Clock Time:    49.20s | Max Depth: 0.240118m | Min Depth: 0.000001m
2026-08-08 00:56:41 - Step:   493 | Sim Clock Time:    49.30s | Max Depth: 0.240964m | Min Depth: 0.000001m
2026-08-08 00:56:41 - Step:   494 | Sim Clock Time:    49.40s | Max Depth: 0.243764m | Min Depth: 0.000001m
2026-08-08 00:56:41 - Step:   495 | Sim Clock Time:    49.50s | Max Depth: 0.244377m | Min Depth: 0.000001m
2026-08-08 00:56:41 - Step:   496 | Sim Clock Time:    49.60s | Max Depth: 0.244795m | Min Depth: 0.000001m
2026-08-08 00:56:41 - Step:   497 | Sim Clock Time:    49.70s | Max Depth: 0.245166m | Min Depth: 0.000001m
2026-08-08 00:56:41 - Step:   498 | Sim Clock Time:    49.80s | Max Depth: 0.245501m | Min Depth: 0.000001m
2026-08-08 00:56:41 - Step:   499 | Sim Clock Time:    49.90s | Max Depth: 0.245801m | Min Depth: 0.000001m
2026-08-08 00:56:41 - Step:   500 | Sim Clock Time:    50.00s | Max Depth: 0.246380m | Min Depth: 0.000001m
2026-08-08 00:56:41 - Step:   501 | Sim Clock Time:    50.10s | Max Depth: 0.247175m | Min Depth: 0.000001m
2026-08-08 00:56:41 - Step:   502 | Sim Clock Time:    50.20s | Max Depth: 0.247624m | Min Depth: 0.000001m
2026-08-08 00:56:41 - Step:   503 | Sim Clock Time:    50.30s | Max Depth: 0.247992m | Min Depth: 0.000001m
2026-08-08 00:56:41 - Step:   504 | Sim Clock Time:    50.40s | Max Depth: 0.248324m | Min Depth: 0.000001m
2026-08-08 00:56:41 - Step:   505 | Sim Clock Time:    50.50s | Max Depth: 0.248610m | Min Depth: 0.000001m
2026-08-08 00:56:41 - Step:   506 | Sim Clock Time:    50.60s | Max Depth: 0.249892m | Min Depth: 0.000001m
2026-08-08 00:56:42 - Step:   507 | Sim Clock Time:    50.70s | Max Depth: 0.252131m | Min Depth: 0.000001m
2026-08-08 00:56:42 - Step:   508 | Sim Clock Time:    50.80s | Max Depth: 0.252652m | Min Depth: 0.000001m
2026-08-08 00:56:42 - Step:   509 | Sim Clock Time:    50.90s | Max Depth: 0.253011m | Min Depth: 0.000001m
2026-08-08 00:56:42 - Step:   510 | Sim Clock Time:    51.00s | Max Depth: 0.253323m | Min Depth: 0.000001m
2026-08-08 00:56:42 - Step:   511 | Sim Clock Time:    51.10s | Max Depth: 0.253595m | Min Depth: 0.000001m
2026-08-08 00:56:42 - Step:   512 | Sim Clock Time:    51.20s | Max Depth: 0.253857m | Min Depth: 0.000001m
2026-08-08 00:56:42 - Step:   513 | Sim Clock Time:    51.30s | Max Depth: 0.254638m | Min Depth: 0.000001m
2026-08-08 00:56:42 - Step:   514 | Sim Clock Time:    51.40s | Max Depth: 0.255245m | Min Depth: 0.000001m
2026-08-08 00:56:42 - Step:   515 | Sim Clock Time:    51.50s | Max Depth: 0.255606m | Min Depth: 0.000001m
2026-08-08 00:56:42 - Step:   516 | Sim Clock Time:    51.60s | Max Depth: 0.255913m | Min Depth: 0.000001m
2026-08-08 00:56:42 - Step:   517 | Sim Clock Time:    51.70s | Max Depth: 0.256184m | Min Depth: 0.000001m
2026-08-08 00:56:42 - Step:   518 | Sim Clock Time:    51.80s | Max Depth: 0.256408m | Min Depth: 0.000001m
2026-08-08 00:56:42 - Step:   519 | Sim Clock Time:    51.90s | Max Depth: 0.258839m | Min Depth: 0.000001m
2026-08-08 00:56:42 - Step:   520 | Sim Clock Time:    52.00s | Max Depth: 0.259917m | Min Depth: 0.000001m
2026-08-08 00:56:42 - Step:   521 | Sim Clock Time:    52.10s | Max Depth: 0.260298m | Min Depth: 0.000001m
2026-08-08 00:56:43 - Step:   522 | Sim Clock Time:    52.20s | Max Depth: 0.260592m | Min Depth: 0.000001m
2026-08-08 00:56:43 - Step:   523 | Sim Clock Time:    52.30s | Max Depth: 0.260843m | Min Depth: 0.000001m
2026-08-08 00:56:43 - Step:   524 | Sim Clock Time:    52.40s | Max Depth: 0.261042m | Min Depth: 0.000001m
2026-08-08 00:56:43 - Step:   525 | Sim Clock Time:    52.50s | Max Depth: 0.261295m | Min Depth: 0.000001m
2026-08-08 00:56:43 - Step:   526 | Sim Clock Time:    52.60s | Max Depth: 0.262173m | Min Depth: 0.000001m
2026-08-08 00:56:43 - Step:   527 | Sim Clock Time:    52.70s | Max Depth: 0.262569m | Min Depth: 0.000001m
2026-08-08 00:56:43 - Step:   528 | Sim Clock Time:    52.80s | Max Depth: 0.262843m | Min Depth: 0.000001m
2026-08-08 00:56:43 - Step:   529 | Sim Clock Time:    52.90s | Max Depth: 0.263083m | Min Depth: 0.000001m
2026-08-08 00:56:43 - Step:   530 | Sim Clock Time:    53.00s | Max Depth: 0.263270m | Min Depth: 0.000001m
2026-08-08 00:56:43 - Step:   531 | Sim Clock Time:    53.10s | Max Depth: 0.263597m | Min Depth: 0.000001m
2026-08-08 00:56:43 - Step:   532 | Sim Clock Time:    53.20s | Max Depth: 0.266502m | Min Depth: 0.000001m
2026-08-08 00:56:43 - Step:   533 | Sim Clock Time:    53.30s | Max Depth: 0.266965m | Min Depth: 0.000001m
2026-08-08 00:56:43 - Step:   534 | Sim Clock Time:    53.40s | Max Depth: 0.267247m | Min Depth: 0.000001m
2026-08-08 00:56:43 - Step:   535 | Sim Clock Time:    53.50s | Max Depth: 0.267473m | Min Depth: 0.000001m
2026-08-08 00:56:43 - Step:   536 | Sim Clock Time:    53.60s | Max Depth: 0.267652m | Min Depth: 0.000001m
2026-08-08 00:56:43 - Step:   537 | Sim Clock Time:    53.70s | Max Depth: 0.267828m | Min Depth: 0.000001m
2026-08-08 00:56:44 - Step:   538 | Sim Clock Time:    53.80s | Max Depth: 0.268452m | Min Depth: 0.000001m
2026-08-08 00:56:44 - Step:   539 | Sim Clock Time:    53.90s | Max Depth: 0.268942m | Min Depth: 0.000001m
2026-08-08 00:56:44 - Step:   540 | Sim Clock Time:    54.00s | Max Depth: 0.269201m | Min Depth: 0.000001m
2026-08-08 00:56:44 - Step:   541 | Sim Clock Time:    54.10s | Max Depth: 0.269400m | Min Depth: 0.000001m
2026-08-08 00:56:44 - Step:   542 | Sim Clock Time:    54.20s | Max Depth: 0.269556m | Min Depth: 0.000001m
2026-08-08 00:56:44 - Step:   543 | Sim Clock Time:    54.30s | Max Depth: 0.269700m | Min Depth: 0.000001m
2026-08-08 00:56:44 - Step:   544 | Sim Clock Time:    54.40s | Max Depth: 0.272317m | Min Depth: 0.000001m
2026-08-08 00:56:44 - Step:   545 | Sim Clock Time:    54.50s | Max Depth: 0.273016m | Min Depth: 0.000001m
2026-08-08 00:56:44 - Step:   546 | Sim Clock Time:    54.60s | Max Depth: 0.273270m | Min Depth: 0.000001m
2026-08-08 00:56:44 - Step:   547 | Sim Clock Time:    54.70s | Max Depth: 0.273442m | Min Depth: 0.000001m
2026-08-08 00:56:44 - Step:   548 | Sim Clock Time:    54.80s | Max Depth: 0.273577m | Min Depth: 0.000001m
2026-08-08 00:56:44 - Step:   549 | Sim Clock Time:    54.90s | Max Depth: 0.273678m | Min Depth: 0.000001m
2026-08-08 00:56:44 - Step:   550 | Sim Clock Time:    55.00s | Max Depth: 0.274067m | Min Depth: 0.000001m
2026-08-08 00:56:44 - Step:   551 | Sim Clock Time:    55.10s | Max Depth: 0.274736m | Min Depth: 0.000001m
2026-08-08 00:56:44 - Step:   552 | Sim Clock Time:    55.20s | Max Depth: 0.274977m | Min Depth: 0.000001m
2026-08-08 00:56:45 - Step:   553 | Sim Clock Time:    55.30s | Max Depth: 0.275139m | Min Depth: 0.000001m
2026-08-08 00:56:45 - Step:   554 | Sim Clock Time:    55.40s | Max Depth: 0.275263m | Min Depth: 0.000001m
2026-08-08 00:56:45 - Step:   555 | Sim Clock Time:    55.50s | Max Depth: 0.275353m | Min Depth: 0.000001m
2026-08-08 00:56:45 - Step:   556 | Sim Clock Time:    55.60s | Max Depth: 0.277413m | Min Depth: 0.000001m
2026-08-08 00:56:45 - Step:   557 | Sim Clock Time:    55.70s | Max Depth: 0.278430m | Min Depth: 0.000001m
2026-08-08 00:56:45 - Step:   558 | Sim Clock Time:    55.80s | Max Depth: 0.278663m | Min Depth: 0.000001m
2026-08-08 00:56:45 - Step:   559 | Sim Clock Time:    55.90s | Max Depth: 0.278798m | Min Depth: 0.000001m
2026-08-08 00:56:45 - Step:   560 | Sim Clock Time:    56.00s | Max Depth: 0.278897m | Min Depth: 0.000001m
2026-08-08 00:56:45 - Step:   561 | Sim Clock Time:    56.10s | Max Depth: 0.278950m | Min Depth: 0.000001m
2026-08-08 00:56:45 - Step:   562 | Sim Clock Time:    56.20s | Max Depth: 0.279119m | Min Depth: 0.000001m
2026-08-08 00:56:45 - Step:   563 | Sim Clock Time:    56.30s | Max Depth: 0.279979m | Min Depth: 0.000001m
2026-08-08 00:56:45 - Step:   564 | Sim Clock Time:    56.40s | Max Depth: 0.280191m | Min Depth: 0.000001m
2026-08-08 00:56:45 - Step:   565 | Sim Clock Time:    56.50s | Max Depth: 0.280312m | Min Depth: 0.000001m
2026-08-08 00:56:45 - Step:   566 | Sim Clock Time:    56.60s | Max Depth: 0.280394m | Min Depth: 0.000001m
2026-08-08 00:56:45 - Step:   567 | Sim Clock Time:    56.70s | Max Depth: 0.280437m | Min Depth: 0.000001m
2026-08-08 00:56:46 - Step:   568 | Sim Clock Time:    56.80s | Max Depth: 0.282048m | Min Depth: 0.000001m
2026-08-08 00:56:46 - Step:   569 | Sim Clock Time:    56.90s | Max Depth: 0.283312m | Min Depth: 0.000001m
2026-08-08 00:56:46 - Step:   570 | Sim Clock Time:    57.00s | Max Depth: 0.283522m | Min Depth: 0.000001m
2026-08-08 00:56:46 - Step:   571 | Sim Clock Time:    57.10s | Max Depth: 0.283620m | Min Depth: 0.000001m
2026-08-08 00:56:46 - Step:   572 | Sim Clock Time:    57.20s | Max Depth: 0.283681m | Min Depth: 0.000001m
2026-08-08 00:56:46 - Step:   573 | Sim Clock Time:    57.30s | Max Depth: 0.283697m | Min Depth: 0.000001m
2026-08-08 00:56:46 - Step:   574 | Sim Clock Time:    57.40s | Max Depth: 0.283790m | Min Depth: 0.000001m
2026-08-08 00:56:46 - Step:   575 | Sim Clock Time:    57.50s | Max Depth: 0.284690m | Min Depth: 0.000001m
2026-08-08 00:56:46 - Step:   576 | Sim Clock Time:    57.60s | Max Depth: 0.284871m | Min Depth: 0.000001m
2026-08-08 00:56:46 - Step:   577 | Sim Clock Time:    57.70s | Max Depth: 0.284950m | Min Depth: 0.000001m
2026-08-08 00:56:46 - Step:   578 | Sim Clock Time:    57.80s | Max Depth: 0.285002m | Min Depth: 0.000001m
2026-08-08 00:56:46 - Step:   579 | Sim Clock Time:    57.90s | Max Depth: 0.285010m | Min Depth: 0.000001m
2026-08-08 00:56:46 - Step:   580 | Sim Clock Time:    58.00s | Max Depth: 0.286613m | Min Depth: 0.000001m
2026-08-08 00:56:46 - Step:   581 | Sim Clock Time:    58.10s | Max Depth: 0.287744m | Min Depth: 0.000001m
2026-08-08 00:56:46 - Step:   582 | Sim Clock Time:    58.20s | Max Depth: 0.287915m | Min Depth: 0.000001m
2026-08-08 00:56:47 - Step:   583 | Sim Clock Time:    58.30s | Max Depth: 0.287972m | Min Depth: 0.000001m
2026-08-08 00:56:47 - Step:   584 | Sim Clock Time:    58.40s | Max Depth: 0.287995m | Min Depth: 0.000001m
2026-08-08 00:56:47 - Step:   585 | Sim Clock Time:    58.50s | Max Depth: 0.287980m | Min Depth: 0.000001m
2026-08-08 00:56:47 - Step:   586 | Sim Clock Time:    58.60s | Max Depth: 0.288232m | Min Depth: 0.000001m
2026-08-08 00:56:47 - Step:   587 | Sim Clock Time:    58.70s | Max Depth: 0.288958m | Min Depth: 0.000001m
2026-08-08 00:56:47 - Step:   588 | Sim Clock Time:    58.80s | Max Depth: 0.289099m | Min Depth: 0.000001m
2026-08-08 00:56:47 - Step:   589 | Sim Clock Time:    58.90s | Max Depth: 0.289139m | Min Depth: 0.000001m
2026-08-08 00:56:47 - Step:   590 | Sim Clock Time:    59.00s | Max Depth: 0.289146m | Min Depth: 0.000001m
2026-08-08 00:56:47 - Step:   591 | Sim Clock Time:    59.10s | Max Depth: 0.289129m | Min Depth: 0.000001m
2026-08-08 00:56:47 - Step:   592 | Sim Clock Time:    59.20s | Max Depth: 0.290913m | Min Depth: 0.000001m
2026-08-08 00:56:47 - Step:   593 | Sim Clock Time:    59.30s | Max Depth: 0.291735m | Min Depth: 0.000001m
2026-08-08 00:56:47 - Step:   594 | Sim Clock Time:    59.40s | Max Depth: 0.291858m | Min Depth: 0.000001m
2026-08-08 00:56:47 - Step:   595 | Sim Clock Time:    59.50s | Max Depth: 0.291879m | Min Depth: 0.000001m
2026-08-08 00:56:47 - Step:   596 | Sim Clock Time:    59.60s | Max Depth: 0.291858m | Min Depth: 0.000001m
2026-08-08 00:56:47 - Step:   597 | Sim Clock Time:    59.70s | Max Depth: 0.291824m | Min Depth: 0.000001m
2026-08-08 00:56:48 - Step:   598 | Sim Clock Time:    59.80s | Max Depth: 0.292369m | Min Depth: 0.000001m
2026-08-08 00:56:48 - Step:   599 | Sim Clock Time:    59.90s | Max Depth: 0.292817m | Min Depth: 0.000001m
2026-08-08 00:56:48 - Step:   600 | Sim Clock Time:    60.00s | Max Depth: 0.292906m | Min Depth: 0.000001m
2026-08-08 00:56:48 - Step:   601 | Sim Clock Time:    60.10s | Max Depth: 0.292912m | Min Depth: 0.000001m
2026-08-08 00:56:48 - Step:   602 | Sim Clock Time:    60.20s | Max Depth: 0.292875m | Min Depth: 0.000001m
2026-08-08 00:56:48 - Step:   603 | Sim Clock Time:    60.30s | Max Depth: 0.292840m | Min Depth: 0.000001m
2026-08-08 00:56:48 - Step:   604 | Sim Clock Time:    60.40s | Max Depth: 0.294920m | Min Depth: 0.000001m
2026-08-08 00:56:48 - Step:   605 | Sim Clock Time:    60.50s | Max Depth: 0.295355m | Min Depth: 0.000001m
2026-08-08 00:56:48 - Step:   606 | Sim Clock Time:    60.60s | Max Depth: 0.295415m | Min Depth: 0.000001m
2026-08-08 00:56:48 - Step:   607 | Sim Clock Time:    60.70s | Max Depth: 0.295400m | Min Depth: 0.000001m
2026-08-08 00:56:48 - Step:   608 | Sim Clock Time:    60.80s | Max Depth: 0.295332m | Min Depth: 0.000001m
2026-08-08 00:56:48 - Step:   609 | Sim Clock Time:    60.90s | Max Depth: 0.295286m | Min Depth: 0.000001m
2026-08-08 00:56:48 - Step:   610 | Sim Clock Time:    61.00s | Max Depth: 0.296051m | Min Depth: 0.000001m
2026-08-08 00:56:48 - Step:   611 | Sim Clock Time:    61.10s | Max Depth: 0.296275m | Min Depth: 0.000001m
2026-08-08 00:56:49 - Step:   612 | Sim Clock Time:    61.20s | Max Depth: 0.296303m | Min Depth: 0.000001m
2026-08-08 00:56:49 - Step:   613 | Sim Clock Time:    61.30s | Max Depth: 0.296277m | Min Depth: 0.000001m
2026-08-08 00:56:49 - Step:   614 | Sim Clock Time:    61.40s | Max Depth: 0.296198m | Min Depth: 0.000001m
2026-08-08 00:56:49 - Step:   615 | Sim Clock Time:    61.50s | Max Depth: 0.296149m | Min Depth: 0.000001m
2026-08-08 00:56:49 - Step:   616 | Sim Clock Time:    61.60s | Max Depth: 0.298375m | Min Depth: 0.000001m
2026-08-08 00:56:49 - Step:   617 | Sim Clock Time:    61.70s | Max Depth: 0.298581m | Min Depth: 0.000001m
2026-08-08 00:56:49 - Step:   618 | Sim Clock Time:    61.80s | Max Depth: 0.298578m | Min Depth: 0.000001m
2026-08-08 00:56:49 - Step:   619 | Sim Clock Time:    61.90s | Max Depth: 0.298532m | Min Depth: 0.000001m
2026-08-08 00:56:49 - Step:   620 | Sim Clock Time:    62.00s | Max Depth: 0.298432m | Min Depth: 0.000001m
2026-08-08 00:56:49 - Step:   621 | Sim Clock Time:    62.10s | Max Depth: 0.298372m | Min Depth: 0.000001m
2026-08-08 00:56:49 - Step:   622 | Sim Clock Time:    62.20s | Max Depth: 0.299279m | Min Depth: 0.000001m
2026-08-08 00:56:49 - Step:   623 | Sim Clock Time:    62.30s | Max Depth: 0.299389m | Min Depth: 0.000001m
2026-08-08 00:56:49 - Step:   624 | Sim Clock Time:    62.40s | Max Depth: 0.299363m | Min Depth: 0.000001m
2026-08-08 00:56:49 - Step:   625 | Sim Clock Time:    62.50s | Max Depth: 0.299301m | Min Depth: 0.000001m
2026-08-08 00:56:49 - Step:   626 | Sim Clock Time:    62.60s | Max Depth: 0.299200m | Min Depth: 0.000001m
2026-08-08 00:56:50 - Step:   627 | Sim Clock Time:    62.70s | Max Depth: 0.299809m | Min Depth: 0.000001m
2026-08-08 00:56:50 - Step:   628 | Sim Clock Time:    62.80s | Max Depth: 0.301407m | Min Depth: 0.000001m
2026-08-08 00:56:50 - Step:   629 | Sim Clock Time:    62.90s | Max Depth: 0.301493m | Min Depth: 0.000001m
2026-08-08 00:56:50 - Step:   630 | Sim Clock Time:    63.00s | Max Depth: 0.301445m | Min Depth: 0.000001m
2026-08-08 00:56:50 - Step:   631 | Sim Clock Time:    63.10s | Max Depth: 0.301354m | Min Depth: 0.000001m
2026-08-08 00:56:50 - Step:   632 | Sim Clock Time:    63.20s | Max Depth: 0.301243m | Min Depth: 0.000001m
2026-08-08 00:56:50 - Step:   633 | Sim Clock Time:    63.30s | Max Depth: 0.301524m | Min Depth: 0.000001m
2026-08-08 00:56:50 - Step:   634 | Sim Clock Time:    63.40s | Max Depth: 0.302166m | Min Depth: 0.000001m
2026-08-08 00:56:50 - Step:   635 | Sim Clock Time:    63.50s | Max Depth: 0.302203m | Min Depth: 0.000001m
2026-08-08 00:56:50 - Step:   636 | Sim Clock Time:    63.60s | Max Depth: 0.302141m | Min Depth: 0.000001m
2026-08-08 00:56:50 - Step:   637 | Sim Clock Time:    63.70s | Max Depth: 0.302034m | Min Depth: 0.000001m
2026-08-08 00:56:50 - Step:   638 | Sim Clock Time:    63.80s | Max Depth: 0.301931m | Min Depth: 0.000001m
2026-08-08 00:56:50 - Step:   639 | Sim Clock Time:    63.90s | Max Depth: 0.303629m | Min Depth: 0.000001m
2026-08-08 00:56:50 - Step:   640 | Sim Clock Time:    64.00s | Max Depth: 0.304106m | Min Depth: 0.000001m
2026-08-08 00:56:50 - Step:   641 | Sim Clock Time:    64.10s | Max Depth: 0.304099m | Min Depth: 0.000001m
2026-08-08 00:56:51 - Step:   642 | Sim Clock Time:    64.20s | Max Depth: 0.304023m | Min Depth: 0.000001m
2026-08-08 00:56:51 - Step:   643 | Sim Clock Time:    64.30s | Max Depth: 0.303890m | Min Depth: 0.000001m
2026-08-08 00:56:51 - Step:   644 | Sim Clock Time:    64.40s | Max Depth: 0.303784m | Min Depth: 0.000001m
2026-08-08 00:56:51 - Step:   645 | Sim Clock Time:    64.50s | Max Depth: 0.304625m | Min Depth: 0.000001m
2026-08-08 00:56:51 - Step:   646 | Sim Clock Time:    64.60s | Max Depth: 0.304785m | Min Depth: 0.000001m
2026-08-08 00:56:51 - Step:   647 | Sim Clock Time:    64.70s | Max Depth: 0.304740m | Min Depth: 0.000001m
2026-08-08 00:56:51 - Step:   648 | Sim Clock Time:    64.80s | Max Depth: 0.304650m | Min Depth: 0.000001m
2026-08-08 00:56:51 - Step:   649 | Sim Clock Time:    64.90s | Max Depth: 0.304514m | Min Depth: 0.000001m
2026-08-08 00:56:51 - Step:   650 | Sim Clock Time:    65.00s | Max Depth: 0.304406m | Min Depth: 0.000001m
2026-08-08 00:56:51 - Step:   651 | Sim Clock Time:    65.10s | Max Depth: 0.306443m | Min Depth: 0.000001m
2026-08-08 00:56:51 - Step:   652 | Sim Clock Time:    65.20s | Max Depth: 0.306550m | Min Depth: 0.000001m
2026-08-08 00:56:51 - Step:   653 | Sim Clock Time:    65.30s | Max Depth: 0.306477m | Min Depth: 0.000001m
2026-08-08 00:56:51 - Step:   654 | Sim Clock Time:    65.40s | Max Depth: 0.306362m | Min Depth: 0.000001m
2026-08-08 00:56:51 - Step:   655 | Sim Clock Time:    65.50s | Max Depth: 0.306214m | Min Depth: 0.000001m
2026-08-08 00:56:52 - Step:   656 | Sim Clock Time:    65.60s | Max Depth: 0.306097m | Min Depth: 0.000001m
2026-08-08 00:56:52 - Step:   657 | Sim Clock Time:    65.70s | Max Depth: 0.307111m | Min Depth: 0.000001m
2026-08-08 00:56:52 - Step:   658 | Sim Clock Time:    65.80s | Max Depth: 0.307139m | Min Depth: 0.000001m
2026-08-08 00:56:52 - Step:   659 | Sim Clock Time:    65.90s | Max Depth: 0.307050m | Min Depth: 0.000001m
2026-08-08 00:56:52 - Step:   660 | Sim Clock Time:    66.00s | Max Depth: 0.306917m | Min Depth: 0.000001m
2026-08-08 00:56:52 - Step:   661 | Sim Clock Time:    66.10s | Max Depth: 0.306781m | Min Depth: 0.000001m
2026-08-08 00:56:52 - Step:   662 | Sim Clock Time:    66.20s | Max Depth: 0.308047m | Min Depth: 0.000001m
2026-08-08 00:56:52 - Step:   663 | Sim Clock Time:    66.30s | Max Depth: 0.308756m | Min Depth: 0.000001m
2026-08-08 00:56:52 - Step:   664 | Sim Clock Time:    66.40s | Max Depth: 0.308733m | Min Depth: 0.000001m
2026-08-08 00:56:52 - Step:   665 | Sim Clock Time:    66.50s | Max Depth: 0.308630m | Min Depth: 0.000001m
2026-08-08 00:56:52 - Step:   666 | Sim Clock Time:    66.60s | Max Depth: 0.308471m | Min Depth: 0.000001m
2026-08-08 00:56:52 - Step:   667 | Sim Clock Time:    66.70s | Max Depth: 0.308335m | Min Depth: 0.000001m
2026-08-08 00:56:52 - Step:   668 | Sim Clock Time:    66.80s | Max Depth: 0.309157m | Min Depth: 0.000001m
2026-08-08 00:56:52 - Step:   669 | Sim Clock Time:    66.90s | Max Depth: 0.309338m | Min Depth: 0.000001m
2026-08-08 00:56:52 - Step:   670 | Sim Clock Time:    67.00s | Max Depth: 0.309268m | Min Depth: 0.000001m
2026-08-08 00:56:53 - Step:   671 | Sim Clock Time:    67.10s | Max Depth: 0.309151m | Min Depth: 0.000001m
2026-08-08 00:56:53 - Step:   672 | Sim Clock Time:    67.20s | Max Depth: 0.308991m | Min Depth: 0.000001m
2026-08-08 00:56:53 - Step:   673 | Sim Clock Time:    67.30s | Max Depth: 0.308904m | Min Depth: 0.000001m
2026-08-08 00:56:53 - Step:   674 | Sim Clock Time:    67.40s | Max Depth: 0.310732m | Min Depth: 0.000001m
2026-08-08 00:56:53 - Step:   675 | Sim Clock Time:    67.50s | Max Depth: 0.310829m | Min Depth: 0.000001m
2026-08-08 00:56:53 - Step:   676 | Sim Clock Time:    67.60s | Max Depth: 0.310730m | Min Depth: 0.000001m
2026-08-08 00:56:53 - Step:   677 | Sim Clock Time:    67.70s | Max Depth: 0.310585m | Min Depth: 0.000001m
2026-08-08 00:56:53 - Step:   678 | Sim Clock Time:    67.80s | Max Depth: 0.310416m | Min Depth: 0.000001m
2026-08-08 00:56:53 - Step:   679 | Sim Clock Time:    67.90s | Max Depth: 0.310271m | Min Depth: 0.000001m
2026-08-08 00:56:53 - Step:   680 | Sim Clock Time:    68.00s | Max Depth: 0.311328m | Min Depth: 0.000001m
2026-08-08 00:56:53 - Step:   681 | Sim Clock Time:    68.10s | Max Depth: 0.311323m | Min Depth: 0.000001m
2026-08-08 00:56:53 - Step:   682 | Sim Clock Time:    68.20s | Max Depth: 0.311207m | Min Depth: 0.000001m
2026-08-08 00:56:53 - Step:   683 | Sim Clock Time:    68.30s | Max Depth: 0.311043m | Min Depth: 0.000001m
2026-08-08 00:56:53 - Step:   684 | Sim Clock Time:    68.40s | Max Depth: 0.310886m | Min Depth: 0.000001m
2026-08-08 00:56:54 - Step:   685 | Sim Clock Time:    68.50s | Max Depth: 0.312126m | Min Depth: 0.000001m
2026-08-08 00:56:54 - Step:   686 | Sim Clock Time:    68.60s | Max Depth: 0.312726m | Min Depth: 0.000001m
2026-08-08 00:56:54 - Step:   687 | Sim Clock Time:    68.70s | Max Depth: 0.312660m | Min Depth: 0.000001m
2026-08-08 00:56:54 - Step:   688 | Sim Clock Time:    68.80s | Max Depth: 0.312529m | Min Depth: 0.000001m
2026-08-08 00:56:54 - Step:   689 | Sim Clock Time:    68.90s | Max Depth: 0.312344m | Min Depth: 0.000001m
2026-08-08 00:56:54 - Step:   690 | Sim Clock Time:    69.00s | Max Depth: 0.312187m | Min Depth: 0.000001m
2026-08-08 00:56:54 - Step:   691 | Sim Clock Time:    69.10s | Max Depth: 0.313092m | Min Depth: 0.000001m
2026-08-08 00:56:54 - Step:   692 | Sim Clock Time:    69.20s | Max Depth: 0.313207m | Min Depth: 0.000001m
2026-08-08 00:56:54 - Step:   693 | Sim Clock Time:    69.30s | Max Depth: 0.313101m | Min Depth: 0.000001m
2026-08-08 00:56:54 - Step:   694 | Sim Clock Time:    69.40s | Max Depth: 0.312951m | Min Depth: 0.000001m
2026-08-08 00:56:54 - Step:   695 | Sim Clock Time:    69.50s | Max Depth: 0.312771m | Min Depth: 0.000001m
2026-08-08 00:56:54 - Step:   696 | Sim Clock Time:    69.60s | Max Depth: 0.312744m | Min Depth: 0.000001m
2026-08-08 00:56:54 - Step:   697 | Sim Clock Time:    69.70s | Max Depth: 0.314427m | Min Depth: 0.000001m
2026-08-08 00:56:54 - Step:   698 | Sim Clock Time:    69.80s | Max Depth: 0.314459m | Min Depth: 0.000001m
2026-08-08 00:56:54 - Step:   699 | Sim Clock Time:    69.90s | Max Depth: 0.314332m | Min Depth: 0.000001m
2026-08-08 00:56:55 - Step:   700 | Sim Clock Time:    70.00s | Max Depth: 0.314152m | Min Depth: 0.000001m
2026-08-08 00:56:55 - Step:   701 | Sim Clock Time:    70.10s | Max Depth: 0.313971m | Min Depth: 0.000001m
2026-08-08 00:56:55 - Step:   702 | Sim Clock Time:    70.20s | Max Depth: 0.314274m | Min Depth: 0.000001m
2026-08-08 00:56:55 - Step:   703 | Sim Clock Time:    70.30s | Max Depth: 0.314923m | Min Depth: 0.000001m
2026-08-08 00:56:55 - Step:   704 | Sim Clock Time:    70.40s | Max Depth: 0.314861m | Min Depth: 0.000001m
2026-08-08 00:56:55 - Step:   705 | Sim Clock Time:    70.50s | Max Depth: 0.314716m | Min Depth: 0.000001m
2026-08-08 00:56:55 - Step:   706 | Sim Clock Time:    70.60s | Max Depth: 0.314527m | Min Depth: 0.000001m
2026-08-08 00:56:55 - Step:   707 | Sim Clock Time:    70.70s | Max Depth: 0.314357m | Min Depth: 0.000001m
2026-08-08 00:56:55 - Step:   708 | Sim Clock Time:    70.80s | Max Depth: 0.315811m | Min Depth: 0.000001m
2026-08-08 00:56:55 - Step:   709 | Sim Clock Time:    70.90s | Max Depth: 0.316100m | Min Depth: 0.000001m
2026-08-08 00:56:55 - Step:   710 | Sim Clock Time:    71.00s | Max Depth: 0.315987m | Min Depth: 0.000001m
2026-08-08 00:56:55 - Step:   711 | Sim Clock Time:    71.10s | Max Depth: 0.315823m | Min Depth: 0.000001m
2026-08-08 00:56:55 - Step:   712 | Sim Clock Time:    71.20s | Max Depth: 0.315623m | Min Depth: 0.000001m
2026-08-08 00:56:55 - Step:   713 | Sim Clock Time:    71.30s | Max Depth: 0.315447m | Min Depth: 0.000001m
2026-08-08 00:56:56 - Step:   714 | Sim Clock Time:    71.40s | Max Depth: 0.316476m | Min Depth: 0.000001m
2026-08-08 00:56:56 - Step:   715 | Sim Clock Time:    71.50s | Max Depth: 0.316489m | Min Depth: 0.000001m
2026-08-08 00:56:56 - Step:   716 | Sim Clock Time:    71.60s | Max Depth: 0.316350m | Min Depth: 0.000001m
2026-08-08 00:56:56 - Step:   717 | Sim Clock Time:    71.70s | Max Depth: 0.316163m | Min Depth: 0.000001m
2026-08-08 00:56:56 - Step:   718 | Sim Clock Time:    71.80s | Max Depth: 0.315974m | Min Depth: 0.000001m
2026-08-08 00:56:56 - Step:   719 | Sim Clock Time:    71.90s | Max Depth: 0.316422m | Min Depth: 0.000001m
2026-08-08 00:56:56 - Step:   720 | Sim Clock Time:    72.00s | Max Depth: 0.317597m | Min Depth: 0.000001m
2026-08-08 00:56:56 - Step:   721 | Sim Clock Time:    72.10s | Max Depth: 0.317537m | Min Depth: 0.000001m
2026-08-08 00:56:56 - Step:   722 | Sim Clock Time:    72.20s | Max Depth: 0.317380m | Min Depth: 0.000001m
2026-08-08 00:56:56 - Step:   723 | Sim Clock Time:    72.30s | Max Depth: 0.317171m | Min Depth: 0.000001m
2026-08-08 00:56:56 - Step:   724 | Sim Clock Time:    72.40s | Max Depth: 0.316982m | Min Depth: 0.000001m
2026-08-08 00:56:56 - Step:   725 | Sim Clock Time:    72.50s | Max Depth: 0.317788m | Min Depth: 0.000001m
2026-08-08 00:56:56 - Step:   726 | Sim Clock Time:    72.60s | Max Depth: 0.317985m | Min Depth: 0.000001m
2026-08-08 00:56:56 - Step:   727 | Sim Clock Time:    72.70s | Max Depth: 0.317863m | Min Depth: 0.000001m
2026-08-08 00:56:56 - Step:   728 | Sim Clock Time:    72.80s | Max Depth: 0.317684m | Min Depth: 0.000001m
2026-08-08 00:56:57 - Step:   729 | Sim Clock Time:    72.90s | Max Depth: 0.317480m | Min Depth: 0.000001m
2026-08-08 00:56:57 - Step:   730 | Sim Clock Time:    73.00s | Max Depth: 0.317462m | Min Depth: 0.000001m
2026-08-08 00:56:57 - Step:   731 | Sim Clock Time:    73.10s | Max Depth: 0.318923m | Min Depth: 0.000001m
2026-08-08 00:56:57 - Step:   732 | Sim Clock Time:    73.20s | Max Depth: 0.318964m | Min Depth: 0.000001m
2026-08-08 00:56:57 - Step:   733 | Sim Clock Time:    73.30s | Max Depth: 0.318815m | Min Depth: 0.000001m
2026-08-08 00:56:57 - Step:   734 | Sim Clock Time:    73.40s | Max Depth: 0.318611m | Min Depth: 0.000001m
2026-08-08 00:56:57 - Step:   735 | Sim Clock Time:    73.50s | Max Depth: 0.318407m | Min Depth: 0.000001m
2026-08-08 00:56:57 - Step:   736 | Sim Clock Time:    73.60s | Max Depth: 0.318507m | Min Depth: 0.000001m
2026-08-08 00:56:57 - Step:   737 | Sim Clock Time:    73.70s | Max Depth: 0.319352m | Min Depth: 0.000001m
2026-08-08 00:56:57 - Step:   738 | Sim Clock Time:    73.80s | Max Depth: 0.319270m | Min Depth: 0.000001m
2026-08-08 00:56:57 - Step:   739 | Sim Clock Time:    73.90s | Max Depth: 0.319098m | Min Depth: 0.000001m
2026-08-08 00:56:57 - Step:   740 | Sim Clock Time:    74.00s | Max Depth: 0.318886m | Min Depth: 0.000001m
2026-08-08 00:56:57 - Step:   741 | Sim Clock Time:    74.10s | Max Depth: 0.318708m | Min Depth: 0.000001m
2026-08-08 00:56:57 - Step:   742 | Sim Clock Time:    74.20s | Max Depth: 0.319980m | Min Depth: 0.000001m
2026-08-08 00:56:58 - Step:   743 | Sim Clock Time:    74.30s | Max Depth: 0.320284m | Min Depth: 0.000001m
2026-08-08 00:56:58 - Step:   744 | Sim Clock Time:    74.40s | Max Depth: 0.320153m | Min Depth: 0.000001m
2026-08-08 00:56:58 - Step:   745 | Sim Clock Time:    74.50s | Max Depth: 0.319958m | Min Depth: 0.000001m
2026-08-08 00:56:58 - Step:   746 | Sim Clock Time:    74.60s | Max Depth: 0.319740m | Min Depth: 0.000001m
2026-08-08 00:56:58 - Step:   747 | Sim Clock Time:    74.70s | Max Depth: 0.319543m | Min Depth: 0.000001m
2026-08-08 00:56:58 - Step:   748 | Sim Clock Time:    74.80s | Max Depth: 0.320599m | Min Depth: 0.000001m
2026-08-08 00:56:58 - Step:   749 | Sim Clock Time:    74.90s | Max Depth: 0.320577m | Min Depth: 0.000001m
2026-08-08 00:56:58 - Step:   750 | Sim Clock Time:    75.00s | Max Depth: 0.320411m | Min Depth: 0.000001m
2026-08-08 00:56:58 - Step:   751 | Sim Clock Time:    75.10s | Max Depth: 0.320199m | Min Depth: 0.000001m
2026-08-08 00:56:58 - Step:   752 | Sim Clock Time:    75.20s | Max Depth: 0.319998m | Min Depth: 0.000001m
2026-08-08 00:56:58 - Step:   753 | Sim Clock Time:    75.30s | Max Depth: 0.320479m | Min Depth: 0.000001m
2026-08-08 00:56:58 - Step:   754 | Sim Clock Time:    75.40s | Max Depth: 0.321493m | Min Depth: 0.000001m
2026-08-08 00:56:58 - Step:   755 | Sim Clock Time:    75.50s | Max Depth: 0.321396m | Min Depth: 0.000001m
2026-08-08 00:56:58 - Step:   756 | Sim Clock Time:    75.60s | Max Depth: 0.321209m | Min Depth: 0.000001m
2026-08-08 00:56:59 - Step:   757 | Sim Clock Time:    75.70s | Max Depth: 0.320983m | Min Depth: 0.000001m
2026-08-08 00:56:59 - Step:   758 | Sim Clock Time:    75.80s | Max Depth: 0.320775m | Min Depth: 0.000001m
2026-08-08 00:56:59 - Step:   759 | Sim Clock Time:    75.90s | Max Depth: 0.321675m | Min Depth: 0.000001m
2026-08-08 00:56:59 - Step:   760 | Sim Clock Time:    76.00s | Max Depth: 0.321783m | Min Depth: 0.000001m
2026-08-08 00:56:59 - Step:   761 | Sim Clock Time:    76.10s | Max Depth: 0.321633m | Min Depth: 0.000001m
2026-08-08 00:56:59 - Step:   762 | Sim Clock Time:    76.20s | Max Depth: 0.321424m | Min Depth: 0.000001m
2026-08-08 00:56:59 - Step:   763 | Sim Clock Time:    76.30s | Max Depth: 0.321210m | Min Depth: 0.000001m
2026-08-08 00:56:59 - Step:   764 | Sim Clock Time:    76.40s | Max Depth: 0.321235m | Min Depth: 0.000001m
2026-08-08 00:56:59 - Step:   765 | Sim Clock Time:    76.50s | Max Depth: 0.322587m | Min Depth: 0.000001m
2026-08-08 00:56:59 - Step:   766 | Sim Clock Time:    76.60s | Max Depth: 0.322551m | Min Depth: 0.000001m
2026-08-08 00:56:59 - Step:   767 | Sim Clock Time:    76.70s | Max Depth: 0.322374m | Min Depth: 0.000001m
2026-08-08 00:56:59 - Step:   768 | Sim Clock Time:    76.80s | Max Depth: 0.322146m | Min Depth: 0.000001m
2026-08-08 00:56:59 - Step:   769 | Sim Clock Time:    76.90s | Max Depth: 0.321928m | Min Depth: 0.000001m
2026-08-08 00:56:59 - Step:   770 | Sim Clock Time:    77.00s | Max Depth: 0.322434m | Min Depth: 0.000001m
2026-08-08 00:56:59 - Step:   771 | Sim Clock Time:    77.10s | Max Depth: 0.322899m | Min Depth: 0.000001m
2026-08-08 00:57:00 - Step:   772 | Sim Clock Time:    77.20s | Max Depth: 0.322771m | Min Depth: 0.000001m
2026-08-08 00:57:00 - Step:   773 | Sim Clock Time:    77.30s | Max Depth: 0.322566m | Min Depth: 0.000001m
2026-08-08 00:57:00 - Step:   774 | Sim Clock Time:    77.40s | Max Depth: 0.322344m | Min Depth: 0.000001m
2026-08-08 00:57:00 - Step:   775 | Sim Clock Time:    77.50s | Max Depth: 0.322295m | Min Depth: 0.000001m
2026-08-08 00:57:00 - Step:   776 | Sim Clock Time:    77.60s | Max Depth: 0.323531m | Min Depth: 0.000001m
2026-08-08 00:57:00 - Step:   777 | Sim Clock Time:    77.70s | Max Depth: 0.323624m | Min Depth: 0.000001m
2026-08-08 00:57:00 - Step:   778 | Sim Clock Time:    77.80s | Max Depth: 0.323459m | Min Depth: 0.000001m
2026-08-08 00:57:00 - Step:   779 | Sim Clock Time:    77.90s | Max Depth: 0.323234m | Min Depth: 0.000001m
2026-08-08 00:57:00 - Step:   780 | Sim Clock Time:    78.00s | Max Depth: 0.323008m | Min Depth: 0.000001m
2026-08-08 00:57:00 - Step:   781 | Sim Clock Time:    78.10s | Max Depth: 0.322879m | Min Depth: 0.000001m
2026-08-08 00:57:00 - Step:   782 | Sim Clock Time:    78.20s | Max Depth: 0.323929m | Min Depth: 0.000001m
2026-08-08 00:57:00 - Step:   783 | Sim Clock Time:    78.30s | Max Depth: 0.323831m | Min Depth: 0.000001m
2026-08-08 00:57:00 - Step:   784 | Sim Clock Time:    78.40s | Max Depth: 0.323633m | Min Depth: 0.000001m
2026-08-08 00:57:00 - Step:   785 | Sim Clock Time:    78.50s | Max Depth: 0.323405m | Min Depth: 0.000001m
2026-08-08 00:57:01 - Step:   786 | Sim Clock Time:    78.60s | Max Depth: 0.323223m | Min Depth: 0.000001m
2026-08-08 00:57:01 - Step:   787 | Sim Clock Time:    78.70s | Max Depth: 0.324227m | Min Depth: 0.000001m
2026-08-08 00:57:01 - Step:   788 | Sim Clock Time:    78.80s | Max Depth: 0.324619m | Min Depth: 0.000001m
2026-08-08 00:57:01 - Step:   789 | Sim Clock Time:    78.90s | Max Depth: 0.324471m | Min Depth: 0.000001m
2026-08-08 00:57:01 - Step:   790 | Sim Clock Time:    79.00s | Max Depth: 0.324251m | Min Depth: 0.000001m
2026-08-08 00:57:01 - Step:   791 | Sim Clock Time:    79.10s | Max Depth: 0.324018m | Min Depth: 0.000001m
2026-08-08 00:57:01 - Step:   792 | Sim Clock Time:    79.20s | Max Depth: 0.323874m | Min Depth: 0.000001m
2026-08-08 00:57:01 - Step:   793 | Sim Clock Time:    79.30s | Max Depth: 0.324868m | Min Depth: 0.000001m
2026-08-08 00:57:01 - Step:   794 | Sim Clock Time:    79.40s | Max Depth: 0.324819m | Min Depth: 0.000001m
2026-08-08 00:57:01 - Step:   795 | Sim Clock Time:    79.50s | Max Depth: 0.324630m | Min Depth: 0.000001m
2026-08-08 00:57:01 - Step:   796 | Sim Clock Time:    79.60s | Max Depth: 0.324399m | Min Depth: 0.000001m
2026-08-08 00:57:01 - Step:   797 | Sim Clock Time:    79.70s | Max Depth: 0.324205m | Min Depth: 0.000001m
2026-08-08 00:57:01 - Step:   798 | Sim Clock Time:    79.80s | Max Depth: 0.324558m | Min Depth: 0.000001m
2026-08-08 00:57:01 - Step:   799 | Sim Clock Time:    79.90s | Max Depth: 0.325542m | Min Depth: 0.000001m
2026-08-08 00:57:02 - Step:   800 | Sim Clock Time:    80.00s | Max Depth: 0.325416m | Min Depth: 0.000001m
2026-08-08 00:57:02 - Step:   801 | Sim Clock Time:    80.10s | Max Depth: 0.325203m | Min Depth: 0.000001m
2026-08-08 00:57:02 - Step:   802 | Sim Clock Time:    80.20s | Max Depth: 0.324965m | Min Depth: 0.000001m
2026-08-08 00:57:02 - Step:   803 | Sim Clock Time:    80.30s | Max Depth: 0.324773m | Min Depth: 0.000001m
2026-08-08 00:57:02 - Step:   804 | Sim Clock Time:    80.40s | Max Depth: 0.325688m | Min Depth: 0.000001m
2026-08-08 00:57:02 - Step:   805 | Sim Clock Time:    80.50s | Max Depth: 0.325738m | Min Depth: 0.000001m
2026-08-08 00:57:02 - Step:   806 | Sim Clock Time:    80.60s | Max Depth: 0.325560m | Min Depth: 0.000001m
2026-08-08 00:57:02 - Step:   807 | Sim Clock Time:    80.70s | Max Depth: 0.325330m | Min Depth: 0.000001m
2026-08-08 00:57:02 - Step:   808 | Sim Clock Time:    80.80s | Max Depth: 0.325108m | Min Depth: 0.000001m
2026-08-08 00:57:02 - Step:   809 | Sim Clock Time:    80.90s | Max Depth: 0.325160m | Min Depth: 0.000001m
2026-08-08 00:57:02 - Step:   810 | Sim Clock Time:    81.00s | Max Depth: 0.326387m | Min Depth: 0.000001m
2026-08-08 00:57:02 - Step:   811 | Sim Clock Time:    81.10s | Max Depth: 0.326298m | Min Depth: 0.000001m
2026-08-08 00:57:02 - Step:   812 | Sim Clock Time:    81.20s | Max Depth: 0.326093m | Min Depth: 0.000001m
2026-08-08 00:57:02 - Step:   813 | Sim Clock Time:    81.30s | Max Depth: 0.325851m | Min Depth: 0.000001m
2026-08-08 00:57:03 - Step:   814 | Sim Clock Time:    81.40s | Max Depth: 0.325620m | Min Depth: 0.000001m
2026-08-08 00:57:03 - Step:   815 | Sim Clock Time:    81.50s | Max Depth: 0.326336m | Min Depth: 0.000001m
2026-08-08 00:57:03 - Step:   816 | Sim Clock Time:    81.60s | Max Depth: 0.326595m | Min Depth: 0.000001m
2026-08-08 00:57:03 - Step:   817 | Sim Clock Time:    81.70s | Max Depth: 0.326432m | Min Depth: 0.000001m
2026-08-08 00:57:03 - Step:   818 | Sim Clock Time:    81.80s | Max Depth: 0.326202m | Min Depth: 0.000001m
2026-08-08 00:57:03 - Step:   819 | Sim Clock Time:    81.90s | Max Depth: 0.325977m | Min Depth: 0.000001m
2026-08-08 00:57:03 - Step:   820 | Sim Clock Time:    82.00s | Max Depth: 0.325999m | Min Depth: 0.000001m
2026-08-08 00:57:03 - Step:   821 | Sim Clock Time:    82.10s | Max Depth: 0.327148m | Min Depth: 0.000001m
2026-08-08 00:57:03 - Step:   822 | Sim Clock Time:    82.20s | Max Depth: 0.327123m | Min Depth: 0.000001m
2026-08-08 00:57:03 - Step:   823 | Sim Clock Time:    82.30s | Max Depth: 0.326926m | Min Depth: 0.000001m
2026-08-08 00:57:03 - Step:   824 | Sim Clock Time:    82.40s | Max Depth: 0.326685m | Min Depth: 0.000001m
2026-08-08 00:57:03 - Step:   825 | Sim Clock Time:    82.50s | Max Depth: 0.326446m | Min Depth: 0.000001m
2026-08-08 00:57:03 - Step:   826 | Sim Clock Time:    82.60s | Max Depth: 0.326739m | Min Depth: 0.000001m
2026-08-08 00:57:03 - Step:   827 | Sim Clock Time:    82.70s | Max Depth: 0.327395m | Min Depth: 0.000001m
2026-08-08 00:57:03 - Step:   828 | Sim Clock Time:    82.80s | Max Depth: 0.327247m | Min Depth: 0.000001m
2026-08-08 00:57:04 - Step:   829 | Sim Clock Time:    82.90s | Max Depth: 0.327020m | Min Depth: 0.000001m
2026-08-08 00:57:04 - Step:   830 | Sim Clock Time:    83.00s | Max Depth: 0.326789m | Min Depth: 0.000001m
2026-08-08 00:57:04 - Step:   831 | Sim Clock Time:    83.10s | Max Depth: 0.326743m | Min Depth: 0.000001m
2026-08-08 00:57:04 - Step:   832 | Sim Clock Time:    83.20s | Max Depth: 0.327794m | Min Depth: 0.000001m
2026-08-08 00:57:04 - Step:   833 | Sim Clock Time:    83.30s | Max Depth: 0.327892m | Min Depth: 0.000001m
2026-08-08 00:57:04 - Step:   834 | Sim Clock Time:    83.40s | Max Depth: 0.327707m | Min Depth: 0.000001m
2026-08-08 00:57:04 - Step:   835 | Sim Clock Time:    83.50s | Max Depth: 0.327466m | Min Depth: 0.000001m
2026-08-08 00:57:04 - Step:   836 | Sim Clock Time:    83.60s | Max Depth: 0.327222m | Min Depth: 0.000001m
2026-08-08 00:57:04 - Step:   837 | Sim Clock Time:    83.70s | Max Depth: 0.327161m | Min Depth: 0.000001m
2026-08-08 00:57:04 - Step:   838 | Sim Clock Time:    83.80s | Max Depth: 0.328139m | Min Depth: 0.000001m
2026-08-08 00:57:04 - Step:   839 | Sim Clock Time:    83.90s | Max Depth: 0.328010m | Min Depth: 0.000001m
2026-08-08 00:57:04 - Step:   840 | Sim Clock Time:    84.00s | Max Depth: 0.327787m | Min Depth: 0.000001m
2026-08-08 00:57:04 - Step:   841 | Sim Clock Time:    84.10s | Max Depth: 0.327554m | Min Depth: 0.000001m
2026-08-08 00:57:04 - Step:   842 | Sim Clock Time:    84.20s | Max Depth: 0.327380m | Min Depth: 0.000001m
2026-08-08 00:57:05 - Step:   843 | Sim Clock Time:    84.30s | Max Depth: 0.328297m | Min Depth: 0.000001m
2026-08-08 00:57:05 - Step:   844 | Sim Clock Time:    84.40s | Max Depth: 0.328614m | Min Depth: 0.000001m
2026-08-08 00:57:05 - Step:   845 | Sim Clock Time:    84.50s | Max Depth: 0.328439m | Min Depth: 0.000001m
2026-08-08 00:57:05 - Step:   846 | Sim Clock Time:    84.60s | Max Depth: 0.328200m | Min Depth: 0.000001m
2026-08-08 00:57:05 - Step:   847 | Sim Clock Time:    84.70s | Max Depth: 0.327953m | Min Depth: 0.000001m
2026-08-08 00:57:05 - Step:   848 | Sim Clock Time:    84.80s | Max Depth: 0.327887m | Min Depth: 0.000001m
2026-08-08 00:57:05 - Step:   849 | Sim Clock Time:    84.90s | Max Depth: 0.328823m | Min Depth: 0.000001m
2026-08-08 00:57:05 - Step:   850 | Sim Clock Time:    85.00s | Max Depth: 0.328724m | Min Depth: 0.000001m
2026-08-08 00:57:05 - Step:   851 | Sim Clock Time:    85.10s | Max Depth: 0.328507m | Min Depth: 0.000001m
2026-08-08 00:57:05 - Step:   852 | Sim Clock Time:    85.20s | Max Depth: 0.328268m | Min Depth: 0.000001m
2026-08-08 00:57:05 - Step:   853 | Sim Clock Time:    85.30s | Max Depth: 0.328090m | Min Depth: 0.000001m
2026-08-08 00:57:05 - Step:   854 | Sim Clock Time:    85.40s | Max Depth: 0.328632m | Min Depth: 0.000001m
2026-08-08 00:57:05 - Step:   855 | Sim Clock Time:    85.50s | Max Depth: 0.329289m | Min Depth: 0.000001m
2026-08-08 00:57:05 - Step:   856 | Sim Clock Time:    85.60s | Max Depth: 0.329125m | Min Depth: 0.000001m
2026-08-08 00:57:06 - Step:   857 | Sim Clock Time:    85.70s | Max Depth: 0.328890m | Min Depth: 0.000001m
2026-08-08 00:57:06 - Step:   858 | Sim Clock Time:    85.80s | Max Depth: 0.328640m | Min Depth: 0.000001m
2026-08-08 00:57:06 - Step:   859 | Sim Clock Time:    85.90s | Max Depth: 0.328558m | Min Depth: 0.000001m
2026-08-08 00:57:06 - Step:   860 | Sim Clock Time:    86.00s | Max Depth: 0.329446m | Min Depth: 0.000001m
2026-08-08 00:57:06 - Step:   861 | Sim Clock Time:    86.10s | Max Depth: 0.329395m | Min Depth: 0.000001m
2026-08-08 00:57:06 - Step:   862 | Sim Clock Time:    86.20s | Max Depth: 0.329186m | Min Depth: 0.000001m
2026-08-08 00:57:06 - Step:   863 | Sim Clock Time:    86.30s | Max Depth: 0.328943m | Min Depth: 0.000001m
2026-08-08 00:57:06 - Step:   864 | Sim Clock Time:    86.40s | Max Depth: 0.328759m | Min Depth: 0.000001m
2026-08-08 00:57:06 - Step:   865 | Sim Clock Time:    86.50s | Max Depth: 0.328798m | Min Depth: 0.000001m
2026-08-08 00:57:06 - Step:   866 | Sim Clock Time:    86.60s | Max Depth: 0.329918m | Min Depth: 0.000001m
2026-08-08 00:57:06 - Step:   867 | Sim Clock Time:    86.70s | Max Depth: 0.329771m | Min Depth: 0.000001m
2026-08-08 00:57:06 - Step:   868 | Sim Clock Time:    86.80s | Max Depth: 0.329539m | Min Depth: 0.000001m
2026-08-08 00:57:06 - Step:   869 | Sim Clock Time:    86.90s | Max Depth: 0.329288m | Min Depth: 0.000001m
2026-08-08 00:57:06 - Step:   870 | Sim Clock Time:    87.00s | Max Depth: 0.329174m | Min Depth: 0.000001m
2026-08-08 00:57:07 - Step:   871 | Sim Clock Time:    87.10s | Max Depth: 0.329996m | Min Depth: 0.000001m
2026-08-08 00:57:07 - Step:   872 | Sim Clock Time:    87.20s | Max Depth: 0.330024m | Min Depth: 0.000001m
2026-08-08 00:57:07 - Step:   873 | Sim Clock Time:    87.30s | Max Depth: 0.329823m | Min Depth: 0.000001m
2026-08-08 00:57:07 - Step:   874 | Sim Clock Time:    87.40s | Max Depth: 0.329579m | Min Depth: 0.000001m
2026-08-08 00:57:07 - Step:   875 | Sim Clock Time:    87.50s | Max Depth: 0.329384m | Min Depth: 0.000001m
2026-08-08 00:57:07 - Step:   876 | Sim Clock Time:    87.60s | Max Depth: 0.329418m | Min Depth: 0.000001m
2026-08-08 00:57:07 - Step:   877 | Sim Clock Time:    87.70s | Max Depth: 0.330500m | Min Depth: 0.000001m
2026-08-08 00:57:07 - Step:   878 | Sim Clock Time:    87.80s | Max Depth: 0.330377m | Min Depth: 0.000001m
2026-08-08 00:57:07 - Step:   879 | Sim Clock Time:    87.90s | Max Depth: 0.330149m | Min Depth: 0.000001m
2026-08-08 00:57:07 - Step:   880 | Sim Clock Time:    88.00s | Max Depth: 0.329897m | Min Depth: 0.000001m
2026-08-08 00:57:07 - Step:   881 | Sim Clock Time:    88.10s | Max Depth: 0.329720m | Min Depth: 0.000001m
2026-08-08 00:57:07 - Step:   882 | Sim Clock Time:    88.20s | Max Depth: 0.330460m | Min Depth: 0.000001m
2026-08-08 00:57:07 - Step:   883 | Sim Clock Time:    88.30s | Max Depth: 0.330616m | Min Depth: 0.000001m
2026-08-08 00:57:07 - Step:   884 | Sim Clock Time:    88.40s | Max Depth: 0.330423m | Min Depth: 0.000001m
2026-08-08 00:57:07 - Step:   885 | Sim Clock Time:    88.50s | Max Depth: 0.330179m | Min Depth: 0.000001m
2026-08-08 00:57:08 - Step:   886 | Sim Clock Time:    88.60s | Max Depth: 0.329972m | Min Depth: 0.000001m
2026-08-08 00:57:08 - Step:   887 | Sim Clock Time:    88.70s | Max Depth: 0.330006m | Min Depth: 0.000001m
2026-08-08 00:57:08 - Step:   888 | Sim Clock Time:    88.80s | Max Depth: 0.331038m | Min Depth: 0.000001m
2026-08-08 00:57:08 - Step:   889 | Sim Clock Time:    88.90s | Max Depth: 0.330947m | Min Depth: 0.000001m
2026-08-08 00:57:08 - Step:   890 | Sim Clock Time:    89.00s | Max Depth: 0.330723m | Min Depth: 0.000001m
2026-08-08 00:57:08 - Step:   891 | Sim Clock Time:    89.10s | Max Depth: 0.330472m | Min Depth: 0.000001m
2026-08-08 00:57:08 - Step:   892 | Sim Clock Time:    89.20s | Max Depth: 0.330232m | Min Depth: 0.000001m
2026-08-08 00:57:08 - Step:   893 | Sim Clock Time:    89.30s | Max Depth: 0.330829m | Min Depth: 0.000001m
2026-08-08 00:57:08 - Step:   894 | Sim Clock Time:    89.40s | Max Depth: 0.331173m | Min Depth: 0.000001m
2026-08-08 00:57:08 - Step:   895 | Sim Clock Time:    89.50s | Max Depth: 0.330987m | Min Depth: 0.000001m
2026-08-08 00:57:08 - Step:   896 | Sim Clock Time:    89.60s | Max Depth: 0.330743m | Min Depth: 0.000001m
2026-08-08 00:57:08 - Step:   897 | Sim Clock Time:    89.70s | Max Depth: 0.330518m | Min Depth: 0.000001m
2026-08-08 00:57:08 - Step:   898 | Sim Clock Time:    89.80s | Max Depth: 0.330546m | Min Depth: 0.000001m
2026-08-08 00:57:08 - Step:   899 | Sim Clock Time:    89.90s | Max Depth: 0.331525m | Min Depth: 0.000001m
2026-08-08 00:57:09 - Step:   900 | Sim Clock Time:    90.00s | Max Depth: 0.331483m | Min Depth: 0.000001m
2026-08-08 00:57:09 - Step:   901 | Sim Clock Time:    90.10s | Max Depth: 0.331264m | Min Depth: 0.000001m
2026-08-08 00:57:09 - Step:   902 | Sim Clock Time:    90.20s | Max Depth: 0.331013m | Min Depth: 0.000001m
2026-08-08 00:57:09 - Step:   903 | Sim Clock Time:    90.30s | Max Depth: 0.330769m | Min Depth: 0.000001m
2026-08-08 00:57:09 - Step:   904 | Sim Clock Time:    90.40s | Max Depth: 0.331100m | Min Depth: 0.000001m
2026-08-08 00:57:09 - Step:   905 | Sim Clock Time:    90.50s | Max Depth: 0.331696m | Min Depth: 0.000001m
2026-08-08 00:57:09 - Step:   906 | Sim Clock Time:    90.60s | Max Depth: 0.331519m | Min Depth: 0.000001m
2026-08-08 00:57:09 - Step:   907 | Sim Clock Time:    90.70s | Max Depth: 0.331277m | Min Depth: 0.000001m
2026-08-08 00:57:09 - Step:   908 | Sim Clock Time:    90.80s | Max Depth: 0.331043m | Min Depth: 0.000001m
2026-08-08 00:57:09 - Step:   909 | Sim Clock Time:    90.90s | Max Depth: 0.331048m | Min Depth: 0.000001m
2026-08-08 00:57:09 - Step:   910 | Sim Clock Time:    91.00s | Max Depth: 0.331959m | Min Depth: 0.000001m
2026-08-08 00:57:09 - Step:   911 | Sim Clock Time:    91.10s | Max Depth: 0.331989m | Min Depth: 0.000001m
2026-08-08 00:57:09 - Step:   912 | Sim Clock Time:    91.20s | Max Depth: 0.331775m | Min Depth: 0.000001m
2026-08-08 00:57:09 - Step:   913 | Sim Clock Time:    91.30s | Max Depth: 0.331524m | Min Depth: 0.000001m
2026-08-08 00:57:10 - Step:   914 | Sim Clock Time:    91.40s | Max Depth: 0.331277m | Min Depth: 0.000001m
2026-08-08 00:57:10 - Step:   915 | Sim Clock Time:    91.50s | Max Depth: 0.331282m | Min Depth: 0.000001m
2026-08-08 00:57:10 - Step:   916 | Sim Clock Time:    91.60s | Max Depth: 0.332188m | Min Depth: 0.000001m
2026-08-08 00:57:10 - Step:   917 | Sim Clock Time:    91.70s | Max Depth: 0.332020m | Min Depth: 0.000001m
2026-08-08 00:57:10 - Step:   918 | Sim Clock Time:    91.80s | Max Depth: 0.331779m | Min Depth: 0.000001m
2026-08-08 00:57:10 - Step:   919 | Sim Clock Time:    91.90s | Max Depth: 0.331544m | Min Depth: 0.000001m
2026-08-08 00:57:10 - Step:   920 | Sim Clock Time:    92.00s | Max Depth: 0.331501m | Min Depth: 0.000001m
2026-08-08 00:57:10 - Step:   921 | Sim Clock Time:    92.10s | Max Depth: 0.332341m | Min Depth: 0.000001m
2026-08-08 00:57:10 - Step:   922 | Sim Clock Time:    92.20s | Max Depth: 0.332465m | Min Depth: 0.000001m
2026-08-08 00:57:10 - Step:   923 | Sim Clock Time:    92.30s | Max Depth: 0.332256m | Min Depth: 0.000001m
2026-08-08 00:57:10 - Step:   924 | Sim Clock Time:    92.40s | Max Depth: 0.332006m | Min Depth: 0.000001m
2026-08-08 00:57:10 - Step:   925 | Sim Clock Time:    92.50s | Max Depth: 0.331756m | Min Depth: 0.000001m
2026-08-08 00:57:10 - Step:   926 | Sim Clock Time:    92.60s | Max Depth: 0.331760m | Min Depth: 0.000001m
2026-08-08 00:57:10 - Step:   927 | Sim Clock Time:    92.70s | Max Depth: 0.332648m | Min Depth: 0.000001m
2026-08-08 00:57:11 - Step:   928 | Sim Clock Time:    92.80s | Max Depth: 0.332492m | Min Depth: 0.000001m
2026-08-08 00:57:11 - Step:   929 | Sim Clock Time:    92.90s | Max Depth: 0.332254m | Min Depth: 0.000001m
2026-08-08 00:57:11 - Step:   930 | Sim Clock Time:    93.00s | Max Depth: 0.332018m | Min Depth: 0.000001m
2026-08-08 00:57:11 - Step:   931 | Sim Clock Time:    93.10s | Max Depth: 0.331912m | Min Depth: 0.000001m
2026-08-08 00:57:11 - Step:   932 | Sim Clock Time:    93.20s | Max Depth: 0.332667m | Min Depth: 0.000001m
2026-08-08 00:57:11 - Step:   933 | Sim Clock Time:    93.30s | Max Depth: 0.332916m | Min Depth: 0.000001m
2026-08-08 00:57:11 - Step:   934 | Sim Clock Time:    93.40s | Max Depth: 0.332711m | Min Depth: 0.000001m
2026-08-08 00:57:11 - Step:   935 | Sim Clock Time:    93.50s | Max Depth: 0.332462m | Min Depth: 0.000001m
2026-08-08 00:57:11 - Step:   936 | Sim Clock Time:    93.60s | Max Depth: 0.332210m | Min Depth: 0.000001m
2026-08-08 00:57:11 - Step:   937 | Sim Clock Time:    93.70s | Max Depth: 0.332216m | Min Depth: 0.000001m
2026-08-08 00:57:11 - Step:   938 | Sim Clock Time:    93.80s | Max Depth: 0.333081m | Min Depth: 0.000001m
2026-08-08 00:57:11 - Step:   939 | Sim Clock Time:    93.90s | Max Depth: 0.332938m | Min Depth: 0.000001m
2026-08-08 00:57:11 - Step:   940 | Sim Clock Time:    94.00s | Max Depth: 0.332702m | Min Depth: 0.000001m
2026-08-08 00:57:11 - Step:   941 | Sim Clock Time:    94.10s | Max Depth: 0.332465m | Min Depth: 0.000001m
2026-08-08 00:57:11 - Step:   942 | Sim Clock Time:    94.20s | Max Depth: 0.332298m | Min Depth: 0.000001m
2026-08-08 00:57:12 - Step:   943 | Sim Clock Time:    94.30s | Max Depth: 0.332943m | Min Depth: 0.000001m
2026-08-08 00:57:12 - Step:   944 | Sim Clock Time:    94.40s | Max Depth: 0.333340m | Min Depth: 0.000001m
2026-08-08 00:57:12 - Step:   945 | Sim Clock Time:    94.50s | Max Depth: 0.333141m | Min Depth: 0.000001m
2026-08-08 00:57:12 - Step:   946 | Sim Clock Time:    94.60s | Max Depth: 0.332893m | Min Depth: 0.000001m
2026-08-08 00:57:12 - Step:   947 | Sim Clock Time:    94.70s | Max Depth: 0.332639m | Min Depth: 0.000001m
2026-08-08 00:57:12 - Step:   948 | Sim Clock Time:    94.80s | Max Depth: 0.332644m | Min Depth: 0.000001m
2026-08-08 00:57:12 - Step:   949 | Sim Clock Time:    94.90s | Max Depth: 0.333485m | Min Depth: 0.000001m
2026-08-08 00:57:12 - Step:   950 | Sim Clock Time:    95.00s | Max Depth: 0.333359m | Min Depth: 0.000001m
2026-08-08 00:57:12 - Step:   951 | Sim Clock Time:    95.10s | Max Depth: 0.333126m | Min Depth: 0.000001m
2026-08-08 00:57:12 - Step:   952 | Sim Clock Time:    95.20s | Max Depth: 0.332889m | Min Depth: 0.000001m
2026-08-08 00:57:12 - Step:   953 | Sim Clock Time:    95.30s | Max Depth: 0.332723m | Min Depth: 0.000001m
2026-08-08 00:57:12 - Step:   954 | Sim Clock Time:    95.40s | Max Depth: 0.333171m | Min Depth: 0.000001m
2026-08-08 00:57:12 - Step:   955 | Sim Clock Time:    95.50s | Max Depth: 0.333740m | Min Depth: 0.000001m
2026-08-08 00:57:12 - Step:   956 | Sim Clock Time:    95.60s | Max Depth: 0.333547m | Min Depth: 0.000001m
2026-08-08 00:57:13 - Step:   957 | Sim Clock Time:    95.70s | Max Depth: 0.333301m | Min Depth: 0.000001m
2026-08-08 00:57:13 - Step:   958 | Sim Clock Time:    95.80s | Max Depth: 0.333046m | Min Depth: 0.000001m
2026-08-08 00:57:13 - Step:   959 | Sim Clock Time:    95.90s | Max Depth: 0.333050m | Min Depth: 0.000001m
2026-08-08 00:57:13 - Step:   960 | Sim Clock Time:    96.00s | Max Depth: 0.333863m | Min Depth: 0.000001m
2026-08-08 00:57:13 - Step:   961 | Sim Clock Time:    96.10s | Max Depth: 0.333758m | Min Depth: 0.000001m
2026-08-08 00:57:13 - Step:   962 | Sim Clock Time:    96.20s | Max Depth: 0.333527m | Min Depth: 0.000001m
2026-08-08 00:57:13 - Step:   963 | Sim Clock Time:    96.30s | Max Depth: 0.333288m | Min Depth: 0.000001m
2026-08-08 00:57:13 - Step:   964 | Sim Clock Time:    96.40s | Max Depth: 0.333123m | Min Depth: 0.000001m
2026-08-08 00:57:13 - Step:   965 | Sim Clock Time:    96.50s | Max Depth: 0.333353m | Min Depth: 0.000001m
2026-08-08 00:57:13 - Step:   966 | Sim Clock Time:    96.60s | Max Depth: 0.334118m | Min Depth: 0.000001m
2026-08-08 00:57:13 - Step:   967 | Sim Clock Time:    96.70s | Max Depth: 0.333931m | Min Depth: 0.000001m
2026-08-08 00:57:13 - Step:   968 | Sim Clock Time:    96.80s | Max Depth: 0.333687m | Min Depth: 0.000001m
2026-08-08 00:57:13 - Step:   969 | Sim Clock Time:    96.90s | Max Depth: 0.333431m | Min Depth: 0.000001m
2026-08-08 00:57:13 - Step:   970 | Sim Clock Time:    97.00s | Max Depth: 0.333430m | Min Depth: 0.000001m
2026-08-08 00:57:14 - Step:   971 | Sim Clock Time:    97.10s | Max Depth: 0.334214m | Min Depth: 0.000001m
2026-08-08 00:57:14 - Step:   972 | Sim Clock Time:    97.20s | Max Depth: 0.334134m | Min Depth: 0.000001m
2026-08-08 00:57:14 - Step:   973 | Sim Clock Time:    97.30s | Max Depth: 0.333906m | Min Depth: 0.000001m
2026-08-08 00:57:14 - Step:   974 | Sim Clock Time:    97.40s | Max Depth: 0.333668m | Min Depth: 0.000001m
2026-08-08 00:57:14 - Step:   975 | Sim Clock Time:    97.50s | Max Depth: 0.333504m | Min Depth: 0.000001m
2026-08-08 00:57:14 - Step:   976 | Sim Clock Time:    97.60s | Max Depth: 0.333520m | Min Depth: 0.000001m
2026-08-08 00:57:14 - Step:   977 | Sim Clock Time:    97.70s | Max Depth: 0.334475m | Min Depth: 0.000001m
2026-08-08 00:57:14 - Step:   978 | Sim Clock Time:    97.80s | Max Depth: 0.334295m | Min Depth: 0.000001m
2026-08-08 00:57:14 - Step:   979 | Sim Clock Time:    97.90s | Max Depth: 0.334052m | Min Depth: 0.000001m
2026-08-08 00:57:14 - Step:   980 | Sim Clock Time:    98.00s | Max Depth: 0.333796m | Min Depth: 0.000001m
2026-08-08 00:57:14 - Step:   981 | Sim Clock Time:    98.10s | Max Depth: 0.333789m | Min Depth: 0.000001m
2026-08-08 00:57:14 - Step:   982 | Sim Clock Time:    98.20s | Max Depth: 0.334541m | Min Depth: 0.000001m
2026-08-08 00:57:14 - Step:   983 | Sim Clock Time:    98.30s | Max Depth: 0.334492m | Min Depth: 0.000001m
2026-08-08 00:57:14 - Step:   984 | Sim Clock Time:    98.40s | Max Depth: 0.334265m | Min Depth: 0.000001m
2026-08-08 00:57:15 - Step:   985 | Sim Clock Time:    98.50s | Max Depth: 0.334027m | Min Depth: 0.000001m
2026-08-08 00:57:15 - Step:   986 | Sim Clock Time:    98.60s | Max Depth: 0.333863m | Min Depth: 0.000001m
2026-08-08 00:57:15 - Step:   987 | Sim Clock Time:    98.70s | Max Depth: 0.333876m | Min Depth: 0.000001m
2026-08-08 00:57:15 - Step:   988 | Sim Clock Time:    98.80s | Max Depth: 0.334812m | Min Depth: 0.000001m
2026-08-08 00:57:15 - Step:   989 | Sim Clock Time:    98.90s | Max Depth: 0.334639m | Min Depth: 0.000001m
2026-08-08 00:57:15 - Step:   990 | Sim Clock Time:    99.00s | Max Depth: 0.334397m | Min Depth: 0.000001m
2026-08-08 00:57:15 - Step:   991 | Sim Clock Time:    99.10s | Max Depth: 0.334141m | Min Depth: 0.000001m
2026-08-08 00:57:15 - Step:   992 | Sim Clock Time:    99.20s | Max Depth: 0.334126m | Min Depth: 0.000001m
2026-08-08 00:57:15 - Step:   993 | Sim Clock Time:    99.30s | Max Depth: 0.334843m | Min Depth: 0.000001m
2026-08-08 00:57:15 - Step:   994 | Sim Clock Time:    99.40s | Max Depth: 0.334830m | Min Depth: 0.000001m
2026-08-08 00:57:15 - Step:   995 | Sim Clock Time:    99.50s | Max Depth: 0.334606m | Min Depth: 0.000001m
2026-08-08 00:57:15 - Step:   996 | Sim Clock Time:    99.60s | Max Depth: 0.334367m | Min Depth: 0.000001m
2026-08-08 00:57:15 - Step:   997 | Sim Clock Time:    99.70s | Max Depth: 0.334205m | Min Depth: 0.000001m
2026-08-08 00:57:15 - Step:   998 | Sim Clock Time:    99.80s | Max Depth: 0.334218m | Min Depth: 0.000001m
2026-08-08 00:57:15 - Step:   999 | Sim Clock Time:    99.90s | Max Depth: 0.335131m | Min Depth: 0.000001m
2026-08-08 00:57:16 - Step:  1000 | Sim Clock Time:   100.00s | Max Depth: 0.334966m | Min Depth: 0.000001m
2026-08-08 00:57:16 - Step:  1001 | Sim Clock Time:   100.10s | Max Depth: 0.334726m | Min Depth: 0.000001m
2026-08-08 00:57:16 - Step:  1002 | Sim Clock Time:   100.20s | Max Depth: 0.334470m | Min Depth: 0.000001m
2026-08-08 00:57:16 - Step:  1003 | Sim Clock Time:   100.30s | Max Depth: 0.334444m | Min Depth: 0.000001m
2026-08-08 00:57:16 - Step:  1004 | Sim Clock Time:   100.40s | Max Depth: 0.335123m | Min Depth: 0.000001m
2026-08-08 00:57:16 - Step:  1005 | Sim Clock Time:   100.50s | Max Depth: 0.335151m | Min Depth: 0.000001m
2026-08-08 00:57:16 - Step:  1006 | Sim Clock Time:   100.60s | Max Depth: 0.334929m | Min Depth: 0.000001m
2026-08-08 00:57:16 - Step:  1007 | Sim Clock Time:   100.70s | Max Depth: 0.334690m | Min Depth: 0.000001m
2026-08-08 00:57:16 - Step:  1008 | Sim Clock Time:   100.80s | Max Depth: 0.334528m | Min Depth: 0.000001m
2026-08-08 00:57:16 - Step:  1009 | Sim Clock Time:   100.90s | Max Depth: 0.334537m | Min Depth: 0.000001m
2026-08-08 00:57:16 - Step:  1010 | Sim Clock Time:   101.00s | Max Depth: 0.335432m | Min Depth: 0.000001m
2026-08-08 00:57:16 - Step:  1011 | Sim Clock Time:   101.10s | Max Depth: 0.335276m | Min Depth: 0.000001m
2026-08-08 00:57:16 - Step:  1012 | Sim Clock Time:   101.20s | Max Depth: 0.335037m | Min Depth: 0.000001m
2026-08-08 00:57:16 - Step:  1013 | Sim Clock Time:   101.30s | Max Depth: 0.334780m | Min Depth: 0.000001m
2026-08-08 00:57:17 - Step:  1014 | Sim Clock Time:   101.40s | Max Depth: 0.334739m | Min Depth: 0.000001m
2026-08-08 00:57:17 - Step:  1015 | Sim Clock Time:   101.50s | Max Depth: 0.335384m | Min Depth: 0.000001m
2026-08-08 00:57:17 - Step:  1016 | Sim Clock Time:   101.60s | Max Depth: 0.335455m | Min Depth: 0.000001m
2026-08-08 00:57:17 - Step:  1017 | Sim Clock Time:   101.70s | Max Depth: 0.335235m | Min Depth: 0.000001m
2026-08-08 00:57:17 - Step:  1018 | Sim Clock Time:   101.80s | Max Depth: 0.334997m | Min Depth: 0.000001m
2026-08-08 00:57:17 - Step:  1019 | Sim Clock Time:   101.90s | Max Depth: 0.334837m | Min Depth: 0.000001m
2026-08-08 00:57:17 - Step:  1020 | Sim Clock Time:   102.00s | Max Depth: 0.334845m | Min Depth: 0.000001m
2026-08-08 00:57:17 - Step:  1021 | Sim Clock Time:   102.10s | Max Depth: 0.335718m | Min Depth: 0.000001m
2026-08-08 00:57:17 - Step:  1022 | Sim Clock Time:   102.20s | Max Depth: 0.335571m | Min Depth: 0.000001m
2026-08-08 00:57:17 - Step:  1023 | Sim Clock Time:   102.30s | Max Depth: 0.335333m | Min Depth: 0.000001m
2026-08-08 00:57:17 - Step:  1024 | Sim Clock Time:   102.40s | Max Depth: 0.335076m | Min Depth: 0.000001m
2026-08-08 00:57:17 - Step:  1025 | Sim Clock Time:   102.50s | Max Depth: 0.335020m | Min Depth: 0.000001m
2026-08-08 00:57:17 - Step:  1026 | Sim Clock Time:   102.60s | Max Depth: 0.335628m | Min Depth: 0.000001m
2026-08-08 00:57:17 - Step:  1027 | Sim Clock Time:   102.70s | Max Depth: 0.335744m | Min Depth: 0.000001m
2026-08-08 00:57:18 - Step:  1028 | Sim Clock Time:   102.80s | Max Depth: 0.335525m | Min Depth: 0.000001m
2026-08-08 00:57:18 - Step:  1029 | Sim Clock Time:   102.90s | Max Depth: 0.335289m | Min Depth: 0.000001m
2026-08-08 00:57:18 - Step:  1030 | Sim Clock Time:   103.00s | Max Depth: 0.335128m | Min Depth: 0.000001m
2026-08-08 00:57:18 - Step:  1031 | Sim Clock Time:   103.10s | Max Depth: 0.335133m | Min Depth: 0.000001m
2026-08-08 00:57:18 - Step:  1032 | Sim Clock Time:   103.20s | Max Depth: 0.335988m | Min Depth: 0.000001m
2026-08-08 00:57:18 - Step:  1033 | Sim Clock Time:   103.30s | Max Depth: 0.335850m | Min Depth: 0.000001m
2026-08-08 00:57:18 - Step:  1034 | Sim Clock Time:   103.40s | Max Depth: 0.335612m | Min Depth: 0.000001m
2026-08-08 00:57:18 - Step:  1035 | Sim Clock Time:   103.50s | Max Depth: 0.335356m | Min Depth: 0.000001m
2026-08-08 00:57:18 - Step:  1036 | Sim Clock Time:   103.60s | Max Depth: 0.335284m | Min Depth: 0.000001m
2026-08-08 00:57:18 - Step:  1037 | Sim Clock Time:   103.70s | Max Depth: 0.335856m | Min Depth: 0.000001m
2026-08-08 00:57:18 - Step:  1038 | Sim Clock Time:   103.80s | Max Depth: 0.336017m | Min Depth: 0.000001m
2026-08-08 00:57:18 - Step:  1039 | Sim Clock Time:   103.90s | Max Depth: 0.335802m | Min Depth: 0.000001m
2026-08-08 00:57:18 - Step:  1040 | Sim Clock Time:   104.00s | Max Depth: 0.335566m | Min Depth: 0.000001m
2026-08-08 00:57:18 - Step:  1041 | Sim Clock Time:   104.10s | Max Depth: 0.335407m | Min Depth: 0.000001m
2026-08-08 00:57:18 - Step:  1042 | Sim Clock Time:   104.20s | Max Depth: 0.335410m | Min Depth: 0.000001m
2026-08-08 00:57:19 - Step:  1043 | Sim Clock Time:   104.30s | Max Depth: 0.336244m | Min Depth: 0.000001m
2026-08-08 00:57:19 - Step:  1044 | Sim Clock Time:   104.40s | Max Depth: 0.336115m | Min Depth: 0.000001m
2026-08-08 00:57:19 - Step:  1045 | Sim Clock Time:   104.50s | Max Depth: 0.335879m | Min Depth: 0.000001m
2026-08-08 00:57:19 - Step:  1046 | Sim Clock Time:   104.60s | Max Depth: 0.335623m | Min Depth: 0.000001m
2026-08-08 00:57:19 - Step:  1047 | Sim Clock Time:   104.70s | Max Depth: 0.335535m | Min Depth: 0.000001m
2026-08-08 00:57:19 - Step:  1048 | Sim Clock Time:   104.80s | Max Depth: 0.336072m | Min Depth: 0.000001m
2026-08-08 00:57:19 - Step:  1049 | Sim Clock Time:   104.90s | Max Depth: 0.336279m | Min Depth: 0.000001m
2026-08-08 00:57:19 - Step:  1050 | Sim Clock Time:   105.00s | Max Depth: 0.336064m | Min Depth: 0.000001m
2026-08-08 00:57:19 - Step:  1051 | Sim Clock Time:   105.10s | Max Depth: 0.335830m | Min Depth: 0.000001m
2026-08-08 00:57:19 - Step:  1052 | Sim Clock Time:   105.20s | Max Depth: 0.335670m | Min Depth: 0.000001m
2026-08-08 00:57:19 - Step:  1053 | Sim Clock Time:   105.30s | Max Depth: 0.335671m | Min Depth: 0.000001m
2026-08-08 00:57:19 - Step:  1054 | Sim Clock Time:   105.40s | Max Depth: 0.336487m | Min Depth: 0.000001m
2026-08-08 00:57:19 - Step:  1055 | Sim Clock Time:   105.50s | Max Depth: 0.336368m | Min Depth: 0.000001m
2026-08-08 00:57:19 - Step:  1056 | Sim Clock Time:   105.60s | Max Depth: 0.336132m | Min Depth: 0.000001m
2026-08-08 00:57:20 - Step:  1057 | Sim Clock Time:   105.70s | Max Depth: 0.335876m | Min Depth: 0.000001m
2026-08-08 00:57:20 - Step:  1058 | Sim Clock Time:   105.80s | Max Depth: 0.335774m | Min Depth: 0.000001m
2026-08-08 00:57:20 - Step:  1059 | Sim Clock Time:   105.90s | Max Depth: 0.336278m | Min Depth: 0.000001m
2026-08-08 00:57:20 - Step:  1060 | Sim Clock Time:   106.00s | Max Depth: 0.336527m | Min Depth: 0.000001m
2026-08-08 00:57:20 - Step:  1061 | Sim Clock Time:   106.10s | Max Depth: 0.336314m | Min Depth: 0.000001m
2026-08-08 00:57:20 - Step:  1062 | Sim Clock Time:   106.20s | Max Depth: 0.336082m | Min Depth: 0.000001m
2026-08-08 00:57:20 - Step:  1063 | Sim Clock Time:   106.30s | Max Depth: 0.335923m | Min Depth: 0.000001m
2026-08-08 00:57:20 - Step:  1064 | Sim Clock Time:   106.40s | Max Depth: 0.335920m | Min Depth: 0.000001m
2026-08-08 00:57:20 - Step:  1065 | Sim Clock Time:   106.50s | Max Depth: 0.336717m | Min Depth: 0.000001m
2026-08-08 00:57:20 - Step:  1066 | Sim Clock Time:   106.60s | Max Depth: 0.336608m | Min Depth: 0.000001m
2026-08-08 00:57:20 - Step:  1067 | Sim Clock Time:   106.70s | Max Depth: 0.336373m | Min Depth: 0.000001m
2026-08-08 00:57:20 - Step:  1068 | Sim Clock Time:   106.80s | Max Depth: 0.336117m | Min Depth: 0.000001m
2026-08-08 00:57:20 - Step:  1069 | Sim Clock Time:   106.90s | Max Depth: 0.336002m | Min Depth: 0.000001m
2026-08-08 00:57:20 - Step:  1070 | Sim Clock Time:   107.00s | Max Depth: 0.336475m | Min Depth: 0.000001m
2026-08-08 00:57:21 - Step:  1071 | Sim Clock Time:   107.10s | Max Depth: 0.336764m | Min Depth: 0.000001m
2026-08-08 00:57:21 - Step:  1072 | Sim Clock Time:   107.20s | Max Depth: 0.336551m | Min Depth: 0.000001m
2026-08-08 00:57:21 - Step:  1073 | Sim Clock Time:   107.30s | Max Depth: 0.336322m | Min Depth: 0.000001m
2026-08-08 00:57:21 - Step:  1074 | Sim Clock Time:   107.40s | Max Depth: 0.336162m | Min Depth: 0.000001m
2026-08-08 00:57:21 - Step:  1075 | Sim Clock Time:   107.50s | Max Depth: 0.336158m | Min Depth: 0.000001m
2026-08-08 00:57:21 - Step:  1076 | Sim Clock Time:   107.60s | Max Depth: 0.336937m | Min Depth: 0.000001m
2026-08-08 00:57:21 - Step:  1077 | Sim Clock Time:   107.70s | Max Depth: 0.336837m | Min Depth: 0.000001m
2026-08-08 00:57:21 - Step:  1078 | Sim Clock Time:   107.80s | Max Depth: 0.336602m | Min Depth: 0.000001m
2026-08-08 00:57:21 - Step:  1079 | Sim Clock Time:   107.90s | Max Depth: 0.336347m | Min Depth: 0.000001m
2026-08-08 00:57:21 - Step:  1080 | Sim Clock Time:   108.00s | Max Depth: 0.336221m | Min Depth: 0.000001m
2026-08-08 00:57:21 - Step:  1081 | Sim Clock Time:   108.10s | Max Depth: 0.336666m | Min Depth: 0.000001m
2026-08-08 00:57:21 - Step:  1082 | Sim Clock Time:   108.20s | Max Depth: 0.336989m | Min Depth: 0.000001m
2026-08-08 00:57:21 - Step:  1083 | Sim Clock Time:   108.30s | Max Depth: 0.336778m | Min Depth: 0.000001m
2026-08-08 00:57:21 - Step:  1084 | Sim Clock Time:   108.40s | Max Depth: 0.336551m | Min Depth: 0.000001m
2026-08-08 00:57:22 - Step:  1085 | Sim Clock Time:   108.50s | Max Depth: 0.336392m | Min Depth: 0.000001m
2026-08-08 00:57:22 - Step:  1086 | Sim Clock Time:   108.60s | Max Depth: 0.336385m | Min Depth: 0.000001m
2026-08-08 00:57:22 - Step:  1087 | Sim Clock Time:   108.70s | Max Depth: 0.337147m | Min Depth: 0.000001m
2026-08-08 00:57:22 - Step:  1088 | Sim Clock Time:   108.80s | Max Depth: 0.337055m | Min Depth: 0.000001m
2026-08-08 00:57:22 - Step:  1089 | Sim Clock Time:   108.90s | Max Depth: 0.336820m | Min Depth: 0.000001m
2026-08-08 00:57:22 - Step:  1090 | Sim Clock Time:   109.00s | Max Depth: 0.336564m | Min Depth: 0.000001m
2026-08-08 00:57:22 - Step:  1091 | Sim Clock Time:   109.10s | Max Depth: 0.336431m | Min Depth: 0.000001m
2026-08-08 00:57:22 - Step:  1092 | Sim Clock Time:   109.20s | Max Depth: 0.336851m | Min Depth: 0.000001m
2026-08-08 00:57:22 - Step:  1093 | Sim Clock Time:   109.30s | Max Depth: 0.337204m | Min Depth: 0.000001m
2026-08-08 00:57:22 - Step:  1094 | Sim Clock Time:   109.40s | Max Depth: 0.336993m | Min Depth: 0.000001m
2026-08-08 00:57:22 - Step:  1095 | Sim Clock Time:   109.50s | Max Depth: 0.336769m | Min Depth: 0.000001m
2026-08-08 00:57:22 - Step:  1096 | Sim Clock Time:   109.60s | Max Depth: 0.336610m | Min Depth: 0.000001m
2026-08-08 00:57:22 - Step:  1097 | Sim Clock Time:   109.70s | Max Depth: 0.336600m | Min Depth: 0.000001m
2026-08-08 00:57:22 - Step:  1098 | Sim Clock Time:   109.80s | Max Depth: 0.337347m | Min Depth: 0.000001m
2026-08-08 00:57:22 - Step:  1099 | Sim Clock Time:   109.90s | Max Depth: 0.337262m | Min Depth: 0.000001m
2026-08-08 00:57:23 - Step:  1100 | Sim Clock Time:   110.00s | Max Depth: 0.337029m | Min Depth: 0.000001m
2026-08-08 00:57:23 - Step:  1101 | Sim Clock Time:   110.10s | Max Depth: 0.336772m | Min Depth: 0.000001m
2026-08-08 00:57:23 - Step:  1102 | Sim Clock Time:   110.20s | Max Depth: 0.336634m | Min Depth: 0.000001m
2026-08-08 00:57:23 - Step:  1103 | Sim Clock Time:   110.30s | Max Depth: 0.337031m | Min Depth: 0.000001m
2026-08-08 00:57:23 - Step:  1104 | Sim Clock Time:   110.40s | Max Depth: 0.337408m | Min Depth: 0.000001m
2026-08-08 00:57:23 - Step:  1105 | Sim Clock Time:   110.50s | Max Depth: 0.337198m | Min Depth: 0.000001m
2026-08-08 00:57:23 - Step:  1106 | Sim Clock Time:   110.60s | Max Depth: 0.336977m | Min Depth: 0.000001m
2026-08-08 00:57:23 - Step:  1107 | Sim Clock Time:   110.70s | Max Depth: 0.336819m | Min Depth: 0.000001m
2026-08-08 00:57:23 - Step:  1108 | Sim Clock Time:   110.80s | Max Depth: 0.336807m | Min Depth: 0.000001m
2026-08-08 00:57:23 - Step:  1109 | Sim Clock Time:   110.90s | Max Depth: 0.337539m | Min Depth: 0.000001m
2026-08-08 00:57:23 - Step:  1110 | Sim Clock Time:   111.00s | Max Depth: 0.337460m | Min Depth: 0.000001m
2026-08-08 00:57:23 - Step:  1111 | Sim Clock Time:   111.10s | Max Depth: 0.337227m | Min Depth: 0.000001m
2026-08-08 00:57:23 - Step:  1112 | Sim Clock Time:   111.20s | Max Depth: 0.336968m | Min Depth: 0.000001m
2026-08-08 00:57:23 - Step:  1113 | Sim Clock Time:   111.30s | Max Depth: 0.336829m | Min Depth: 0.000001m
2026-08-08 00:57:24 - Step:  1114 | Sim Clock Time:   111.40s | Max Depth: 0.337209m | Min Depth: 0.000001m
2026-08-08 00:57:24 - Step:  1115 | Sim Clock Time:   111.50s | Max Depth: 0.337604m | Min Depth: 0.000001m
2026-08-08 00:57:24 - Step:  1116 | Sim Clock Time:   111.60s | Max Depth: 0.337393m | Min Depth: 0.000001m
2026-08-08 00:57:24 - Step:  1117 | Sim Clock Time:   111.70s | Max Depth: 0.337176m | Min Depth: 0.000001m
2026-08-08 00:57:24 - Step:  1118 | Sim Clock Time:   111.80s | Max Depth: 0.337018m | Min Depth: 0.000001m
2026-08-08 00:57:24 - Step:  1119 | Sim Clock Time:   111.90s | Max Depth: 0.337004m | Min Depth: 0.000001m
2026-08-08 00:57:24 - Step:  1120 | Sim Clock Time:   112.00s | Max Depth: 0.337724m | Min Depth: 0.000001m
2026-08-08 00:57:24 - Step:  1121 | Sim Clock Time:   112.10s | Max Depth: 0.337649m | Min Depth: 0.000001m
2026-08-08 00:57:24 - Step:  1122 | Sim Clock Time:   112.20s | Max Depth: 0.337416m | Min Depth: 0.000001m
2026-08-08 00:57:24 - Step:  1123 | Sim Clock Time:   112.30s | Max Depth: 0.337156m | Min Depth: 0.000001m
2026-08-08 00:57:24 - Step:  1124 | Sim Clock Time:   112.40s | Max Depth: 0.337019m | Min Depth: 0.000001m
2026-08-08 00:57:24 - Step:  1125 | Sim Clock Time:   112.50s | Max Depth: 0.337383m | Min Depth: 0.000001m
2026-08-08 00:57:24 - Step:  1126 | Sim Clock Time:   112.60s | Max Depth: 0.337790m | Min Depth: 0.000001m
2026-08-08 00:57:24 - Step:  1127 | Sim Clock Time:   112.70s | Max Depth: 0.337579m | Min Depth: 0.000001m
2026-08-08 00:57:25 - Step:  1128 | Sim Clock Time:   112.80s | Max Depth: 0.337365m | Min Depth: 0.000001m
2026-08-08 00:57:25 - Step:  1129 | Sim Clock Time:   112.90s | Max Depth: 0.337209m | Min Depth: 0.000001m
2026-08-08 00:57:25 - Step:  1130 | Sim Clock Time:   113.00s | Max Depth: 0.337194m | Min Depth: 0.000001m
2026-08-08 00:57:25 - Step:  1131 | Sim Clock Time:   113.10s | Max Depth: 0.337900m | Min Depth: 0.000001m
2026-08-08 00:57:25 - Step:  1132 | Sim Clock Time:   113.20s | Max Depth: 0.337829m | Min Depth: 0.000001m
2026-08-08 00:57:25 - Step:  1133 | Sim Clock Time:   113.30s | Max Depth: 0.337596m | Min Depth: 0.000001m
2026-08-08 00:57:25 - Step:  1134 | Sim Clock Time:   113.40s | Max Depth: 0.337338m | Min Depth: 0.000001m
2026-08-08 00:57:25 - Step:  1135 | Sim Clock Time:   113.50s | Max Depth: 0.337203m | Min Depth: 0.000001m
2026-08-08 00:57:25 - Step:  1136 | Sim Clock Time:   113.60s | Max Depth: 0.337556m | Min Depth: 0.000001m
2026-08-08 00:57:25 - Step:  1137 | Sim Clock Time:   113.70s | Max Depth: 0.337968m | Min Depth: 0.000001m
2026-08-08 00:57:25 - Step:  1138 | Sim Clock Time:   113.80s | Max Depth: 0.337756m | Min Depth: 0.000001m
2026-08-08 00:57:25 - Step:  1139 | Sim Clock Time:   113.90s | Max Depth: 0.337547m | Min Depth: 0.000001m
2026-08-08 00:57:25 - Step:  1140 | Sim Clock Time:   114.00s | Max Depth: 0.337390m | Min Depth: 0.000001m
2026-08-08 00:57:25 - Step:  1141 | Sim Clock Time:   114.10s | Max Depth: 0.337374m | Min Depth: 0.000001m
2026-08-08 00:57:26 - Step:  1142 | Sim Clock Time:   114.20s | Max Depth: 0.338071m | Min Depth: 0.000001m
2026-08-08 00:57:26 - Step:  1143 | Sim Clock Time:   114.30s | Max Depth: 0.338000m | Min Depth: 0.000001m
2026-08-08 00:57:26 - Step:  1144 | Sim Clock Time:   114.40s | Max Depth: 0.337769m | Min Depth: 0.000001m
2026-08-08 00:57:26 - Step:  1145 | Sim Clock Time:   114.50s | Max Depth: 0.337515m | Min Depth: 0.000001m
2026-08-08 00:57:26 - Step:  1146 | Sim Clock Time:   114.60s | Max Depth: 0.337381m | Min Depth: 0.000001m
2026-08-08 00:57:26 - Step:  1147 | Sim Clock Time:   114.70s | Max Depth: 0.337727m | Min Depth: 0.000001m
2026-08-08 00:57:26 - Step:  1148 | Sim Clock Time:   114.80s | Max Depth: 0.338138m | Min Depth: 0.000001m
2026-08-08 00:57:26 - Step:  1149 | Sim Clock Time:   114.90s | Max Depth: 0.337925m | Min Depth: 0.000001m
2026-08-08 00:57:26 - Step:  1150 | Sim Clock Time:   115.00s | Max Depth: 0.337719m | Min Depth: 0.000001m
2026-08-08 00:57:26 - Step:  1151 | Sim Clock Time:   115.10s | Max Depth: 0.337564m | Min Depth: 0.000001m
2026-08-08 00:57:26 - Step:  1152 | Sim Clock Time:   115.20s | Max Depth: 0.337548m | Min Depth: 0.000001m
2026-08-08 00:57:26 - Step:  1153 | Sim Clock Time:   115.30s | Max Depth: 0.338235m | Min Depth: 0.000001m
2026-08-08 00:57:26 - Step:  1154 | Sim Clock Time:   115.40s | Max Depth: 0.338164m | Min Depth: 0.000001m
2026-08-08 00:57:26 - Step:  1155 | Sim Clock Time:   115.50s | Max Depth: 0.337934m | Min Depth: 0.000001m
2026-08-08 00:57:26 - Step:  1156 | Sim Clock Time:   115.60s | Max Depth: 0.337682m | Min Depth: 0.000001m
2026-08-08 00:57:27 - Step:  1157 | Sim Clock Time:   115.70s | Max Depth: 0.337555m | Min Depth: 0.000001m
2026-08-08 00:57:27 - Step:  1158 | Sim Clock Time:   115.80s | Max Depth: 0.337896m | Min Depth: 0.000001m
2026-08-08 00:57:27 - Step:  1159 | Sim Clock Time:   115.90s | Max Depth: 0.338301m | Min Depth: 0.000001m
2026-08-08 00:57:27 - Step:  1160 | Sim Clock Time:   116.00s | Max Depth: 0.338086m | Min Depth: 0.000001m
2026-08-08 00:57:27 - Step:  1161 | Sim Clock Time:   116.10s | Max Depth: 0.337884m | Min Depth: 0.000001m
2026-08-08 00:57:27 - Step:  1162 | Sim Clock Time:   116.20s | Max Depth: 0.337731m | Min Depth: 0.000001m
2026-08-08 00:57:27 - Step:  1163 | Sim Clock Time:   116.30s | Max Depth: 0.337714m | Min Depth: 0.000001m
2026-08-08 00:57:27 - Step:  1164 | Sim Clock Time:   116.40s | Max Depth: 0.338393m | Min Depth: 0.000001m
2026-08-08 00:57:27 - Step:  1165 | Sim Clock Time:   116.50s | Max Depth: 0.338320m | Min Depth: 0.000001m
2026-08-08 00:57:27 - Step:  1166 | Sim Clock Time:   116.60s | Max Depth: 0.338091m | Min Depth: 0.000001m
2026-08-08 00:57:27 - Step:  1167 | Sim Clock Time:   116.70s | Max Depth: 0.337849m | Min Depth: 0.000001m
2026-08-08 00:57:27 - Step:  1168 | Sim Clock Time:   116.80s | Max Depth: 0.337723m | Min Depth: 0.000001m
2026-08-08 00:57:27 - Step:  1169 | Sim Clock Time:   116.90s | Max Depth: 0.338063m | Min Depth: 0.000001m
2026-08-08 00:57:27 - Step:  1170 | Sim Clock Time:   117.00s | Max Depth: 0.338455m | Min Depth: 0.000001m
2026-08-08 00:57:28 - Step:  1171 | Sim Clock Time:   117.10s | Max Depth: 0.338241m | Min Depth: 0.000001m
2026-08-08 00:57:28 - Step:  1172 | Sim Clock Time:   117.20s | Max Depth: 0.338042m | Min Depth: 0.000001m
2026-08-08 00:57:28 - Step:  1173 | Sim Clock Time:   117.30s | Max Depth: 0.337890m | Min Depth: 0.000001m
2026-08-08 00:57:28 - Step:  1174 | Sim Clock Time:   117.40s | Max Depth: 0.337873m | Min Depth: 0.000001m
2026-08-08 00:57:28 - Step:  1175 | Sim Clock Time:   117.50s | Max Depth: 0.338546m | Min Depth: 0.000001m
2026-08-08 00:57:28 - Step:  1176 | Sim Clock Time:   117.60s | Max Depth: 0.338469m | Min Depth: 0.000001m
2026-08-08 00:57:28 - Step:  1177 | Sim Clock Time:   117.70s | Max Depth: 0.338242m | Min Depth: 0.000001m
2026-08-08 00:57:28 - Step:  1178 | Sim Clock Time:   117.80s | Max Depth: 0.338010m | Min Depth: 0.000001m
2026-08-08 00:57:28 - Step:  1179 | Sim Clock Time:   117.90s | Max Depth: 0.337887m | Min Depth: 0.000001m
2026-08-08 00:57:28 - Step:  1180 | Sim Clock Time:   118.00s | Max Depth: 0.338228m | Min Depth: 0.000001m
2026-08-08 00:57:28 - Step:  1181 | Sim Clock Time:   118.10s | Max Depth: 0.338604m | Min Depth: 0.000001m
2026-08-08 00:57:28 - Step:  1182 | Sim Clock Time:   118.20s | Max Depth: 0.338388m | Min Depth: 0.000001m
2026-08-08 00:57:28 - Step:  1183 | Sim Clock Time:   118.30s | Max Depth: 0.338192m | Min Depth: 0.000001m
2026-08-08 00:57:28 - Step:  1184 | Sim Clock Time:   118.40s | Max Depth: 0.338042m | Min Depth: 0.000001m
2026-08-08 00:57:29 - Step:  1185 | Sim Clock Time:   118.50s | Max Depth: 0.338025m | Min Depth: 0.000001m
2026-08-08 00:57:29 - Step:  1186 | Sim Clock Time:   118.60s | Max Depth: 0.338694m | Min Depth: 0.000001m
2026-08-08 00:57:29 - Step:  1187 | Sim Clock Time:   118.70s | Max Depth: 0.338611m | Min Depth: 0.000001m
2026-08-08 00:57:29 - Step:  1188 | Sim Clock Time:   118.80s | Max Depth: 0.338387m | Min Depth: 0.000001m
2026-08-08 00:57:29 - Step:  1189 | Sim Clock Time:   118.90s | Max Depth: 0.338164m | Min Depth: 0.000001m
2026-08-08 00:57:29 - Step:  1190 | Sim Clock Time:   119.00s | Max Depth: 0.338046m | Min Depth: 0.000001m
2026-08-08 00:57:29 - Step:  1191 | Sim Clock Time:   119.10s | Max Depth: 0.338391m | Min Depth: 0.000001m
2026-08-08 00:57:29 - Step:  1192 | Sim Clock Time:   119.20s | Max Depth: 0.338745m | Min Depth: 0.000001m
2026-08-08 00:57:29 - Step:  1193 | Sim Clock Time:   119.30s | Max Depth: 0.338530m | Min Depth: 0.000001m
2026-08-08 00:57:29 - Step:  1194 | Sim Clock Time:   119.40s | Max Depth: 0.338336m | Min Depth: 0.000001m
2026-08-08 00:57:29 - Step:  1195 | Sim Clock Time:   119.50s | Max Depth: 0.338189m | Min Depth: 0.000001m
2026-08-08 00:57:29 - Step:  1196 | Sim Clock Time:   119.60s | Max Depth: 0.338172m | Min Depth: 0.000001m
2026-08-08 00:57:29 - Step:  1197 | Sim Clock Time:   119.70s | Max Depth: 0.338836m | Min Depth: 0.000001m
2026-08-08 00:57:29 - Step:  1198 | Sim Clock Time:   119.80s | Max Depth: 0.338748m | Min Depth: 0.000001m
2026-08-08 00:57:29 - Step:  1199 | Sim Clock Time:   119.90s | Max Depth: 0.338525m | Min Depth: 0.000001m
2026-08-08 00:57:30 - Step:  1200 | Sim Clock Time:   120.00s | Max Depth: 0.338313m | Min Depth: 0.000001m
2026-08-08 00:57:30 - depth range: 0.000001, 0.338313
2026-08-08 00:57:30 - Successfully saved 4 micro-step gauge text files!
2026-08-08 00:57:30 - Saved bottom_boundary_discharge.txt
2026-08-08 00:57:31 - Saved maximum water depth to netcdf file
2026-08-08 00:57:31 - === Simulation Ended at: 2026-08-08 00:57:31 ===
2026-08-08 00:57:31 - Total Physical Time Simulated: 120.00 seconds
2026-08-08 00:57:31 - Total Computational Time: 0.0368h
